,Gene1,Gene2,Gene3,Gene4,Gene5,Gene6,Gene7,Gene8,Gene9,Gene10,Gene11,Gene12,Gene13,Gene14,Gene15,Gene16,Gene17,Gene18,Gene19,Gene20,Gene21,Gene22,Gene23,Gene24,Gene25,Gene26,Gene27,Gene28,Gene29,Gene30,Gene31,Gene32,Gene33,Gene34,Gene35,Gene36,Gene37,Gene38,Gene39,Gene40,Gene41,Gene42,Gene43,Gene44,Gene45,Gene46,Gene47,Gene48,Gene49,Gene50,Gene51,Gene52,Gene53,Gene54,Gene55,Gene56,Gene57,Gene58,Gene59,Gene60,Gene61,Gene62,Gene63,Gene64,Gene65,Gene66,Gene67,Gene68,Gene69,Gene70,Gene71,Gene72,Gene73,Gene74,Gene75,Gene76,Gene77,Gene78,Gene79,Gene80,Gene81,Gene82,Gene83,Gene84,Gene85,Gene86,Gene87,Gene88,Gene89,Gene90,Gene91,Gene92,Gene93,Gene94,Gene95,Gene96,Gene97,Gene98,Gene99,Gene100,Label
P1,9.658187279682648,7.861735698828816,8.966345944998649,6.523029856408026,6.234294038376886,4.765863043050819,7.674315888210254,5.7674347291529084,7.964254322838354,5.542560043585965,6.49611043123501,4.5342702464297435,5.096981160703624,3.086719755342202,6.377541116562297,4.437712470759028,7.401767150208767,5.314247332595274,5.8651128403187345,3.5876962986647083,6.465648768921554,4.774223699513464,5.067528204687924,3.575251813786543,4.455617275474817,5.110922589709866,3.8490064225776974,5.3756980183456715,4.399361310081195,4.708306250206723,4.398293387770603,6.852278184508938,4.986502775262066,3.9422890710440996,5.822544912103189,3.7791563500289778,5.208863595004756,3.040329876120224,3.6718139511015693,5.1968612358691235,5.738466579995411,5.17136828118997,4.88435171761176,4.698896304410711,3.5214780096325726,4.280155791605291,4.539361229040212,6.057122226218915,5.343618289568461,3.236959844637266,5.3240839693947954,4.6149177195836835,4.323077999694041,5.611676288840868,6.030999522495951,5.931280119116199,4.160782476777362,4.690787624148785,5.331263431403564,5.975545127122359,4.52082576215471,4.8143410233361825,3.893665025993972,3.803793375919329,5.812525822394198,6.356240028570823,4.927989878419666,6.003532897892024,5.361636025047634,4.354880245394876,5.361395605508414,6.538036566465969,4.964173960890048,6.564643655814006,2.3802548959102556,5.821902504375224,5.087047068238172,4.7009926495341325,5.091760776535502,3.012431085399107,4.780328112162488,5.357112571511746,6.477894044741516,4.481729781726353,4.191506397106813,4.498242956415464,5.915402117702074,5.3287511096596845,4.470239796232962,5.513267433113356,5.0970775493480405,5.968644990532889,4.297946906122648,4.672337853402232,4.607891846867842,3.5364850518678814,5.296120277064576,5.261055272179889,5.005113456642461,4.765412866624853,Virus
P2,9.487704838318546,7.579354677234641,6.271372335316674,4.197722730778381,7.595111904333159,5.404050856814538,6.97752717222351,5.174577812831839,6.985775646461349,4.925554084233832,7.1153306455291325,4.973486124550783,9.206854719958766,7.463242112485286,7.278170521630058,5.301547342333612,5.895555257066308,3.8313219623804677,7.553125587640364,5.751933032686774,5.791031947043047,4.090612545205261,6.402794310936099,3.598148937207719,5.58685709380027,7.190455625809978,4.009463674869312,4.433702270397228,5.099651365087642,4.496524345883801,3.4493365689338673,5.068562974806027,3.937696286273895,5.473592430635182,4.080575765766197,6.54993440501754,4.216746707663763,4.677938483794325,5.81351721736967,3.769135683566045,5.22745993460413,6.307142754282428,3.3925167654387725,5.184633858532305,5.259882794248424,5.78182287177731,3.763049289121918,3.6795433869157237,5.521941565616897,5.296984673233186,5.250492850345877,5.346448209496976,4.319975278421509,5.232253697161004,5.293072473298682,4.285648581973632,6.865774511144757,5.4738329209117875,3.8086965027973516,5.65655360863383,4.025318329772679,5.787084603742452,6.158595579007404,4.179317681648289,5.963376129244322,5.412780926936498,5.82206015999449,6.896792982653947,4.754611883997129,4.246263835642511,4.110485570374477,4.184189715034561,4.922898290585896,5.341151974816644,5.276690799330019,5.827183249036024,5.013001891877907,6.453534077157316,4.735343166762044,7.720169166589619,5.625667347765006,4.142842443583717,3.929107501938888,5.482472415243185,4.776537214674149,5.714000494092092,5.473237624573545,4.927171087343127,4.153206281931595,3.4851527753141354,4.553485047932979,5.856398794323472,5.214093744130204,3.754261221288012,5.173180925851182,5.3853173797288365,4.116142563798867,5.153725105945528,5.058208718446,3.8570297021693767,Virus
P3,10.381570208054692,8.560784526368234,7.977245900580618,6.053802052034903,5.860870506386141,4.062174960084877,7.190291430923441,5.513785950912209,10.221951283078415,8.85273149065472,7.318829397883017,6.135565640180599,7.514293701158229,5.651391251305798,7.923841515312601,5.758969220493268,6.909920560254777,4.763181393259991,7.107902462025117,5.081874139386323,7.314658566673509,3.132734807408252,5.686260190374513,3.3872841288103483,4.528068134210566,6.088950596967366,5.064280019095463,3.922255222070694,4.284696290740031,5.679597748934675,4.2696333682828636,5.216458589581975,5.045571839903814,4.348399652394183,7.143944089325325,5.633919022318011,2.974857413342393,5.186454314769428,4.338213535231612,5.852433334796224,4.2074792615673,4.885263558533101,5.504987278980457,5.865755194170122,3.7997035929442236,4.665498764159052,4.5250546888390435,4.346670767426288,6.765454240281096,5.404981710960955,3.7391160456649546,5.917861947054776,7.122156197012633,6.032465260551147,3.4806300340459866,4.5157659271337485,6.2669111491866225,4.292330534381219,5.443819428146228,5.774634053429336,4.073069528421917,4.9404746439382,1.7587326599309274,3.9756123586657104,4.74743184860684,3.7522168180351505,6.632411303931635,3.5698586220393675,4.5599555133030165,5.130740577286091,6.441273289066116,3.5641378488205606,6.16316375215496,5.010233061019587,4.018491348952049,5.46210347426327,5.19905969557347,4.399783122841205,5.069802084990019,4.61468640313824,5.113517345251248,5.6621306745210465,6.586016816145352,3.762184501173151,7.133033374656266,3.047912200477498,4.848214904964417,5.588317206484577,5.2809918677350325,4.377300480179406,4.791877749642725,4.506999065341168,4.410635243055788,5.849602097021025,5.357015485965047,4.307090404739346,5.899599875433251,5.307299520876609,5.81286211883896,5.629628841923612,Virus
P4,9.472944373886866,7.439818959803031,7.09898367798033,5.610370265433465,6.788575634407595,5.117327383308782,6.516103886286368,4.40842861116417,6.595745453196933,4.797807347566106,8.14861903591069,6.09877685198719,7.391041605508404,5.813509636000639,7.473679509912831,5.021003841632759,6.7062844347679835,4.689733243406544,6.710006064998338,4.869856945632315,5.096995964992718,5.595157025436913,4.181779316766527,7.092387275685461,3.993982618500298,3.785811387212268,6.158110873500068,5.791662693962936,5.624119817052155,5.62834550926428,4.987753227153085,4.102745628514168,5.075804558193727,4.322838288487889,5.975119733417751,4.8529426184978615,4.1745028032074885,4.678614158347006,5.412931454275625,4.436275447196025,4.177779604433568,5.243687211491912,5.244966571108723,4.49305682462887,4.528961694381677,5.232049937357636,3.5519156585026757,3.5925362256234448,4.281555778747564,4.786552848288153,5.310907565598004,6.475356216949552,5.85765962320202,4.840061470036573,4.9809837920973115,3.997470635362191,4.98148686400761,4.711341361079862,5.32271856033809,4.172769056447677,5.519346514241172,6.532738913002578,4.891239851543142,5.401711722098941,5.690143991711112,4.5987795281141635,5.224092481810417,5.012592400781795,5.097676098548832,4.226990216144533,5.024510174258943,5.49799829124545,6.451143607795042,5.9592708260852065,7.153182457511557,4.23265243711195,5.872320636720678,5.183342005738352,7.189802933217672,4.191701714644848,4.160278157819224,4.400607354555978,2.876104275690193,4.474244978319239,4.240867338446302,5.150393786476208,5.3417559757771595,6.876170839215886,5.95042383818605,4.423096344337597,4.101585328651642,5.491919171506506,3.6797667929793576,6.831458765854354,6.179440120721287,4.530824347895296,3.2868654709091225,6.353872374165412,4.885460154747382,6.237816311973462,Virus
P5,9.759778536484802,7.400624977046228,7.022040536048293,5.046980593764742,7.291514383991,5.622849932347499,6.5456825476202365,4.857620514978707,7.256974024527262,5.514438834058749,5.530435471551763,3.8753579081621305,8.300800405312957,6.277676821898509,6.587014904481385,4.251513463443446,7.115492089596172,5.1156746342928585,6.821738542153297,5.067518481410109,7.060747924881987,6.755340842443204,4.751035851520927,5.971570950954355,5.645375949585148,6.368631557532349,4.0350765394198955,5.686051459998439,6.058424486849588,3.2412605135768855,3.816741487334225,2.9607678222398994,4.730593165555442,5.717542255795962,6.502357052096028,5.074094780419776,6.628615545571292,3.6198985417851084,3.2966175606448456,4.944452301103381,5.384065448939308,4.967305251905907,2.9325578999601234,4.910879960487212,3.695530499495147,5.669672548830039,5.366598246096848,4.060120213672644,4.486133082663306,3.9407864781110487,4.937320902726828,5.955142320501238,4.014273953664456,5.504046515517844,4.469742381627559,4.207127167737656,4.892969640045442,3.964757677580626,4.446350694652818,3.8021221074111518,6.9647251329163895,5.035263551971728,4.300274492007414,5.213979910734222,4.88767195030917,4.779030400466777,5.614166700043425,5.757507710047305,4.4694988523894725,4.42418175935532,4.724948302848356,2.698078835264415,3.4848089378014477,6.3668742674445244,6.644967713501284,4.750963960443622,5.576556963055767,5.311250154543536,8.078880808455239,6.119574911434577,4.872082408519233,4.0444595593995745,3.3935536797424275,5.203463635867223,4.243649254715697,3.5777462904023256,4.353427115757474,3.9184519963856053,6.687141635072565,5.8816397569494505,4.992027358683383,6.479944138890026,5.077368307647618,4.138715798671736,6.5231240772696575,5.538910043684659,3.962753845673544,4.8096613219163915,4.124381746615243,3.617200269035664,Virus
P6,11.678103993327769,9.90941664047013,7.809996192059264,5.562969236690571,6.642937099377063,4.512874616235304,6.690608151010149,4.136009230320184,6.005170680835723,4.169049883588962,7.04706560390934,4.949761890550863,6.409144612623347,4.092436337958402,7.329575919086944,5.755391225825756,6.381432891449622,4.022444755201449,8.038003694725743,5.751387123371789,3.3305947188786282,5.543360192379935,4.337376241054153,5.570598668593159,4.236740843457483,3.195117899335481,3.3724575621168373,5.048084946661382,5.259722501721482,4.095683374895591,5.638592458777374,3.33847993773104,4.9339202013526835,3.7889838002375433,4.3481638921978405,5.047398671316414,4.139586634716047,4.615444455770175,6.0062928092144405,4.423108130476852,5.835692112065142,3.870293145342382,5.529804177915283,6.4415686206579,2.5283554998727107,4.203104744529523,5.57707212718054,4.796954613957007,5.371145873371309,4.39601481328418,5.0865897874729,4.84432276460792,6.167782061659807,5.254420843301213,5.337602662075202,4.588123033877532,4.512393775927507,4.5674418121803795,5.394452142378297,4.5790155191797375,5.289774856896413,7.075400798645439,5.8711247034316925,4.6739764678321585,6.201213922163944,4.591924626978448,2.961875464822146,3.9919136890825957,3.1292080789741443,4.648486515958691,5.018418379189551,6.676437312275283,5.326927373764162,4.780899471191136,5.829405581183489,2.788864690992115,5.235614558108566,5.770865193886967,3.5214137542201582,6.143754043206929,5.338496407494414,4.584712086099199,5.632781866106285,7.270692857804396,5.1818662550584955,5.248220586300336,4.540639100459756,4.150155630535208,5.830335816544245,4.1439161740911326,5.071566237219392,4.522342553234884,5.478979825746392,5.333662105286948,6.037539944257899,4.489983601145253,4.730125064706629,4.021236284217693,4.555706739923888,5.377300493044852,Virus
P7,9.3780808251529,7.077834675822374,8.63932788707524,6.3556378588049505,8.81002333439061,6.876795812558066,5.363052522360551,3.755345296688583,8.664917509574709,6.496044311489183,6.633516570038096,4.944415329089545,5.5453677917704844,3.8745109527016233,7.196419672645542,5.129221181975227,8.180601478005205,5.725766623898692,6.8646243308995825,5.223884024279132,4.209525544554688,5.471468357135996,6.882024496475034,6.3454200461549775,6.5931866266393975,4.488784323568815,4.010395179741419,4.874213079900352,5.055724912288695,6.094191518470948,3.307535370285181,6.529550319460614,4.8419921014210106,4.57311893005258,3.9878956247398323,3.3451433281342307,5.823170583961915,5.073317967188403,3.710039100258946,3.704921227936384,4.664215300709872,6.669021525289393,4.740408648636395,3.496857046881894,4.754256935914055,4.72727643025233,2.3031133570584283,4.945705133482188,4.769065469791322,5.696206364813419,6.848956094945345,6.126565029547757,4.731111309445169,3.8934740912583297,7.57335980324986,5.059218434014488,5.013929291912946,4.975874912889997,5.198084760767855,4.855639588076057,4.4263379931197635,4.453141058759607,4.9672467297840015,4.456575228866235,4.287154217322835,5.106430227691897,4.745022782579145,6.503992988582689,2.349030191606988,6.091506851922462,6.246085192497629,2.9266097675918505,4.657312405919651,4.628559134004209,3.5924883052821786,4.222183312409125,3.8894241545341712,6.7522704434236225,5.9356783931474615,6.2715550949941585,5.7216720640432355,3.870948228782771,4.475479733720226,5.489374561227918,3.7778721911080546,5.712998430172388,4.759674601841865,4.625179192450402,5.7109599682034915,5.44426331148604,4.63903383418092,6.159329803364248,3.9189366724001027,5.615935606944264,5.593101257968383,4.690453560686009,5.326133022242118,3.748886423614697,5.924027019206901,4.8150978635570105,Virus
P8,10.814507604132825,9.04900922583689,5.742848223351963,3.5915387036364406,7.101419316150016,5.60600995134564,8.836892217748115,6.754794181984365,8.664222903751764,6.696456368290038,6.646642079351933,4.903286888129608,7.212334584386356,5.399136114352071,8.32433088556689,6.103301882016521,6.698035878071851,5.150301761461877,6.674909447104449,4.9430543762789325,5.307801768892059,3.289831607343374,3.651814577894287,5.743264094022715,5.170865438127942,4.8160166636473205,5.018433933065393,5.347581705361671,4.460240319690638,4.221695274597687,5.195845255097682,4.021627222384968,5.4082527557144715,3.2974163957621596,6.029155637325644,5.472597482413043,5.256029734313875,5.982690983945514,6.665474444462577,6.014370065018131,3.1591257686683547,3.7204230332642982,4.375181422304321,5.026091050210834,5.517659020469123,4.274256186846534,5.1867667644770785,4.2446170676466775,4.388482197008051,3.5933389031517775,4.076766753889096,3.6483153943836664,4.024126747022668,6.05364179660784,4.050601111168057,7.63238206483739,5.493317900880889,5.184836123694874,4.141642219818786,5.700309879408992,4.424362173762226,5.122009814645361,7.560084538268795,4.90394010027535,6.149273326285676,4.296823574874113,4.9650115095030385,6.77080063563551,4.373032942212233,6.8124485579969285,5.707751935455476,4.437533224105732,5.632407739055521,5.97255444962673,5.621809962217196,3.429775280109544,4.272862824175132,4.752481364448495,4.925566570899954,5.620672097550678,5.177701000933254,3.6646556412898987,5.380197851005963,5.6105857452838235,5.559790447931039,6.080780725554622,5.833922154548904,5.459180079228437,4.929834288541353,3.3390390664840086,5.4296182191325855,5.207687687163111,5.271578837195373,3.723251424179691,3.9189434595917376,6.053152853332904,4.960444846143345,5.681500697372624,5.0283183761304615,5.0297561394957455,Virus
P9,9.229667108033562,7.4839552717826265,6.375334982806286,4.537724711294958,6.834239221089046,4.690827876531361,6.991307790500658,4.5212513783365225,6.082333075679397,4.105392697780496,6.478180658607845,4.560268941725825,7.347318650447829,5.196554776511575,5.700097726006419,3.514439626963028,7.892637141145608,5.889630795623437,7.734272685023636,6.065480375065351,4.482711549899628,6.40934744018558,7.29889812361925,4.637161439560341,4.554497478599228,6.453384477117701,6.579572145730713,4.477139972846731,4.579813182904143,4.718215391139493,3.6555494889657227,4.081348053515802,3.9958592332479324,4.232202434895871,4.965315112613219,5.234214732536521,6.550500492814077,4.001645959261209,5.984322398476584,4.786011155774491,4.950536290347567,5.674819492166604,3.8772779784377014,5.3824097461840505,5.166452208213056,5.4924512640081495,5.289168643907818,7.455300139910895,4.362260015748684,4.469003044998182,4.3768594735752355,4.444522880839745,4.362612872693482,6.189016531107551,6.420504247989855,4.429253706250524,4.167644426895771,5.471415556386404,4.4477769557190285,5.6329318177555106,5.2029230208512995,3.484255885002768,6.547505201330061,6.7958776730955215,4.387211309515614,4.6122984400640155,5.285865390724905,5.3344567899870245,5.65854427267283,7.01020453876635,4.82305277250595,4.201702755461547,3.620680771985473,4.269069960058081,4.966873027126203,6.794557863517788,4.482388700963829,5.223787951638898,4.983577103927248,6.188393273448084,7.526932425873621,4.4691312270796795,4.510560557481778,6.044160877069072,5.681891489626311,6.846707325736034,5.583928185325964,4.64070790921294,5.590654830692309,6.108703580582908,5.820482181197364,5.507274031107298,6.066674689589154,6.169295590445673,6.382158991037527,5.648709887589643,4.832881919683146,5.146713686433323,6.206508966508357,4.183064329012764,Virus
P10,9.852239573175602,7.606661187672639,7.685405391923021,6.278451862607299,6.614554108916501,5.046436548156149,7.925980493806364,5.746253566027221,9.557296671703032,7.16325472330546,6.903451486782981,5.219150327663939,8.941080495560296,6.577453279763475,7.090251396754113,5.2790215257703395,6.980000793122787,5.186609123156358,6.747015735908594,5.1940899928983075,6.073631749859772,3.9734847005889398,5.132969674146876,4.299879185060827,6.1950466289248425,3.476813095216225,4.441078152728411,5.377211875064521,6.56552402923434,4.934249738927012,4.444800473306802,6.88115706944059,3.5519860995837558,2.801194043379918,5.440014450053332,4.497945775647389,3.9787671828692868,5.708356447299353,5.243800713771199,4.435921369263272,3.7196956013291054,5.872457328280145,5.650201177958661,4.900824136220617,6.846636996047666,3.9299152336738477,3.474474829075261,4.3080919301187555,4.9544139836445025,5.243339449322692,4.75876394214367,5.352055396514297,3.748460575809556,6.44376460407326,4.917848821607431,6.117295831588128,5.342725346377704,5.456753219153784,5.569767280232204,5.447708560017315,5.642722759867544,6.329152530132431,5.19652116970147,5.709003757588512,4.910264305712773,6.440117215449472,4.32360769794073,6.800940432910815,4.9598420493556565,3.569224897881952,5.128104414910789,4.318948342525119,5.840643548988724,4.3473760206976095,4.55381656678522,3.110459269054469,4.547693680750923,2.5761206733710433,3.4160971765142767,5.760414656144297,5.785800158650832,5.425457561784965,4.033023856870787,4.9522886438580205,4.9963974609094315,3.8416353108074572,6.503398301767151,5.877362290575672,4.779035826170336,5.026885838994531,5.208382807947553,2.9582651315757094,4.752822617479403,4.318015752002202,3.9983799901050845,4.718899707114045,6.797686526849523,5.64084286126701,4.428821010217203,5.572582781356159,Virus
P11,11.201214596315054,8.92463368291277,6.204498692893005,4.353063222294426,7.435431792977213,5.39348538542175,7.687873915429503,5.635171801681969,6.255826461503425,4.464764788439432,7.0549392706717935,5.1975996046924,5.862855238247753,4.310812181910432,8.072143548193157,5.197910783462648,6.422822725999857,4.5161141659456785,7.4680902339546975,5.424165946401916,5.5228354880355,4.426299996061421,4.975645407739017,7.142270358611864,6.727543170100711,5.4363236696740325,5.0380034781682,5.120031326718261,5.613517972730417,3.9772074348015947,4.742623462576655,3.3314159261224106,5.399223122605279,5.647195939702741,4.516813537700626,6.573986763290033,3.774234336997659,3.53562511979018,5.224451818559972,6.047098302612154,6.6839276914578685,4.54111573713106,6.078680833431296,4.961491530499293,4.82737270005918,5.883659937486672,5.65232287841342,3.4236078430157506,6.476540349725896,6.380091354147451,4.374437298490471,5.395803533437409,5.494030186282739,5.260673765823907,4.44969484615458,4.328376632061948,4.974445929008555,6.172729019259364,5.543600154594432,4.629385667913894,5.771698710648344,2.1514573793699245,6.1487657003721035,3.2602862212219,4.637559058596868,3.880330105373856,3.705318524279094,6.16082678737852,4.5322987986881085,5.346503881730715,4.953079421120816,5.477040827223122,5.076821891060256,3.7170077758114304,5.99626681944714,4.506243416838688,3.443418101340249,4.571884839034087,6.50075979063431,5.850221742113493,4.6513478655921405,4.650742295681571,4.678364948782617,7.076747983560841,5.381935452231553,5.43004164719107,6.030283454031842,5.238789159026513,4.740957854179297,4.803650150915022,4.928398740585936,4.962777763490158,5.72762954363698,5.051945885807299,5.73264007721558,4.919283419891418,5.07863519031609,3.0017993154678924,5.916327674702481,5.346488475897993,Virus
P12,7.3591676028351065,5.10374462180631,6.769106910528641,4.860410371844826,6.031643750576386,3.960094072874469,5.656039342737775,3.9465844368263436,9.47329121163299,6.914031353866786,6.859420142616728,5.217432873179723,7.4450464667478204,5.495681887972605,6.98183563376689,5.3649610024662255,7.0631360658870115,4.9423812029664145,8.399105310552205,6.050654396007612,6.105525932957984,6.187030305560381,5.638730222029185,3.8569950872695165,6.6334315323010955,3.853654606981312,5.3026354652390335,4.245724149980642,4.935861653407008,5.32876241030348,5.3213572154502735,5.421920754235285,6.613711269058647,5.453534301513979,4.755843364709351,5.964087168288358,6.18947048892464,3.7723921848630075,5.597400069849858,5.701172742310899,4.702436496640008,6.37570681331162,4.849944412967473,5.125576453471543,4.82692817571613,5.015579047581467,3.9037249131047984,3.5599491174057056,6.594505063224972,4.153038651681673,4.008607650543693,2.846609886396285,4.361038252310498,3.6769102065925017,6.642015160136369,6.009817089342635,4.311849654822276,7.252435805344309,5.981765486991594,4.675168616491377,2.500594285126427,7.290942572590742,3.610427533236404,3.354601253043108,6.0225704320096405,7.439752406339273,6.384272818510518,5.56390912005236,5.594754341665286,5.853415558780307,5.758928589786765,5.281191423969376,5.104201103951876,4.937406872100477,4.246035411133324,4.719324923133226,3.3070431858046145,4.90166037320525,4.011408892849083,3.896410682784229,5.179894151153478,6.392002286344599,5.918316606002313,3.4294993963768228,4.010371863429662,5.940771187988216,4.017512606461691,4.775366850002976,5.550052099024552,4.031655545136365,5.10537550614596,3.6659745050817953,4.398632356048786,5.3197819341425365,3.407006266468331,5.440474737960399,4.980362201073318,5.5524899544171475,5.223914134064661,6.364140429973844,Virus
P13,9.175855236409305,7.570594458874747,7.449419338879384,5.543298029036388,7.306264815712396,5.040591691203883,5.922568325878741,4.337099082449052,8.548184465775613,6.749576743186939,5.757143666694475,4.307094802204093,7.979863623640298,5.8949243769444415,7.922785538673919,6.247742072673734,7.479825673686543,5.278994162223802,9.089686100899808,7.145149127773388,3.812401580970487,5.309820710227028,5.633776880932098,5.4137990974514985,4.814712341122291,4.870179300266574,5.04381147197911,4.852997998371511,5.96387911679491,7.210523001591351,4.442508214992166,3.630197020420922,4.911717951648745,7.579709337654318,4.196325432030269,6.6391168054440675,6.677700814076441,4.4464117582920055,5.5689830791852755,6.628396623128538,4.620872259012513,4.796419639897638,4.418319086051357,3.985243269307133,4.350722454933993,3.7760597332377435,5.034083468259226,4.230026768941358,5.233785911790748,3.444104353796373,5.330880232214457,5.833528961608924,3.0062643574285444,5.374056569847572,6.227668992473292,3.7903589813087946,6.672572386837704,5.419019009366045,4.294988144241591,4.944230922342294,5.558326912521722,5.076005391412411,5.538755992446369,4.079326406920634,5.169360824036078,3.58628550309502,4.888773938651299,4.09609235853521,4.264470057410233,6.236093175210438,6.091310120594269,5.609138120907177,3.907687235327421,4.683591550305198,6.213097699979183,5.141716913639905,7.319329539981695,5.3933178393943715,5.192049116490032,4.690883535797498,5.133540904782282,4.8475301636194565,5.708108676688591,5.956702316794584,4.21401053949205,3.668767046442222,3.1637946268967037,5.507991326912544,3.8966333938261264,2.847109407047517,5.388578604530964,7.492999517432791,4.993929088460106,5.838490774451642,5.081829358547565,4.901110346808857,5.9190764829877685,4.709725455811348,5.267392314071903,5.321697806196013,Virus
P14,10.852257056114906,8.992042349536522,6.429821747600533,4.244254840507155,6.636037454149019,4.101532018208963,7.221896036031072,4.990881003355796,7.501457691863724,5.474698232879953,8.123153414929096,5.817766299200287,7.527193389163208,5.557810306351862,5.758242292028314,3.6881637676498404,6.661137362561929,4.694775295645332,6.361304356845304,4.813028697014554,5.0566499248971075,5.529692754356731,4.9295012219409085,5.486501643826202,5.06447441481012,3.0245334336461287,4.060664606181246,4.855912444278385,3.7903052571588924,5.599928729996204,6.530750832343697,6.218761851697317,4.786557129069792,6.490726136849952,5.148667457202111,4.662914028881961,4.38659733645906,4.697530313511872,4.611823181458771,5.170416222375488,5.160573981049865,5.003046020153414,5.43693816974635,6.190646274786341,5.949554135441324,3.5151020315500965,2.446078865098045,5.934319911239274,3.6331213015845787,4.775234598107317,3.8298869739406403,3.1980195624199803,5.541462728204788,5.7591551603026465,4.423489599273281,2.40895770785509,4.453755551747517,5.3918040054025465,3.5210884312258712,5.183359919779155,4.984690150827005,5.579291499601088,5.119580368414153,4.026931059118445,6.196571501664492,4.84147042697303,4.972695460490068,4.066732040926804,4.55671774880849,4.115197285973099,4.827053940076577,6.7117084801423434,3.6280988570686437,3.386438602123259,6.471170327493608,4.7906763228481335,4.330927261340084,6.039904687396076,4.394384460263136,6.826009713546936,5.677925871339269,4.5120885918542974,7.1573082132655035,4.3942850769966615,5.742095372009307,5.299292580406492,6.301741289398798,6.561511196726853,5.0320041490657665,4.246582129653817,5.459972142939116,4.322284630247894,7.013387247526623,5.1365353310827375,4.634678448687891,5.184680305864909,3.6528737104703035,4.028385961489349,6.200413907944426,4.343105721028604,Virus
P15,10.783549330128281,8.536652752527285,8.314656233969519,5.718953310665067,5.833802013660377,4.2432049114305395,8.953177824187971,6.501333651955487,6.664805904924123,4.749166983544953,7.167415401553482,5.55623000940066,8.421964724837958,7.165002344901084,8.562881044570393,5.927840128081237,6.694590178446417,5.268592278863257,7.759819118212232,5.507835756289624,5.538296079049633,6.072507337309802,4.635047270457115,4.160790332660993,3.955190805978966,3.0336434106239984,7.056207129940322,3.896791634278317,4.778746376414228,4.723186700111079,5.307406697809101,5.815737212539297,5.860473488359745,4.416922561431061,4.832878286213589,5.2825799504883,4.751308873816453,6.607345576019993,5.490974951638251,5.734877786049817,5.662881268667412,6.173473857485325,5.181021558703707,3.7031680520441537,5.399687951752641,4.348643106208171,4.471383318250243,5.586364018755093,6.238283071433636,5.021271576736062,5.308833012598964,6.702214944635238,5.240753179488569,7.601683114180394,5.565509645631544,3.239237240844182,5.753341621104532,5.381158384882777,6.289752754082746,5.6731813512699585,4.861544016016226,3.775701763710634,4.7909767427139744,4.1494795457907,4.419476550195277,5.58857840442061,6.669904504351406,5.394671529822981,3.8041169379648156,5.44460266822014,6.196631486645651,4.390217095680618,4.865982833327083,5.014688194729197,4.21510168691776,5.648280433843859,4.8790518513922185,5.419532443907028,4.1125078221979,4.56254169967659,5.722381357827771,4.627166847908233,6.726963851233405,4.600363814385398,5.224684725751886,5.93259083187309,3.5816342670669683,3.239191188019224,3.474343685429905,6.262584103427182,4.448141854107553,7.558199285668252,4.4357524013426115,5.184551303197037,6.542109952567875,7.006092888159123,7.061503576636397,6.208366230593143,6.024062525811463,5.592526949201183,Virus
P16,9.461276835840636,7.448814283671466,7.033684303141376,4.996625542589048,6.53102979385381,4.546771950672725,7.82365021142706,5.955305208570511,8.51455582110555,6.477530081055262,6.752736274437886,4.8063405407202815,5.283790385719572,3.13346338292694,6.627394036405464,4.878252491616716,7.341298010381924,5.630811684554778,9.359803092544679,6.854092566334188,6.221033695525353,5.582097703468616,4.773515901150168,4.04056076327652,4.627793223928947,6.088748619704186,6.884586305934609,6.543243528272189,4.511150578213726,3.880382566710989,5.1408862469112035,3.231560634437148,5.323167714184781,4.852397413701332,4.533963498131758,3.4052969327332043,5.513600106569717,4.467299160338088,3.8300831642897117,2.1277377867183507,4.972485094949364,6.772251596669744,6.66125921454787,4.542903743413728,4.39778793963822,5.468774256075024,4.001614560811708,5.301791899819466,5.76608027838469,6.226933223884307,4.899845923520047,4.796326249823034,4.122017413243439,4.17311964596014,4.773521108098473,5.367365506816178,5.913584626233249,4.196821049319655,6.4926885689595215,4.728876398957431,4.978632705651564,4.252788320852177,2.5757597397270584,5.884045396361049,5.736843897092434,4.718672442881787,5.066990717224872,5.5159392177041,3.4374541431134573,4.470947322653705,5.794264679621827,3.7457105768307506,5.293557932166629,3.643418195376595,5.466429982433526,4.964358517702516,3.3848681840944908,6.164739354457171,4.265408423201951,4.189747562985619,5.2005691972309425,6.148637349428715,3.984178181021603,5.061679849847971,5.428816500330573,5.693105607263144,5.176441555277226,4.632972160916678,4.17240977935128,5.0861438830463745,3.927860988014393,2.0786495165053926,5.4365598041576675,5.903934841086195,2.6370675644581616,3.9902692952900622,5.619154261005198,7.057495469711698,5.020793707675408,4.271997058770865,Virus
P17,11.052768565288947,9.374876419148185,6.135788456602809,4.200807993349747,5.963770803228022,4.046671391741287,8.282960006184656,6.62467845846956,6.881024096395651,4.7476464978737125,5.662676515751478,3.436809191303343,7.377963708314391,4.922162802987198,10.113359058150763,8.19310756784486,6.517158850964866,4.248208949904816,7.954573011952776,6.148445709196755,5.113270410537765,3.561722021682633,5.919228934575203,4.331855914461006,6.873297776217545,6.0800480657146485,4.552678104341249,6.281016361735113,5.067855510527403,5.8527736751222195,5.484732817294475,4.153643345009127,4.356450167682538,6.029960817581161,4.665224667893459,4.596351536758004,4.044877420650647,5.423599065593461,7.062524919243145,3.932467085745727,5.024219456672758,6.412220555415429,4.9203586087542845,5.452371796249734,3.9376064718531203,5.428307097207648,4.812855734995451,5.985729995679863,6.187386051564751,7.589563642018614,5.579633173213575,5.325796316582166,5.194384301577336,4.6468337071893115,5.338483843461691,4.704598589860971,5.168460976269614,6.31759753560796,3.9934574347203586,6.139878561129045,6.3171150673398655,4.881931473008922,2.8781451009914054,4.392178012905568,6.296994546561109,4.977131937701118,4.0006977677050894,4.4952250787717825,5.840620026504553,5.546733568201379,4.761067900830306,4.6331755881853125,4.608241850956178,4.077589815501497,6.615375689469442,4.6776795307886605,6.217158520825496,6.521316051922451,5.9983108981479605,4.5683796872819515,5.40373009033661,4.975804393609084,4.096298139269872,5.324359281721603,3.8209602088401975,6.1876793884615635,4.535382702701607,5.201159655872839,5.283287871546142,4.741095026295922,5.586693801475275,4.525096343377475,5.871297297457244,3.6540203197532515,5.126379579546412,6.938928999058285,3.9996686753944255,4.322255029475149,5.513907849658915,5.179581781939598,Virus
P18,10.626682511885296,8.489187130147663,8.031933298054994,6.109699841956223,6.888867251169746,4.7587423453814575,8.16243110573051,6.899881934895216,6.155621267356022,4.025470695329359,6.695135605291589,4.879618836046402,7.882420202501272,5.847421677150422,7.232654819600547,4.909466717695839,6.368371753168587,5.190499679779067,6.420947349414841,4.564513629430157,5.513105798176083,4.740453322416083,5.738810480887503,5.615367484013054,4.064561297955405,6.085982116175032,4.464036554885952,5.808057798281145,5.367287313401341,6.838183676795122,4.776534017628148,4.650683203881803,4.980580394112267,4.696820217165724,5.79994190194205,3.3836893915634123,3.9463175808536457,3.932197078420807,5.9503075919735755,6.710613372581925,4.8955507814625285,4.83117827680999,5.070052163113181,6.161878302608191,4.072646865809426,5.2383689827347855,5.975197629782429,5.5010941699398455,5.189581616598743,6.001046092567141,2.296767707000763,5.677875319530908,4.345924316872576,3.169367103143543,5.511202599524981,6.373658545162957,4.862551485372308,5.9528745472029385,6.612278257988645,6.314914453584048,6.639964529371393,5.7421274910718925,5.075433638901592,3.3980341881028315,4.753937511870052,4.156753404683808,7.170942717497814,4.824114187567663,5.123204806784486,5.551485376040468,5.043602446372454,6.695051040430753,4.377350638265548,5.194607455237243,4.257529414301952,3.6799774887792944,4.388230909094714,4.962963202951588,4.57069777548274,4.307579020126144,3.593682536328166,4.9168944273713056,3.4952796259689975,5.760055963689602,5.082439752934503,3.5424485005350697,4.6907909229501366,4.247843594409417,5.31917451041918,6.340450446023144,3.1248275303542554,5.115026079147417,4.83986720443336,5.671340076450465,5.213196628237689,4.248030668261181,4.680946064333382,4.203974143196511,6.076007138598598,5.021311648671942,Virus
P19,9.724897008487938,7.9393391861853795,5.523601037459487,3.486285607387173,5.480564688274596,3.4158640569945105,7.214495570131172,5.508725023229934,7.669103114889942,5.895038314076116,6.899243242061888,5.146793011985549,7.587507499877253,5.896839315865532,6.103449128118393,4.1088077745847125,6.63707482626218,4.28084668075758,6.167518661873833,4.012820472848816,4.8687430329076955,5.076851882958768,4.775144018191922,4.349997419176541,5.168654671966728,5.441940649569409,3.909600922557154,6.41093237974627,4.901411867715738,5.018849622944848,5.708214423256557,5.233216131263502,5.953136633913245,5.287124165201824,4.387562625359562,5.361503525206102,3.856273792679338,5.108559705776523,4.966770009355539,4.79188314272746,4.871462488561069,3.1181509545023607,4.4512750922590385,5.092844901141115,5.1598563919974,3.9723248590740416,6.2657078408647005,4.1338251517855,5.969457200526737,5.427194361871685,4.353772690156197,6.775310892609512,3.8063631682435197,5.919154173610002,6.000582318042978,4.329379790923355,6.392465300064329,4.749953485401047,5.288693629279857,5.260321838771221,4.865691258529452,5.8108082731597825,5.793488720552213,3.2514680267618195,6.304340242878153,3.3375080119643257,6.032546204341657,6.126705136827583,3.9090335697848015,4.589185712045415,3.8942953315140643,4.785078969711265,4.691965715814259,5.7796605322693395,6.310308746119608,6.395683810789956,4.437831973421698,4.790778126255472,3.31656180777905,4.194129933503811,5.9648516330974575,6.615582823548232,3.765651128120078,4.407535740847106,4.973594243041073,5.280161158819607,4.190396480078354,5.424061044464089,4.526160652929084,4.985547729121721,5.546284248003699,5.006422269810938,4.5636141094734315,4.890390196074169,4.911637040794664,4.629988970117872,4.741203937332898,6.598647170504717,5.560919447941239,4.704519681970839,Virus
P20,10.204537964761654,7.66618051024399,7.121154064093574,5.369642192198094,7.341953052989292,5.447716925810278,5.8391354783404825,3.8732325310901947,6.806068691529436,5.142943094763707,9.299171572792858,7.231300146192632,7.3469063010351725,5.500844474944457,6.356945043906889,4.457326200265978,6.5355213989422465,4.379152401748884,7.014471546638388,4.527909422302873,3.020700189624212,5.7479102561175335,3.9272569742601933,5.239246864111149,7.0740826697499735,4.080615408413577,2.4697124772536703,4.713995778119889,6.100959634998571,6.958347454220593,3.7704504055475834,5.496699223236522,4.5346895432199466,4.894051645695864,7.644343347017035,3.497029671604847,5.253739661494573,5.467693171765434,6.085786324939347,5.097983153470896,5.308050539504102,4.608351432578209,5.269126941245108,4.656807724502589,5.6215718898560505,4.630389663956366,5.377100393902187,4.970737186315022,6.126050250772169,4.948606276411514,3.2269675317931186,6.261921500713992,4.094267699137381,4.34623366135118,4.404338705956508,6.374438093170817,2.8643257860213045,8.137748533659995,6.056056809066051,5.223238914129159,4.945105999383713,5.285554074857657,5.521122428379338,5.645215585950057,5.555604466003448,5.089580681255248,4.802661579692674,4.848726716346488,4.805091719647319,6.133770096867065,5.593556722280862,2.0596113653357198,5.655900776529761,5.194736194718775,4.981291243554103,4.611481546911114,6.124112719986013,5.947526462122858,4.227122332176391,5.407052287124535,4.028343265458714,3.6203818352110693,4.3732827754100345,5.862393472382759,5.953125045376087,5.513085420097293,5.725095786847997,5.5161782871149585,4.3585184047770476,5.431922544673941,5.800409525227682,5.754291329813574,6.1889133714746425,5.708303847201064,5.351448207541583,6.070150238316428,4.97347874075094,4.118125348772282,4.836933036056236,4.255097355193551,Virus
P21,10.318933768009959,7.8554813292844825,6.728098037984777,4.69203847036096,7.081023050789682,5.213293707372938,6.6626483411828294,4.182911368931809,8.688521674898272,5.937570137626558,6.572655368251931,4.237275221433785,6.591070819187813,4.0600968988911355,6.975863731793213,4.8061738612271965,5.390990460052253,2.9961376355932465,5.60479136142896,3.7607416051465274,5.059932630266328,5.277376937958191,6.360658595838651,3.691179600880888,1.9804878441791747,5.183849544753695,6.800511181510854,6.238946352939437,5.209659415274626,4.508363814367953,5.80712259663731,4.026453800295531,5.476357769356219,5.505470159166627,6.06020990749888,7.759660038911077,5.392415967178767,4.491036374292501,4.974425687808005,3.2309240951108817,4.305286868910942,4.590717561886896,4.475911602065407,5.152354872033722,4.177580067617799,6.121030667324471,5.000207064918197,4.990699678861386,4.672105283487082,5.155190683858979,5.825098264667635,4.1328697842891,4.341883510924744,4.696273971223335,3.654129076526785,4.180742140278502,4.523779126455341,5.874389180712727,5.262561329001925,5.193589911367544,5.850897962167972,4.862628211600604,5.39046484992889,4.896778247067504,5.265362349399629,4.417241342388418,2.561182841723571,4.865720837813696,6.4227481360999406,5.926215402241592,5.965397484591171,6.236130721806218,5.0886575909614375,5.197315707405596,4.38234810456565,4.683927143972951,5.615771149771142,6.203884437168816,4.860553724319001,4.549810735148588,5.000527958856598,5.601206748929115,3.556145183866458,2.703819046862762,4.449463150508416,3.779287574085841,4.491859802352689,4.852219681182529,4.546751590976987,6.452467534470745,5.32674476460232,5.300474359610829,5.622207144043402,3.861166882219231,6.039111787420269,4.92423571346454,5.670480617241212,3.9281427669598443,3.446241233983936,5.817889658025028,Virus
P22,9.27917767354916,7.09794844564249,8.26067848531431,6.12543478441477,8.307737696700748,6.642672953255963,7.8403320332782735,5.638391925608383,7.457992129202177,5.603187431082343,6.486412514401765,4.837207093927706,6.270801306476695,3.9978125442185273,6.568541830597292,4.486786433528414,5.9460798693272,4.005650625391488,6.40923730310037,4.808972237399831,7.412615421612916,5.7846042878980235,4.980739620265606,4.737109170791732,5.022465892812046,5.54711911517521,3.819187184691155,6.114321694668872,5.715381315441244,5.718185725707935,5.438475738809728,5.01961665769399,5.67286123596682,5.591814133741378,4.645959289058976,4.426398227103099,5.101856295261987,6.549020151495188,3.7608929243460993,3.53247473424756,5.164760841236517,5.050887701856018,5.173341664370408,5.243953197908501,4.776797745365195,6.489863438602082,3.3990960215234844,4.171502975219754,4.896745239850953,3.3568111888458327,4.824145595567929,6.661470165728018,5.020886488295962,5.230700905718684,3.73983523482742,4.383638591960523,4.624803619676063,4.682284903243766,6.2816437950037685,5.557691060725125,3.888542043062968,5.246504778432005,5.4982217484967855,6.140149038521266,6.580540686568374,3.9849058081721314,4.1891424887896616,3.7424221410853837,4.765980140893019,5.466358374446335,5.987334516589102,4.9240489763574775,4.680152476745156,5.15175799224874,4.164857098369977,7.089538721694773,3.3923389728819413,5.184740578895725,7.02360621922964,5.006799844559998,4.809960964998505,4.642554577189573,4.819608318237592,6.37284847467653,2.788138088670493,6.5334337012963255,3.576042847549855,4.7333476707655855,4.570755579701338,5.58855326977072,3.4018756481162526,5.462172666081943,7.024309623286852,3.6368259954071895,5.189706167610396,4.3380178222033905,5.425887206193035,5.0191477774157525,4.35851309095569,5.487872284871074,Virus
P23,10.217398219703634,7.809096208272702,5.769632861201183,3.7067270421288363,7.768764752602331,5.472406277880378,7.447138970197686,5.35561334878566,7.20905513702495,4.999291405423354,7.559470976750135,5.604515326355367,6.739917652682219,4.54790966716692,7.575009865343086,5.265878229652048,6.315445758167305,4.933867385374177,6.942399881135724,4.752974299254003,4.641659847978778,4.352458194364841,5.744191971499937,4.818775826781897,4.350626961678574,6.321304032273012,6.419603004513637,4.399576434261295,3.1334600486393835,6.007513689836922,4.315370174239996,5.790625599162769,3.0298961822881645,5.892597338299309,3.7888280707192186,5.730764119066524,5.0142730678364344,4.046060580603355,4.59296368707322,5.686318456956701,5.105894453115234,5.584412980472484,6.976440584515485,3.4357583882889484,6.617212574968624,5.104355937523213,4.101215951676872,3.66968637426101,4.810879609222966,5.92165011192446,4.872450879622466,6.511154930247347,3.548824309948441,4.987911052153946,3.7476065555868807,5.363631882624968,5.8868873900973,4.579238206318947,2.3957861433728658,5.198948146796495,5.43673855173351,5.404294754961698,6.235782191822154,3.928946320350951,5.68021610545045,6.192507512477975,3.221412415993483,5.319651825918977,4.495820168992329,4.918477326898354,5.347676483538336,4.512771435886448,4.324291920838388,5.034152417488024,3.912754061137197,3.9141748711148145,5.679373282956504,3.851205964841344,5.666312500909212,5.4625912928539515,3.2741932712094033,4.322435347664345,6.1941094030473725,4.018834468860319,4.535595737690612,5.462060893251897,5.7833905092825955,4.748461113955504,4.402489805308359,6.422369861698508,6.738899663797579,5.978858050781795,5.085318142565024,4.191734278359074,4.169555593443435,5.522514105265757,5.418398220888684,6.40159859294643,5.650450092536139,3.4969196982401822,Virus
P24,9.021376777722601,7.001939372685587,7.387462786453129,5.250200206251694,10.24767981048522,8.109918556005361,6.696767482889273,4.8168033812796125,7.405363032716878,5.887655425873836,8.275462977422123,6.795211355912322,7.6046668641517075,5.4977430890913945,7.8090272773340645,5.4215866106144555,6.511855605905026,4.3827468134530765,6.139566188970995,3.899845767028305,5.439501230620227,5.778936503512114,5.457772866151886,6.674492433347537,4.9944039811709535,5.6687416555925125,3.9082991238606857,4.612900297525599,5.695537757565777,5.849102110743144,4.706033052335818,4.928400748141933,3.4821262533191906,4.642970799193391,5.890383163519786,5.575205016106566,5.50066572138121,5.04977368718096,5.007063158628177,4.339678860526553,5.698828420202535,5.42097294438939,5.492018847992799,4.47396515733242,2.8466570801287556,6.097152711753695,4.521162543991596,4.13722423595688,5.693478911913994,4.6079873600808705,6.059936384046622,5.617005949576697,5.683569323200477,3.6340442887994655,6.211943985386401,5.261250531233856,4.630722860753797,5.143388467342251,3.22376476710168,5.408652811480671,3.970628491817928,3.6473297141564656,3.477640813782109,6.112688374989926,4.3707366063072115,6.5337277099165,4.464198536947702,3.2926420424070533,3.883475560051341,6.235811620006938,4.844101822063332,4.451712703509399,5.160018225852788,5.501782736167545,6.117398815902461,6.448499229892926,4.640231354210914,3.6739523139179617,4.586534838876724,5.260280506582886,4.036241073789389,4.042849085104957,5.343787881549885,4.951347648429548,5.032796995411586,4.241504665299931,4.769599285794233,4.075766855731696,5.8901984111247865,6.035249334723753,3.153812137761906,4.07048913980759,3.503470744909921,4.3499760655931015,4.916562030209639,3.55035478030147,4.078140186874687,3.9960426279185013,5.2072673293989435,5.0693443370362505,Virus
P25,10.406452120451902,8.176820872139398,6.858469172478507,4.728344889673947,8.615791511128888,6.3404610517903475,7.654782702702388,5.829732417879175,5.767852895275979,3.8517367112473817,8.419971617307896,6.537931918412553,5.884156045328445,4.0824971789857365,7.363596228827256,5.271495310825648,7.722985153611999,5.340589216400497,5.675367306819485,3.673527871688917,6.047317706621448,6.169589992427774,4.770609255931972,4.956523050186138,3.468892497444278,5.514254756017835,5.572057441714144,4.937808983000689,6.1243533598705024,4.665922769020059,5.5646059258936,3.980335661307884,4.976447849125762,4.825645742097164,5.225307922040941,4.630473071166642,4.868527404328332,5.826047171441506,4.563235762761782,3.3934228992613207,6.749583904205421,6.381454078690487,3.7077373048943816,5.689707805245194,4.497025229448657,5.263487215331059,5.294224129013494,4.765592199683678,4.2162343344136035,4.309458947683741,4.083808084518758,4.168177791769555,4.932821709950645,4.284240010889248,5.68205206571262,6.487246155335927,4.419946758629957,5.239404500535377,5.499685110302934,5.472002270919274,5.075955267916087,5.742682418359722,5.482248952680657,3.762337577672702,5.869156064389273,5.887290837266742,4.236713895821419,5.037937835447602,5.683328992811069,4.790686180420638,6.072978047766012,7.363872494619361,4.214013967365018,3.618955396846225,5.303818595604875,5.721562505126143,4.769133626155231,6.453260663321034,3.661394200276751,5.692918623031611,4.394139179241106,6.7193779062072965,6.992515353168118,4.2333434122166524,4.4504428640914195,5.859587886979802,4.612869350210485,4.954588782067762,5.02538842054241,3.080326843802344,4.986162253905762,4.310272225935826,4.506877177600228,6.443632003468814,3.7434931057207437,5.813205186747977,4.721037069668191,4.720239831504165,5.790371896051711,5.34005129456889,Virus
P26,5.570612997219531,5.968184660532861,4.668691616816678,4.38776326549225,3.914849473442202,4.174589470021045,7.949094425308726,6.244679580736786,3.6489256337919787,3.67754204325643,8.481866061718492,8.547264797377967,8.548883835317366,4.745044206446302,4.8745457399970995,5.327879524159357,5.085893006293331,2.780699627252465,4.770200369424806,4.148593565739686,9.817819024706175,7.98525900260341,6.857752612010262,4.686470313827602,8.054935088975194,5.482687887209213,7.212590734328738,5.606850593215671,5.911445913685762,3.8691115646740846,6.246225887374499,4.0736188700184615,6.062322521679505,4.0813134885139055,6.856984801802986,4.704910085762093,8.055148516968993,5.918454443942414,6.702844993235809,5.054934110999849,4.2904201452508275,3.7414950893246655,4.782982949575629,4.6915172115441806,7.426716486345523,5.4329598253606965,3.622382499245763,4.435225995829057,6.021383295429398,7.088442772869925,3.4140166877620417,3.120075614860955,6.870965175371782,5.389614177370904,4.131707268123634,5.534629086122435,2.3642522609831222,5.003375506597161,5.327821172843085,5.92427013953783,3.986104047707462,5.085687161403359,4.074575373940412,5.255383755674317,4.104653677636976,4.5918991608397794,4.004184605209771,5.651136241823657,5.858451116656665,4.765379430042586,5.038237994960029,3.551408585366456,4.700323351993213,4.949795382958255,7.6207930910299755,3.8880329742258364,6.464177238752438,5.996858773465808,5.280636404490137,6.758620484195133,5.372105472606863,5.389159195667928,4.946879346982454,6.223568882418627,6.0964692338108835,4.374322712503788,3.680752805401233,4.797019362604343,4.199961435602353,4.936475425384645,6.237438134684139,4.54269834491321,4.957176618688425,5.058022734808395,5.848430882205284,2.753110666015395,4.393299705234703,5.211283692279473,6.200078956426861,4.508097552493795,Gram+
P27,3.123447293958126,5.619711445966137,4.364637611174371,3.8103333409096387,4.375654610286776,4.81547464234415,4.395255335461787,2.794433942900931,5.897066196887132,6.274875041278722,8.651521991339505,6.862314329575184,7.798508466052482,4.993478684770542,5.598794389561911,5.668340488718081,4.265826201221504,5.081995556413561,5.457280404615241,6.4558223221467665,8.087370306673133,5.789056687375519,8.445964164900056,6.410459145203504,5.845702854581316,4.138912089826429,7.739493781098163,5.697903272539028,6.063011550557539,4.520507032600757,7.751368765018631,5.463184795267585,7.287732155568578,5.311308673442885,8.059481731873973,6.071543152234886,7.703344221605374,5.9413105807674835,7.0997507711941905,5.397927049946809,6.80930634973311,4.781954104607626,4.152366071380915,4.3479111114069395,3.9103669626576116,4.215238091872297,4.629491901409971,3.5944329808213578,5.015618333949603,5.902277173786647,4.0922438198530795,6.519283923641769,5.5107920885275945,6.030580585624057,4.342165446147863,5.854525227066616,3.908066099604687,5.890247500836509,5.171839339793531,5.553251219984784,3.824405394375148,4.104930157723396,5.597228218253385,4.051651995775799,5.463206292099123,3.6328621935397543,5.8481742126666685,3.767476685231491,5.552299937679523,5.625630933646001,4.303228181570425,5.582026567084727,5.260442263333556,4.461158143807261,3.9914453159237917,3.037374308327421,5.3496500472996935,3.4351972286379446,5.095344199441308,4.736551783917751,5.679142775438195,4.697954500510136,4.6705522136529085,5.731870704288296,5.335058029084117,5.316155957182779,5.469267589808526,3.464427876792894,5.756788679986982,5.612468794013602,3.9833168714235025,4.7559195263257985,4.960692712372369,4.865503215598268,5.333859966568535,6.4313667818311835,6.081766727672829,3.6877808065685937,5.6220699903060485,6.32893331953541,Gram+
P28,5.386808520689202,6.0909804251859665,7.012270445700765,6.023709546106981,5.249308595641729,6.0450884740847535,5.144887833096891,5.023903043284956,4.648585764286268,6.563413358832108,7.181571334057999,9.532367724678116,8.499864123740371,3.6006938251980585,5.3676492929914215,2.899973492348376,5.625508016831036,5.885231482988991,4.407644044347946,5.123547695955582,6.652664097102452,4.494253295738063,8.599128755040628,6.4816634024625985,7.569983208035648,5.003695671847847,8.490909514224244,6.341475915530881,6.474560352875759,4.5146941646321315,8.922463509500396,6.685014278708509,6.479696217309984,4.120185646497946,6.318431514133675,4.469029102188036,7.617033975767124,5.342337834489621,8.199849953413667,5.853975976552224,5.414865500361911,5.463288530118106,5.043514668643466,5.558139514518507,2.470439922305697,4.703392540930202,5.2413219349167814,3.848985916380493,5.38632331781156,4.795528779013878,6.7554756983154896,6.573019725214857,4.534194430881837,4.8491622884333045,4.9260524343916074,4.548340523840377,5.195024984028127,4.24171793111241,3.8693846650624737,5.622711223900269,5.629529584221811,4.195684240340007,5.895355430762599,4.368422270834668,5.253165238037981,5.820344012612456,4.966387435296287,5.454740912141134,4.483570356112429,4.803533416571903,4.7941405691196595,4.253421653459761,4.823225836884218,3.4513817011362535,4.508846252857896,4.715124506630329,4.74382024750462,4.758502554129221,4.938235800139871,5.479441518086064,5.874517074132522,4.350234773151733,3.7967991446108558,3.957955587756897,4.512797078805073,4.648078682183491,4.230003933802543,3.7038833357501053,4.543879172525812,5.181426620113971,5.595029465835565,4.442576946891679,4.587002177856566,4.07330169115269,4.968560829625224,4.151571365809185,5.5731278132412,3.214133508065889,4.640370327547537,5.301107339191742,Gram+
P29,5.183834516322504,7.693033663980497,5.349800024567908,3.9959454031579895,4.904535752910927,3.2237536665335482,4.919400250703239,4.166943942999241,5.915390275560162,4.450459725404465,7.883234084204753,7.364442158595597,9.73885135185333,4.678757233882088,6.832557043479202,5.814151762118266,5.482066727335386,5.36873314731752,5.393797298216252,3.07232742065439,7.614627316113274,5.845157971184322,5.636012550565956,3.594810153196425,8.414541293230327,6.704105516255491,7.09284489751191,4.9379959906339685,6.375361439211899,4.633492979631948,6.023990872729643,4.075534011870445,6.7303078448234235,4.726006918170696,7.032100334968741,4.70016180372512,8.981883592517345,6.625958915362063,7.411149502116575,4.840954789599949,5.295624488747095,3.483357450579209,6.476934426118275,3.8322204487320652,5.216775563762629,3.902697472367156,4.4111331732613035,4.1627375689503,4.392124739324182,4.460877296851021,4.451731205074923,5.833333911780307,3.8951372069374797,5.220541427013867,6.217959152305559,4.486803635486604,4.282081109252398,4.769475374819749,6.17972520836071,5.194107630953358,4.468785705392402,5.48387665118804,3.8977078501635765,5.681359510442948,5.408607307701768,4.692191528861116,4.161414201552769,4.113319077716543,5.5348173363459106,6.228980502489062,4.362692252971205,5.458386703551485,2.9129729813979313,4.415382269342801,4.968941067129098,4.090316583018167,4.063493625210404,4.332220443531114,5.292192728326373,4.812670981593626,2.761768766675028,2.879299847364934,4.393134822142825,5.457686586053552,2.2524951572747653,4.500269823848369,4.473752143482579,6.388337778208448,4.614978188287136,5.382988984740928,5.141257140087463,2.8694335201927994,5.768207216631737,5.215396505456288,5.50826863967459,8.926237706436327,2.9158870605014116,6.724696649761109,4.712552480599644,5.287328904403009,Gram+
P30,4.954487754698758,4.575763666601956,4.430167071761241,5.329508735573009,3.482826303328321,5.7505791675217655,4.583805595114746,3.869930660959642,4.549987142004186,6.257149216862572,7.4646649129837765,8.35845361820962,7.2690437242845265,5.757921849923619,5.685507738790204,6.848608833296412,4.824436054500785,5.668654804757907,5.0980675395389445,6.295871781863014,7.759733732268983,5.745005312877281,7.2927046165370735,4.935811822891503,7.323861774014085,5.252240396426678,7.5343406002498,5.2147131831705265,8.193747599960009,5.985449685615219,6.500470941763049,4.544460473976129,7.8288258648056654,5.955300558237753,8.097605867982542,6.472670675750982,6.473789640348978,4.770451344639653,6.725517435389072,4.6075288939391275,5.996570510579447,4.533504620771802,5.640479795200823,4.809496894002189,5.324057028221561,3.8523086101843327,5.085209449633901,2.0088640290992767,4.813103841838015,3.36952675628486,6.205994516546816,5.777407352764511,5.466670981966081,6.52100622715938,4.051083479175163,6.747363197915558,5.932191564260385,4.7634447127810535,6.135620147182944,3.893706487588366,4.175485838472326,4.3914102767603,4.471022291935984,3.9434423572397472,6.223083067095325,4.741145599630168,5.35250496835688,4.42964863358632,3.179396699451483,5.270057358391422,3.087745024580223,4.931365953914532,3.6316849611671893,6.987275999230808,5.911362722174721,5.10575379127148,6.263706677654668,4.153684022534264,5.543479378670093,5.199810433718714,5.26402008133367,6.272353500106767,5.732492102779802,5.288723662825023,3.345112563771704,4.039953704720537,4.8772910664042755,5.093372374276651,3.869796275326076,7.411676675578422,6.516394055253572,5.602118320392483,5.0720368612837445,4.787791030098848,4.0480815399777645,5.077480518518863,5.257752540142751,3.7582394245183757,5.3341764172448976,4.844740951175251,Gram+
P31,3.092192442122609,4.139614989220498,4.586394466578356,6.887687657340191,5.5565531245337585,3.6645184309001086,5.486036289417637,3.4526960110616347,6.082691053887073,4.528875348182122,7.906363811260829,9.325796647542191,6.7128364314157505,3.6028818148870085,4.416400673653995,6.038378851019317,3.480653924523158,2.167844401889431,4.5488411415910015,5.55174079991092,6.1313263783072065,4.536838637914601,8.25758683765118,6.153900734255747,6.229328027276729,4.611479224816991,7.216778067844376,5.4492187212850345,7.806266728479184,5.034441011705841,7.046484155073662,4.341751587666152,6.331222809314682,4.0177059657453205,7.320123732172968,5.446872500802698,7.023201902528502,5.170463770996571,7.125325865992346,4.793388720303954,5.610216169589222,5.156972960968434,4.4134687304360645,5.224216404290793,5.714609790636618,2.950058721422522,6.159074064955898,4.663745261318928,5.425489933240231,6.197246923645228,3.6283263027695343,4.290558997572454,4.711451304124295,4.216246478875572,6.734936575836809,4.143227906173207,4.444453220513133,5.204389031602977,3.797850473923911,4.604319288243736,5.317453261250175,4.667139595617488,4.906613141100052,4.470667887551629,3.485529690819233,5.321593211339239,6.754933071647241,5.018401630783438,5.22526411724755,5.6927227551168595,3.730669503453301,6.702514658129606,5.202328796422802,6.631856899089109,4.266967004476011,6.818061922557825,5.775155494034783,5.553040085852358,5.234024454353148,4.75147138192555,6.2005316584738726,5.140359869848047,3.0329302964128475,3.8828135382929974,4.814154247807252,5.309998983165555,4.943411511100104,6.218970789793663,3.048898135961375,5.14358793650516,3.1820207746128455,5.759712295484168,4.905541285557997,5.419609972024118,4.136117039410234,6.279464931657751,6.041724664058851,5.583544303011887,4.870482753136559,5.579857285295132,Gram+
P32,4.293107432012651,5.8555556590207125,6.649480894323921,6.070610559979186,4.27039753019259,5.361417317273103,3.7068584562413522,5.572390311175676,5.450603412862539,3.1301836604678357,6.838216156087636,7.716861103256233,7.6991402528591735,3.790523064581195,5.388978729352184,5.251473608940512,4.805730868021481,4.244208499841637,6.048707126416564,6.6554071130882955,6.593600219776555,4.387833082845179,6.623344010788728,4.641970620253014,7.744061380387982,5.739653151724672,8.15852029785062,6.318302324852669,6.738453346229963,4.58850685543782,7.247396075495306,4.962429355020519,8.53117529720357,6.494938227453236,7.751317755081235,5.4430021304473755,5.819258089952072,3.9788375424397,6.658604413868011,4.732358909101206,5.846770775216494,2.8727725796485046,4.900905699758731,4.397179344216038,5.432262950634155,5.470044187368202,4.292374105177974,4.287826135823956,4.88933463144267,4.103357772684792,5.841983695452127,4.6307927995525535,2.0930117806783586,4.625177943378194,3.961456179156028,3.3687241845390545,3.7625733617774273,5.10940847183297,6.328640828248231,5.31318447386498,4.39349661178426,5.455904195170703,4.540909689781008,4.305399630836855,3.8456373317670156,3.2481711932482806,4.610076293440555,5.158053489920132,4.90337632998511,4.584033072052641,4.054253939303219,5.608246191684969,3.682868080053415,5.776027913843476,3.997782981073275,4.247564762646965,3.533214809384323,4.498597853114363,5.975312458477979,5.515628088443957,5.978422112028035,5.522142545933936,3.896330171469631,4.669210775672442,4.219800870882537,6.33057490403904,3.8032113535736887,5.893697689389111,5.892953870108769,6.829620201716088,4.590313407370503,5.712322159580162,7.281651836538843,4.3823583230663035,3.4649597524676405,3.1199899660922363,5.712712028861331,3.116849791941416,4.627680947062077,5.437313187038961,Gram+
P33,5.185175536829914,5.425444864184172,5.222289855800854,6.278865813313393,4.047683619261203,4.3230048615414685,4.227340554729176,5.83019181186261,5.900398588395063,5.4512253193185085,9.183493666889927,6.821959132623619,9.667224111551137,6.523238621712258,5.7356219972457465,6.78179890877106,3.343376792322226,4.475551863737348,4.264696539318048,5.721479323757343,7.678825078522628,5.757495149337485,8.007860073178904,5.695202900083999,6.127976608498768,4.012126659099251,8.818271109094074,6.249618905296667,6.363638435936056,4.960980480622456,4.697645029992559,2.974192126888623,8.686412282670009,6.911419087139723,7.284136703497157,5.189479821221081,6.534793193400957,3.7450773319977078,7.53661328168435,5.937915537510655,5.01249932190725,7.868403055666768,3.3314007411218047,6.058728529883879,4.8271982626035355,5.771920154836675,5.441307151699246,4.266843802890003,5.22899639245934,3.142098548601713,5.603247500571394,5.298158465990525,5.638660168643103,6.05811832508715,5.367619840209711,5.148089419798276,4.118931663338707,4.287779236350949,6.186734620177331,6.436335405705979,4.761889563687946,5.046002747253274,4.095385625006234,6.172756845267445,5.665416823691778,6.941217436463749,4.121676922820261,4.621992100981783,5.231445922525572,5.6464895377257704,4.784332362452368,4.127038909546299,5.881407528923571,5.721135362545581,4.083725899436275,6.355442801105496,6.170198709196604,5.134296497247793,5.079597862376036,5.554057771115907,4.138296929743742,5.030031479164082,2.8476164553908196,5.8764556455029355,3.438506777558141,6.503419828428999,4.669879906033549,4.7883330180688235,4.372266093915495,4.711961126077924,6.418531345148036,2.5121913434649206,6.276965386088188,5.338023481101708,3.7929783521427844,3.924687606950762,6.676393027208203,4.054493120057269,3.8466494894040406,6.137314542364729,Gram+
P34,5.338552876285914,4.062074423463601,5.216624975404619,3.9742473163597225,6.100821398422605,6.0613709648731335,5.532006198821943,5.361661061247016,6.761188124867374,4.9996863273882255,6.818125874579199,8.449473912832307,10.086047049537115,3.985240506814148,4.638537233306014,5.416446038101452,4.946095150994261,4.017696419622686,6.121857856230471,7.320040722017259,5.965218460548579,4.095931710264,7.327961493547543,5.257975981221181,7.428760647155015,5.475167746495382,6.365629836081581,4.410728348210694,7.72638226845057,5.8347513263248825,5.484266662438932,3.454270213309267,7.920570489056487,5.574071220894002,5.643514573219058,3.6578722515148847,6.722060658670337,4.851030690232703,8.980012308512539,6.796360822926964,5.706078913815132,4.757318723187967,3.9736307923341077,6.23000057271915,4.035294574249285,6.628468554772322,4.715615350393491,6.590582072617851,5.678931290059278,4.863004510557542,4.480603628173873,4.65909212265392,5.428316692375238,5.077156496217717,4.406188591931295,4.834368589682367,5.07857702971915,2.871265905585188,5.458168114788698,4.020278775283193,3.846667596794255,3.3126556528892896,3.2061075021321095,3.6445524968877105,4.29097904236951,6.953259137526568,4.474120324104796,5.177750106268031,5.400481386506328,5.1310651862158485,4.922556539274006,3.8047062364007553,6.450927548279212,6.8071966436378855,3.3173413058773145,3.9759714091136207,4.720189657622994,4.035462205089809,5.505965553455865,4.271727797593387,7.165056067806603,6.190548594343596,5.212574030632215,6.026986263319732,6.1059004243573085,4.436052511941757,4.183782755458036,5.078143062969647,5.861636124497944,5.139060398653418,3.423003517809003,4.1971755560491575,4.926027136405622,4.92433439567417,6.972542176789808,3.614012057601002,5.5055892418358745,6.48911310832829,7.271449745422796,4.595602576816039,Gram+
P35,5.4914294527202,5.569760357198647,5.195481731553291,4.901154798760694,5.4359753895000456,2.4677539147803147,5.682069490062632,5.126177903661967,4.777525103221735,7.046862195719558,7.325065981209447,7.596924010934969,9.991553302204734,4.167938695150143,4.449884717063461,4.85297457656915,5.840734482129549,5.207802507353313,3.7073746528477374,4.46783143687281,6.912916609231225,4.9227789547769545,7.454649329686689,5.418205755887972,8.278104220787897,6.063940987560856,8.444542183787604,6.384532047593906,8.1380702353481,6.101322957735762,8.24568281456929,6.346225756202748,6.960183282912135,4.902084753557096,7.9643381852249355,5.889037122279892,6.226983216108504,3.723695583461664,7.4635022791228725,5.292715482141853,5.1455211977682405,4.385877434991684,5.14098269961206,6.588626928043595,5.695402474550299,3.858991490247262,4.888491172857056,4.195033519147439,4.612300083591439,4.586384334370357,4.522354417395995,3.744864628026605,4.87234531848181,4.43939236315269,2.070551309997732,7.052972024501663,6.088769654216672,4.623699275075004,5.018819049740598,3.8283456526824384,6.695722877810866,6.897288694773112,5.156693728246525,6.023530644185344,5.175286778933923,3.6632745611240694,4.588176631036343,5.131927966771957,4.545452281256556,4.781346722564964,4.908600442490886,4.919121502134539,5.052258490497483,3.939394933603399,4.282983850872064,3.7154157343000307,5.9778155496862,2.8943530581596755,6.1535903433169254,6.386349397262843,4.6978194130173785,2.3968629121727014,4.63868943803271,4.93581583871118,3.989401780071087,4.484781606191757,6.5301951988633515,5.6649271623017405,4.0754358856219,3.402400830404568,4.672982682390229,4.786543220649562,5.496199187363317,4.464683287432341,5.511499575361862,6.93515404006023,5.815501022444263,4.951911492669227,4.8168495289467055,4.6433268658201285,Gram+
P36,6.180640912452144,4.372686554048697,5.045222708999982,5.0511979018810855,4.498215807188468,3.627534452115899,5.322974503617668,4.938996028144617,5.500240469436569,4.466399693560833,9.220821298813048,7.123226218788155,9.712040284017892,3.2523634901717386,5.434770064556891,5.475430682526623,4.204442932059118,5.424393937861012,6.279518669760159,2.7831811606459356,4.518821489468997,2.5067291796699225,8.723373145646779,6.629166364900945,5.855824370437205,3.8261200355910274,9.047803325645987,7.067906338163552,5.974897315938735,3.9486900883606557,8.8171020733608,6.857702343537732,5.761825087477189,3.7609472974733578,8.648266643063849,6.5944423917491966,5.807608052530597,4.18759765106258,6.8611404851192415,4.839639918955169,5.330851304615578,6.451001438131336,5.879417041137403,3.9226239230152418,6.376496450019538,5.313132140013155,5.687065795858916,6.466540859278603,3.888419750486449,4.964174421293537,4.468545448640785,3.432140574634544,5.34670997760492,7.511556551584423,3.159922255494247,4.967719388950529,5.640542935074773,5.123078201656181,4.886871947484259,3.700783636554176,5.2327867429401635,4.243236022984074,2.8100782950214467,6.194592220513731,5.958385819842042,5.05166097685108,5.229074688205703,6.074318012715562,5.224339656778082,5.904017554761315,4.7025177991261495,6.311983738573947,5.320785725932684,5.194051943605874,3.729938911287968,5.286955854301708,4.168045082505548,4.3617172734715055,4.184624371683879,3.933765068100775,7.124771403016961,6.331339061988404,6.920367502144261,3.7771049804444363,5.071253749910892,3.7064923747959044,4.304305122802936,4.081873016583425,6.239584006441562,4.60377032189824,6.068379333694017,5.604120889588518,7.3036387521047885,3.520555776860276,6.2592332397867985,6.146440870400728,4.026621161972965,6.00713333647316,5.3361449630262285,4.7725237400465925,Gram+
P37,4.176064513028001,4.280890548550814,7.049812095785926,5.000682818957483,5.782130001531459,4.209100618332447,4.220147053778361,6.081984809249942,3.650423788448468,4.584786232094729,8.034027411072232,8.111372601840053,7.820906714983844,5.395819781095923,5.692855755817812,5.73463754545933,4.014196191332173,4.715844902071203,6.194762861876938,5.894647187573872,7.619958918821871,5.351479900352202,7.01885219505046,5.04693490206037,5.895382864217761,4.052107282731014,7.5175255336813525,5.76402978157286,6.148001032432335,4.367244970114961,5.99686560499817,4.365714152310597,7.797558227738531,5.744185710315034,6.811819632409625,5.266818396295402,7.073165825419646,5.370061115268955,7.385092972494252,5.457805609925785,4.503067974882022,4.817431025620459,4.010042207447986,4.964992389993764,4.188999136371155,3.885953549838007,5.258661147855388,5.21273977585766,5.782873734948573,4.568874430424901,5.408052846836756,5.550797572273663,5.444773807831595,4.174346317197858,5.149363482271189,5.364140296054662,5.007178466907942,2.9135223416289153,5.16048962397348,7.212531039397242,4.6399607312430176,4.271922902144679,5.373348559711398,5.312378210466572,6.192735165416415,3.742131844091112,5.731380252574993,5.590422061251464,4.857853463059454,5.33868731792169,6.0294574815983575,5.87231538002845,3.8569806879262716,5.820158186755484,4.935311394967481,5.072874098015515,5.073196991001694,4.84975701120174,6.191707497107065,4.916282040150788,3.8804538716168313,4.606470144030271,5.178694716810476,6.22921478429705,5.603094684948833,4.149464721252956,7.485189916678891,5.26477531097798,6.275390737999015,4.848285566422771,5.53335924470545,5.839468504518405,6.218194711754256,6.057368305378225,5.872197000072978,4.684913268805891,4.428253958043939,5.332607510324197,5.933128072341069,4.777279299223393,Gram+
P38,6.065171965714386,6.452616745486179,4.08367908092658,4.16307929620372,4.859624941094664,5.307612668189196,4.475432986232949,6.352202678867144,5.424066861518451,5.039447048240739,6.564090476131472,6.684184183572492,8.281009250281805,2.867404373845164,6.012637409644071,4.84184615562768,8.243092969594734,7.307916250616111,4.818550930752483,4.893662997468685,8.880499769315605,6.703172609918038,5.216392632543954,3.213624534645313,7.412693587833163,5.582737583173865,8.556830218251392,6.06977145498385,4.757443659822204,2.6838561370311234,6.04822675671898,4.171803727034765,6.823863234534403,5.145063745959382,6.773164302274334,4.877942867878723,6.634656408299633,4.840637767854093,5.940616061634162,3.651952888059833,4.285319323009568,5.521279905013815,5.3216785413765,5.16805980596682,4.00485151814662,4.818496837864333,2.8229349535571453,5.17847666388539,6.428857707813568,3.5258678679578943,4.414072326682245,5.32910677871013,6.252842634427484,4.551775383699851,4.307749670734104,3.031076857583917,5.103438129308106,7.042076040143744,5.277358461964676,4.977721020816286,5.3220823107669855,4.988907996051398,4.18698562773987,5.8232799156777055,5.225761523111754,5.017613251933657,4.02463397272175,6.303507931934759,5.66470274533311,4.447079162632698,6.001824853681937,4.502429161614793,4.217996507488963,4.240296882519713,3.2289314469119086,5.471542380418206,3.16885512166165,3.7715561687342376,2.9244119909214668,4.913930307209107,4.849679539728128,4.673303786813636,3.9574223053294237,3.82776624656336,5.464369863546574,4.449448068291512,5.3163583215361445,4.114751313875778,5.181062742771083,6.303278037316064,5.586165800392783,4.58758618178352,5.257198970355927,4.759334825469787,5.007880184694728,4.674388947851496,4.835664794114609,5.2120933530741755,4.00664130041805,3.9841211730100214,Gram+
P39,3.6114574461687887,3.39972889549629,3.782717307779521,5.159462506804129,4.107212484508116,5.513614464231097,5.034713748752562,3.0314957865619463,5.65497558422169,5.81079864559171,7.006137325165147,8.420191542894992,7.143501762590801,5.097670376748336,3.7355015930450346,3.206893547465423,4.617182810387031,4.876271053725164,4.602320306385396,3.8159694417774404,7.222371968942893,5.269294752580734,7.006492653970652,5.182501030599213,8.414992046500869,6.17171791471616,7.329249873510538,5.487560297086719,7.108157841673079,5.480908092748895,7.015169685295195,4.4717029533370205,5.418728941884826,3.577025074738327,7.087398730862403,4.6024422345082785,7.126060842606939,5.379767636040896,6.393972384586855,4.689692294615097,4.385676855903705,4.290211007766465,5.978889558556779,3.6282568707364944,6.6087808557343735,5.828229690184623,6.090861670603698,4.537060487974742,4.850059280920891,3.566848185475288,4.475337592933197,5.493654847643151,6.296063061781396,3.8928431831975483,4.634494063014734,4.848700779767477,3.604210797807515,5.5913492417584,4.276009668257391,4.804609648822976,4.548050628088122,4.210661494280326,4.9929550145194455,4.7843904214319775,4.628142117721334,4.271538378319657,5.319524670782956,6.653617268492285,5.139887232839127,5.996118214911129,3.6097780748465373,5.157761439293769,3.902631681028933,3.5230750724680986,4.2606285925409635,6.191899334413573,5.950015828669645,5.243004722054399,3.467299440110069,4.803719348612063,5.301700008901736,5.175536229578598,3.1562064165192543,4.109682151980128,4.935922235851283,5.53629090951719,2.8038721789000536,4.837876024520142,5.143048769878952,5.849611988516213,5.692857584237437,5.582571318808805,4.200059493298066,3.0919978628766924,4.606947242938599,6.00163182520856,6.393454527524431,5.710549102297786,5.429340822801734,5.379639648385965,Gram+
P40,4.443881253239219,4.86993970644638,6.669069525826331,4.057441994208124,6.614778790709852,4.677971845507941,6.325432109095079,3.5931849905024618,5.585904201164649,4.263229864052378,6.584732808075812,8.218534042410946,9.009471788595969,4.155058561406504,3.5009840395415988,4.908155235665045,4.912564671222819,5.548319627554498,5.949594571364488,4.940584818727506,7.453335189450991,5.224234744535292,5.163082475010008,3.388432640897172,6.4674904456467734,4.663613054588864,7.124297966954775,5.462483624066854,6.888781769605517,5.172254386411037,8.701754249650484,6.528031359387833,7.761921434861312,5.760846654311478,7.190514764990299,5.388312005423449,5.5868529822728,3.6672226025203503,5.995297077576562,4.227431251243759,5.379153118726125,6.230222175650788,4.403025713278926,2.609695632530562,4.58777925497553,5.9134737320174064,5.537629902949879,5.428186247810576,4.720006698125521,3.720969263780214,5.515294321624467,4.165718189965375,7.184096733380456,5.570507208354516,4.419351697446049,4.388614752611372,4.907055793386411,4.760498077978251,6.116833775529955,5.186416169744047,4.268368261091472,6.890440685155783,5.049308331520223,5.768839675968897,4.391773492555241,5.3631156277445236,5.311109991143195,3.110350707903847,7.015275110460641,6.290644460922547,4.602804683854012,3.8977302595441445,5.347561613803552,5.086697699414397,5.355668948563229,5.19157739619409,5.506240989305926,6.447305699391807,5.568103205128646,3.9503445010900586,6.362562852712452,6.640614563488287,8.152056734512085,3.8765059667604023,5.242882013150275,2.9179012968110127,5.5531491563792095,4.451799701833227,6.9234457948249535,4.225385029981418,3.3108169620327383,4.528736259297481,3.0245122287828625,5.75109945450731,2.9349169537436794,5.028457581183159,2.922188180143803,4.679702195463358,6.643378155804534,5.360647891435795,Gram+
P41,4.136506395035066,4.9687965110609165,5.018016872044447,5.472630345843406,3.6331416367191736,5.59256727384733,2.295608368397225,4.37011544763619,4.5117261575484555,5.633326826071238,8.022630852676869,6.594436946143714,7.015006874182985,5.198680009547407,4.920932658135444,4.420875890364254,4.519166210488021,5.696167997159289,4.4823074271307854,4.911908755970927,5.696538539223561,3.576317363116077,7.484018548853875,5.7835896647986065,6.9563833634028605,4.68176247225738,6.604977776041662,4.740199859232487,7.995867751099233,5.802128458618119,4.836424521761916,3.5837729442073547,4.1025222320071695,2.160921340514573,7.861212882154358,5.956703186385658,6.565853276231427,4.778486737047876,6.008682505396465,4.311114457424594,5.2047588824017845,5.7658782794806145,3.3841132125895275,5.299647687837348,5.932434870954667,4.5848997110366305,5.700700612120584,7.814654444472553,4.895657207013108,5.3933070500053235,4.261942916338608,5.1812511626020505,5.460271624982304,5.194842340270138,3.9803046802911433,5.206361771325451,6.462195938717636,5.448635764514528,5.961987189071841,4.762988029987373,5.74990023942371,5.279267838216526,4.049089270312768,5.318521004798875,4.008303336559689,4.367119725115208,5.189328307292374,5.297244273380124,3.8107675349228707,6.053985771182877,5.5720062783004725,4.295271564389116,3.4624152035508247,4.855095420918569,4.55405628613884,5.113140457053023,4.6368833388444335,2.99254313925499,4.611653061698842,4.694380888931687,5.633661024774058,4.3018003253889505,6.678674673372566,3.0883594493482427,6.311167497802624,4.775681029121896,5.859584872343556,5.079801484058733,6.139555536025469,4.612638035447189,3.9013795748221876,6.420504287271063,4.886519354117858,5.221558473624211,6.234751914044795,3.968044757905565,5.595490897639257,4.410105243537109,4.867830644355628,5.072278965384289,Gram+
P42,3.499778138553064,4.2211629571795655,6.351072892413139,5.886191188584796,4.937360422672765,5.243123458512893,4.705757494363542,6.356583385827982,4.799647422205836,5.231842092134848,9.146030144142065,7.222628515154094,9.558789184496895,3.469538590256623,6.629642131112798,4.627324416048025,4.757301252174718,3.1099898288170573,4.545205282622307,3.9601934689731157,6.7347091433253095,4.862689034211121,6.790008365361503,5.207603351400626,6.271294149004017,3.9044806111544377,8.19821321783365,6.798725018351312,8.351509282793348,6.656208252057295,7.367304983892888,5.002287936143504,8.653620936783636,6.271892421938657,6.449270717485705,4.611756946478462,7.092155050411746,5.337957528232118,7.0297217477849,5.004229858994152,5.6188862980231535,6.638359732270941,5.3813096122647845,5.311652856004779,3.481089174909932,2.3692698631709366,5.388375729230169,4.905175768719128,4.485217325085258,5.243530204186345,4.939596270803092,6.127780250633899,5.086110868258978,4.253076714929833,5.990166238959289,4.782868925053798,5.526536683672307,4.5225892938072,4.350173114502564,5.084168230185696,5.012828643543685,5.479827035366833,4.731354246690257,3.1636402162296027,4.567226116411612,5.793818467143816,4.702623920756894,4.753616597485452,5.9863765059059375,4.288026772741077,3.4571967817571005,4.839368880474506,4.515826048751263,4.033753680246746,4.824621544101309,5.491505647246783,4.990711438432184,5.306981072686238,6.813407698515423,4.657121138442436,5.2783486346446695,4.490786637400865,4.153640280113027,4.41509234658223,4.521241428478311,5.359475797547126,7.349075786700757,4.28395656372416,4.5833746943845375,4.936876986888752,5.395798848709747,5.263550811954785,6.284095793948117,2.5736079294647918,2.6130701298043273,4.5041218279898505,6.097300187543709,3.4343519683944037,1.9923676603062428,5.571179406219208,Gram+
P43,5.243657223702715,3.9097915932005702,4.01446039927907,4.030256280365325,5.11053531747394,4.373684723816993,5.494063918975519,2.145373337095609,4.143148134872201,3.87394603908895,7.743659321627508,7.461952241509861,8.797843779895768,3.1406632283399425,5.045491476330752,5.558336423211705,6.856647436561955,4.518234028906525,5.324458604352517,3.1961372074376353,7.807358928310754,5.8447743757817,7.914597481383056,6.178512689798422,7.019287980824913,5.519902139528752,7.224319368862311,5.4197056083572654,7.170019562472026,5.008556080824349,8.682461792583096,6.355572935710348,7.569705012201117,5.504483256383017,5.794435768496778,3.8205403354922196,7.000239309984156,4.6526977110421575,6.5954014373087055,4.921769340941482,3.158102227042143,5.89206759973172,4.4101076822443925,5.698688813517044,5.025210867540082,3.4568817720571294,5.164294765370569,7.1962231421528,5.492986458514459,4.942482246994537,6.075343401956898,5.210668465203111,5.209534230262794,3.9083748278408974,5.233848025789598,6.035443416416944,4.163937847899975,6.424495821246948,4.908293975854874,4.112230488461459,5.997632076920245,4.713205764261731,5.759514887486108,4.708241367741463,4.940173856470096,5.493560204334291,5.290897057590006,3.0044682195482615,3.8787562599056082,5.929409984790816,4.867863411098453,4.476268697228578,3.6414259847425257,3.920263678724152,2.9782013600380526,4.898719281298467,4.401562419418953,4.033412109014685,4.931876574832047,5.363970630852738,7.093197932209945,3.4881165804367864,6.159381043300522,5.973101561015072,4.220907260623299,5.203235954586031,4.542366750662385,5.185688580418739,6.50913101340455,5.605606232631313,5.508608373233442,4.569690680045357,3.515943335075665,4.791531789459592,6.206608154863915,3.4728321434103524,3.944910631823305,5.126267736234068,4.015345215152737,4.2074765528847875,Gram+
P44,4.576401418271823,3.634382595809851,4.025878153783632,5.703427916787309,3.692630217769036,3.4021278655051623,4.369975020466105,5.731955502509845,4.8030781920031105,4.535418921884382,8.044358797515606,6.254292567140348,8.494705653775032,5.3834350314036445,4.590691525904279,6.005924511796417,3.8725039010469615,6.127908993253569,5.154493665595251,4.663447410121827,6.8482683675361224,4.892735234189058,5.871040762188908,3.9233208725289863,8.37618080826279,6.03630289207248,7.6100944979758935,5.900533077331591,6.187365840661549,4.598204973058366,5.738522127368217,3.8463077186601415,7.455895162777688,5.199423985986767,6.179491078567316,4.354427927964605,7.870390151503455,5.503252064749505,6.477376853602892,4.682649507757465,5.94118186641997,5.191897735873036,6.948342644789813,6.0251091525817735,4.346101611674424,5.027313379851439,4.952629297455564,3.4178232366538728,4.059601083515647,4.43923909302014,2.9637794971440634,5.047493468251643,4.750928155346959,3.327106098688426,5.404212865277332,5.71587274469096,5.227034478864889,4.6759318247910295,5.591442151751854,5.680220360476691,5.307403569719688,4.175387749565239,5.276600765511181,6.195480650825479,4.403370941388269,7.097939339132431,4.474369066014615,5.032407013340136,4.327514403993664,5.22327083592026,3.257778307364725,4.453958201183279,3.907878799651433,5.135338347892291,5.994447375508908,5.646006187114551,2.6283406391411077,7.04206965292788,5.295279940620868,4.223500859506999,5.157127918990941,5.1761898225026926,4.333151283048436,5.197916667342075,4.392527712379692,4.595638007309978,4.313720864244916,3.5673287102603473,5.145836470215384,5.585299436516338,5.5148835960763725,5.819925252635234,5.324340210014868,4.467274501783097,5.839663864431189,3.6424824601580648,4.09932861748752,4.035799928576755,6.08005605913931,5.942788514140076,Gram+
P45,5.487305237044994,6.071929865211797,4.120717217588012,5.34859511986098,4.874825571616836,5.846882103884914,4.8847757674478025,4.615057111589919,5.54090851856099,5.876169167191232,7.331654805153199,7.938924328647624,6.941559366358347,2.5019389825070606,5.200459631413729,5.608905356254632,5.2620668090867255,3.050438282245633,4.649150569923526,2.7816522399489187,6.065523820834175,3.913945417881914,7.976804918417837,5.945869643684146,6.485341858265665,3.867215048732255,6.340904552095126,4.155675962816929,7.046620174330602,4.517172409193082,4.984711044010505,2.769531980875541,6.44126086004213,4.438442253669375,7.841886289741204,5.695863839093786,7.012244228150785,4.727455278638191,7.288416364445724,5.500143033113884,3.6430644303004245,5.223153054747697,5.551885971822154,5.680230208417629,3.063247297497535,4.2386447301910595,4.121736747176533,5.099886954409213,5.480744579767984,6.496710407445981,4.505034519631927,4.502427501690786,6.149672018878747,5.296576938530305,6.267651511187974,5.288728003009837,3.842883381286729,3.6668716452221934,3.448487750941071,5.662051834758473,6.188596823087008,6.849362141386381,5.8431053323232405,6.162838577534986,4.419983667346315,3.8435841832561435,5.850079332417553,5.4176807522394,5.107444374340893,5.38737148063299,5.323185482458205,6.2838168598535615,6.294985584816956,5.544220352340347,5.8458028725629285,5.514062552424776,4.538830267965381,5.75656467491314,3.6055049311407386,6.053891552295883,3.805477060233965,5.285803286794733,4.154846041573841,5.553388983074427,4.966074774072091,3.4052440418366676,5.420699631018479,4.422079223167289,5.881146720813369,5.001325688734407,5.395420985388038,4.042431044984788,4.4106677685726385,4.541361363898916,5.856702480242555,6.677377087805489,4.1948282482571235,6.0768481446576805,2.830322582274298,3.8058105989077107,Gram+
P46,4.041221543813225,3.6474913105592774,3.4164116102124202,5.412998912137797,4.785932302272139,5.37940539760511,5.690472686121513,5.265616993172533,5.6577631761503735,4.93046771375773,6.813006611694256,9.057814180820795,7.410887867218873,4.064403701237574,4.822082124195602,4.087189080703487,4.5825696180105675,5.344053921563466,5.348341739246127,4.102169933574371,7.964226220353751,6.074333004770244,8.99367607040425,7.075065039348542,8.219894196920517,6.144293068559939,7.5618360797654605,5.763860351633422,6.216737219740534,4.449018196461751,7.687391771366324,5.9452115346114836,6.438412743781777,4.12152619865794,6.421606481611116,4.362412457924036,6.853849619198164,4.696649932522866,7.688060475340322,5.76624297504051,3.959806280184102,6.945195074276933,3.1789139307055034,4.402332316745143,5.370211889941741,5.58431416643531,4.899524279428295,4.942609296998458,5.410550085327617,4.76893052254232,6.393181257934906,5.839349114231602,5.872824351005635,4.033843276629583,4.920611575594297,4.699534051279296,3.9943986243105343,5.360164183945767,4.462354242220184,5.655403829850237,3.9298084371056685,6.719040612841821,4.103667341407938,5.219302337200436,5.791859310388068,4.429359569799887,5.8524686434329505,3.770816402199584,6.45211769918256,5.014149264965758,4.40358859203112,4.700818227572565,5.808919269392719,4.415544708149562,4.250642310577223,4.7784634024162616,3.823037887230032,6.820543907941816,4.433605408785277,5.831616786180404,5.209470083647773,4.015465949518032,4.9940452907872706,5.7840027793107485,4.811738664913693,6.193112945851028,6.021515392781864,5.918914854658329,4.5403432277270035,3.9201575522185133,4.386412394637206,5.19624094066672,5.5457867135323555,2.8284285952395525,4.99188679838825,5.1580892253231845,4.722455743684448,6.291273839015879,5.421780074250871,6.310191908080897,Gram+
P47,4.784039479649768,5.937477492506925,6.635066394527519,6.311693449272661,3.907858406571267,4.746323922457619,4.654835294550203,5.489254535076328,5.686353555014533,4.161107325974264,8.067838513916938,5.980072667843864,9.441945005801891,4.487625759323306,5.055863939844497,4.690350286011939,6.146027575013415,2.162493558602621,4.983389657674091,4.894181242502302,8.609103789709142,6.726226545635632,7.0650851301974535,5.771796177235661,8.441244508123962,6.261519252535516,6.533372281549895,4.267031100876241,7.358221336789077,5.42532130833011,6.3196182706568225,4.46069498553673,7.957022548518536,5.837764221546589,4.317808294715164,2.085744010183059,5.80750222978989,3.779679310056024,3.721461741094666,2.167674075015859,5.813980860197741,5.128617450404967,4.774343619287748,6.389024362962761,5.637324683023072,6.6163000427219165,3.6072645278330038,4.9654493760460365,3.3832866250519857,4.770617668144533,4.751384146233323,5.626613637263071,5.045563881141899,5.623407138279916,5.703440133138894,7.1549286773831415,4.684703344713876,4.058977299333621,5.246083615316409,4.197719972860456,6.481960768436536,4.716781961054767,4.43442363212601,4.528684278848882,5.7184174234716405,4.842253016768515,4.358333179869618,6.665351917623531,4.14383015933825,5.035566074032993,5.65230615161023,3.3686648895829268,5.480260501405925,3.9448923245195506,5.822782780834002,4.037348988081024,5.692769031848861,6.1058330662947125,5.861436525632805,5.251316648238102,4.7686990570703,4.423580423665156,6.471034690817104,4.300504779832357,3.962933926430004,5.66536893503283,4.203863196813504,4.049936502533873,3.5563957378302353,4.517090160539483,4.917284976103507,5.2430917276606985,5.9513062442994835,5.526897923665794,4.80912778044682,4.8018043236202805,5.5101574689151835,6.272570162928569,5.1263141994832,4.530869145789591,Gram+
P48,4.007133998914455,3.5547947355877745,5.666269672043523,5.577978523639557,5.577363525106661,4.871340553647944,6.406934745891751,4.515881505415182,5.955269237207205,4.961257105010457,7.391649235320663,8.592530307317762,8.409636118683995,5.3569727592669265,5.081278422056199,4.962106918283169,7.3883719928704386,6.184256645196173,5.722826894985512,5.111799158203389,8.108621969221641,5.517994776391452,7.168811582062787,4.696435674734085,4.140675861432692,1.8295742641219443,6.931069117810437,4.51152391988964,7.118528049138876,5.019344070811754,7.399683754072839,4.950119845871883,7.477433561329004,5.473407415712466,7.642557281251579,5.957839631108268,6.884898889028374,5.034008096228146,7.7276562795358945,5.701494781924715,5.518871180440122,5.495805021027571,5.001619031356941,5.414772890788791,6.604339108308596,4.714905742957986,5.138645183710085,3.9138737008185904,4.131739038401667,5.097813293093307,6.103933546701907,4.743719175748428,4.764083470687876,4.593114755495625,4.465243329155677,5.294971455708821,3.5027423548213554,6.280939576666728,4.33457770187054,5.721903485438141,3.730001402606124,5.668840130546219,5.671944607814497,5.3842020720058965,4.005571478200208,5.249548189598077,3.8169438152656108,4.747236744903814,6.029413100955326,5.7967019270707425,5.0151829425404335,4.025193424077158,5.645587712174193,5.019381237698025,2.6796844017695767,5.782629826316518,4.975767166130308,6.202451247983072,3.9047294811571955,1.8232961868039994,5.279083858345185,5.291563676681973,3.309328372393548,4.021500454133394,7.755217743719902,4.694389385846197,5.7309589763762165,4.349340172631616,2.9096971011468433,4.829741753204095,4.734395439713895,4.6001217613316285,4.885359164493607,5.264268271645636,4.849883048746193,3.7359938320526362,5.486184791561939,3.0506282446775765,2.9496425427157997,5.739180494701568,Gram+
P49,5.507020272135357,4.942604634925964,3.604551495244928,4.292089059325924,4.737253252313496,3.4041060314258864,4.260971341976767,5.65233033817668,6.427305364289216,4.5805652473414495,8.756488354316097,6.0859399294125325,8.659451241113612,4.196051585272519,5.30734561670797,4.752247581760291,6.320414009783834,4.125564351660082,5.627606297561831,4.720492536703467,7.098066751364922,4.81614610684079,7.311845070960443,4.985901034093328,7.158595553853022,5.241240248406729,8.032347150498516,5.797994549612236,5.77977169242187,3.949376678172199,5.732144560929233,3.8136635728901456,7.615753858015163,5.619738784702869,6.990877101664539,5.09297924652941,5.9552874906380975,4.241234742064625,6.720511954561985,4.3463208593625815,4.19362307088195,5.075694940005094,5.685589746298416,4.858351413989873,6.166370545669253,5.53097566196409,2.8217886802685697,4.470533036492991,4.438157900648301,5.479360953429422,2.375182943625888,7.549009708717723,5.5310260948942105,5.148876803917691,6.1815677164191465,7.343654052812624,5.870746644588404,5.94881309647162,5.130690024464382,4.858474246633052,4.524204555995099,4.1738880082854575,4.312985900300503,3.649444035657017,4.924128549314977,3.315332422773613,5.19091652414371,4.963669391957659,5.146935298386688,4.477868429980008,8.076860370180503,6.360115900180313,3.755457499915277,5.2328680874268985,4.391993857062676,3.985520273292586,3.659927928876065,5.432216690759254,4.3186197649304265,5.967826024025204,5.993782214530439,6.3739143852114495,4.147613233925896,5.47536561069201,5.632454216642301,4.525821824896035,4.228228042607125,6.609520665775973,5.227495875732053,5.635967750711738,4.177923988172073,3.780715533477806,4.43055022550789,4.875978612610003,3.935779993182651,4.990155191349617,3.3114948119315,3.879952577530128,5.670911248276875,5.603790520277894,Gram+
P50,4.608123234613133,3.982235690923047,3.972596448473989,4.626731754058686,5.644518491645291,5.928245691344324,4.503468264518031,3.846507574015216,5.267843637866333,4.1764650293741505,7.4817473611387975,9.325276090437038,8.827115428565769,5.157974312251452,3.728080998887277,5.211396567470659,6.062657290787526,4.624366334234464,6.351114089986715,6.292745289518207,7.077062927203812,5.305243126531353,8.547915243696227,6.41418728833109,6.553449959271148,4.4987658922097875,7.173938467115716,5.238554953773739,6.899762872957199,4.856741084635807,4.247826650248221,2.808746148834719,7.836042630815871,6.122374218703159,7.475674038388169,5.54339082787181,8.338889079468489,6.229990368438683,5.64057668851202,3.599929276816991,5.587262413464177,4.794372146356753,5.0828325705181,4.271828099030184,6.748137069120835,6.040061819902576,4.260228836027033,3.665389393089767,4.614327369022152,5.434502646091306,5.240205843946223,6.253132824768244,5.789919722180852,5.969569025752907,5.326855400610437,3.6107012697890095,4.804301468853098,6.0600897399086655,4.948477071475354,5.503090368623747,4.6812516847538665,3.9701881514581547,4.87665593595389,5.309047443032654,4.344312280538556,4.7642887551433315,4.060536758014018,6.119244917564096,4.705544242411966,6.452755545126183,6.528747850540908,4.918954035278256,3.9915512674526505,2.9141021222666628,3.5279629269732085,3.62616517510134,6.378469627461505,5.115824587226946,5.389604524091988,2.779578991064874,3.802033570782738,5.887079776446287,5.286774112382586,4.852794721314403,5.5648423586001226,6.635797806135815,4.77895753646295,5.06936980265807,5.192596918731305,7.392109635273993,2.9006437355809744,5.683223014788808,4.885197751240936,5.56677172618418,4.342627446005276,4.95103496914155,5.711410579465495,8.11291020104384,5.808036189402071,4.151934401969491,Gram+
P51,4.576240317977296,4.546585891616146,3.2043568273699847,4.669909808298563,5.732829081821745,3.725767880923205,6.048482651050593,5.487774821084338,4.265766678028962,4.858470362662152,6.5983218076410335,5.733547813505866,5.0087836548981475,4.762316683039016,5.07660907045166,4.488236442057697,2.8952504942809854,7.042177910534731,5.155324999199402,5.398147265122537,7.942092250123091,7.264883199275412,7.814075519051229,3.4006052378056886,7.277086498053304,3.765488001577604,3.9680337161528207,4.5597407956136,6.288075724852377,5.014508999262654,3.7638642039695376,6.254338360757339,5.731000626785481,5.538434957216452,5.71573424117084,7.394361900582451,7.185094895036112,4.3132846569967045,6.623884992811153,5.3831681897589005,5.770125511797067,3.3077291683566714,6.161327778433586,4.187176409663435,7.864281779978783,6.071080500402805,7.107884320018125,4.9779651359957295,7.169962910044502,4.813321037686555,7.265502980034917,5.351165467627084,6.6628613256400815,4.728685021931702,5.725382504706054,3.8784698525749723,6.851989176799547,5.019458255518883,6.36356352721892,4.576109957677647,4.694811154519249,6.046911794488139,4.6647559181319735,3.6589352866984313,5.743651775540173,4.7951233361352825,5.031395865532777,6.60757830639951,4.979439442649493,5.289183673118726,3.8210765087016747,4.78033054764904,5.609526045208601,3.4446262661587577,5.20084509311571,5.100791072644807,5.041287455587439,6.037158898658243,5.334438514848522,6.478071898356444,4.006410484405964,5.135924567218348,5.084466786389948,3.9307455062449197,5.9562950020913465,7.3246733058528175,4.982993925516169,5.505021088273767,5.084518475815328,4.286415330092824,3.179239722197984,4.294226516904635,3.6080416190482687,6.704102078059118,4.884890306076761,4.65408067095283,5.889153824787806,3.878248897144112,4.233135961995448,5.068072269248621,Gram-
P52,6.0287689914234805,5.501685045168788,5.248325142515882,5.078117735236017,5.400235855526775,5.201652905129254,3.9700277252230642,5.046079221633152,3.9263113410822474,5.081082542900823,4.519352058511759,7.539381622782861,4.960105616248288,3.5957604337384113,4.8658197893230755,5.519358745637888,6.673363946152524,4.410547600061282,3.41757202597636,5.816837011430981,6.619401294100349,7.563844558492515,7.742379514489006,4.930366546699892,5.689164457074336,4.316365717713612,4.726270747833239,4.985729647050611,5.149597957518788,5.0978271747079225,5.43600577522258,5.843839509641738,5.392634115650968,5.4535855235092185,3.417776833253522,5.0502276991656805,5.479507548001608,5.72894119457045,4.307649225766205,4.340960725111355,7.936613355654421,5.536413899891343,6.423615569592686,4.592539892708398,6.700339584240762,5.123479809164595,6.732684845435565,4.788615770182031,7.126064041386137,5.32557781678707,6.537736730061857,4.147775357002676,6.541277427714922,4.470798990188487,7.319940476787341,4.989132862965028,10.102021151560889,7.9181735550600925,5.739305490444559,3.8698212705153168,5.273010717494386,2.9253599624536317,4.9080432173957345,5.0160252822951605,5.7946003829452115,5.973622249427847,4.496430381092282,4.849385985370067,4.233879169389329,3.871937445192306,5.309894779380635,3.726414451403401,4.5853730994281365,4.004826040100762,5.54968318629026,6.801430099266488,3.698412017196669,3.146981517102431,4.875113114649933,5.015697795957759,5.2186593067572975,4.553679484765655,4.799360701174568,5.367510410540602,6.040430892644839,3.0449512296817174,4.631060560968538,5.213808793941063,4.0820238953892645,6.731169631767299,4.364590119771263,4.9587073129927175,5.556022096842291,4.408715211198105,3.153426952195583,4.571345473083467,6.0294405559270405,4.663104873214861,4.153565698541021,5.925672209502721,Gram-
P53,4.669225103976947,4.489839186349783,5.1494560896633095,5.770750209618788,7.3817135317325455,5.8272361076574235,6.159839966388344,4.494033801012145,3.9741318940305237,5.062331349619123,5.107169915259596,3.921487258635403,4.824705470095987,5.399317601719131,5.36039339501808,5.504287853384272,5.290964730137443,4.492991340729944,4.4860993733511565,3.801048602006124,9.784775039185096,8.013450364619292,7.775146944205148,4.071207918547541,7.935657902327778,3.9266719677771045,4.571152074393926,5.4158368362860605,5.600212965744277,5.957932055215684,6.807608507769263,5.506157655460712,3.943969200033332,4.743054874878219,5.307832372513885,7.068226041505824,3.602194521575703,6.2025765052252275,5.179914369546417,5.837830535229481,6.39088788404803,4.157567369873673,7.370461671547277,5.6544310271056215,6.597376851916994,4.986695364621364,5.297406822179333,3.4412130049761585,7.167166708458534,5.423889482443986,6.247213803570139,4.461426326703376,5.400741300640911,3.517015568017582,5.919518583105276,3.866169643193646,6.134857602520529,4.261302501670437,8.579189553978226,7.022590230569481,6.252540731029231,4.220980578480014,5.27242139665361,5.417465089821295,6.191085854773477,4.181394973339922,6.092106783982426,4.452094695793065,3.6641375958313867,5.7241365593144975,6.290758424122428,7.587908973530684,3.8002747349097863,5.698919685080789,4.590198756206467,5.783358710524031,3.5295104487687494,3.737230224301436,4.224125176833516,5.0789640456680845,4.358918733461644,5.65905434391342,6.026894618257915,5.599577541245356,6.618787639660868,5.415826629455343,3.7831032896598327,6.3633765135383396,4.394843764394002,5.91041849968557,6.573734216555106,5.456688010730399,3.5038411868353503,4.081787833490209,6.322744466885135,4.830877314357184,5.079573534942166,5.758824416163609,5.696322862080324,5.2787998123854605,Gram-
P54,4.791331628779534,4.687331554267643,5.857898825291343,5.553569531067794,4.742699999382211,6.082112312993141,4.870965884870216,4.148337825665607,4.241029301096655,4.0212591636902335,4.727589983396313,6.233724278336193,4.1949048189694915,5.188475761018103,4.343310654372587,4.739690958728563,3.489958788014748,4.779461770843462,4.806294620195038,5.540287944035695,8.22328091325537,6.801607875047955,9.084198244043542,5.210303040221995,5.198393517177487,4.990817646614861,4.48224255277778,5.217802339748726,5.475588435928582,3.253104308654445,4.4612391626539045,4.745053029596411,5.256170605694278,6.193311005927126,4.228259185403218,4.502038153182158,4.48746588935345,4.198472409895459,4.652813504887738,5.770802219987971,7.450220147943968,5.427814395152903,6.777819989418987,4.438662003557794,8.23622653635544,6.674859672914065,4.915350700359075,2.7987565265490817,6.678253106590624,5.034029586346681,7.6547220724648035,5.375455857627252,7.662644206033367,6.162259597505667,7.735980244249912,5.894910556026825,6.476711733336963,4.095052167061934,6.037766857264988,4.725154699330208,4.953738782733658,5.11410149222652,5.061883352887135,4.072446669188272,4.809759155586784,3.5025533313942514,6.36322897513225,4.696373927101999,4.511113880956309,6.588940328444083,3.7577534664507706,3.874412885968031,3.903779675131435,4.932128618300518,5.4316316296375975,5.7396754681178335,7.571995317494968,2.7505675457992362,5.608735589124417,4.442869427427769,4.413584851111226,4.380227871746122,4.091230329192027,6.684524834603452,5.8422973270139025,5.023195978557375,6.351015752487,3.4874710347011244,3.669294868669074,2.8220322678053122,4.300585459876713,5.161698526704753,5.102858577932334,5.149341911059881,3.588943168933918,5.803154742614022,5.239627518238998,5.733054281465998,3.107237822409948,5.31149085879779,Gram-
P55,3.812234760082473,4.602676747448638,5.534364898636383,5.091093606255913,4.148460020220681,5.0062731561844185,3.468464684756357,6.150267395898296,4.7947159805037485,6.118549944255326,4.473468312903957,4.4764240115934175,4.235813213362153,5.876173931693075,4.290568842671524,5.644595432415176,4.61754760233071,3.0240367001083803,4.429685932213534,3.820891785637152,8.033902723682338,6.809592264325509,8.925975100714616,4.908924139646973,4.822404005241261,5.655892137787583,5.963906934075863,4.979901248230348,4.228799700450709,3.2260303838878706,4.31395024296482,4.382787753352038,5.107057452992297,4.654853118861973,5.687932972051428,4.387016728729311,4.942958833147058,6.183987443196889,5.341825213954967,4.939962458311435,6.373518719758655,4.366768603285023,6.468235274716486,4.458993134217101,7.080987519075089,4.7781117287077315,8.687582805878364,6.768169293059783,5.647930968572908,3.5930565994868306,7.654043126354716,5.110886382828418,5.6367179248901005,3.8918875417411307,8.640943208426368,6.399486426972343,6.898933560470526,4.722486381139767,6.463989731680661,4.796538858919695,4.963410025657069,5.6596499980823705,6.090183471020447,4.251903935378353,3.0326749357740055,4.978755220723758,5.29353752996864,5.249417687685042,4.673326752490956,5.124752099663935,6.515444808352248,5.38173416896251,4.626631574996916,4.499802182904004,4.830147642322269,6.6367399618306395,4.816699290473803,4.980205655479292,4.517686429063697,6.0989833574419645,6.959837254744675,5.4506130494313885,5.0827729037854255,5.036782833174235,2.6156932112142544,5.745150864284818,5.134166415995844,5.428342050660725,4.288537805916295,4.615543121022909,4.588975063496827,6.021622984073039,4.621240163396907,7.082660322109797,5.430862419015037,3.7243173400042684,4.871453706748043,4.348324877843584,2.8056175301799757,6.59947094011379,Gram-
P56,5.703142542220004,5.533207317899312,5.165403660299704,3.6179824313075626,4.516382860444564,5.841780774784013,3.9487799702174975,2.4682306837491863,4.772893992219074,4.858242445972461,5.135563416414709,5.728518643514536,5.637605812231208,5.258769805243921,6.195531388086709,3.4810302191866853,5.50458181447739,5.626538363336943,3.7604377139197602,3.4971293913176105,7.254057873524399,7.338458557484708,8.75341946350243,4.385461216308905,4.143651481718796,4.388366263305441,6.118632334154212,5.013043374376952,4.820748974643088,4.889994501298949,6.292060334326523,4.250828273396758,6.3155082909401035,5.210496298921504,4.839580618024653,7.500900497934282,3.9443605102014034,4.646314240432994,3.767568760836,5.952461970536169,8.899062713113617,6.6699227814046385,7.264605245159066,4.802379532204035,4.8744581747883675,3.328830227505935,7.142387625230756,5.468978078148468,7.771937216621231,6.328056888986968,7.771105266279164,5.406622034222674,8.075038678146628,5.638677139880301,5.299329122371759,3.549072108888776,7.836921491645623,6.048864141875362,7.304017377313181,5.775115121589086,3.954470514325947,4.973739206730148,4.375489544911423,5.74698084010471,5.031491562261996,5.690073676336612,6.087710426157866,5.691618575121389,5.273118434293644,4.001787741488595,4.997213889333099,4.466909597984166,4.655936043295774,4.625465849249749,4.020074425217755,3.0426614108660104,4.331856951672233,5.193379451924159,3.65182295457251,5.0156822364716245,6.900268424310965,6.023056555252239,6.64354150912053,5.391127876932726,6.167509822986446,4.276035269532213,4.355659732978015,2.2608597938625272,6.1861454740422985,6.5403239798198864,4.44682275465273,4.746048293602765,4.246137886309039,5.382653551477492,6.124932545303241,3.257228026118959,5.4094385306422526,4.723328228280854,5.11339439196669,5.458994001674291,Gram-
P57,4.811797561227179,4.896413146594219,4.786124832445361,5.970316201788282,5.418759960127496,5.220583537737361,3.729048278907717,4.621420256786846,5.898669160339174,5.037696573123923,5.6595314695891386,6.766511800327634,6.038606069208816,5.093158337699743,4.489010829804273,2.4464504039441017,4.831615077527148,4.673987504183151,5.390366194395376,4.846094773025312,7.679614940563206,6.22060106949278,7.060032170849934,5.476651040800557,6.715907631132694,4.902474616254376,5.327811073574123,5.952478156952806,4.18910606379975,5.3668140432854425,4.2595098936678415,5.864824438491011,5.1514030479517325,5.29845181398144,4.217401402581411,5.707032359610785,7.0847129212310165,3.992088304571794,4.660240992352477,5.231607474168092,6.322952531859322,4.440453714710531,8.201244787725548,6.359189494164025,5.339264121708126,3.2570524695133347,9.40859432641782,6.568182429527326,8.077286251496847,5.938640022678944,7.1147185338697465,5.08298741881251,8.558440084387975,6.128239783268837,6.222805427415628,4.194200345115795,6.965317987719814,4.955638544488439,6.429501481645637,4.3284877930194545,4.945221639661175,4.0775870151560465,5.007362681423567,3.521453063001201,4.512366579045037,3.563746135071882,5.693923233191258,5.7165893397596514,3.2697372695156552,6.333885745500573,7.497415126419854,5.046006386736341,4.3588857397753555,7.824330591003046,3.6810315016974893,5.020106466869098,5.179622272631923,6.345147620452415,5.359738975126788,4.501366104211549,4.048815629612044,4.658178179753865,3.993072639054856,5.047825319784683,4.435803820139514,3.505962206710249,6.255145788374904,4.502327476570961,3.7318631950246877,4.831740865512458,5.0683715659676585,3.2535332744209664,5.331647667125763,3.9528424313097354,6.711028809190788,5.5239605120767346,4.600100009890683,4.254832229682649,4.895032292436376,5.612790741583289,Gram-
P58,4.9745058714148005,4.782841192863144,5.058370290817896,4.396141068763045,4.656794073156962,2.914207561094996,5.9737262308523675,5.298797780321762,4.22654415596657,6.898734981355239,5.0870164803923865,3.963856428024803,5.856737421470458,5.398048216509262,5.394579985484219,4.574244395348409,5.450495723778035,4.738241709778905,5.555941451645842,3.095055545989361,7.566126537020811,9.722155097808194,7.2329325445996995,4.396161702506813,4.552038661550025,3.7851938641113567,2.791719223771748,4.769413601476387,5.135859424081657,4.947494931461348,4.855121438052113,5.043040870850388,6.022841471550764,4.809553814070783,4.425917422912731,4.718874515111914,5.579346759756776,6.41202687854325,4.371856260830822,5.098933787028884,5.442665767830938,4.007421993271177,5.40388773464624,3.534326142657905,7.286969149670527,5.366746407892257,7.056130252712476,5.2022804076212195,5.990842022986037,4.023599951336203,5.667365063453508,3.766898694985145,5.378037904378656,3.644029655140036,5.903839300135097,3.9577284119527514,6.4004186625267705,4.668568628718497,7.697761328051497,5.853201545051554,5.029430591677552,5.516644445935968,4.0186740634825355,3.595183056072493,5.107207962040134,4.681153644505269,5.626434672453945,4.92009154733745,5.20507533923463,3.376617470058757,6.888436939614257,4.835758014967968,5.697586970339199,4.163908329780374,5.308009902217341,3.697155236475255,5.452067838259671,4.644025915614167,5.029190503935568,5.697974030130098,3.76745968877972,4.315508269387203,5.457324281086765,7.098221474546747,4.8619176653385185,5.5911361179239325,4.89302853014152,6.942245594756299,3.2527783330347444,5.094621044669358,3.3744559664379388,2.4934284294632834,5.297462053117816,5.139497796147459,4.7151630622577985,4.893805909960247,8.098299434071258,4.741824861968565,5.5101243612500745,4.350635180386119,Gram-
P59,5.295232575040603,4.761766324944382,4.58948151727027,6.818898532200325,6.177184963184339,5.136746647399231,2.695788064056033,4.6389907767474305,7.703027564405083,4.769338333360292,6.103217572053659,6.441942401952601,5.218963915855975,4.158178368131848,2.5646876682171116,5.684163208608955,4.1852439971764515,5.176150451887692,3.7501796604106357,4.734762459529798,8.033719054901052,8.268593581044298,6.885177812647585,6.196910948761352,4.403105215268028,3.3255305395467545,4.890976580036536,5.03437530902646,5.16058943317176,6.362132403685079,4.7635511632641405,4.880380375631229,3.8968156187669063,5.820553502887897,5.1843090640781035,4.579972272705837,3.0953253065345363,6.4444121950550874,3.7723200355439426,4.408721990630294,5.951043287614201,3.8034420713833135,5.120730690678184,2.876052417299335,6.424019183238489,4.454813755273678,5.340362210323522,4.005644934369126,6.774998939660915,4.4346070297145985,6.0712192723369025,4.5297966612146885,6.223238646171172,4.021411610011346,5.435524448267398,3.2017852605908925,6.427155517001211,4.481930980524943,6.207091833494379,4.368562972516816,6.243405797187162,6.228030209608135,4.665197012555498,3.206078886808037,4.433294891944947,4.400178606082939,4.342865037721942,4.302281096101755,4.346537104275193,4.61345838410224,4.3644589011844435,5.208322508625592,5.360368715904861,4.089354912817511,6.271065326007033,4.019937698159386,3.382199386184663,5.380778071365052,4.18259186558566,5.321291470757388,2.5963313988994696,6.3924559414830675,5.672293408040402,3.4995234508369983,3.5212228761537143,6.672265904097528,4.262620096502041,4.165815151267376,2.7339479058507172,4.6492217943984455,4.7722803851642475,5.715493096769485,3.6009215718155243,3.4797132077593904,5.450962634776477,6.006730071227064,3.428847648882117,6.081514086299741,5.037541841486822,6.091805339074646,Gram-
P60,4.929779638482383,2.4777220825120496,4.848032617683961,6.0601438186712695,4.106253980916286,4.612035031092548,4.823866496449022,2.100486120131518,6.671347575437476,4.098624320102825,5.5057354324727985,4.913298863851791,6.25761905635936,5.4060561224280805,4.765075728479025,4.10648490748072,5.7978507013821385,3.1265586960453833,5.645890420275893,3.9009552484451273,9.252283661956639,8.161299542662695,8.644123767850107,5.08198881382472,3.2476229048590035,4.139270836604662,5.672389337611382,5.166655817359844,6.1809899053056725,5.403274563037172,4.03329810929734,4.203935862279366,5.1029173905232375,2.6859559339998946,6.673441885622985,5.441746736377557,6.227034597048872,3.419396059190831,6.244565160355256,7.2314989110277486,7.432081205923275,5.771401794903767,4.968673663150686,3.4555661517517557,8.242685393397258,5.833603204837348,7.913286913338807,6.165916520255223,5.3036686604108585,3.505243853550356,7.118547169346533,5.025385277972272,7.456022600540834,5.809594435971886,7.384970559658165,5.8581390709340155,7.436202295848575,5.6025802679783405,8.758494776234032,7.053818690086596,4.187454229878014,7.105297429458313,5.034887947089409,3.6244891104312575,6.3680793504886015,5.125901388394959,5.851124098380238,6.2238559185425935,5.337955554145025,4.407759155187185,5.97571337766925,5.0007555074545955,5.685857818608419,2.8462694262085386,5.446981717009852,4.3614141748549695,6.6533096371785305,5.623087347889095,5.239857745849297,5.486309993350222,4.001559147123282,6.623256690528054,6.9913704184169045,5.392913510548216,6.590403568573638,4.430851801327466,4.202886433775019,5.040924748728923,5.434941038367898,4.6060133187568795,5.5377681903684834,5.306389482073414,4.001693224708945,5.5187930174517215,5.863528242521522,5.1714693175903905,6.152648103261693,3.7825962065030483,5.467950422131851,3.829719293603225,Gram-
P61,3.8859186417669127,4.36906916626221,4.057939816425755,4.452004181258863,4.785849689288812,5.837154486331384,4.678840961294298,3.4143742932304075,6.14006784649516,4.16290986638496,4.941279572895371,5.446536506940712,5.1996104184027825,6.094179547521476,5.479003143392759,4.138690420302892,7.178562173991661,5.194333463338233,4.852659773378494,5.963925423055571,8.249450945930072,8.399228192939328,10.492183998600687,4.724878571744953,4.682239105982604,5.116578512012464,6.071515935581038,3.493465969809601,3.0344441085234948,4.4128847293798525,3.366077040940713,4.575168652474361,5.5024996961292905,4.109251136447736,3.5731734232186576,5.069337161715348,5.86254348461517,3.3050265614833876,5.8202323983059845,5.817306203738326,7.929837846414571,6.218480214871686,6.279868943335068,4.643907951380945,6.452033356587393,4.583561566751975,8.152690349124493,6.532873355636312,6.077954842209173,4.138950327834425,7.685471338510814,6.020036506902089,8.275696885719206,5.85440200112072,8.245215285256592,6.5002746090009875,8.378060653942494,6.025632113872582,6.628329525293736,5.598099155047466,5.049328165794844,5.722446985220979,4.634719141796115,7.387967705524732,5.180071037695981,4.727066679774487,4.164310994979964,6.097220191606438,5.867187412827739,4.502645628585907,5.576451345122423,3.4914440317871436,5.184970575073156,5.452756352076695,6.707329809559223,4.229181197271311,3.7216473711976756,4.1045720390749585,3.66343149968508,6.336657357758983,6.548639295024037,5.320216577948829,6.221294945685148,5.133958380580236,4.904888352299234,4.666962380946238,4.689609008622434,3.4521984436909685,5.264254763607339,4.959666089785956,5.745360724077876,5.09352349643861,4.837296298430908,4.128806969992369,5.0721532368217614,5.738237230816162,3.8566610089161393,5.087473753680739,5.233042951529484,4.2819352163817355,Gram-
P62,4.412143695091999,5.230610848766214,3.8665789817073772,5.349923715249393,4.1046456263408,6.062853693033216,7.337827745388299,4.13924319829818,5.534207862374675,4.27325809511798,6.04095417379779,3.734741590914785,5.480586758427712,4.127011033110647,4.793015410901631,3.9689747248526928,5.822350470895754,4.163019645560413,5.551964259331828,4.655901971737667,7.885527628201137,8.147755907400128,7.238175328341152,5.210367113540887,6.530334564354411,4.221905214167286,6.171810143273845,6.4980976334877845,4.183845010971956,3.544945394909448,5.301960900171765,4.452592477233127,6.868603219163003,5.034807540499832,4.197800591964821,3.8528404889882886,6.0899049590908305,4.428816025915814,5.043828799460428,5.95580274511248,6.954138355658575,4.954071171259839,8.01257000292204,5.6833245115160915,6.963366737210077,4.779886268745171,6.876064673288667,4.628220988476512,7.59426185738614,5.257600857398129,5.878340460224757,4.1162808593089375,6.20284298272453,4.129272228356259,6.957011756468081,5.44848545419644,6.716784555410333,4.081980938361035,5.8878710972884605,3.435377872664196,5.143426566857493,5.871524386087934,3.748800863366322,3.4674817231703363,6.57943789169486,4.388240360495415,6.1359478459438215,4.846002334802169,4.838045183058672,5.438412699496645,4.116001143253559,5.1324971434956455,4.618510585175907,3.6795065565949683,5.337482074726399,4.736692193122084,4.842975171555292,3.7898390565858424,6.591400367762804,5.876714186386116,5.964155884171978,4.694555297558318,3.27081711049658,6.9529173824895105,4.938902491994132,4.251200203979947,5.416801574483114,6.167120788003297,4.976949443914534,6.278575167939374,6.082999938516869,3.9236188125979417,4.326209894340524,5.957537163279768,2.287387436189562,4.850544306835011,3.569168798375328,4.523446198566475,4.7011799109707955,4.641755622092492,Gram-
P63,4.447738747887391,3.902856350371186,7.291911266818686,6.867462004161351,3.837934179743717,6.582116751303567,4.600534509527147,5.129187473331711,4.936726040103084,4.340251358746034,5.983852343606147,5.125886530576658,4.523448576780758,3.695410556199527,4.10640498628088,3.3586198843979034,5.01222354841517,3.803334407715604,4.734439487481459,6.370101853610371,9.199299572921586,7.967723105897382,7.91291527385685,6.879874549421008,5.520756120358711,4.672193540123477,3.573981882879548,5.393873218164743,5.829323772582862,4.368348475486356,5.291202755138032,4.636426705084971,4.815967600800997,2.5121779424376687,4.778218596283865,5.9693693024080545,4.3685974444334414,5.052526368215316,4.24404929330808,5.360441676292773,6.032220996051953,4.060758459317993,7.577351834765256,5.928932013532215,7.509057314832111,5.4977883094177775,7.738797032888652,5.642301235011176,8.421547235066074,6.006606541032628,6.284948326337732,4.642172066558733,7.586765830305971,5.301873380721012,4.716826610701313,2.794705627244094,5.2254338292206715,3.6547903291913975,6.368566544079114,4.6686477009121505,6.416411791700293,5.773239986665759,4.84216249015974,5.308292063638821,4.3996143071288945,5.139653689565351,5.073336744778136,5.968769895681353,5.967178122438949,5.493977382205645,4.637652442453898,5.7418222943901265,4.908031533796954,3.918085631286867,4.596712208089062,5.0845269837843245,5.9102157836647455,4.816471827842847,3.790801288760394,5.05674168329682,5.113456040056552,5.185837628902753,5.91987151595443,6.018923240089898,4.405789127618333,4.383856541951056,3.9598012890445267,5.698815670280476,6.448820108337715,4.684918072091077,4.758569435275007,6.466782556898976,5.505557853215008,5.436235704801055,3.8090834940262734,5.678728069279419,4.070863659490242,3.865979814065042,4.653228423233288,4.41420727655131,Gram-
P64,4.77840030561496,3.5590183654750813,5.958816306467672,6.127686294516429,3.0526575258591855,5.97845780566655,4.1894713701783735,5.856975536982786,4.931553507333584,5.028775564080998,4.814902350578781,6.212129204233486,3.7604119874749715,5.607840338735008,6.10133016488955,5.7163400805404105,7.324698914323418,4.471053237275301,5.957304822593532,4.89390936465858,9.233406076352669,7.992311004278631,7.612124218137531,6.306072203871629,4.50843806098107,3.587274241099444,4.483153116826172,5.619032946588533,6.392038751587092,5.111129375296512,6.318197067234025,3.6418250785224062,4.556736535182097,4.711424882845899,4.8854405725274805,5.084094388250197,5.690910957392193,4.55519316182951,5.139028686953125,4.954877109675948,6.462710629023875,4.886333310918564,6.2892041304061905,4.834919434996954,7.0300678689235765,5.075673540613386,8.392328574508369,6.272714733971265,6.074984181804558,4.2790298915301035,5.8238909452137735,3.96200864501077,7.219948740846457,5.734476745001218,7.12815434111729,4.764726090027561,4.878099191983674,3.4550640778465995,5.37709277708733,3.500818798042302,5.898359568346986,6.124776719985812,4.487411203021491,5.683212404001069,6.39025532751199,6.787346414429825,4.7536647188201515,2.698528282330013,4.179121077590313,4.573195805064742,4.7410612034216095,4.812140598991281,6.1188945979306695,6.274428426687582,4.828326346075217,6.098484876051819,5.357661366631089,5.064505972862571,5.9065441571099635,5.072252048237916,7.057811177097762,3.561588833205441,4.484829100907982,4.87348110304605,5.4394526904579905,6.267960487103089,4.975601432763844,3.5777703504937928,5.842513896455005,5.754958766141964,3.058141340620594,4.9961958663292005,3.409858169319702,4.3353489024979375,4.0971910730372,5.809264698241986,5.1168301741721836,3.7144089992439726,5.880065962957342,3.5661941760715856,Gram-
P65,5.330113790470944,4.185989330708444,4.63432291746948,5.504270748038384,5.521449399059529,6.33696907355596,4.917746300328547,5.306450862963341,4.562262677595675,5.181989882622798,5.439486048008511,4.901690152545624,3.1962495159075037,5.331470896330895,5.364561477355457,4.319826523652049,3.7156129639274855,6.475879150503966,5.491445510894402,4.7709189690782905,6.862967116852513,7.178185171578654,9.302590396786233,5.137661940868046,4.4494129329992935,5.509689231224656,4.185601812553676,6.500843030280379,6.352800534896725,4.533425928797223,4.37132975296914,2.38186680130772,3.518419228448632,3.660530225042244,5.135190340987386,4.67376629555864,3.6546645125847586,4.718835957535442,5.5053371476473485,5.527839349915587,6.921383988756111,4.871736519516169,8.462286853562201,5.901728697140274,6.791963510991483,4.101972773675541,6.427726209750519,4.538732949501693,7.390502543216725,5.335968173440577,7.961784258221765,5.9701750825678594,6.584168182327534,4.380877051750068,5.844075273609689,3.995709436505747,7.92242195229103,5.995973678846446,6.68770803515782,5.124175684744613,4.619236596138196,3.730534733987187,4.831699576828357,5.599103331863595,3.7922406074566477,5.809112790731379,4.150279078522304,4.517016073927159,5.530683123010048,4.336563842780512,5.037574859335866,4.685309171211908,5.129368006703818,2.619260894476503,3.170318184791917,5.615967006046838,6.037181405649051,4.089513296468478,4.755971647828866,5.2947192529023015,5.693217601658704,2.9723227283291513,4.113959753021623,4.667420620150125,5.703140197236049,7.498430483721495,4.771994273190282,3.5930225378960112,5.402268077201298,6.32099578954071,5.108014120979501,4.093351454845707,5.957993941480019,5.663545618498435,3.9739191558043756,5.381425617534342,5.997265567658872,6.181890042558893,4.933551024690544,4.641920553820681,Gram-
P66,6.227273822081263,3.789839497019115,5.438579290921005,3.629973372635571,6.065376272259603,4.741954484388838,6.268583235647469,5.491412756355527,3.77677976993807,6.424627732077243,6.551245266427729,5.882286492599215,4.23841213496378,4.693986045642591,5.14542721740576,4.296289600668567,6.6923465724632045,5.144326471726036,2.296651952892643,5.33935581275622,7.651842603182687,7.925073443881552,7.631380634214301,5.8070464166066875,6.119687778553381,5.283053162258653,4.660688812861841,4.95866279519083,5.019599616577628,4.197569960135163,5.578928648571235,5.460042323860466,6.540441239776674,6.2553497802884745,4.314325082409869,5.8202983745089645,4.049046616905528,5.6959321009408495,4.483385801239892,3.976746776624416,4.615274770104174,2.3254328718458592,6.404362821863455,4.822508116225717,6.1982787061272,4.630681229841811,6.098303083744417,4.182108157861494,7.670107463933577,5.581781770628362,8.2389181553867,6.156833781036989,6.2502421269364365,4.2525443460417875,5.44392866133345,3.5971338427921453,7.656575909572734,6.112100619221339,8.693588428951312,6.402009325919122,4.697114756201007,6.346099794514258,4.80669577355203,6.471585082569894,4.978143252557876,5.707231373804277,6.475112364309855,4.8065723714187945,5.2183889875441745,6.288863425206302,4.866996836069936,3.6791077174938387,7.14300705458491,4.530235535662863,5.1587560509375425,6.156006669451127,4.391506096268798,3.99213208677787,5.253737296774833,3.2069236020876106,4.7120939231320795,5.245038664315406,4.730048103174836,3.4565490568142527,6.594177956204012,5.1035381539491755,6.431152117761741,4.739963749819555,4.119988018309236,5.26918092025516,4.78421287367178,3.822238542008642,6.469784258787495,4.377729777106004,3.1597336152044315,6.328166053957332,4.495701984187376,4.392176107384376,3.234612412970026,6.7409414865969906,Gram-
P67,3.7105194127903127,5.05844948070565,5.91262032254044,5.421716933003097,4.940345688007809,3.2983341417125835,4.190275164232716,5.187800338042522,4.212825930013004,5.203359459998768,5.681743408815142,5.9625028858001015,3.7738206421873164,7.196646054978954,5.767479344554131,4.998285846330936,6.08953658307664,7.3654077719999735,3.5612798989431305,4.774737357508647,5.621568340126672,8.192651532648025,8.365394241925141,4.9608378845572405,4.34546642900169,2.9504854838116747,5.373533683411769,6.455434483915325,4.408981544266568,5.440059929023145,3.4318556865799494,5.457213063692514,4.606617702255343,4.237582049397085,4.239636358783869,4.60638841796699,5.382433315692535,3.687836798804482,4.602884668432147,4.958528222000853,8.458162730595282,6.796665201675017,6.38579890586496,4.330563086366509,9.18521963776935,6.798480087138118,5.952128662674058,4.063407993756358,7.3127947159752225,5.200698694288878,6.475370800623358,4.655522791247547,7.593344820291854,5.337766099054601,9.078272956830347,6.816755629575105,8.55002025395622,6.5361567728549455,7.342114415132303,5.299085734021106,5.8331577666294345,4.369750704995564,5.864248384698636,2.2924561446188227,4.2800104667780605,4.075937192658935,3.7464939876282384,4.785045161921049,5.3857499681816945,5.702659998499306,5.240876757200407,4.334306535106453,5.3690164378251675,5.124285694850851,5.936056167936016,5.776936702931517,5.030476413920629,4.1027469938387435,4.347049844167919,4.450210640361966,4.684733666083744,5.2680504275897535,5.715174390128058,4.948881306984623,5.0161247879004724,5.143306305000004,4.48409468686766,4.074607742357044,3.24456210268929,4.304850641923128,5.473145453267787,4.297088561960432,4.76219296257406,5.466431287412317,5.520689496422669,3.920467147833961,5.997059356453642,6.1273500893554855,3.87015014278144,4.176163130358846,Gram-
P68,6.191090683146191,4.853146478744699,2.780222052548149,3.600318495267314,4.7506303748275185,3.836957349715398,4.586576229363558,5.032396213683579,6.462254604034729,4.709546083772211,6.072541799572759,6.42876016203677,6.434309669352076,5.284754593385569,3.0367108521610255,5.460824865403866,6.048399887813541,4.918932894564583,6.744583870075249,5.8598335614674575,8.568273377152785,9.086380711205837,8.333369851260878,2.5071895006046465,4.500861048529634,6.197168027247853,4.192408659901704,4.7765274947630605,3.955163686096929,6.783922595201769,6.681492457418015,4.116131104859271,5.147298000389084,4.319505952235953,5.614944639031378,5.509683077242329,5.811705571613265,5.331918447707888,7.935406206388468,3.9720762349892613,6.988654798553166,4.606909799298538,5.5282632878112885,3.507537729994007,6.274733064215364,4.077811094568372,7.49386099520477,5.518218950445411,6.741712727332833,4.8204854251275195,6.554462587137129,4.233677475218574,7.64022032552227,5.3657599860929155,4.935659358586007,2.6150944910494176,7.716695114708677,5.492014280566899,6.91018529028705,5.15809487586681,5.819739717258095,4.8045273564140265,5.297227221585087,6.667256841749534,2.8760071818743644,5.413616257571681,7.135586730077366,5.282034219209343,6.650572963232848,4.370787850470558,4.967952505836286,5.033524702388587,2.7824089206412292,3.8318221721498,3.9031249206160137,5.8220660780325275,5.872153105684055,5.324036442706533,5.824102896855706,4.835850587278226,6.201931669539543,5.0087884426320715,5.057864047426756,4.734407366737589,5.684450477636428,4.578801183387087,5.976431377198068,3.867850859283993,3.901083745271806,5.687426755126504,4.911455785416988,4.5461085838468716,5.8900577324754595,4.392738585913915,4.79979874569963,6.399227950071159,6.53914234581065,6.572398210270327,4.717874223066088,6.23070290498447,Gram-
P69,4.051047172231322,4.093097125277939,2.649544147375639,6.67286820189853,4.136020150923922,4.87346742025294,4.089675658071716,5.695165248330141,4.62436633928266,3.6951831095670506,5.4416625641860605,3.5662699751897717,4.162594274684508,2.893110885373919,3.5760418878023934,5.178529169720478,3.0354639618970753,3.5188542753782843,4.997631083867192,4.456393103906947,9.992036635959309,9.833896546024375,7.132077537248846,5.557137618403482,5.749282556879451,4.402521141975597,3.504458463501796,4.987701550691942,4.827154325185889,4.564235503029381,5.442316868164485,4.249270392994402,3.848002452420857,5.1090829703498315,5.385970092568876,3.823355056099947,5.928090610991081,3.229518862223922,4.421886541284357,4.741991463802391,5.966888278909824,4.434939526448807,5.305927415975676,4.149115910961101,7.293269281341518,5.437126779731052,7.726840383997116,5.476240353387666,6.390822015505643,4.006406996068552,6.182672226031089,4.245133803428079,5.293964282029851,3.2742288751874264,8.666975813233035,6.693547133413672,7.155557110204771,4.707314541024723,7.780842821148358,5.898511704551565,4.174167226761952,6.846395920599248,6.933359747714357,5.256750798661788,4.988484911923355,6.030659808241559,6.094798502227325,4.194008268940585,4.473444866863298,3.6776525653167047,5.409064938334057,5.666627883456891,3.650074362138727,4.544801095183841,3.652746082418651,4.101200189756162,5.551017060226299,4.266517933321721,4.699174043967702,3.3726882720526845,5.186990209724664,4.955726680155351,4.271040749966838,4.8109857023175255,5.180294880503444,4.185131851090656,3.5237374559982206,6.805574432686815,4.366727295289728,4.903239896813111,6.010839735020314,8.529055187570485,3.755513550111134,5.44982721372651,4.292447714705894,4.461209695423289,4.27978797899321,3.874345032199415,4.958708638215339,3.5254973129517646,Gram-
P70,5.94680756651187,5.055002936033374,5.42243497290144,4.533811388053777,4.632796065788252,5.287563905167328,3.8359493675941745,4.642009565586664,4.140386486121546,4.109431189408985,2.8901617593743585,6.33932658948,4.313461246846231,6.16337605516355,6.068792321394293,3.7140002934835064,3.9115887643271545,7.560502959355684,6.750925941927143,4.968481486671896,8.257373106417349,7.3691535970528115,8.43235271420034,4.282818099277528,2.9676462357016153,3.678444213488949,5.021092747850587,3.868932764497412,4.932722535086466,3.925338960567137,4.2176460774980065,5.853165306413191,5.247480547640104,4.990335578686653,5.878963973070651,5.480608593347347,6.446563291251367,4.54014073768486,4.570365021472491,3.6988907336086547,8.599967137613731,5.964769894302446,7.8801100611363255,5.960305168086668,8.571940767893217,6.083145212660734,7.998939947873952,5.898117324122348,7.135622268847392,5.702533313933856,7.934850902726491,6.171167632706147,6.1512961974180485,4.331545089146823,5.451129603392468,3.245715147177501,8.866507485451546,6.806089117836962,7.600609763723709,5.097155787086248,6.116681275067522,5.232094637928538,5.498883194768212,4.657851348872761,5.195076925422602,5.537478704606428,4.421540271123669,4.9225057001070125,4.941569881002512,5.8264033173305245,3.933967828372319,4.948457791392348,6.912005469052698,6.164060152585938,6.349179048888705,5.024431840178035,5.320997563686023,6.002236166702925,6.560255529530931,3.048397087117113,3.684558692950154,6.309444101402648,4.7231106442311965,4.328279210741923,3.745839013004396,4.444983298455891,3.597630716576175,7.091094272732477,4.9775639480194265,4.942049458237283,5.588076675167832,5.96234516926657,5.9458881565546395,6.073621943907572,4.369154449209144,4.702133195043139,5.769031655442276,4.47261093836038,4.994893367972775,5.398763764424814,Gram-
P71,5.7851850823103765,3.2223190376297985,5.714745649888945,4.766275942148274,5.707457710864381,5.776931692354829,6.607915061119158,6.353453647621203,6.346571662610296,6.443670319166238,5.291378984815946,5.03218508703684,5.872817083178335,5.732080951433023,4.690933763261739,5.404823408808268,4.964903533215406,4.146067091539944,6.29046074137635,5.055199242530089,10.04870825769885,6.374507729800167,7.443221227156633,5.032638836690872,6.137381097628914,5.399469372602185,5.3104727541807515,3.872736207445853,3.8430586027705287,5.322504660289905,3.6358940061816414,4.468122249710671,5.5009173290858575,4.0176757277232245,6.6053559623618066,6.22393634423789,3.4285800016616994,4.067628756818013,2.71422275550505,4.217408637451867,6.462726928580098,4.586105057725143,5.6121896565619895,3.477665681718256,5.890457738355089,4.44489077207165,7.057159347493208,4.9071254986069475,5.720576597819893,3.846915668260218,7.4668798376747265,5.398992157501696,7.558567090156366,5.324658235502518,4.95090301906985,3.2739893813332337,6.914669112141382,4.972615679596256,7.665065802534294,5.686956632098678,6.536061181709528,5.597537705894728,4.28869677305052,5.117124216149851,5.236223646264233,4.060844430229318,4.6156126234070785,4.794233006322828,6.605619832565118,2.9192594746090217,6.205818420716043,4.063204765040617,3.6279208127303857,6.179942130038464,5.731898069234381,6.25451870238119,5.800701947545576,7.059845001737402,5.558723836944486,4.843522623876842,5.3429263773213425,6.243469128345963,4.220624674739883,4.348111417468619,4.691039985402092,2.8954172012346677,5.138078408417547,3.113871296048974,5.053059312932619,5.86528975613525,4.523123539356164,6.677115870186871,3.539499100581512,6.1912606816318325,5.675137056406921,3.283966751689311,7.710794299040533,4.936254714496034,4.122515977844368,3.592912805215983,Gram-
P72,4.779981972340326,4.87259312761004,5.102645528539664,4.70220384377604,5.633225310115094,4.612370167336754,3.065035882759529,4.850638504350359,2.632522346626722,5.35377063089139,4.020699769717365,5.163360354915801,6.3140749815246044,4.051251304732,6.061256258512118,4.566610433313847,6.753194802065585,4.634847386801787,4.159507014493308,5.687238450395288,7.564210270376364,7.158550485870991,7.522160149296209,4.955393467816998,6.342180131244854,3.065912254540423,5.023080658950421,5.624903594654043,5.1934485749917965,6.309865169433534,4.925654670241475,4.8154485578140545,5.592329547013343,5.0993138149513495,4.609591261719529,5.516144039586379,4.347471706783355,4.388822847980673,4.472005978234386,6.353069160166408,7.4392839338110095,5.395598834762942,5.425422355217538,3.31912954076188,7.319221994641811,5.475751991831532,4.498039609429812,2.348171936955051,6.396642515147043,4.262263295315159,8.330139630745432,5.741073780682286,7.642413602530011,5.66045995235155,5.342015120839466,2.9286228206618428,5.631439562011835,4.2249550369837605,6.542414070678506,4.596934131963278,5.272236725327388,4.9427295891778975,5.548066924707171,3.660510633471341,4.257613629569265,4.884002927678466,6.897887292658705,4.886187461586242,6.085222263661631,5.038555168784318,4.516341362562431,4.753275575885559,4.831580287971119,5.603645738960738,6.3746112675765545,5.359680847686321,6.187077678741756,4.035210262370314,4.585369491185969,4.275697465792334,5.314444590874853,4.641041614820586,5.729772937034196,4.068998288367559,5.043030973321281,5.686857911012256,2.9346972249593897,7.121631307330203,4.716848115120125,2.974960086323827,5.158093898576786,5.033443467973151,4.918105620427507,5.991191112926666,5.747444971427056,5.297876191023845,5.450155633946648,4.895641550561914,6.7754908492400485,3.520803981642233,Gram-
P73,5.139651674215896,5.0650246311887805,5.813280406064593,4.156146122575101,3.2563273976034637,5.156823016098193,5.281230492218604,6.489599409447649,3.7296379536749136,6.15469376671672,7.3674143640271215,4.622235112477523,3.709057780506776,4.593025633626629,5.014004967371381,5.5637878750069145,4.408605270161953,6.555198534147342,3.885467684991938,3.2607948478272,9.106710424287318,5.7253789687938,7.795870231127283,8.117681129208048,4.987956447040069,3.8792323493037504,4.942602536213206,4.949199211380466,5.1606499403531165,5.6622629821596195,3.9608888316322606,6.687548055236793,5.245114284372618,5.726794046401804,4.371850600244358,6.286382136995534,4.742947591186935,5.277552513493532,4.06689392281289,4.003068373597873,5.988783098046913,4.556393169792614,6.62787286311402,4.35681665797297,6.008417477515666,4.370962138796389,7.280360481501619,5.015027750287097,5.666041038211285,3.528873594626482,6.3635188088078385,4.262970638847303,7.704971618192252,5.966807104250544,9.464383675493714,6.819771787312598,7.6567374706595785,5.648881925903839,9.169955467026945,7.452369912868724,6.983633652436019,5.011880434517792,5.386586229905192,6.3592975993648055,4.852860495185893,4.343375929200295,5.873989751006882,5.07843924608367,5.1829944496452605,4.165728656932035,3.2823278516366035,5.236142409879101,5.9049620414941995,4.774193250923958,6.4364295195588666,4.296083674584455,3.94529554503408,4.932769692803869,4.91740742464871,5.769968731335222,4.2250371759360155,6.368094236814898,6.966916962508254,4.960855973031658,6.249710420184319,3.94350292937474,6.075221541181916,6.047276408559463,5.863437280189879,4.984436911129706,2.045751058757969,4.35827285634787,4.374083982315398,4.021745061939523,5.122243004547066,4.581036554478765,4.175387990234978,3.94119985175218,4.284487014514771,6.121499211849928,Gram-
P74,4.338974945372506,4.485061293566727,4.543302384976753,5.338993513809419,5.456249488528533,1.955343460756838,6.021635213827608,6.436368034243754,3.9498134626383306,4.0277017552651655,4.549746612221728,4.243995980543395,5.223926873946606,3.053474713641136,3.88207239196326,6.5391972001749075,4.071780032651982,6.243428278102925,5.355338195590137,3.190732285411742,8.635329195216206,7.882332697807147,7.5445329437502595,5.244957093172004,5.474633485566792,5.70759182197462,6.178252847548002,5.408135912778357,3.624365911213638,4.526354542348809,7.943048335268621,5.724491060381728,7.3692873008114965,6.395434082199185,5.241802071555749,5.301407069781117,4.963419960123154,3.2621953841535003,5.018047252468224,6.210674552542197,7.393312179121017,5.41195299906181,5.974072166215895,4.090319560687525,6.105713548984279,3.982088509522841,5.798839728809016,3.712394716346939,8.825283389982268,6.419455680797839,7.017602530848608,5.12645921906069,7.902820267599633,6.178865937036939,8.020434719495565,5.864069982138947,6.79032664132394,4.768940463159101,8.375154535980506,6.943528881122197,4.2403269822474465,5.6636463470328415,6.059565572623397,4.444719503094671,6.038012527315962,5.764213203338855,6.7279638353817655,4.530653533573289,3.7141359827202853,4.494510244555489,5.208853542534332,5.058212727085056,4.60656210372545,3.0908025410227573,5.470482996129107,6.9723444790822,5.464251238123004,5.609135519053513,5.572445306155101,5.3970466698824,5.931665966868095,5.395373681185665,4.687322830346724,4.204011089991246,4.751026344719325,5.314129496450666,4.683917038877027,5.314338683131431,5.4391501337004176,5.833179431270182,6.282794968838981,5.078007418478857,3.6922234348523393,4.65489590318081,5.044062567406599,3.16423124382291,6.388664520102482,5.142377912510466,5.381352834580285,6.365526462526265,Gram-
P75,4.369857169857653,5.5740419308840305,4.890135876898064,4.815913132984081,4.227807612195621,6.665603213686527,4.624499959924429,5.699464246895702,3.1249926125280636,6.179988529689787,6.052211155957059,5.097434110297303,4.773057533862076,5.400000005613567,7.28879066088029,3.2367633010965147,5.782027387574128,4.0883826978460975,4.980081603700269,4.752119880921337,7.571681742202244,7.989534870947271,6.86582885472221,6.029180436127967,3.2058564888013996,5.539764512828342,4.673464147465429,3.8290751061925463,5.202383370598695,3.443048913293522,5.0397138217196344,3.5771230921884456,5.461272084317831,4.075642666369625,4.549005982970691,5.2939493879431625,4.2274578881577645,4.942036000331697,3.4861694987551464,5.630875603596156,9.86075352122542,7.792208867909961,8.001955473424836,5.788204140797187,8.168815095949435,6.502734326305588,6.623720976852443,4.516066555048767,7.104991541315044,4.745523923354659,7.01709651859188,5.475334925427491,7.578475439506233,6.021624764399948,5.3246457237739735,3.9499452101768138,7.9511870817799455,5.759500037516122,5.603992613559028,3.6520042156328314,4.3943200000642015,4.967957629319513,3.8190275163356144,3.8483188909656567,7.111296334099585,4.139434596186113,4.676957631226993,4.632762999200714,4.578643192229558,5.621346739969102,5.948142950472049,4.6940455684684075,3.763521713407651,6.2744402278489035,4.9046589088033175,6.730321814857168,2.754414102434837,5.19540322128332,6.918606333876208,4.646735864561842,4.774506576665364,5.295511691590339,4.441204181115043,4.687928067947267,4.662184905808597,4.372579265573627,6.228856550200559,5.461078032296435,5.250628232103302,5.808571006890117,4.735644166796533,4.2257961816471,4.397375695385443,5.001783041104609,3.940788291627098,4.499738983413325,4.4838833581285655,7.124556229829014,2.2261850600660833,4.820380278594366,Gram-
P76,6.725693792814771,5.121844464132454,5.753417473421093,5.099826315099768,4.33266661878352,2.758084065491087,5.205455687036303,4.224393395397609,4.199664593834696,4.501012744020888,6.744861406623493,7.404837542253973,5.217207937528401,4.5352327760882725,3.8227735825487894,5.468540161546069,6.782905600065144,4.752659612974843,2.6210039592467758,5.670049671815524,5.985399711450049,3.4141543596141526,5.176484183662953,5.451226016136099,4.926892697991062,4.209229080914646,6.015937223563556,4.5966202540313175,3.5148138373000677,2.950525514330319,6.26084951999931,5.616663976471118,5.087973547129169,4.559725363149196,4.4710015857968735,3.9242633515583885,4.568544355440115,2.8799127848798256,4.2639363465314855,4.6890624836489065,5.609880047190419,4.960073536626636,5.794923113875559,6.3491351051134295,6.058170093824102,5.4705098473785565,5.011862679180784,4.019211991586441,5.739944051379316,6.679747382221529,5.342106039650418,6.9172591484261226,3.4744282919389162,3.845836615220459,5.855201507748262,5.264290210153251,6.313782176571808,4.98452835927326,4.132024577471668,4.786406757794958,5.969054860600351,3.8714093269029655,7.937753835983071,5.8727874144696095,5.1085801263842985,3.2789224790395304,5.6915070345769765,3.775000111339949,6.156948772335338,4.416277866437399,6.444919113303614,5.029796165121424,8.205789933769783,6.483743910203707,5.274758497359951,3.600771740775369,6.76132639622722,4.969213497586585,5.6455870362090685,3.571095393488273,6.189226461255785,5.667245147429242,4.971782121062771,6.364326244170867,5.662536033398613,4.177144098481568,3.960779836009234,5.817981544453861,5.396366956467351,5.169747767970661,4.153502197131092,5.607947567005754,4.244501116866051,4.898013345406322,6.44694414638698,4.339165764189854,3.427010742927139,3.9474528081298894,5.994298826687623,5.25473113738021,Non
P77,4.871122621311247,4.4909061946884306,5.48535990755319,4.150895149009776,5.3056655686425955,4.268745431187043,4.102340614724946,4.362512565174988,4.624592553516038,4.951170164066297,5.235455795111115,1.3116347085715558,4.192349442253235,4.608430022643961,6.5050620386083295,3.919997391617868,5.162796618099913,6.495030309735838,3.687031470052727,5.393975225864402,4.197728166065479,4.495366257710765,4.196889166046685,4.268142691584114,7.721912147906493,5.8444558720716655,6.101737861786209,5.491993486836496,3.393743211598042,5.394957970323307,6.072929614507347,4.1466005259608885,5.9653266671611265,5.704336209854079,6.85204004481367,4.582216987486381,3.902389017724273,4.638371890627455,6.435570993163624,3.171594119158037,2.9316242845689677,5.0893952789316135,4.557410707225844,5.007727893175685,5.945311771235865,4.447430653881147,3.1269941690693797,7.044481557199944,4.002771712561223,3.9409628779879027,6.103720013722596,4.615510878958482,4.936610147965189,5.482790124060318,6.083583103109996,4.666539306818228,6.519952005914299,2.8642001512651944,5.759787236953077,4.160472441982343,7.471919818128846,5.142044478830545,7.191171929798194,5.662841093021632,7.795657211378459,5.641894122858639,6.404363578778518,4.515982876377915,7.166573078262411,4.95874034734994,5.18526444928475,2.9850987674933918,6.5499555578164355,4.71001864556336,6.0261323972271565,4.257513222230401,3.7067411278284834,1.3989148955404822,6.349930188475971,4.124185175353706,5.532783209322624,4.1944733174894795,4.7848861998295105,6.542276627661302,5.994351519815424,5.902271399943452,4.500127569589148,5.543032279289652,4.766102199546406,4.8039067893230625,5.40968534374655,4.403006411579067,6.493003104443203,4.839869860402063,5.618360566259665,6.455600479257298,6.031653774575175,3.5910808973094754,5.444895895009884,5.850719394460647,Non
P78,5.891863022160749,3.8867051658853686,4.342964762982676,5.994558235741621,4.238239629317354,4.700303943335686,6.575875809501969,4.95220074961521,4.273225862166157,4.122382643137095,5.332719329585188,3.6668519915227913,4.752664036103582,5.3332305349900215,6.299149820547667,5.667548080369996,4.285934882017822,6.17841931756372,4.7004849624525225,3.764296977950591,4.827958640734527,6.438169201145702,5.165240050064925,5.012521864329786,6.6372116447028535,3.5686451529455727,3.714400885947228,3.384153529033168,5.372648186480055,5.166493127115125,6.542736367279776,5.24347507713677,4.595842840520698,5.001794872878107,5.117707418460958,3.3282387266718327,7.710331644334893,5.519871018101911,5.210008308022589,5.61516398427858,5.709410980586605,4.859446514497568,4.368758863759299,5.599450686321704,5.385710840531452,4.190109900910592,6.4190356113672635,5.293352036322983,5.729819362267631,6.391920887679919,5.0218888211648345,5.316952006984115,5.810027238506116,4.275138916199948,5.054051662846001,5.125548586651148,4.043941448316605,7.3176367886738785,3.5927065565075975,3.701896096312842,7.038717290446646,5.713266250796543,7.515050745097151,5.607289015101693,7.0567633122936435,4.9697369424030144,5.360205527112315,3.2759381891319643,8.105116166164317,6.1665283362210035,7.090765086525421,4.795644273354352,6.989820952367821,5.444145171087257,7.451600541270957,5.602473436282363,6.234267050697738,3.981130042933265,5.883551488198953,4.059984067876246,4.613887223913858,6.015220891814305,5.107983920725228,7.606859163149769,5.193406367189717,5.059691880579736,5.106182919440216,4.362191307140064,4.942163387622406,6.127788027111646,5.113970668127772,4.206540270116529,4.074915379521364,4.549798108334157,5.07386343441088,6.193586535476262,3.659511358633563,4.680173722111244,5.144310019435079,3.166294232370565,Non
P79,4.166401717033594,4.3201114602638135,4.204029626149501,5.191889545021647,4.839440390498202,4.444713897398964,5.427962626552635,6.7230747176462495,6.639256516741752,3.0772282279376637,5.577072183835139,4.821976709936162,5.155155342865356,4.6017169664574515,5.117588629887202,5.151407396072019,4.421048242651077,4.1036324521748195,4.551304317380516,5.234259264456766,5.5989963416842645,5.853348977340147,4.5058099769330875,5.2838445673027366,5.962502591953299,6.165594895144128,4.941167145868477,4.7790682750603874,5.191124233836392,3.850292527102594,4.8063904889644915,5.74458639847313,5.641947129443701,4.729732395636111,5.217718201087167,4.175349659709313,5.703492148225025,4.922178563863527,4.724048548303862,4.638276163906613,4.937106133100142,4.552122355068041,5.6581430360025635,4.604716451983819,6.592964096027381,6.465210503481381,4.108456510145495,5.06970426942928,4.349343378663805,4.673352436811388,7.002427467644797,4.692428582884201,5.360226037077429,5.541321294008278,3.9993706275167593,4.144904525590795,3.793977628591881,4.114029266102223,2.1499698906828177,5.544582400793628,6.810291840929619,5.147820739036527,6.4742072969150835,4.357223617100052,5.995585382723641,3.9824152227866243,7.64442276911178,5.810260044375334,7.609132577350671,5.725081044447508,8.500941093388887,6.9025582052295595,6.262617493475272,4.098007350556802,6.332085120227838,4.645793611491212,7.421898721510526,5.3270723748778455,7.725825814725856,5.399044140646526,3.6799228122626984,4.7612473979365655,6.285582234361679,4.942938708568844,5.141595786739883,5.475258604717311,6.17066162931766,3.3447752878105668,5.584524051837435,4.731860860758236,5.166637895311839,6.059950169762376,3.805813348588156,3.9873555585569105,3.0645700402861937,4.4508410582362234,6.330432344378816,4.879412811526531,3.6598751043452142,4.514321255424953,Non
P80,3.5121382965093773,3.8748138982688385,5.388818910263713,3.826126673693971,6.112634305203302,4.928879709169664,5.085594703944525,4.721627032392106,5.772847838543723,5.7831598877770105,5.335054351912172,5.564789105907648,4.7879103300795745,5.542203006909048,4.662122224526193,5.002231622162402,4.725356250633703,4.542781460680804,4.31088820227821,5.467690103858885,6.310605912813463,6.171101971669559,3.743434664054565,6.289203051406873,4.681841498382071,5.600733015145591,4.093784667952789,5.141979913874005,5.313723182896907,3.5153952080803474,5.60826716634419,6.345935007838316,4.825352054318372,6.360168130828013,4.810306506547592,5.8495845310466175,2.7814300340489004,7.418777779313464,6.495458245242957,4.715374495746321,3.0279109733561818,5.288028368305489,3.556074452926243,5.4448535375574885,5.411565719164282,4.058596830997975,6.120967023614377,5.805574702806173,5.975823337288563,5.0088577036688955,3.5844759330862934,5.977872272211138,4.729628600864209,3.6102198568073307,6.352039365974326,7.09940752050251,4.958751871020797,7.159121154603292,5.09131472861135,4.619544095833649,8.462860080825807,6.637082407992742,7.757735585286455,5.735269309974988,6.818853233223015,4.539693237425637,6.441371444402451,4.619963153710646,7.888705324633541,6.132804697174807,7.3789893480823086,5.644689803284233,6.464637445029002,4.48939150070242,7.2582546747143954,5.320930061925657,7.52187499115486,5.723037939579864,5.398901793076673,3.2842916813618706,4.071073517539269,4.495871326348336,4.927142311158945,6.889278795503996,5.238171306139629,4.159228110101375,5.220630804307163,4.647912252546119,5.3247582395335415,5.5805676870356145,6.209230647223938,4.975713504329974,6.638960527599833,5.908022662536191,4.292560455187812,7.209855665748464,5.3269945132700975,4.164875496027765,6.6529130512304215,7.077777585198445,Non
P81,4.96697473628044,4.496349739624404,4.827625042546338,5.7147317275177,6.277856655030514,5.570487330863574,5.101723208471769,6.498011770304427,4.687163526948478,6.030919338366907,4.7119372016487215,5.431022958010893,4.886437435209548,4.944147817347189,4.6226134825377905,6.344854031180694,4.267073961891465,4.259767747451292,7.12099356584511,5.977847564654331,2.6148863013069636,4.434741260789597,3.1880106624379456,4.049309306584745,1.8614853337659603,4.863010422306058,3.8580581808386887,5.059905256796438,3.374878741117475,5.08291185317204,4.5850837218796725,6.501952965188596,6.411356861745625,5.785345603010283,4.673386219338788,6.985380395260293,3.446964722160179,3.596441370436337,4.9162169001109355,7.254038108921119,4.797661093129912,4.8167547567907185,3.5580896438881906,5.945929585270378,5.953176254329354,5.78907520139991,4.370779327152638,4.293293231626994,3.7068777495950296,5.083872501760934,3.9195926707214985,3.8225834947507114,4.576309283089324,4.510843824815784,4.462021471178045,5.466444596840262,5.07904780215028,4.711843969488882,5.183012928311482,4.008472958895368,7.1495582382726734,5.150602492844634,7.621725164522534,5.995693754370362,6.89205744018066,5.090309799206435,8.35643369693964,5.92567675771387,6.406601074414515,4.6375009971179315,7.419460153220173,5.6746949778086195,5.693544070665505,4.2051063529983095,7.0319270741415565,5.1540318416835875,8.09077212706012,6.136191374642542,7.6314856928730865,6.334229194172691,4.302635772083829,6.138150330967618,4.471083620895345,5.777596061792272,3.5412416074693063,5.235135299366188,3.0153120585540902,4.732862514058246,5.440353993877913,4.479031448768904,3.9495623712440326,5.846118469295933,4.896537210153077,4.510429352969329,5.041895921154277,7.636669141945589,6.153502849781544,6.16257366818784,5.435546318992364,5.166485272577147,Non
P82,2.6039177116695837,4.321019653536868,4.519425586797525,3.125107935952467,3.842584209784566,3.0191635290773657,4.961676164302627,5.818765970848816,6.106774518624329,5.414784462079242,4.036603658801431,3.0679348414800405,3.243131300598498,3.7310174227455013,4.111140301964325,4.840251502008414,3.985835781873032,5.338975893668262,4.7677264972005275,5.010545711741026,6.140250552671205,3.81976826579963,5.418704578292369,4.986026771523926,4.666513719030305,5.8852563208659605,5.879014154557007,4.053509204011572,4.817839416142076,5.281211682584066,4.726993251977415,5.585021332287798,5.281192017910276,6.8325612403560125,3.4697208640702124,4.877564010252603,4.091497488487809,5.604107455439044,3.3828281099544553,5.346312710224886,4.369951568651659,4.265838133878986,3.5535017964593125,4.534924053798994,6.084500530290926,4.974811316470521,5.627680417874474,6.664641821966275,5.263755584822576,4.441200427937659,5.46725221518279,4.4557038536857085,4.49557731670283,3.480107200381015,5.926257491084392,4.61399742435056,5.182098245815862,3.9640380713933605,5.435947629715472,4.238058761864917,7.834315923780599,5.877826031239126,6.4886496399245654,4.977969927483059,9.820254635167586,7.992810570060641,7.808044862030656,5.722674824888299,6.982425295746009,4.886407838298036,8.045218880183175,6.263855939096389,5.965387168476166,4.2158361416401675,8.676422485300623,6.121188142569904,7.88225512960288,6.528331563486246,6.837276724398741,4.747375131197363,1.7584861746708795,5.297160023808222,4.9981712411559,5.139982096321353,5.053897347033207,3.673737838050843,5.557408556851185,5.63221631403185,5.682338782059659,5.9465770035733865,5.604051644921623,4.589970588461089,4.92916315208391,5.091124867253377,5.107699449106619,5.99821765597173,5.6436687530224905,7.077343439569953,7.206468979884672,5.079649582613925,Non
P83,1.1633444515406306,6.236832466127266,4.459623661012945,4.198516078168993,4.601554725010633,4.553356953185394,5.612269810105393,3.4405642208737746,3.9222792542083984,5.343158554197417,5.622944030413308,5.641541644936012,4.212963721066701,4.02173435073376,4.49336516621208,5.239872752284725,6.48547736927255,2.9525628142292497,4.7792712430416335,3.6673215589747965,3.34775732264651,5.966956645344816,5.5446245744993385,5.449433515947263,5.921025839730993,4.520281103233864,4.5673624836664715,7.185730616722575,4.753428945740426,5.7351321130540915,5.006381540963315,3.1517414699215847,2.955370996198732,4.421015780060095,6.056101251669989,5.788291656636003,5.914077164224033,4.012953821063685,6.615872490122314,4.035106699813616,5.2128243986699685,4.989647710092263,4.826126179685414,6.338592138295606,4.29488947983404,3.650394744288072,5.019995486206419,4.600173265713473,8.377382919082645,5.6765074764399746,4.590659424781376,3.9438884308129136,3.1197115894312155,3.974780914262567,5.114941771759132,6.427328651594769,6.121689142387919,5.229094831646379,4.676832334297515,5.2688123564121545,8.681857390057695,6.718363995763876,6.691313341162825,4.9136621417532735,6.8009949065489685,4.8045651534772364,5.763962167354775,3.9322774229614548,7.398079537967487,5.792711017733665,7.913285892261261,6.057801007541919,6.712412207777447,4.611431779508797,7.028254004723745,5.378046260427883,7.848823250975307,5.781497239460632,8.013811839167662,6.135620585491476,4.6833204540657505,6.3744849814275595,5.806676402164363,2.0568584345282668,3.9959203670449726,5.94438522283539,5.151657272145018,3.9762440522921496,4.366410484506187,3.0937633799106194,4.911626712473604,7.210689726015764,5.804933390732326,7.190417001188424,5.88239708978998,6.027479343352692,6.974078687745024,5.377263259342226,4.81277267849312,6.032657516622012,Non
P84,6.453840237121884,4.520035357287791,4.27843091765997,5.13885603243088,5.831498866931662,5.798091048661561,3.575832399812401,6.911606067063322,4.358835070603149,4.734935003111421,4.09734564001218,7.698328835937088,5.242070670287967,4.149024919318435,5.863923549962446,5.769135779310033,4.812272976420116,5.840606712783384,4.174708039169135,4.507081725050748,2.989783345433937,3.676048915780437,6.807630805670685,6.6414286277223145,5.0657886486489625,6.6629314471898375,4.839925513391695,4.7565896974320925,5.056510648465556,4.875078404676435,4.78480367643982,6.143398107149553,5.1501356539562035,5.712481764433805,6.031380525277331,5.388185795654733,4.0297286740917615,3.647134111035961,5.148780634807305,4.828743695175065,5.087391428920122,4.983945960751414,7.583573660166567,3.669773744358662,3.0100537301788752,5.33237683351961,4.623577445411804,5.3160678697299515,5.5838830222840015,6.284104695178898,3.4927741796160614,4.443282102142837,5.428761258880764,5.770463595687227,7.193449550288386,5.955703971113867,4.943211404113723,4.109564247057339,4.435710147280981,4.407297177042894,7.379426263156814,5.256997445585831,6.806420397704812,4.564098530909567,7.15961840344595,5.351662354974059,7.307671608513894,5.382921710057263,7.534503671960752,5.23604306382437,6.157025802782922,4.08424495886644,4.396389401309179,2.559295985224916,6.824967295103232,4.794160140078656,6.17661876065252,4.071734161344004,7.391865693437483,5.230711749074962,5.1017883337073275,5.306347533932023,5.092627587948924,6.242862562858314,5.123429181703648,3.5417868861812494,6.63012996487441,5.370340267328846,4.410746269204933,3.7465982817049817,5.395914220958045,4.882827995025624,6.574146786032409,4.654092719333172,4.1626192103175335,5.895796218235929,5.925281892716831,5.168651367610195,5.676357047674909,4.962312879257762,Non
P85,5.233865101009247,6.164990882563923,5.625318334021503,4.830725561667375,6.352362545926151,2.6351446272084877,7.052073311421935,3.2940409051092647,4.372907175227704,4.959082464804931,4.853519329271839,6.0064110400265545,3.942163381389766,5.260766817483063,4.421787901780246,5.2951409793374165,4.935227740202124,5.092935652682978,4.450075167535655,4.489936049903918,5.287272514027427,5.943715505756044,4.401720665802152,4.1312324554270905,5.613460165671837,4.967496106942311,5.830498133985952,4.094202786628852,3.220561074576569,4.466995918173666,4.233647390734984,4.9212115999197,4.363154785729611,5.741016951336449,4.7118497375774835,5.150474498773901,5.157634558440944,5.1949550924121874,4.9758708895450265,5.510600690410314,4.204344866174193,6.399417926653883,4.763462616631465,3.6884508621013183,5.188073356991773,4.148819517552515,5.665334534508875,7.209605576042378,4.21342790844215,5.332372333223985,3.2444944112953724,5.4539052294413475,4.11428620020031,4.375165381565518,3.8987135101601718,5.732151226054736,6.007304357473263,5.023385214658508,4.1355732946642805,6.589523036103863,4.566979766838829,2.837967700072561,6.369327257605374,3.8952253263584833,6.771265990642961,4.618862303326581,8.895106832233381,6.401500346552158,6.273909475963119,4.434062869107595,8.797253714384555,6.5375513190343435,6.196413866009564,4.405496304050993,6.497125158859976,4.422771274289429,5.488512404750285,3.4484625790318733,5.9355552217661405,3.6522907696905964,4.678247296009792,4.967518964157906,6.912688134356795,3.67515421906726,6.983704135478751,5.757176821102022,5.417095324423246,4.015366312982045,5.571141242038074,4.2765133775802,6.2666612531984125,4.028937970892267,4.886841505543916,4.4447269119868285,4.012477037573006,5.7413198169079145,5.535458747409633,6.209010198900997,3.2201248917918326,6.064170702341044,Non
P86,7.505448905356894,4.548358910823053,6.89514861210897,4.736838727940174,3.627590262438693,4.694367557593204,6.048203967675276,4.161823517668468,4.399661340993513,5.593539432293191,5.003060116738573,5.584622952486741,5.2378295407583355,5.479625319551573,4.567698814190459,5.231730942030392,4.072626994304066,6.288433622503389,4.3657252831826865,6.12884748754939,4.766393039017134,5.201999010757321,4.505035449109299,3.984004568831971,3.2552396123946985,3.9446758414075402,4.676091146784078,5.211879178828884,6.010379313283264,4.554242540203151,4.118039235732826,3.5572852139972877,5.480063617904104,6.383194515329343,6.266330267956288,5.709932748147238,5.638543317267599,6.697623779709341,5.33208146141681,5.646129676024172,4.679216138148001,3.6379566291452425,4.3161510995004235,4.990840961465345,5.060785372501303,6.926285854855394,5.081277167591069,6.1788434440256434,4.564922758423684,4.688324114234766,3.670992362776552,4.2576719871234285,5.526981391363753,5.007560180394133,5.942938619897234,5.18125394834505,4.647546268362258,7.148296863786959,4.906096431286953,6.163000969705304,7.989841912053675,5.7095994793835665,7.483462254708891,5.20849197057558,6.8042947695462725,5.018252460856113,7.456931369552401,5.52748083302773,5.2328522827669435,3.277743066042481,7.735752718482001,5.411357631151439,8.19228897703048,6.2146667801329025,7.084727922078263,5.405824086673814,5.121065412110676,4.013057263498443,7.489558306272622,5.431009692130076,5.1739472084128115,4.381824957899831,3.380826943484135,5.6297395144087385,4.734079925804448,5.556874722368145,6.864048530411758,2.858569119680295,4.300399191297636,4.790624386688087,6.454826174146651,3.363596980793515,6.935861025680604,5.13585590156629,4.903999338266142,4.8019402367810935,4.563736967819971,6.0481167592691545,3.9314792459175614,5.345414181643854,Non
P87,4.615818334293024,4.237866551485902,7.585975175683895,5.41905073475346,5.613265544661144,6.137776780668663,3.578650054681453,6.7522919091220315,2.4910428215049243,4.231233589961479,4.540968326821099,5.581723364970506,5.2187182661414875,4.833185259301607,4.988002655372276,4.021976976477432,3.5027676055158268,5.72651162233606,5.693706112536185,6.584494375157059,4.209982903184792,5.692815210300923,4.716293271635268,6.190474985193482,6.021962776678142,5.211209399224456,4.660469843334013,5.960932178608261,5.646904523256566,4.3155595979138175,3.672201326520569,4.711467099318204,6.515413815348209,6.146487158733038,3.8876725303294193,3.832242584100079,6.274683849679486,3.8643640952421707,5.509295323642008,4.383928784663676,6.617044924521682,4.229575200862121,6.143361530205828,5.184858654060364,5.252194854234287,3.029691418648599,2.7970866467942814,4.779434059732686,5.246906063416612,3.8748021722622767,3.911306589523658,5.561472629826133,5.562854480457131,4.862258939612073,5.780201721186075,3.8257977042798537,4.64406508291303,6.647877605783673,5.068322129939817,5.126312514586999,5.730693566661073,3.600657834151229,8.98121446594234,6.6639862798081,7.927522049178386,5.859630786854846,6.106484617486933,4.313267604432649,7.397473285668424,5.7985666731105905,8.318281668589158,6.569628586939493,8.296691015726052,6.193611755172588,8.10813956022412,5.9020913115882685,7.065986973554981,5.445677907081924,5.894870660385596,3.3952949902021876,3.8758781411392267,5.102541439817522,3.3127209203588315,5.831211103199756,5.871555966288142,5.32717055287779,3.8788659872420777,6.380138938868515,7.037210639718358,5.147076827445974,5.5105353784512365,5.201738654796044,5.530369188998799,4.880441243373604,4.965435760156197,5.905717600497366,7.34562416189644,3.5999287655982615,4.896187515597033,3.819539514767918,Non
P88,6.592024898576083,4.412262030680101,3.556799206214206,5.638186998848574,6.744311114743111,5.663597868560763,5.2047978772819175,5.409140922775994,6.414840662825554,4.12580072998585,4.888152895913687,4.547309851490467,3.8321346927082898,4.671624740583198,6.107721095982448,5.566602148392725,5.6443105001082,5.146475611653318,5.523323782728589,4.199409657651895,4.69049011407277,5.1920042369686765,5.27751585888189,5.320187854921873,4.861664717983622,4.622576598869671,8.157771283044298,5.906787272932399,5.413147475952623,4.766791501793606,4.548781173056123,4.869199406273045,5.292828843586683,3.119564455936919,3.430610404625316,4.363117611061043,5.207139436778569,4.760726852848149,6.478121226099484,3.5176032130042314,4.24865453039663,6.520091740991101,5.131119324675147,5.884842582801158,7.051246943269463,4.306195582098177,4.900685662207968,4.7275730990691285,3.0454069955167244,4.689603196244031,5.881062187380666,5.540589541812241,5.61908316938801,4.624491019360501,4.343902763994358,6.2692556718986205,4.50268285364233,5.294082038793214,5.163334680677538,6.4617170162571185,5.608791700094455,3.704741379332879,7.554665146120067,5.5789098180691346,6.514776385410209,4.544828216046236,6.981960537050993,5.187459382088911,7.77611885928234,5.779828640755049,8.31510808586166,6.568518985472554,7.22602332923034,5.656929066342088,5.503206406863412,3.6227045107279,7.917780098030959,6.142207392885558,6.774892334242713,4.828504399611761,4.26532890632314,5.955935822330762,6.183549102581605,3.835336651487605,3.79608635103362,5.225256681983599,5.629360633428892,4.700930914769945,5.679293819982349,4.2898633931626176,2.8853064009262646,4.576098927667404,5.063232146513101,4.724160040103543,3.841396736340515,3.1843510241211828,4.485911195632102,5.8976557716497435,6.256197439413683,6.187713384138455,Non
P89,4.184090464851447,3.846293676369636,5.496634614979896,5.635100011597926,5.400169605200498,2.9859367257622367,4.133115415116533,4.970311209714022,5.487218194630427,5.767307362602486,5.14425352228204,5.330783806538236,5.084865458361104,5.685619374218483,5.312865651490911,5.065737660047287,4.731631200862619,5.081291425042481,5.484591378839275,5.267475388898061,5.380826418345253,6.342721861351185,5.265163922746588,4.351001479526842,5.883606785994169,3.6338016623310825,3.918586619260713,5.335847264720069,5.516396667786578,3.754948776496005,4.61718251901325,4.3939161677803416,4.513323677118403,5.943597776272946,5.706505463547253,4.980877820146293,4.454038072885072,3.6503503297798594,6.420184938781949,5.592113900284918,4.29333089592686,5.719599497624891,4.929776379425374,4.712890495137657,5.435211528289602,4.258501750087275,4.65624348048989,5.121461064199546,4.500548807114787,5.669085210267524,6.869066503678261,4.2457018673928575,3.334874703695956,2.9982598325237384,4.849531858505018,4.336835409873817,5.20786050106708,5.132597672026101,3.396783153385904,3.1851161705185937,7.615701232286632,5.135428834719957,4.820231677555906,3.342856414867695,8.336377334856955,6.271899545423944,5.9877881651380624,4.152526109434936,5.535389636259147,3.633885919066315,7.476590886534405,5.0818443345295385,6.864364183921682,4.699325639556317,5.919235483549558,4.666952379024478,5.863095472909443,3.7755977929527282,6.538976146897025,4.351530799980862,2.8435546229949673,4.628742629329606,5.9811497155703535,4.6130705534000525,6.7379849851235205,5.428967948548517,5.338758162280366,4.871601734082391,4.931713792235709,4.736576364880496,4.697730607917474,5.530867162067149,4.0641687702094345,3.9241061712757404,3.8768049491246224,7.045654547677154,5.53034290167058,5.304492201680144,3.9424853297065683,5.623342300674828,Non
P90,4.883428653546671,5.21416894113175,4.023379684136444,5.160268857417576,4.576166461793517,4.234388842969812,5.734106335807248,3.462292191469998,5.56477626431415,5.684486133552996,4.1203563244487595,4.179671538867533,4.776974318733598,5.282036210462221,4.847145008185774,5.4335624601918795,6.762979652537399,4.492283230850286,3.2848200292965792,5.8259235830306535,6.68331457592753,5.3927683630511245,3.912251324646332,4.876107636764799,3.8814765157883677,5.642855493962948,3.6487095973015657,4.6998712131718,3.9956621737060933,5.126824685134962,4.633658322862242,5.1767621032502635,5.022350554966366,4.0133409722758895,5.6268770635290215,4.951234348156885,4.011470992134099,7.2409265562057925,5.476430166717125,4.846739446600695,6.415204526701824,6.841815609386607,4.854650577686114,5.347397486434762,4.011997181997059,4.852807249231988,4.80093744624013,5.184827033621654,5.33276047863701,5.55982844882806,5.237642656299959,3.7892573733708357,4.0615328942589155,4.453592380536327,4.7177594080767715,6.050774290472114,3.8370610131470873,4.6425849518293,5.953009498214049,4.700122525503388,7.327382767743627,4.8604579570720965,6.634961281925648,4.7715274561904595,5.317021174074653,3.4549435925935645,7.118223359966291,5.296572676694308,8.477928443096888,6.492952622753828,8.673504942486467,6.479481761860873,8.08855842706243,6.328646411544644,6.284496303999147,4.0865414203677775,7.035565836160704,4.948764164467809,7.018211183657895,4.77672841156669,4.692753774338269,6.369094582762852,4.901279105544327,5.826422324191766,4.7746485149558,6.666663259227523,4.3216653706645065,4.385856468752816,6.524517181115903,4.555053609104747,6.601074306164392,5.891840579594813,4.845350293439166,3.1867065279828415,4.9806816957281645,5.101630053533425,6.167217733304373,6.588447176240112,4.315012820856253,5.801181763988183,Non
P91,5.76540215601335,6.073412702410446,5.498689912135545,3.05750230903823,4.84457756747224,3.8442924250830846,4.797394227081926,5.980004236133894,5.305150835874973,6.148090866397433,5.341753920713539,3.701674060331097,2.4791529934272654,5.14880876167959,4.7860735336488345,4.023054260618117,3.2993727503486223,4.26525678652729,4.805508515135224,5.66587782370639,5.18863108156798,6.608067247172729,3.9643959439546057,5.881058892057434,5.047298743128728,5.694669124118585,4.563485136734457,6.07168037389059,5.295224758345243,4.320555015082251,4.9879759710868115,4.760444141062901,5.489178350637793,3.8202232506254914,4.970648297884305,5.395307252649331,5.033023307193033,6.346941244388995,5.774022774071052,4.992519203259254,5.216689097497673,5.295665551481999,5.403299604166824,3.174342004335392,4.698473704230653,3.515560931806574,6.2782809474594865,4.939150479997072,4.806659050320377,5.896797332033235,5.422324797449875,3.871365485620793,4.929094637472631,4.664833026773615,3.255467111393946,4.3097237667627954,4.816459677983534,4.885049068508158,3.517768576322691,6.151665583047476,7.317421683218706,5.037553076660563,6.134294422534615,4.211923746096328,6.531198865623769,4.632925353981817,7.189553138850626,5.573447493355399,8.1663420429944,5.724829373485832,6.5042288459984,4.479369393437701,8.484759131624902,6.490137522099841,8.207724508538973,6.542806773769682,5.794298523679802,3.8453656612711558,5.287063641718132,3.3162674323859513,4.892621381589954,6.605677958082454,4.858337368127756,5.302322900348275,6.375596964304209,4.5959046881676,7.035531456719594,6.992094407497453,4.8688886613195175,4.422465735980787,5.6972380463903125,4.652475057481142,3.8434447829326635,6.28123865352298,6.21644738727708,5.155511603763561,3.737135246271822,3.7704737487826137,5.107229288419153,4.500128965494968,Non
P92,4.658907067858392,6.0219631550600035,5.733179317422557,6.3781426804976125,4.009376776622743,4.656808431313288,5.758981695460113,5.4480783410128915,6.532380382587622,5.42053670590407,6.848109104105553,5.540017801723141,6.06216744758866,4.676485053215543,5.014287211883989,5.910944403839475,6.612978170593054,5.729236949310753,4.916828228065381,6.377335029528342,2.808021343720119,3.577765498493126,5.681634223668389,5.014108356253125,5.605513651124165,5.064407522431942,5.570945694603873,4.185597179006809,5.570486086079691,5.994414528207584,6.220550603931232,7.013554294648699,5.244098443502387,5.273911086847179,3.4768275358261524,4.468588598861575,4.806917925993387,6.050319552276355,4.388998875910371,5.796340019748833,4.99837828303662,4.822831884885238,5.248893969133256,4.608843627747158,4.570962751907334,3.2952140942098858,4.75204579267211,4.520031853851274,4.48401901065092,5.4168730625900405,5.658631952790509,5.232194504642328,5.995415190449474,5.575561925830365,4.704943810194358,4.53714371428562,5.312822236766847,5.573767109901901,6.397844307031498,6.191173044940095,5.9924266887024,4.897993719872738,7.918882032008267,6.067997778058972,6.964924947567768,4.936122167168653,5.6638035946703145,4.001063623754408,7.395534993161418,5.342225579424346,7.186570613555762,5.044569610889272,5.838147300285403,3.848773342492856,6.308136367598445,4.622468851440175,6.6571212152052865,4.4665475542241,6.775495302551615,4.541863010158281,4.90485187692268,4.611520093228519,4.783998578426886,5.333965149676191,4.828820630203601,4.933887606047993,3.290773600797404,5.391698016010473,4.910796702308332,6.610292980482871,4.060434832746042,3.1917046715004855,5.618068493930042,5.346527018313,3.991566979468854,3.4702510449959085,6.53739673068429,6.414110390606782,2.5125432412938706,4.541776970743499,Non
P93,6.664192054783899,4.523937442222133,4.509387765973347,4.7172406723706315,3.8791030262318404,3.2952242557719558,6.052547310734749,3.157063093752324,5.247271452108756,5.886579492757649,3.548773701098842,4.075731597404928,6.21317918839159,5.53289172022704,4.382714293121113,6.202249003361171,6.206535723454302,5.269052693015707,4.099839772126337,4.586551296528205,5.28638674395539,4.811405170852511,5.938957178234851,3.4702259198906638,3.505736470933761,5.180871111482433,4.5084555861930955,4.372951385302259,3.231943280825603,5.0195458447981816,4.947244891999234,5.653478981951741,5.068906133120972,4.8673959217595035,6.177000636790337,3.6875326965514503,5.536389218847576,3.328852835204651,4.161638119999193,3.7873428673766862,5.781942535451918,4.934589766404606,4.986496755407023,3.893267012270549,4.700306504067111,4.236534696690889,5.383455014854216,4.008908864668387,6.329794365205076,3.3244195503759055,4.193480167543439,6.677200509966096,4.564861252037965,3.6851213355955883,5.2190715625376685,4.524607757785458,4.164129744381694,3.9041291892012824,7.768373605625943,4.748448099815864,8.967393286820926,6.493709759005534,6.249942028592599,4.233533568980212,7.734095148006626,5.673472796158231,4.8252260692464874,3.0740221815548985,6.327611782540302,4.566009537784043,8.269493823410283,6.278434957965715,7.875070028891216,6.033189864363148,5.339670038063778,3.133299413196058,7.089764789185409,5.397637501776279,6.514549762926248,4.6929516590748985,6.143566044928613,5.106493980290092,4.156701688715048,5.702030323667326,5.197675566954246,2.478395198537957,5.428352913771449,5.391828707716102,5.02012112958086,5.891700581069575,4.327606415673498,5.336499788820901,3.4330406288326474,5.407090383398832,6.9530596955398964,4.005143647532459,4.240197868012225,4.289984557108448,5.129998225801596,3.936963727146282,Non
P94,5.42124737869098,5.846839945469165,5.534347213453785,3.2315845743619276,5.995167665158606,5.93736741425368,5.830161372346304,5.372842248655825,5.2201893142051325,6.032389398126397,6.923513487603454,4.04695953663515,6.078125395794772,4.913782901992548,4.8703269479713995,3.4634693096179614,4.715210590484605,4.002735042031585,4.536145570494054,3.90181361622185,4.551091612686994,4.593889642976597,5.0967549184388,3.385250137708669,3.5544818522546766,5.3619142707305265,4.202561882929901,6.074529790229931,5.225269722015047,5.606762150206407,6.410692320420894,4.690289188193427,4.425513294583724,5.871702585598813,5.509513563929686,4.812669690178699,6.391457966955942,4.787755690160069,5.032773637555781,5.021222650834258,4.065406105101529,5.077585389486391,6.396760177398491,5.444968315376176,5.031063426398932,4.838232718834331,5.3308670284063515,5.749766628489185,5.609238830889753,4.6681351381780205,5.324781594110115,5.479939741148279,3.9928050124730214,5.168230541183695,2.838696113697638,5.482533709821185,5.660343054562682,5.747546125786459,4.604953147830432,5.309046835024035,8.65219720503284,6.413769648291259,7.271745558697445,5.13931963072956,5.497937410120478,3.499197984737825,8.513041761072685,6.3355704555367565,7.1558678044859345,5.369263777649905,7.107465171873122,4.950089766958838,7.023940978977999,5.331038902817213,5.870128160299858,3.9742766050253926,8.404875186684901,6.221804684976702,7.03037525799617,5.157145783702535,4.997761883525819,3.9325660670395006,3.7409350885518067,3.9946848740027647,4.276831561170607,5.366606247013805,4.204282336479388,6.746490631594622,6.0271510358931515,5.808359549665708,4.88034109752685,6.514280735720484,4.781994368878876,4.968738585845754,5.169974539749269,5.701823040543344,5.6369080790029855,4.524874721555396,4.467006280574046,5.639902957152085,Non
P95,5.715236583891233,4.606648875177127,3.412811930321546,4.7926839039917555,5.623525798825859,6.805416846419781,3.802042037659338,4.573428747169427,4.610596438474623,6.355805339431502,4.965058499541367,4.092673440627735,5.5586952829218195,4.595361479959053,3.775612726642046,4.10722669272385,6.734041954422619,5.384209221649463,5.107760055452543,4.750106264187954,5.292148842118799,5.280235946002494,5.292168828207326,5.114845090277753,5.868798338305549,5.023104346000731,4.022061164447361,4.387577109099132,3.0209813065102877,7.026817116042393,5.862754591952687,4.169929504870763,4.7181551506029,4.363123525793567,6.542547211374117,3.580122835729071,5.114476058818779,4.891472157435152,5.826838630709115,4.895990772275305,3.241791123344565,4.748882165357559,4.027837782056675,5.079579546556561,6.434177036520326,3.260574755767722,4.199777264600097,4.447307046216503,4.618368904586789,5.7401256641052445,4.826455582438612,5.415802725720445,4.374226956268224,5.229924345417937,5.777797630877715,4.267700450262912,5.781358119806515,5.052372768727569,6.045460240482253,4.798580099923027,7.5613163596353505,4.95939376832147,7.514834984698739,5.25893042822569,6.2620437950299195,3.750435088075995,5.025965773268339,3.1403369594502015,7.0842702850092305,4.9057309292351,8.475352518789656,6.576172527741378,6.406599907182611,4.49230587161029,7.306953619075697,5.031621973910248,8.73321837362322,6.590795742171252,7.650278522341486,6.04402512944238,5.583837081539059,4.564751802994832,3.5910392532079607,5.2750022982918106,3.507897982854636,6.295207072669644,4.837937897963176,6.195177411511416,4.5197855658676005,5.268850786400992,5.209348857334689,4.954955881989076,4.567340486603408,5.39245601847052,4.073836736516792,3.7905646710409413,6.242826893326828,5.7271679888921,5.06589160860224,6.665142382543781,Non
P96,4.732234481275155,6.32270321998898,5.175574084925822,3.9752492499236096,6.84804019177085,5.9907108466240855,4.8789789689904355,5.727171259533949,4.596296566002093,5.829149035059542,2.6089214347160405,3.980198666305406,5.979259744286963,4.750344461781081,5.207542294888742,3.6532143378845654,6.847866995702103,6.190529643717676,4.799314781624671,4.595304143136674,6.029604361419693,6.982470450168927,5.953760255811353,7.1718026673966015,4.077648670938082,4.18061316950121,3.8110588819466513,5.4417606496494795,5.17560354980437,4.848048876528014,5.809258628123299,6.232328605214664,3.4743375907131577,4.403027972098885,5.82014359412306,4.532261316141418,4.201793923641846,6.0185374276503945,3.71049993027602,4.698420192208895,5.328644025804809,4.4261800860898814,5.783155656013175,4.4311230248026305,6.4086194934459195,4.874253702504228,5.6712701367053535,5.746023952982816,4.372459997255927,2.9465134513441114,5.360755754663835,5.07228834712487,5.555826027575128,4.773472527617162,4.569572301199284,7.0084730109816995,3.527645938489222,5.733950478364238,4.425398141816609,4.664221382259578,6.567805103348804,4.1965657258287425,8.307207636640056,6.390643595949957,6.80616092058971,5.103381996212095,7.454676759096239,5.516825265824451,7.008913363502935,4.619305376204908,6.519552349350771,4.4389108690190024,4.742299539050174,2.2547004463276155,6.517497652254981,4.154447823645386,7.866456369583922,5.7531899497325485,6.733753681027257,4.661330946116243,6.46644239118858,3.5907842019754863,3.467401765402238,5.2693061895623385,6.149487364010368,3.425658282268037,5.4076897368371775,5.580999539961692,2.9408395163076797,5.79850133790722,5.876605879842179,4.688214426743976,6.252346362298008,6.136455574324845,5.103117925717205,4.548554609675066,4.027172107417043,4.9624364906338085,5.569758919704179,4.675823138959359,Non
P97,2.80249899473797,6.26871389457657,5.190223221844894,4.620375503323166,5.857158388423288,6.524638596482756,2.1980884305121084,5.434263649922071,3.5733507891896528,5.499110506798941,5.127927202374579,5.63572652644055,4.500752385505344,3.126759888180848,4.549631808743332,5.406847635139783,6.015392328675223,3.828168699527475,6.0270604268730175,4.352127710353479,5.362449881594527,4.4901060471343675,5.182170627712102,5.891877634570275,3.772985922711464,4.320094103253169,5.184962587342087,7.401583661030353,4.136810287833172,7.040133885996919,7.004423303675171,4.902688849298409,4.7018474738000995,4.307934801335309,4.931797469667331,3.593280567440442,4.923760982679402,6.496880273850856,4.388914937523282,4.759275696010949,3.298859525732758,5.374062088131043,5.264481684951374,5.063702359765771,4.783172949777857,4.7072420812275455,5.501900233700672,4.971183398411377,5.314971871555332,5.214982817454548,6.123427287095762,5.676994097375054,5.19286184315019,6.51842203065218,5.420268529056561,6.304962688790419,5.606942608386638,3.158080921068457,6.304834763319329,5.135176241342669,7.754851150738762,5.281348347489577,6.655901038695568,5.227028860388946,8.255011120248556,6.27427225873437,6.998442564854035,4.6174161572775665,7.353351195373956,5.268775789148641,6.935260798566658,5.388424613677507,4.990316292049338,3.398818801188427,8.291163323779818,6.484641861876508,8.534829154236002,6.5894412835616984,7.090512598205473,4.99293709544917,4.602451303454222,3.6154819805750034,5.9877285159246,4.224393638562397,4.2201933242624,5.991926309886955,3.1170165533282734,3.476402189331833,4.981865756491918,5.293284429004852,5.484734647968924,4.6982015066037475,7.53036966864169,4.772107441234166,4.769213847897278,4.203013331186122,5.123906816521071,5.614961232046775,6.20357805453346,3.5107157355597822,Non
P98,4.7540046616442995,5.446703610809144,5.5870575345945355,5.006548657804539,5.542423969532102,4.1910361070742,6.557905432318357,5.992628102979429,3.6550722129348276,3.9248969518832446,3.953078249893094,5.6779699708965286,3.7152722335825326,4.668975665791919,5.4547043964167745,4.933834065453565,5.258887515712706,3.9341972886512417,5.5948543733972445,4.386788107524003,4.675380325602059,5.237731727905986,5.103078221530848,5.0239800190155925,4.249373178023244,4.700450588800808,5.002183590837036,3.624914766832915,4.537467033686621,5.387679879032847,3.7225633961546576,6.15658165159424,6.269613262599843,3.7548494240399144,6.357619633050139,4.856418411287866,5.418514559157055,4.503348947871753,5.923044827226762,5.406094018848667,4.185846743402396,3.8347980000347115,3.539697564790777,5.187941776432757,5.572471411779736,5.650965678779442,4.882018905392622,3.843003544335636,4.317925201976217,6.152348638961926,4.515371435399919,5.143417630681476,3.9243495164251128,5.336583045459035,4.542315438320922,6.046712713775763,5.773557706206813,4.504294053425101,4.873335972652336,4.448883759959371,6.406154025506897,4.142557570452784,7.180396182442242,5.325259498229582,6.226178239406269,4.698266946041365,7.4520440495424625,5.063541904560937,5.432838691163912,3.226224867797481,7.07745273939045,5.28378802783808,7.2952422030184065,4.787548297286944,8.825379351202045,6.587400602415537,7.715082174248051,5.165859026798673,7.722276534412808,5.368497586839039,4.542323007011567,6.07147593025456,3.890249872111726,5.323247187533562,3.452430205863689,5.203943857515995,5.19298964177293,6.676454961914663,3.4350261065582206,4.399112824146187,5.8226824265741435,5.335317256397308,5.180305051337503,4.043864297041461,4.409181651908571,6.245041008223256,4.948490806246072,5.375359696144473,4.884811671223521,3.8169144847502348,Non
P99,5.933810426074997,5.503232384532496,7.305636837367189,3.984418620349455,5.82257292120048,3.688456033962999,5.157346567673078,5.976506589063165,2.927864883903513,4.795067525758392,4.43679026595738,4.298042701704878,5.385212652259354,6.120685706422595,4.866721284770844,5.20548642756002,5.114308753059248,5.001803506356414,3.9106573622878935,6.108444601722892,5.295195368158836,5.394881490002578,4.193490370974418,4.540779602010759,4.823865802289221,3.4658753065511485,3.311965674802322,4.399252069361432,5.52252076644239,4.346862610070059,3.9811948024092865,4.18531434676233,4.5446575768546875,4.646141037179897,7.165521452206557,6.054620628487318,6.024774112281728,6.168580364273382,4.0011791306659505,3.777635385012761,3.8931297084659433,6.334506133337838,4.452808211117509,3.748643817760713,4.569003799780187,4.761394468285372,5.268413273694562,5.250951020712043,4.1718194361264915,5.685656392513711,4.360806466249842,4.843723663294957,5.686774070503355,4.358178596055659,4.430648576418863,5.591668049693131,4.142266823394981,4.615207976395929,5.555742178042893,7.054092441435975,7.8772477225836655,5.472639762990012,5.939922845030546,3.9268097259329506,7.081857955263814,4.970233511663598,7.031870569534551,5.116508052475871,6.87145412210181,4.688532805100799,5.569068080905905,3.772171433943008,8.312917196853684,6.390833548176643,6.752440722199059,4.979078962616923,5.787123728245884,3.639165021698921,8.950053412583038,6.712711411276272,5.0459609360489335,4.757416963710206,3.8007956749043568,5.4476962663950115,5.544459869527462,3.9055056391651037,4.8597244144495715,4.6644841679669335,5.255977146418771,3.8807497577793564,6.251947454513157,5.915823781597604,4.6368244412671835,4.783581288361629,4.863577849722384,4.221691446993496,4.556570581764964,4.729729632325391,6.612868370707128,5.946618308330437,Non
P100,5.934654707336623,5.369925613004391,3.882672991068765,4.958508895422621,5.97048845961338,3.7417353706327123,5.636553206873264,7.322609225262767,6.061816645989731,6.414029135561988,5.218338750442161,5.96793194876499,4.282146785645964,5.795863812341226,5.654388134060763,5.2899111740376625,6.316007419718498,4.4612151621526115,4.812942483526338,5.095462041358297,3.970389028910599,5.226931943800248,3.281069587046153,6.04695453442821,5.046637366565966,4.479107096096237,4.1656263877048785,4.765420970380813,5.688259710772414,5.547738978737561,4.294462052721539,4.153960327372365,5.656898706319647,4.2776525953849704,5.059909774079504,5.123754642524277,5.312062131726738,5.8582704301818715,3.7370370631326773,3.0888406747395125,4.432552718771649,6.801528407832186,7.022174100087378,6.831177135565888,4.80701863223931,3.217884918015171,2.656960898348159,4.385961838450589,4.80192636985064,6.300625401055958,5.867805459542446,5.22740507899162,4.110155229058858,4.03922044175511,5.254127687071436,5.6970509788397266,5.391881262245585,3.965402040393345,5.650667628792086,5.425910967101411,6.813916151920076,4.215679029699745,7.132334841494131,4.765492464854109,7.166555315151532,5.501129276064576,6.800535346404045,4.9897943996090675,6.6973290107655465,4.27160968675829,7.589072883847425,5.701389893809499,7.6143928946795505,5.603781469552959,7.128161539128051,4.458226763988398,5.80857812246978,4.099078881445847,5.15460245085652,3.2400411178507498,4.554204686173183,4.496277663170546,5.5259372802546505,5.243890941620451,3.8070266289808634,4.607273761574183,4.628537978912314,3.2240177530381073,4.01905327298663,4.229186369385911,6.433625019820946,5.191450715957353,5.662168753947499,3.5013645028507883,6.194214483013992,6.301102063024093,3.001655032855374,4.294683276084152,5.49576557301551,5.644388453538182,Non
