source,target
0,1
0,8
0,9
0,19
0,20
0,24
0,28
0,48
0,56
0,70
0,76
0,78
0,83
0,908
0,939
0,2518
0,2520
0,2533
0,2535
0,2540
0,2548
0,2550
0,2551
0,2883
1,0
1,8
1,12
1,28
1,42
1,48
1,51
1,58
1,59
1,62
1,70
1,79
1,2108
1,2515
1,2520
1,2536
2,24
2,38
2,41
2,48
2,56
2,60
2,80
2,90
2,95
2,946
2,2523
2,2533
2,2534
2,2551
3,34
3,37
3,40
3,47
3,49
3,57
3,64
3,67
3,88
3,2522
3,2537
3,2541
3,2543
3,2547
4,10
4,13
4,16
4,31
4,37
4,39
4,50
4,57
4,65
4,71
4,74
4,84
4,2516
4,2524
4,2525
4,2526
4,2530
4,2537
4,2538
4,2542
4,2544
5,6
5,9
5,14
5,26
5,29
5,36
5,42
5,46
5,55
5,58
5,59
5,63
5,79
5,86
5,89
5,94
5,2515
5,2539
5,2898
6,5
6,15
6,18
6,30
6,36
6,39
6,46
6,55
6,59
6,63
6,85
6,86
6,92
6,93
6,98
6,99
6,2515
6,2517
6,2554
7,35
7,43
7,54
7,72
7,100
7,204
7,281
7,294
7,909
7,965
7,985
7,2521
7,2529
7,2553
7,2591
7,3181
8,0
8,1
8,9
8,14
8,24
8,26
8,28
8,29
8,42
8,52
8,58
8,62
8,66
8,70
8,79
8,81
8,90
8,2520
8,2531
8,2540
8,2898
9,0
9,5
9,8
9,12
9,14
9,19
9,21
9,24
9,28
9,29
9,33
9,42
9,48
9,52
9,58
9,62
9,70
9,76
9,78
9,79
9,80
9,81
9,94
9,939
9,981
9,2519
9,2520
9,2535
9,2540
9,2548
9,2551
9,2898
10,4
10,13
10,32
10,65
10,71
10,84
10,2526
10,2527
10,2537
10,2541
10,2542
10,2544
10,2546
10,2547
10,2884
11,17
11,25
11,34
11,37
11,44
11,50
11,53
11,63
11,65
11,68
11,82
11,96
11,98
11,99
11,2522
11,2525
11,2526
11,2538
11,2539
11,2543
11,2545
11,2554
12,1
12,9
12,14
12,28
12,33
12,41
12,42
12,51
12,52
12,58
12,66
12,79
12,81
12,94
12,2515
12,2519
12,2520
13,4
13,10
13,16
13,32
13,37
13,57
13,64
13,65
13,71
13,74
13,84
13,2526
13,2527
13,2537
13,2541
13,2542
13,2544
13,2546
13,2547
13,2884
14,5
14,8
14,9
14,12
14,15
14,22
14,23
14,26
14,28
14,29
14,33
14,41
14,42
14,46
14,51
14,52
14,58
14,59
14,62
14,66
14,70
14,79
14,81
14,89
14,92
14,94
14,97
14,981
14,2515
14,2519
14,2520
14,2531
14,2536
14,2898
15,6
15,14
15,23
15,29
15,33
15,55
15,62
15,67
15,79
15,85
15,86
15,89
15,92
15,93
15,94
15,2108
15,2532
15,2536
16,4
16,13
16,17
16,37
16,50
16,65
16,71
16,74
16,82
16,2516
16,2524
16,2525
16,2526
16,2538
17,11
17,16
17,25
17,44
17,45
17,51
17,59
17,67
17,68
17,82
17,93
17,96
17,2522
17,2525
17,2538
17,2539
18,6
18,36
18,39
18,46
18,55
18,57
18,59
18,85
18,86
18,96
18,99
18,968
18,2516
18,2517
18,2524
19,0
19,9
19,21
19,24
19,38
19,75
19,76
19,78
19,80
19,87
19,939
19,946
19,2540
19,2883
20,0
20,24
20,35
20,38
20,43
20,60
20,61
20,73
20,75
20,76
20,78
20,80
20,83
20,87
20,95
20,946
20,2518
20,2521
20,2523
20,2533
20,2534
20,2905
21,9
21,19
21,24
21,28
21,42
21,76
21,78
21,80
21,939
21,946
21,2533
21,2535
21,2536
21,2540
21,2548
21,2550
22,14
22,28
22,41
22,42
22,48
22,51
22,56
22,58
22,59
22,79
22,81
22,2515
22,2531
22,2551
23,14
23,15
23,29
23,33
23,52
23,58
23,62
23,66
23,89
23,92
23,94
23,900
23,976
23,2515
23,2520
23,2531
24,0
24,2
24,8
24,9
24,19
24,20
24,21
24,28
24,42
24,48
24,56
24,61
24,70
24,73
24,76
24,78
24,80
24,83
24,90
24,91
24,95
24,908
24,939
24,946
24,2518
24,2520
24,2523
24,2528
24,2533
24,2535
24,2540
24,2548
24,2551
24,2897
25,11
25,17
25,44
25,51
25,59
25,67
25,68
25,69
25,77
25,82
25,93
25,96
25,2522
25,2525
25,2538
25,2539
26,5
26,8
26,14
26,28
26,29
26,42
26,55
26,58
26,59
26,62
26,63
26,79
26,86
26,94
27,76
27,80
27,87
27,308
27,334
27,341
27,377
27,516
27,910
27,945
27,2273
27,2550
27,2553
27,2599
27,2624
27,2651
27,3504
28,0
28,1
28,8
28,9
28,12
28,14
28,21
28,22
28,24
28,26
28,29
28,41
28,42
28,48
28,52
28,56
28,58
28,62
28,78
28,79
28,81
28,97
28,981
28,2515
28,2520
28,2531
28,2548
28,2551
28,2898
29,5
29,8
29,9
29,14
29,15
29,23
29,26
29,28
29,33
29,42
29,45
29,52
29,58
29,62
29,66
29,79
29,94
29,2520
29,2536
29,2898
30,6
30,36
30,44
30,51
30,59
30,63
30,68
30,69
30,82
30,85
30,86
30,93
30,98
30,99
30,2515
30,2517
30,2543
30,2554
31,4
31,36
31,37
31,39
31,57
31,63
31,65
31,68
31,98
31,99
31,2516
31,2517
31,2524
31,2525
31,2539
31,2544
31,2545
31,2552
31,2554
32,10
32,13
32,40
32,47
32,65
32,71
32,74
32,84
32,88
32,2526
32,2527
32,2530
32,2537
32,2541
32,2542
32,2546
32,2547
33,9
33,12
33,14
33,15
33,23
33,29
33,41
33,42
33,52
33,58
33,62
33,78
33,81
33,89
33,94
33,2108
33,2519
33,2520
33,2531
33,2536
34,3
34,11
34,37
34,40
34,47
34,49
34,50
34,53
34,64
34,67
34,69
34,82
34,88
34,98
34,2517
34,2541
34,2543
34,2545
34,2547
34,2554
35,7
35,20
35,38
35,43
35,54
35,60
35,61
35,72
35,73
35,75
35,83
35,87
35,95
35,920
35,985
35,2518
35,2521
35,2529
35,2534
35,2549
35,2553
35,2905
36,5
36,6
36,18
36,30
36,31
36,39
36,46
36,55
36,57
36,63
36,86
36,99
36,2524
36,2554
37,3
37,4
37,11
37,13
37,16
37,31
37,34
37,39
37,40
37,47
37,49
37,53
37,57
37,64
37,65
37,67
37,77
37,88
37,2516
37,2522
37,2524
37,2526
37,2530
37,2538
37,2541
37,2543
37,2545
37,2547
37,2554
38,2
38,19
38,20
38,35
38,54
38,60
38,72
38,73
38,75
38,87
38,920
38,946
38,2518
38,2521
38,2534
38,2553
39,4
39,6
39,18
39,31
39,36
39,37
39,45
39,46
39,55
39,57
39,68
39,86
39,2516
39,2517
39,2522
39,2524
39,2539
39,2552
39,2554
40,3
40,32
40,34
40,37
40,47
40,50
40,53
40,64
40,88
40,2526
40,2527
40,2530
40,2537
40,2538
40,2541
40,2542
40,2543
40,2545
40,2546
40,2547
41,2
41,12
41,14
41,22
41,28
41,33
41,42
41,48
41,56
41,58
41,81
41,90
41,94
41,2523
41,2533
41,2551
42,1
42,5
42,8
42,9
42,12
42,14
42,21
42,22
42,24
42,26
42,28
42,29
42,33
42,41
42,45
42,48
42,51
42,56
42,58
42,59
42,66
42,70
42,79
42,81
42,90
42,94
42,2108
42,2515
42,2536
42,2551
43,7
43,20
43,35
43,54
43,72
43,294
43,798
43,912
43,985
43,2521
43,2529
43,2553
43,2600
43,2905
44,11
44,17
44,25
44,30
44,53
44,67
44,69
44,77
44,82
44,85
44,86
44,96
44,98
44,99
44,2517
44,2525
44,2538
44,2539
44,2543
44,2554
45,17
45,29
45,39
45,42
45,58
45,59
45,79
45,82
45,91
45,97
45,966
45,978
45,2516
45,2528
45,2552
46,5
46,6
46,14
46,18
46,36
46,39
46,55
46,57
46,59
46,85
46,86
46,968
46,2516
46,2517
46,2524
46,2552
47,3
47,32
47,34
47,37
47,40
47,49
47,50
47,53
47,64
47,67
47,69
47,88
47,2522
47,2530
47,2532
47,2537
47,2541
47,2543
47,2545
47,2547
48,0
48,1
48,2
48,9
48,22
48,24
48,28
48,41
48,42
48,56
48,81
48,90
48,95
48,2518
48,2533
48,2548
48,2551
48,2883
49,3
49,34
49,37
49,47
49,57
49,64
49,67
49,69
49,88
49,2522
49,2532
49,2537
49,2541
49,2543
49,2545
49,2547
50,4
50,11
50,16
50,34
50,40
50,47
50,53
50,65
50,88
50,2517
50,2524
50,2525
50,2526
50,2537
50,2538
50,2543
51,1
51,12
51,14
51,17
51,22
51,25
51,30
51,42
51,52
51,58
51,59
51,66
51,68
51,70
51,79
51,82
51,93
51,2515
51,2536
52,8
52,9
52,12
52,14
52,23
52,28
52,29
52,33
52,51
52,58
52,62
52,66
52,79
52,81
52,89
52,94
52,2515
52,2519
52,2520
52,2531
52,2540
53,11
53,34
53,37
53,40
53,44
53,47
53,50
53,67
53,69
53,2537
53,2538
53,2543
53,2545
53,2547
54,7
54,35
54,38
54,43
54,60
54,72
54,87
54,345
54,909
54,920
54,922
54,937
54,985
54,2521
54,2529
54,2534
54,2553
54,2905
55,5
55,6
55,15
55,18
55,26
55,36
55,39
55,46
55,57
55,63
55,67
55,68
55,85
55,86
55,92
55,93
55,2517
55,2522
55,2532
55,2545
55,2554
56,0
56,2
56,22
56,24
56,28
56,41
56,42
56,48
56,61
56,70
56,81
56,90
56,95
56,2523
56,2533
56,2551
57,3
57,4
57,13
57,18
57,31
57,36
57,37
57,39
57,46
57,49
57,55
57,64
57,67
57,68
57,77
57,85
57,86
57,88
57,93
57,98
57,99
57,2516
57,2517
57,2522
57,2524
57,2532
57,2541
57,2543
57,2545
57,2554
58,1
58,5
58,8
58,9
58,12
58,14
58,22
58,23
58,26
58,28
58,29
58,33
58,41
58,42
58,45
58,51
58,52
58,59
58,62
58,63
58,66
58,70
58,79
58,81
58,91
58,94
58,97
58,966
58,978
58,981
58,2515
58,2520
58,2528
58,2531
58,2536
58,2552
58,2898
59,1
59,5
59,6
59,14
59,17
59,18
59,22
59,25
59,26
59,30
59,42
59,45
59,46
59,51
59,58
59,79
59,82
59,96
59,97
59,2515
59,2524
59,2552
60,2
60,20
60,35
60,38
60,54
60,61
60,72
60,73
60,87
60,95
60,2518
60,2521
60,2523
60,2533
60,2534
60,2905
61,20
61,24
61,35
61,56
61,60
61,75
61,78
61,80
61,87
61,95
61,908
61,946
61,2518
61,2523
61,2533
61,2535
61,2540
61,2553
62,1
62,8
62,9
62,14
62,15
62,23
62,26
62,28
62,29
62,33
62,52
62,58
62,79
62,81
62,89
62,94
62,900
62,976
62,2108
62,2519
62,2520
62,2531
62,2536
62,2548
62,2550
63,5
63,6
63,11
63,26
63,30
63,31
63,36
63,55
63,58
63,68
63,77
63,86
63,93
63,98
63,2515
63,2517
63,2522
63,2552
63,2554
64,3
64,13
64,34
64,37
64,40
64,47
64,49
64,57
64,88
64,2516
64,2517
64,2522
64,2526
64,2530
64,2537
64,2541
64,2543
64,2544
64,2545
64,2547
64,2554
65,4
65,10
65,11
65,13
65,16
65,31
65,32
65,37
65,50
65,71
65,74
65,82
65,84
65,2525
65,2526
65,2527
65,2530
65,2537
65,2538
65,2542
65,2544
65,2546
65,2547
65,2884
66,8
66,12
66,14
66,23
66,29
66,42
66,51
66,52
66,58
66,79
66,89
66,97
66,981
66,2515
66,2519
66,2520
66,2531
67,3
67,15
67,17
67,25
67,34
67,37
67,44
67,47
67,49
67,53
67,55
67,57
67,69
67,82
67,85
67,88
67,92
67,93
67,96
67,98
67,2517
67,2522
67,2532
67,2543
67,2545
67,2554
68,11
68,17
68,25
68,30
68,31
68,39
68,51
68,55
68,57
68,63
68,69
68,77
68,82
68,92
68,93
68,96
68,98
68,99
68,2515
68,2517
68,2522
68,2524
68,2539
68,2543
68,2545
68,2554
69,25
69,30
69,34
69,44
69,47
69,49
69,53
69,67
69,68
69,85
69,88
69,93
69,2522
69,2532
69,2543
70,0
70,1
70,8
70,9
70,14
70,24
70,42
70,51
70,56
70,58
70,79
70,91
70,981
70,2520
70,2540
70,2548
71,4
71,10
71,13
71,16
71,32
71,65
71,74
71,84
71,2526
71,2527
71,2537
71,2538
71,2542
71,2544
71,2546
71,2884
72,7
72,35
72,38
72,43
72,54
72,60
72,75
72,87
72,204
72,909
72,920
72,937
72,985
72,2521
72,2529
72,2534
72,2553
72,2905
73,20
73,24
73,35
73,38
73,60
73,75
73,91
73,95
73,920
73,946
73,2518
73,2523
73,2534
73,2549
73,2883
73,2897
74,4
74,13
74,16
74,32
74,65
74,71
74,84
74,2516
74,2525
74,2526
74,2527
74,2537
74,2538
74,2542
75,19
75,20
75,35
75,38
75,61
75,72
75,73
75,83
75,87
75,95
75,920
75,946
75,2518
75,2521
75,2534
75,2540
75,2549
76,0
76,9
76,19
76,20
76,21
76,24
76,27
76,78
76,80
76,939
76,946
76,2520
76,2535
76,2540
76,2550
77,25
77,37
77,44
77,57
77,63
77,68
77,86
77,88
77,93
77,96
77,99
77,2522
77,2539
77,2543
77,2545
77,2554
78,0
78,9
78,19
78,20
78,21
78,24
78,28
78,33
78,61
78,76
78,80
78,90
78,946
78,2518
78,2520
78,2533
78,2540
78,2550
79,1
79,5
79,8
79,9
79,12
79,14
79,15
79,22
79,26
79,28
79,29
79,42
79,45
79,51
79,52
79,58
79,59
79,62
79,66
79,70
79,81
79,89
79,94
79,97
79,966
79,978
79,981
79,2108
79,2520
79,2528
79,2531
79,2552
79,2898
80,2
80,9
80,19
80,20
80,21
80,24
80,27
80,61
80,76
80,78
80,83
80,939
80,946
80,2521
80,2533
80,2535
80,2540
80,2550
81,8
81,9
81,12
81,14
81,22
81,28
81,33
81,41
81,42
81,48
81,52
81,56
81,58
81,62
81,79
81,89
81,90
81,94
81,2519
81,2520
81,2531
81,2551
81,2898
82,11
82,16
82,17
82,25
82,30
82,34
82,44
82,45
82,51
82,59
82,65
82,67
82,68
82,93
82,96
82,2525
82,2538
82,2543
82,2552
82,2554
83,0
83,20
83,24
83,35
83,75
83,80
83,95
83,920
83,946
83,985
83,2521
83,2548
83,2553
83,2905
84,4
84,10
84,13
84,32
84,65
84,71
84,74
84,2526
84,2527
84,2537
84,2538
84,2542
84,2544
84,2546
84,2884
85,6
85,15
85,18
85,30
85,44
85,46
85,55
85,57
85,67
85,69
85,86
85,92
85,93
85,98
85,99
85,2517
85,2532
85,2543
85,2554
86,5
86,6
86,15
86,18
86,26
86,30
86,36
86,39
86,44
86,46
86,55
86,57
86,63
86,77
86,85
86,92
86,93
86,98
86,99
86,2516
86,2517
86,2524
86,2532
86,2539
86,2554
87,19
87,20
87,27
87,35
87,38
87,54
87,60
87,61
87,72
87,75
87,920
87,2518
87,2521
87,2534
87,2553
88,3
88,32
88,34
88,37
88,40
88,47
88,49
88,50
88,57
88,64
88,67
88,69
88,77
88,93
88,98
88,99
88,2516
88,2517
88,2522
88,2526
88,2530
88,2537
88,2538
88,2541
88,2543
88,2545
88,2546
88,2547
88,2554
89,5
89,14
89,15
89,23
89,33
89,52
89,62
89,66
89,79
89,81
89,92
89,2519
89,2520
89,2531
89,2532
90,2
90,8
90,24
90,41
90,42
90,48
90,56
90,78
90,81
90,95
90,966
90,2523
90,2528
90,2533
90,2551
91,24
91,45
91,58
91,70
91,73
91,97
91,966
91,978
91,2518
91,2528
91,2552
91,2883
91,2896
91,2897
92,6
92,14
92,15
92,23
92,55
92,67
92,68
92,85
92,86
92,89
92,93
92,2522
92,2532
92,2536
92,2543
92,2545
92,2554
93,6
93,15
93,17
93,25
93,30
93,51
93,55
93,57
93,63
93,67
93,68
93,69
93,77
93,82
93,85
93,86
93,88
93,92
93,96
93,98
93,2515
93,2522
93,2532
93,2543
93,2545
93,2554
94,5
94,9
94,12
94,14
94,15
94,23
94,26
94,29
94,33
94,41
94,42
94,52
94,58
94,62
94,79
94,81
94,2520
94,2536
94,2548
95,2
95,20
95,24
95,35
95,48
95,56
95,60
95,61
95,73
95,75
95,83
95,90
95,946
95,2518
95,2523
95,2533
95,2534
95,2549
95,2551
95,2905
96,11
96,17
96,18
96,25
96,44
96,59
96,67
96,68
96,77
96,82
96,93
96,2517
96,2522
96,2525
96,2538
96,2539
96,2554
97,14
97,28
97,45
97,58
97,59
97,66
97,79
97,91
97,966
97,978
97,981
97,2520
97,2528
97,2531
97,2552
98,6
98,11
98,30
98,31
98,34
98,44
98,57
98,63
98,67
98,68
98,85
98,86
98,88
98,93
98,99
98,2517
98,2524
98,2543
98,2545
98,2554
99,6
99,11
99,18
99,30
99,31
99,36
99,44
99,57
99,68
99,77
99,85
99,86
99,88
99,98
99,2517
99,2524
99,2543
99,2545
99,2554
100,7
100,103
100,137
100,151
100,155
100,165
100,196
100,951
100,1550
100,1594
100,1687
100,1918
100,2376
100,2591
100,3000
100,3176
100,3181
100,3437
100,3458
101,105
101,121
101,126
101,135
101,140
101,145
101,162
101,171
101,181
101,1048
101,1130
101,2572
101,2574
101,2593
101,2973
101,3245
101,3263
102,105
102,119
102,163
102,667
102,680
102,683
102,1114
102,1120
102,1123
102,1138
102,1146
102,1166
102,1180
102,1186
102,1840
102,2964
102,2984
102,3259
103,100
103,137
103,155
103,165
103,169
103,196
103,620
103,1015
103,1223
103,1576
103,1914
103,1926
103,1934
103,1985
103,2452
103,2555
103,3127
103,3176
103,3287
103,3297
103,3306
104,132
104,157
104,170
104,182
104,184
104,189
104,190
104,660
104,1605
104,1615
104,1622
104,1697
104,2573
104,2576
105,101
105,102
105,106
105,107
105,116
105,121
105,122
105,128
105,135
105,142
105,150
105,162
105,164
105,167
105,168
105,181
105,195
105,199
105,667
105,680
105,687
105,1014
105,2567
105,2575
105,2577
105,2578
105,2587
105,2589
106,105
106,121
106,122
106,128
106,156
106,164
106,167
106,175
106,178
106,195
106,199
106,667
106,1075
106,1114
106,2575
106,2577
106,2578
106,2587
106,2948
107,105
107,116
107,128
107,140
107,158
107,164
107,167
107,175
107,195
107,199
107,616
107,667
107,1072
107,2578
107,2587
107,2589
107,2762
108,110
108,116
108,136
108,140
108,141
108,150
108,156
108,158
108,162
108,168
108,175
108,194
108,199
108,600
108,642
108,690
108,1033
108,1040
108,1048
108,1838
108,2557
108,2567
108,2572
108,2774
108,3278
109,111
109,112
109,125
109,129
109,143
109,157
109,160
109,163
109,174
109,187
109,671
109,696
109,1002
109,1008
109,1107
109,1139
109,1842
109,1877
109,1897
109,1921
109,2566
109,2570
109,2582
109,2586
109,2768
109,2928
109,2954
109,3244
109,3247
109,3264
109,3268
109,3294
110,108
110,135
110,145
110,150
110,178
110,600
110,642
110,1028
110,2557
110,2559
110,2567
110,2588
110,2590
110,2593
110,2782
111,109
111,112
111,120
111,125
111,131
111,1095
111,1107
111,1124
111,1139
111,1156
111,1881
111,2570
111,2586
111,2768
111,2781
111,2917
111,2928
111,2954
112,109
112,111
112,125
112,143
112,163
112,174
112,1102
112,1120
112,1124
112,1132
112,1152
112,1156
112,1178
112,1881
112,2380
112,2566
112,2585
112,2917
112,2928
113,117
113,126
113,145
113,158
113,178
113,191
113,194
113,667
113,1057
113,1071
113,1137
113,1150
113,2589
113,2932
114,119
114,125
114,143
114,153
114,163
114,646
114,672
114,1002
114,1106
114,1123
114,1124
114,1132
114,1139
114,1140
114,1151
114,1178
114,1184
114,1189
114,1881
114,2955
114,2972
114,2977
115,134
115,138
115,154
115,159
115,176
115,180
115,188
115,605
115,630
115,632
115,651
115,1660
115,1694
115,2556
115,3169
116,105
116,107
116,108
116,126
116,135
116,140
116,148
116,164
116,168
116,171
116,178
116,616
116,1021
116,1883
116,2562
116,2564
116,2567
116,2572
116,2589
116,2593
117,113
117,126
117,141
117,145
117,171
117,175
117,179
117,191
117,614
117,638
117,648
117,665
117,667
117,668
117,1137
117,1173
117,2557
117,2562
117,2593
117,2764
117,2978
118,144
118,148
118,150
118,1028
118,1115
118,1171
118,1197
118,1829
118,1883
118,1885
118,1890
118,1984
118,2782
118,2988
119,102
119,114
119,638
119,648
119,667
119,683
119,1100
119,1114
119,1130
119,1137
119,1146
119,1159
119,1170
119,1173
119,1177
119,1186
119,1871
119,2563
119,2578
119,2766
119,2973
119,2984
119,3263
120,111
120,123
120,129
120,131
120,144
120,149
120,185
120,187
120,198
120,613
120,623
120,635
120,650
120,671
120,696
120,1101
120,1107
120,1117
120,1118
120,1120
120,1124
120,1129
120,1135
120,1139
120,1142
120,1151
120,1154
120,1156
120,1166
120,1169
120,1178
120,1191
120,1192
120,1831
120,1840
120,1853
120,1900
120,2568
120,2570
120,2586
120,2758
120,2768
120,2775
120,2781
120,2782
120,2955
120,2960
120,2979
120,2981
120,3256
120,3264
120,3268
121,101
121,105
121,106
121,122
121,128
121,162
121,167
121,195
121,667
121,683
121,1014
121,1114
121,1180
121,2936
121,2939
121,3245
122,105
122,106
122,121
122,128
122,142
122,156
122,162
122,167
122,195
122,199
122,638
122,667
122,680
122,694
122,697
122,1014
122,1072
122,1082
122,1170
122,1180
122,3304
123,120
123,144
123,180
123,185
123,193
123,197
123,613
123,635
123,671
123,681
123,1004
123,1013
123,1034
123,1050
123,1067
123,2569
123,2580
123,2757
123,2761
123,2768
123,2775
123,2781
123,3310
124,126
124,141
124,145
124,158
124,175
124,178
124,183
124,194
124,600
124,661
124,1033
124,1037
124,2559
124,2562
124,2588
124,2590
125,109
125,111
125,112
125,114
125,160
125,174
125,1061
125,1120
125,1132
125,1139
125,1151
125,1156
125,1877
125,1881
125,2566
125,2586
125,2917
125,2928
125,2937
125,2952
125,2954
126,101
126,113
126,116
126,117
126,124
126,135
126,140
126,141
126,142
126,145
126,158
126,164
126,171
126,175
126,178
126,191
126,194
126,636
126,638
126,648
126,665
126,667
126,683
126,1057
126,1077
126,1162
126,1173
126,2559
126,2562
126,2563
126,2564
126,2567
126,2572
126,2587
126,2588
126,2589
126,2593
126,2762
127,170
127,184
127,510
127,660
127,688
127,1605
127,1607
127,1614
127,1619
127,1622
127,1679
127,1795
127,2056
127,2456
127,2576
127,2579
127,3198
128,105
128,106
128,107
128,121
128,122
128,142
128,158
128,167
128,638
128,1014
128,1054
128,1072
128,1082
128,1159
128,1180
128,2575
129,109
129,120
129,160
129,174
129,186
129,187
129,696
129,1002
129,1102
129,1109
129,1110
129,1132
129,1139
129,1142
129,1151
129,1156
129,1853
129,2975
129,2977
130,133
130,144
130,152
130,155
130,193
130,623
130,697
130,1032
130,1075
130,1096
130,1129
130,1915
130,1969
130,1976
130,1985
130,1994
130,2583
130,2761
130,2775
130,2781
130,2931
130,3281
130,3282
130,3310
131,111
131,120
131,132
131,144
131,157
131,182
131,187
131,198
131,618
131,621
131,647
131,671
131,681
131,696
131,1615
131,1807
131,1829
131,1831
131,1853
131,2565
131,2566
131,2570
131,2586
131,2768
131,2917
131,3247
131,3264
132,104
132,131
132,157
132,182
132,184
132,618
132,621
132,629
132,647
132,660
132,663
132,681
132,1607
132,1615
132,1993
132,2565
132,2573
132,2576
132,2579
132,3305
133,130
133,152
133,658
133,1015
133,1032
133,1075
133,1096
133,1934
133,1946
133,1951
133,1972
133,1999
133,2555
133,2583
133,3297
134,115
134,147
134,159
134,180
134,185
134,190
134,193
134,602
134,615
134,628
134,632
134,663
134,671
134,681
134,1034
134,1051
134,1615
134,1851
134,2556
134,2761
134,2769
134,2771
134,2938
134,2940
135,101
135,105
135,110
135,116
135,126
135,140
135,145
135,146
135,150
135,164
135,178
135,183
135,195
135,614
135,2559
135,2567
135,2588
135,2589
135,2593
136,108
136,140
136,191
136,192
136,675
136,1016
136,1021
136,1078
136,1165
136,1173
136,1188
136,2564
136,2915
136,2941
136,2950
136,3272
136,3303
137,100
137,103
137,151
137,155
137,161
137,165
137,188
137,196
137,368
137,482
137,630
137,651
137,1032
137,1519
137,1657
137,1687
137,1914
137,1916
137,1918
137,1926
137,1929
137,1936
137,1950
137,1964
137,2448
137,2452
137,2555
137,2591
137,2785
137,3169
137,3176
137,3181
137,3307
137,3437
137,3458
138,115
138,151
138,154
138,159
138,176
138,188
138,291
138,605
138,630
138,651
138,1657
138,1660
138,2475
138,2556
138,3169
138,3504
139,524
139,530
139,568
139,632
139,660
139,663
139,895
139,1528
139,1581
139,1661
139,1690
139,1697
139,1993
139,2032
139,2556
139,2560
139,2573
139,2584
139,2729
139,2733
139,2741
139,3192
139,3305
140,101
140,107
140,108
140,116
140,126
140,135
140,136
140,141
140,142
140,145
140,150
140,156
140,158
140,162
140,164
140,167
140,171
140,175
140,177
140,179
140,191
140,199
140,683
140,1021
140,1057
140,1077
140,1173
140,1883
140,2562
140,2563
140,2564
140,2572
140,2577
140,2578
140,2587
140,2589
140,2593
140,2762
140,3259
141,108
141,117
141,124
141,126
141,140
141,145
141,158
141,175
141,178
141,179
141,194
141,668
141,1009
141,1021
141,1033
141,2562
141,2572
141,2577
141,2590
142,105
142,122
142,126
142,128
142,140
142,145
142,158
142,175
142,1054
142,1057
142,1072
142,1082
142,1170
142,2564
142,2587
142,2589
143,109
143,112
143,114
143,149
143,163
143,1124
143,1132
143,1156
143,1178
143,1180
143,1186
143,2570
143,2586
143,2768
143,2977
144,118
144,120
144,123
144,130
144,131
144,149
144,197
144,613
144,623
144,624
144,629
144,635
144,647
144,656
144,671
144,692
144,1117
144,1129
144,1142
144,1151
144,1154
144,1192
144,1900
144,2568
144,2570
144,2571
144,2580
144,2586
144,2757
144,2758
144,2768
144,2775
144,2781
144,2960
144,2961
144,2965
144,3256
145,101
145,110
145,113
145,117
145,124
145,126
145,135
145,140
145,141
145,142
145,164
145,175
145,178
145,183
145,683
145,2559
145,2562
145,2564
145,2588
145,2589
145,2593
146,135
146,166
146,171
146,178
146,1020
146,1075
146,1119
146,1127
146,1141
146,1176
146,2559
146,2561
146,2569
146,2583
146,2588
146,2590
147,134
147,184
147,618
147,621
147,662
147,663
147,681
147,1022
147,1051
147,1851
147,1863
147,1890
147,2759
147,2763
147,2769
147,2780
147,2786
147,2938
148,116
148,118
148,150
148,168
148,178
148,616
148,656
148,1003
148,1005
148,1021
148,1028
148,1033
148,1053
148,1153
148,1838
148,1883
148,2559
148,2563
148,2567
148,2569
148,2572
148,2590
148,2593
148,2933
148,2948
149,120
149,143
149,144
149,185
149,193
149,198
149,635
149,671
149,1109
149,1139
149,2570
149,2582
149,2586
149,2768
150,105
150,108
150,110
150,118
150,135
150,140
150,148
150,162
150,167
150,168
150,614
150,624
150,636
150,642
150,656
150,692
150,1005
150,1147
150,1153
150,1883
150,2557
150,2559
150,2567
150,2590
150,2593
150,2756
150,2774
150,2782
150,2987
151,100
151,137
151,138
151,188
151,368
151,630
151,651
151,652
151,937
151,1513
151,1519
151,1657
151,1687
151,1914
151,1916
151,1918
151,1936
151,1950
151,2448
151,2591
151,2910
151,3181
151,3307
152,130
152,133
152,658
152,1032
152,1075
152,1096
152,1934
152,1946
152,1951
152,1972
152,1986
152,1999
152,2555
152,2583
152,2931
153,114
153,163
153,1120
153,1124
153,1132
153,1152
153,1166
153,1178
153,1180
153,1184
153,1189
153,1881
153,2964
153,2972
154,115
154,138
154,159
154,161
154,176
154,180
154,190
154,632
154,1930
154,1949
154,2556
154,2560
154,2573
154,3192
155,100
155,103
155,130
155,137
155,161
155,165
155,169
155,196
155,620
155,1015
155,1032
155,1949
155,1985
155,2555
155,3287
155,3297
156,106
156,108
156,122
156,140
156,167
156,175
156,195
156,199
156,636
156,642
156,648
156,668
156,680
156,1114
156,2578
156,2593
157,104
157,109
157,131
157,132
157,170
157,182
157,189
157,621
157,629
157,696
157,1102
157,1156
157,2558
157,2566
157,2579
157,2586
157,2592
158,107
158,108
158,113
158,124
158,126
158,128
158,140
158,141
158,142
158,175
158,192
158,194
158,199
158,638
158,648
158,667
158,1150
158,2567
158,2589
158,2762
159,115
159,134
159,138
159,154
159,176
159,180
159,185
159,190
159,193
159,602
159,632
159,895
159,1065
159,1660
159,2556
159,2560
159,2938
159,3192
160,109
160,125
160,129
160,187
160,1101
160,1109
160,1110
160,1120
160,1139
160,1151
160,1156
160,1161
160,1189
160,2917
160,2972
160,2977
160,3244
161,137
161,154
161,155
161,165
161,169
161,196
161,620
161,651
161,1910
161,1914
161,1926
161,1929
161,1930
161,1936
161,1943
161,1949
161,1985
161,2452
161,3287
161,3306
162,101
162,105
162,108
162,121
162,122
162,140
162,150
162,163
162,168
162,195
162,197
162,199
162,656
162,1111
162,1124
162,1166
162,1171
162,2567
162,2568
162,2774
162,2782
162,3259
163,102
163,109
163,112
163,114
163,143
163,153
163,162
163,1111
163,1117
163,1120
163,1123
163,1124
163,1132
163,1139
163,1166
163,1178
163,1180
163,1186
163,1189
163,1881
163,2568
163,2582
163,2586
163,2955
163,2962
163,2981
163,2983
163,3244
164,105
164,106
164,107
164,116
164,126
164,135
164,140
164,145
164,178
164,195
164,1883
164,2559
164,2562
164,2589
164,2593
165,100
165,103
165,137
165,155
165,161
165,169
165,196
165,620
165,1594
165,1910
165,1914
165,1916
165,1918
165,1926
165,1929
165,1943
165,1949
165,1972
165,1985
165,2376
165,2555
165,3176
165,3277
165,3287
165,3297
165,3302
165,3306
165,3437
166,146
166,610
166,662
166,682
166,1020
166,1176
166,1821
166,1855
166,1860
166,1862
166,1864
166,1868
166,2779
166,3242
166,3243
166,3270
167,105
167,106
167,107
167,121
167,122
167,128
167,140
167,150
167,156
167,195
167,199
167,1014
167,1040
167,1054
167,1070
167,1123
167,1166
167,1180
167,1840
167,1887
167,2567
167,2575
167,2589
167,2920
167,2928
167,2936
167,3259
168,105
168,108
168,116
168,148
168,150
168,162
168,194
168,199
168,1153
168,1838
168,2559
168,2577
168,2580
168,2587
168,2590
169,103
169,155
169,161
169,165
169,196
169,620
169,1015
169,1032
169,1334
169,1910
169,1914
169,1929
169,1985
169,2555
169,3174
169,3176
169,3277
169,3287
169,3306
170,104
170,127
170,157
170,184
170,189
170,533
170,641
170,660
170,688
170,1605
170,1619
170,2558
170,2576
170,2579
170,2584
171,101
171,116
171,117
171,126
171,140
171,146
171,175
171,179
171,191
171,616
171,648
171,1137
171,1153
171,2561
171,2562
171,2583
171,2593
171,2762
171,2993
172,183
172,197
172,610
172,615
172,679
172,1073
172,1129
172,1810
172,1820
172,1838
172,1841
172,1842
172,1847
172,1866
172,1885
172,1890
172,1984
172,2569
172,2571
172,2580
172,2581
172,2756
172,3272
173,186
173,197
173,615
173,625
173,1194
173,1802
173,1833
173,1849
173,1873
173,2574
173,2582
173,2966
173,2972
173,3235
174,109
174,112
174,125
174,129
174,186
174,187
174,650
174,1102
174,1109
174,1120
174,1132
174,1139
174,1151
174,1156
174,1161
174,1881
174,2566
174,2586
174,2943
174,2972
174,2982
174,3244
174,3256
174,3259
175,106
175,107
175,108
175,117
175,124
175,126
175,140
175,141
175,142
175,145
175,156
175,158
175,171
175,177
175,178
175,194
175,1009
175,1057
175,1077
175,1082
175,1173
175,2562
175,2567
175,2577
175,2578
175,2587
175,2588
175,2590
175,2593
175,2762
175,2926
175,2932
175,2946
176,115
176,138
176,154
176,159
176,180
176,632
176,663
176,1600
176,1660
176,1694
176,1930
176,1960
176,1989
176,2556
176,2723
176,2889
176,3169
177,140
177,175
177,1009
177,1021
177,1052
177,1054
177,1056
177,1057
177,1068
177,1077
177,1087
177,2921
177,2926
177,2932
177,2946
178,106
178,110
178,113
178,116
178,124
178,126
178,135
178,141
178,145
178,146
178,148
178,164
178,175
178,194
178,600
178,616
178,1053
178,1162
178,1883
178,2559
178,2562
178,2572
178,2577
178,2588
178,2589
178,2590
178,2593
179,117
179,140
179,141
179,171
179,191
179,661
179,1143
179,1153
179,1820
179,2562
179,2563
179,2572
179,2593
179,2756
180,115
180,123
180,134
180,154
180,159
180,176
180,190
180,193
180,602
180,605
180,628
180,632
180,635
180,663
180,677
180,681
180,1022
180,1034
180,1050
180,1051
180,1065
180,1067
180,1660
180,1905
180,1930
180,2556
180,2771
180,2938
180,3310
181,101
181,105
181,1048
181,1825
181,1826
181,1893
181,2561
181,2594
181,3238
181,3243
181,3245
181,3246
181,3269
181,3270
181,3271
182,104
182,131
182,132
182,157
182,189
182,190
182,621
182,641
182,647
182,1000
182,1163
182,1615
182,2565
182,2571
182,2584
182,2592
183,124
183,135
183,145
183,172
183,192
183,1006
183,1007
183,1020
183,1021
183,1028
183,1074
183,1165
183,1801
183,1841
183,1872
183,2559
183,2588
183,2963
183,3272
184,104
184,127
184,132
184,147
184,170
184,190
184,533
184,628
184,660
184,1000
184,1044
184,1051
184,1065
184,1607
184,1619
184,1679
184,2456
184,2560
184,2573
184,2579
184,3305
185,120
185,123
185,134
185,149
185,159
185,193
185,198
185,602
185,618
185,621
185,635
185,641
185,671
185,681
185,696
185,1933
185,1941
185,1966
185,1989
185,2759
185,2768
185,2775
185,3310
186,129
186,173
186,174
186,1109
186,1110
186,1148
186,1156
186,1194
186,2574
186,2582
186,2770
186,2966
186,2972
186,2975
186,3249
187,109
187,120
187,129
187,131
187,160
187,174
187,696
187,1008
187,1102
187,1109
187,1139
187,1191
187,1853
187,2566
187,2917
187,3264
187,3268
188,115
188,137
188,138
188,151
188,341
188,368
188,482
188,630
188,651
188,652
188,775
188,937
188,1687
188,1914
188,1916
188,1950
188,2448
188,2489
188,2553
188,2591
188,2635
188,2785
188,2910
188,3181
188,3307
189,104
189,157
189,170
189,182
189,524
189,688
189,1605
189,1619
189,1621
189,1690
189,1697
189,2558
189,2573
189,2576
189,2579
190,104
190,134
190,154
190,159
190,180
190,182
190,184
190,602
190,641
190,663
190,681
190,1000
190,1051
190,1065
190,1615
190,1791
190,2483
190,2556
191,113
191,117
191,126
191,136
191,140
191,171
191,179
191,194
191,616
191,617
191,638
191,648
191,667
191,668
191,675
191,1150
191,1173
191,1183
191,2563
191,2564
191,2572
191,2587
191,2589
191,2593
191,2762
191,2765
191,2794
192,136
192,158
192,183
192,600
192,684
192,1017
192,1116
192,1133
192,1134
192,1155
192,1165
192,1166
192,1167
192,1171
192,1838
192,1845
192,1872
192,1883
192,1895
192,2563
192,2982
192,2985
192,2989
192,3296
193,123
193,130
193,134
193,149
193,159
193,180
193,185
193,198
193,602
193,635
193,671
193,681
193,1034
193,1615
193,1993
193,2556
193,2761
193,2771
193,2931
193,3310
194,108
194,113
194,124
194,126
194,141
194,158
194,168
194,175
194,178
194,191
194,199
194,616
194,617
194,638
194,668
194,687
194,1173
194,2559
194,2564
194,2577
194,2578
194,2587
195,105
195,106
195,107
195,121
195,122
195,135
195,156
195,162
195,164
195,167
195,684
195,1887
195,2567
195,2575
195,2589
196,100
196,103
196,137
196,155
196,161
196,165
196,169
196,457
196,620
196,1015
196,1576
196,1914
196,1929
196,1985
196,2452
196,2555
196,2697
196,2888
196,3176
196,3287
197,123
197,144
197,162
197,172
197,173
197,650
197,669
197,1111
197,1148
197,1194
197,1876
197,2574
197,2582
197,2960
197,3243
198,120
198,131
198,149
198,185
198,193
198,671
198,681
198,696
198,1139
198,1853
198,2586
198,2979
198,3247
198,3264
199,105
199,106
199,107
199,108
199,122
199,140
199,156
199,158
199,162
199,167
199,168
199,194
199,648
199,667
199,687
199,1054
199,1072
199,2563
199,2575
199,2578
199,2587
199,3278
199,3304
200,213
200,215
200,216
200,225
200,274
200,275
200,282
200,292
200,305
200,379
200,387
200,817
200,818
200,857
200,883
200,2270
200,2282
200,2283
200,2597
200,2621
200,2628
200,2631
200,2643
200,2647
200,2674
200,3401
201,212
201,230
201,256
201,290
201,437
201,811
201,813
201,847
201,852
201,875
201,2216
201,2604
201,2607
201,2617
201,2627
201,2667
201,2847
202,247
202,250
202,329
202,336
202,358
202,362
202,371
202,391
202,832
202,833
202,840
202,844
202,859
202,884
202,895
202,899
202,2205
202,2262
202,2270
202,2284
202,2295
202,2649
202,2844
202,2854
202,2863
202,2871
202,3425
203,205
203,250
203,293
203,312
203,336
203,375
203,381
203,826
203,958
203,2023
203,2035
203,2629
203,2641
203,2666
203,2667
203,2694
203,3323
204,7
204,72
204,218
204,281
204,286
204,294
204,341
204,357
204,868
204,912
204,965
204,2529
204,2599
204,2841
204,3181
205,203
205,206
205,233
205,241
205,271
205,293
205,312
205,375
205,843
205,996
205,2609
205,2611
205,2612
205,2618
205,2629
205,2666
205,2667
206,205
206,207
206,231
206,249
206,278
206,318
206,350
206,811
206,813
206,2622
206,2633
206,2667
206,2845
206,2847
206,2865
207,206
207,217
207,231
207,233
207,234
207,236
207,238
207,241
207,243
207,249
207,255
207,263
207,278
207,298
207,302
207,384
207,816
207,849
207,2005
207,2008
207,2010
207,2017
207,2623
207,2626
207,2632
207,2633
207,2843
207,2845
207,3328
208,223
208,283
208,314
208,452
208,802
208,861
208,889
208,2025
208,2031
208,2061
208,2211
208,2276
208,2607
208,2652
208,2698
209,213
209,215
209,216
209,225
209,228
209,275
209,284
209,292
209,324
209,345
209,2238
209,2597
209,2605
209,2628
209,2631
209,2643
209,2890
210,227
210,247
210,255
210,260
210,262
210,269
210,287
210,295
210,299
210,319
210,345
210,929
210,940
210,965
210,2023
210,2282
210,2596
210,2602
210,2629
210,2630
210,2644
211,251
211,261
211,303
211,315
211,331
211,335
211,344
211,353
211,354
211,367
211,372
211,437
211,492
211,800
211,801
211,803
211,804
211,815
211,822
211,824
211,829
211,834
211,837
211,850
211,852
211,854
211,867
211,870
211,872
211,894
211,898
211,2222
211,2231
211,2244
211,2279
211,2613
211,2645
211,2664
211,2665
211,2849
211,2852
211,2859
211,2869
211,3402
211,3418
212,201
212,229
212,268
212,277
212,290
212,298
212,431
212,437
212,852
212,2005
212,2016
212,2017
212,2038
212,2039
212,2050
212,2083
212,2607
212,2613
212,2622
212,2692
212,3326
213,200
213,209
213,215
213,216
213,228
213,274
213,275
213,282
213,292
213,389
213,453
213,806
213,809
213,892
213,906
213,2236
213,2238
213,2597
213,2605
213,2621
213,2628
213,2643
213,3401
213,3415
213,3433
214,268
214,2016
214,2020
214,2075
214,2083
214,2107
214,2113
214,2121
214,2133
214,2144
214,2147
214,2159
214,2193
214,2634
214,3330
215,200
215,209
215,213
215,216
215,218
215,225
215,242
215,275
215,284
215,292
215,379
215,389
215,806
215,809
215,818
215,864
215,892
215,893
215,2220
215,2236
215,2597
215,2605
215,2621
215,2628
215,2631
215,2643
215,3415
216,200
216,209
216,213
216,215
216,254
216,274
216,282
216,306
216,453
216,818
216,857
216,883
216,2236
216,2238
216,2282
216,2596
216,2597
216,2605
216,2615
216,2621
216,2628
216,2643
216,2644
216,2656
217,207
217,231
217,236
217,2000
217,2008
217,2017
217,2033
217,2058
217,2059
217,2084
217,2092
217,2098
217,2099
217,2633
217,3318
217,3323
217,3328
218,204
218,215
218,242
218,281
218,284
218,286
218,292
218,294
218,345
218,389
218,818
218,950
218,965
218,2596
218,2628
218,2631
218,2895
219,231
219,257
219,298
219,2014
219,2021
219,2022
219,2027
219,2039
219,2082
219,2087
219,2096
219,2098
219,2608
219,2622
219,3321
219,3367
219,3378
220,298
220,385
220,2201
220,2235
220,2242
220,2247
220,2254
220,2292
220,2606
220,2627
220,2650
220,2847
220,3408
220,3413
220,3426
221,234
221,245
221,255
221,262
221,276
221,284
221,299
221,324
221,929
221,2041
221,2605
221,2623
221,3337
221,3345
222,227
222,228
222,233
222,234
222,243
222,253
222,255
222,262
222,264
222,266
222,270
222,299
222,319
222,384
222,2111
222,2608
222,2610
222,2614
222,2618
222,2662
223,208
223,229
223,280
223,283
223,314
223,889
223,2025
223,2031
223,2038
223,2045
223,2061
223,2077
223,2211
223,3383
224,235
224,254
224,255
224,305
224,319
224,325
224,397
224,2202
224,2615
224,2636
224,2651
224,2662
224,2686
224,2856
224,3425
224,3433
225,200
225,209
225,215
225,269
225,275
225,284
225,292
225,357
225,378
225,379
225,387
225,389
225,412
225,817
225,818
225,832
225,883
225,893
225,929
225,2212
225,2225
225,2268
225,2282
225,2596
225,2597
225,2621
225,2628
225,2631
225,2844
225,2856
225,2866
225,3395
226,231
226,2117
226,2118
226,2126
226,2129
226,2144
226,2147
226,2151
226,2182
226,2183
226,2188
226,2194
226,2196
226,2603
226,3321
226,3367
226,3384
227,210
227,222
227,234
227,243
227,255
227,260
227,263
227,299
227,319
227,379
227,443
227,940
227,2608
227,2610
227,2615
227,2625
227,2641
227,3337
228,209
228,213
228,222
228,235
228,245
228,253
228,255
228,265
228,270
228,275
228,305
228,929
228,2043
228,2597
228,2605
228,2615
229,212
229,223
229,230
229,268
229,279
229,285
229,290
229,331
229,852
229,878
229,889
229,2031
229,2038
229,2604
229,2607
229,2617
229,2692
230,201
230,229
230,268
230,277
230,279
230,331
230,437
230,492
230,803
230,852
230,877
230,878
230,982
230,2031
230,2097
230,2604
230,2607
230,2617
230,2640
230,2692
230,2874
230,3326
230,3350
231,206
231,207
231,217
231,219
231,226
231,236
231,263
231,278
231,298
231,2000
231,2003
231,2008
231,2017
231,2021
231,2034
231,2051
231,2066
231,2082
231,2098
231,2112
231,2135
231,2138
231,2633
231,3321
231,3322
231,3324
231,3325
231,3328
231,3354
231,3365
231,3367
232,259
232,316
232,332
232,337
232,429
232,2238
232,2606
232,2615
232,2618
232,2644
232,2650
232,2666
232,3419
232,3422
232,3425
232,3433
233,205
233,207
233,222
233,234
233,241
233,253
233,255
233,264
233,293
233,296
233,299
233,319
233,384
233,849
233,2612
233,2618
233,3328
234,207
234,221
234,222
234,227
234,233
234,236
234,255
234,264
234,270
234,299
234,324
234,2033
234,2605
234,2610
234,2623
234,3328
234,3337
234,3347
235,224
235,228
235,255
235,264
235,265
235,266
235,305
235,325
235,345
235,352
235,379
235,393
235,397
235,412
235,435
235,450
235,2615
235,2644
235,2651
235,2662
235,2686
235,3404
235,3423
236,207
236,217
236,231
236,234
236,243
236,249
236,298
236,816
236,830
236,874
236,2005
236,2006
236,2008
236,2015
236,2616
236,2623
236,2625
236,2626
236,2633
236,3328
237,239
237,249
237,257
237,290
237,853
237,2005
237,2008
237,2015
237,2092
237,2098
237,2622
237,2667
237,3321
237,3328
237,3405
238,207
238,243
238,253
238,255
238,260
238,263
238,302
238,319
238,384
238,443
238,996
238,2005
238,2258
238,2605
238,2610
238,2616
238,2618
238,2641
239,237
239,249
239,271
239,375
239,813
239,816
239,821
239,842
239,846
239,847
239,853
239,866
239,2005
239,2015
239,2017
239,2094
239,2609
239,2613
239,2632
239,2640
239,2655
239,2667
239,2840
239,2842
239,2845
239,2860
239,3340
239,3405
240,250
240,251
240,318
240,381
240,801
240,846
240,872
240,880
240,884
240,970
240,2836
240,2847
240,2848
240,2852
240,2861
240,3408
241,205
241,207
241,233
241,243
241,247
241,260
241,262
241,293
241,296
241,384
241,820
241,940
241,957
241,996
241,2275
241,2292
241,2611
241,2618
241,2630
241,2694
242,215
242,218
242,262
242,282
242,292
242,296
242,299
242,384
242,806
242,818
242,849
242,857
242,893
242,2605
243,207
243,222
243,227
243,236
243,238
243,241
243,298
243,384
243,849
243,906
243,940
243,996
243,2601
243,2608
243,2609
243,2625
243,2627
243,2667
243,3328
244,250
244,289
244,297
244,312
244,326
244,333
244,337
244,348
244,355
244,360
244,395
244,434
244,2270
244,2659
244,2666
244,3425
245,221
245,228
245,276
245,2021
245,2041
245,2043
245,2049
245,2059
245,2605
245,2616
245,3320
245,3329
245,3337
245,3345
245,3347
246,268
246,283
246,298
246,853
246,2012
246,2038
246,2080
246,2081
246,2093
246,2607
246,2622
246,3322
246,3328
246,3388
247,202
247,210
247,241
247,248
247,250
247,254
247,269
247,287
247,296
247,316
247,334
247,336
247,337
247,362
247,369
247,378
247,399
247,833
247,840
247,844
247,857
247,899
247,2205
247,2295
247,2602
247,2641
247,2656
247,2659
247,2662
247,2844
247,3425
248,247
248,254
248,269
248,306
248,326
248,365
248,412
248,990
248,2217
248,2282
248,2600
248,2602
248,2644
248,3417
249,206
249,207
249,236
249,237
249,239
249,278
249,813
249,816
249,828
249,830
249,858
249,860
249,2008
249,2267
249,2632
249,2633
249,2666
249,2845
249,2860
249,3328
250,202
250,203
250,240
250,244
250,247
250,260
250,312
250,328
250,336
250,375
250,381
250,385
250,395
250,464
250,2232
250,2252
250,2262
250,2611
250,2629
250,2641
250,2650
250,3425
251,211
251,240
251,252
251,268
251,335
251,344
251,428
251,801
251,815
251,829
251,872
251,898
251,2613
251,2852
251,2869
252,251
252,261
252,279
252,285
252,301
252,311
252,314
252,315
252,331
252,431
252,437
252,491
252,824
252,852
252,873
252,878
252,2025
252,2229
252,2617
252,2619
252,2634
252,2698
252,3429
253,222
253,228
253,233
253,238
253,255
253,264
253,266
253,305
253,319
253,379
253,384
253,453
253,2605
253,2608
253,2610
253,2615
253,2618
254,216
254,224
254,247
254,248
254,269
254,293
254,384
254,818
254,857
254,883
254,957
254,967
254,2282
254,2602
254,2631
254,2644
254,2656
254,2659
254,2844
254,2856
255,207
255,210
255,221
255,222
255,224
255,227
255,228
255,233
255,234
255,235
255,238
255,253
255,262
255,264
255,266
255,270
255,273
255,276
255,299
255,319
255,384
255,443
255,923
255,929
255,2605
255,2610
255,2615
255,2616
255,2618
255,2641
255,2662
255,2890
255,3337
256,201
256,331
256,335
256,437
256,808
256,822
256,824
256,841
256,866
256,875
256,876
256,2604
256,2847
256,2852
257,219
257,237
257,268
257,290
257,2005
257,2008
257,2011
257,2017
257,2069
257,2082
257,2083
257,2096
257,2098
257,2622
257,2667
258,375
258,398
258,406
258,437
258,473
258,813
258,834
258,855
258,866
258,2011
258,2074
258,2286
258,2598
258,2667
258,3319
259,232
259,337
259,351
259,400
259,429
259,438
259,439
259,445
259,456
259,499
259,2662
259,2684
259,2686
259,2695
259,2703
259,2708
259,2711
260,210
260,227
260,238
260,241
260,250
260,287
260,336
260,940
260,2270
260,2608
260,2611
260,2629
260,2630
260,2641
260,3408
261,211
261,252
261,285
261,315
261,335
261,431
261,446
261,800
261,802
261,803
261,824
261,834
261,852
261,854
261,861
261,876
261,888
261,896
261,2645
261,2698
261,2837
261,2859
261,3402
262,210
262,221
262,222
262,241
262,242
262,255
262,270
262,276
262,294
262,295
262,296
262,299
262,319
262,324
262,384
262,818
262,929
262,957
262,990
262,2111
262,2280
262,2596
262,2600
262,2610
262,2630
263,207
263,227
263,231
263,238
263,305
263,319
263,443
263,906
263,2001
263,2021
263,2043
263,2051
263,2067
263,2072
263,2608
263,2615
263,2616
263,3320
263,3323
263,3329
263,3352
264,222
264,233
264,234
264,235
264,253
264,255
264,266
264,270
264,319
264,429
264,457
264,2595
264,2610
264,2612
264,2614
264,2615
264,2616
264,2618
264,3329
265,228
265,235
265,270
265,276
265,284
265,305
265,324
265,352
265,379
265,412
265,2023
265,2035
265,2054
265,2065
265,2111
265,2132
265,2223
265,2225
265,2610
265,2615
265,2631
265,2644
265,3344
266,222
266,235
266,253
266,255
266,264
266,305
266,319
266,379
266,412
266,429
266,449
266,2608
266,2610
266,2614
266,2615
266,2618
266,2686
267,281
267,284
267,286
267,341
267,868
267,1936
267,2223
267,2225
267,2268
267,2280
267,2596
267,2599
267,2624
267,2631
267,2635
267,2647
267,2906
267,3395
267,3423
268,212
268,214
268,229
268,230
268,246
268,251
268,257
268,279
268,290
268,852
268,853
268,878
268,2016
268,2038
268,2075
268,2083
268,2607
268,2634
268,2692
268,3350
269,210
269,225
269,247
269,248
269,254
269,295
269,384
269,412
269,818
269,820
269,859
269,990
269,2282
269,2602
269,2611
269,2641
269,2644
270,222
270,228
270,234
270,255
270,262
270,264
270,265
270,275
270,276
270,2111
270,2610
270,2614
270,3329
270,3337
271,205
271,239
271,437
271,804
271,811
271,813
271,841
271,842
271,847
271,866
271,875
271,2213
271,2231
271,2604
271,2609
271,2612
271,2613
271,2660
271,2842
271,2849
272,853
272,2004
272,2005
272,2014
272,2031
272,2066
272,2080
272,2081
272,2093
272,2097
272,3327
272,3340
272,3346
272,3349
273,255
273,319
273,818
273,2202
273,2221
273,2227
273,2235
273,2236
273,2238
273,2257
273,2258
273,2282
273,2856
273,3430
273,3433
274,200
274,213
274,216
274,316
274,338
274,339
274,361
274,386
274,387
274,823
274,840
274,844
274,857
274,865
274,883
274,2233
274,2238
274,2270
274,2283
274,2621
274,2628
274,2643
274,2854
274,3401
274,3433
275,200
275,209
275,213
275,215
275,225
275,228
275,270
275,284
275,387
275,389
275,412
275,2043
275,2149
275,2238
275,2597
275,2605
275,2631
275,2643
276,221
276,245
276,255
276,262
276,265
276,270
276,294
276,299
276,324
276,929
276,2023
276,2111
276,2596
276,2890
276,3337
276,3345
276,3347
277,212
277,230
277,279
277,406
277,437
277,448
277,492
277,2012
277,2039
277,2075
277,2091
277,2595
277,2607
277,2692
277,3331
277,3350
278,206
278,207
278,231
278,249
278,860
278,2007
278,2008
278,2029
278,2058
278,2092
278,2267
278,2633
278,2864
278,3408
279,229
279,230
279,252
279,268
279,277
279,283
279,311
279,331
279,492
279,821
279,841
279,850
279,852
279,853
279,876
279,877
279,878
279,879
279,889
279,2031
279,2038
279,2604
279,2607
279,2634
279,2692
280,223
280,288
280,452
280,2025
280,2031
280,2045
280,2061
280,2077
280,2179
280,2185
280,2199
280,2692
280,3330
280,3351
280,3383
281,7
281,204
281,218
281,267
281,284
281,286
281,294
281,341
281,342
281,357
281,836
281,856
281,868
281,965
281,984
281,1918
281,2596
281,2599
281,2841
282,200
282,213
282,216
282,242
282,292
282,296
282,384
282,818
282,857
282,883
282,2236
282,2597
282,2602
282,2631
282,2656
282,2839
283,208
283,223
283,246
283,279
283,802
283,821
283,877
283,878
283,889
283,2031
283,2038
283,2071
283,2211
283,2607
284,209
284,215
284,218
284,221
284,225
284,265
284,267
284,275
284,281
284,286
284,292
284,324
284,389
284,817
284,2602
284,2631
285,229
285,252
285,261
285,331
285,852
285,878
285,888
285,2129
285,2229
285,2276
285,2617
285,2634
285,3414
285,3429
286,204
286,218
286,267
286,281
286,284
286,287
286,291
286,294
286,295
286,341
286,342
286,357
286,856
286,868
286,922
286,929
286,947
286,950
286,957
286,965
286,984
286,990
286,2273
286,2599
286,2600
286,2624
286,2647
286,2841
286,2895
287,210
287,247
287,260
287,286
287,291
287,334
287,336
287,379
287,2132
287,2141
287,2600
287,2602
287,2630
287,2641
287,2844
287,2854
287,3344
288,280
288,2061
288,2129
288,2152
288,2179
288,2181
288,2185
288,2193
288,2194
288,2196
288,2199
288,3330
288,3351
288,3369
288,3383
289,244
289,297
289,308
289,326
289,340
289,348
289,358
289,370
289,397
289,421
289,760
289,2648
289,2669
289,2673
289,2695
289,2703
289,2704
289,3425
290,201
290,212
290,229
290,237
290,257
290,268
290,878
290,2022
290,2046
290,2082
290,2096
290,2603
290,2607
290,2622
290,2667
290,3339
291,138
291,286
291,287
291,341
291,342
291,357
291,378
291,817
291,856
291,868
291,957
291,965
291,984
291,2141
291,2489
291,2600
291,2602
291,2624
291,2630
291,2644
291,2648
291,2841
291,3122
291,3504
292,200
292,209
292,213
292,215
292,218
292,225
292,242
292,282
292,284
292,296
292,379
292,389
292,893
292,2282
292,2596
292,2597
292,2602
292,2631
292,2647
293,203
293,205
293,233
293,241
293,254
293,296
293,302
293,312
293,318
293,375
293,816
293,820
293,826
293,838
293,843
293,849
293,860
293,881
293,2609
293,2611
293,2626
293,2629
293,2632
293,2654
293,2666
293,2667
293,2694
293,2840
293,2842
293,2848
293,2853
293,2860
294,7
294,43
294,204
294,218
294,262
294,276
294,281
294,286
294,295
294,324
294,341
294,345
294,357
294,868
294,950
294,965
294,2596
294,2599
294,2600
294,2636
294,3181
294,3399
295,210
295,262
295,269
295,286
295,294
295,296
295,365
295,950
295,965
295,984
295,2023
295,2596
295,2600
295,2602
295,2630
295,2636
295,2641
296,233
296,241
296,242
296,247
296,262
296,282
296,292
296,293
296,295
296,384
296,818
296,820
296,832
296,857
296,950
296,957
296,2282
296,2602
296,2611
296,2630
297,244
297,289
297,326
297,329
297,340
297,365
297,370
297,383
297,733
297,2290
297,2600
297,2629
297,2708
297,3138
297,3336
297,3425
298,207
298,212
298,219
298,220
298,231
298,236
298,243
298,246
298,448
298,2005
298,2008
298,2015
298,2017
298,2047
298,2616
298,2627
298,3321
298,3328
299,210
299,221
299,222
299,227
299,233
299,234
299,242
299,255
299,262
299,276
299,319
299,324
299,379
299,384
299,818
299,940
299,2023
299,2111
299,2605
299,2623
299,2625
300,306
300,308
300,322
300,325
300,343
300,346
300,347
300,361
300,366
300,370
300,393
300,397
300,403
300,454
300,2651
300,2673
300,2674
301,252
301,311
301,314
301,315
301,335
301,392
301,447
301,802
301,804
301,824
301,848
301,854
301,861
301,871
301,873
301,879
301,896
301,2698
301,2874
302,207
302,238
302,293
302,350
302,2005
302,2008
302,2011
302,2015
302,2028
302,2041
302,2616
302,2641
302,2666
302,3323
303,211
303,315
303,320
303,331
303,335
303,446
303,492
303,803
303,822
303,870
303,2642
303,2653
303,2664
303,2668
304,307
304,309
304,321
304,323
304,344
304,353
304,359
304,363
304,372
304,373
304,380
304,382
304,388
304,396
304,409
304,410
304,417
304,420
304,451
304,459
304,468
304,487
304,495
304,870
304,2638
304,2639
304,2668
304,2678
304,2693
304,2701
305,200
305,224
305,228
305,235
305,253
305,263
305,265
305,266
305,319
305,379
305,399
305,412
305,2132
305,2205
305,2270
305,2615
305,2644
305,2686
305,3404
305,3425
306,216
306,248
306,300
306,322
306,325
306,345
306,352
306,365
306,393
306,397
306,435
306,461
306,2273
306,2596
306,2621
306,2631
306,2636
306,2643
306,2644
307,304
307,309
307,320
307,321
307,323
307,329
307,330
307,348
307,351
307,353
307,360
307,364
307,372
307,382
307,411
307,417
307,420
307,438
307,441
307,495
307,2637
307,2638
307,2646
307,2668
307,2669
307,2670
307,2701
307,2708
308,27
308,289
308,300
308,346
308,347
308,361
308,370
308,377
308,760
308,2205
308,2218
308,2624
308,2644
308,2648
308,2651
308,2690
308,3404
309,304
309,307
309,321
309,323
309,330
309,360
309,363
309,364
309,376
309,382
309,404
309,409
309,411
309,421
309,438
309,462
309,464
309,495
309,870
309,2637
309,2638
309,2646
309,2677
309,2708
310,313
310,320
310,330
310,332
310,338
310,355
310,456
310,804
310,838
310,866
310,867
310,870
310,2286
310,2653
310,2664
310,2857
311,252
311,279
311,301
311,314
311,315
311,331
311,802
311,804
311,824
311,848
311,850
311,877
311,879
311,889
311,2211
311,2634
311,2874
311,3429
312,203
312,205
312,244
312,250
312,293
312,318
312,328
312,336
312,350
312,375
312,381
312,434
312,826
312,843
312,2629
312,2641
312,2646
312,2650
312,2654
312,2662
312,2666
312,2860
312,3425
313,310
313,330
313,332
313,353
313,354
313,833
313,838
313,863
313,867
313,872
313,898
313,2598
313,2836
313,2857
313,2867
313,2869
314,208
314,223
314,252
314,301
314,311
314,392
314,422
314,447
314,491
314,802
314,848
314,861
314,879
314,889
314,2025
314,2271
314,2619
314,2634
314,2698
314,2710
314,2714
314,2874
314,3416
315,211
315,252
315,261
315,301
315,303
315,311
315,335
315,344
315,359
315,372
315,373
315,374
315,380
315,396
315,422
315,437
315,446
315,447
315,459
315,485
315,487
315,800
315,803
315,815
315,824
315,829
315,870
315,898
315,2639
315,2645
315,2665
315,2668
315,2679
315,2693
316,232
316,247
316,274
316,339
316,384
316,826
316,845
316,857
316,2238
316,2282
316,2608
316,2855
316,2860
316,3425
316,3433
317,320
317,327
317,355
317,372
317,390
317,400
317,409
317,2637
317,2642
317,2653
317,2669
317,2672
317,2673
317,2683
318,206
318,240
318,293
318,312
318,328
318,336
318,826
318,843
318,846
318,860
318,863
318,872
318,881
318,884
318,887
318,970
318,2629
318,2650
318,2654
318,2667
318,2848
318,2860
318,2861
318,2865
318,2872
319,210
319,222
319,224
319,227
319,233
319,238
319,253
319,255
319,262
319,263
319,264
319,266
319,273
319,299
319,305
319,849
319,929
319,940
319,2596
319,2608
319,2615
319,2618
319,2641
319,2644
320,303
320,307
320,310
320,317
320,327
320,332
320,338
320,353
320,355
320,372
320,390
320,400
320,456
320,493
320,2637
320,2642
320,2653
320,2668
320,2669
320,2671
320,2683
321,304
321,307
321,309
321,330
321,348
321,351
321,363
321,364
321,371
321,380
321,388
321,421
321,444
321,462
321,2637
321,2638
321,2649
321,2663
321,2665
322,300
322,306
322,325
322,326
322,343
322,346
322,352
322,361
322,365
322,366
322,370
322,377
322,393
322,397
322,403
322,413
322,435
322,454
322,2273
322,2648
322,2651
322,2674
322,2690
323,304
323,307
323,309
323,330
323,337
323,353
323,355
323,360
323,364
323,395
323,760
323,2056
323,2512
323,2666
323,2668
323,2706
323,2708
324,209
324,221
324,234
324,262
324,265
324,276
324,284
324,294
324,299
324,345
324,2023
324,2596
324,2605
324,2615
324,2890
324,2895
325,224
325,235
325,300
325,306
325,322
325,343
325,352
325,393
325,397
325,496
325,2205
325,2251
325,2636
325,2651
325,2673
325,3425
326,244
326,248
326,289
326,297
326,322
326,329
326,348
326,358
326,360
326,365
326,369
326,370
326,413
326,434
326,2217
326,2228
326,2290
326,2636
326,2651
326,2703
326,2704
326,3425
327,317
327,320
327,339
327,390
327,397
327,402
327,430
327,471
327,493
327,760
327,2637
327,2653
327,2658
327,2669
327,2672
327,2683
328,250
328,312
328,318
328,329
328,395
328,464
328,833
328,863
328,895
328,903
328,2598
328,2629
328,2677
328,2836
328,2861
329,202
329,297
329,307
329,326
329,328
329,333
329,337
329,360
329,364
329,371
329,376
329,383
329,391
329,399
329,420
329,441
329,464
329,833
329,895
329,2019
329,2629
329,2649
329,3336
329,3425
330,307
330,309
330,310
330,313
330,321
330,323
330,337
330,353
330,360
330,363
330,364
330,371
330,382
330,395
330,495
330,870
330,2638
330,2646
330,2649
330,2659
330,2664
330,2665
330,2666
330,2671
330,2677
330,2703
330,2708
331,211
331,229
331,230
331,252
331,256
331,279
331,285
331,303
331,311
331,437
331,822
331,841
331,852
331,853
331,876
331,877
331,888
331,2640
332,232
332,310
332,313
332,320
332,337
332,338
332,350
332,355
332,386
332,398
332,803
332,822
332,827
332,839
332,840
332,845
332,865
332,875
332,2270
332,2601
332,2606
332,2650
332,2659
332,2660
332,2664
332,2666
332,2687
332,2838
332,2840
332,2852
332,2855
332,2857
332,2867
333,244
333,329
333,336
333,337
333,340
333,351
333,364
333,371
333,383
333,385
333,391
333,395
333,895
333,905
333,2056
333,2079
333,2101
333,2270
333,2606
333,2649
333,2836
334,27
334,247
334,287
334,369
334,370
334,377
334,391
334,412
334,413
334,2205
334,2273
334,2602
334,2624
334,2647
334,2648
334,2651
334,2675
335,211
335,251
335,256
335,261
335,301
335,303
335,315
335,354
335,359
335,800
335,801
335,804
335,812
335,815
335,822
335,824
335,854
335,863
335,867
335,870
335,876
335,2664
335,2852
335,2869
335,3418
336,202
336,203
336,247
336,250
336,260
336,287
336,312
336,318
336,333
336,337
336,381
336,383
336,385
336,399
336,814
336,833
336,839
336,844
336,2035
336,2270
336,2602
336,2641
336,2659
336,2836
336,2839
336,2844
336,2848
336,2854
336,2871
336,2903
337,232
337,244
337,247
337,259
337,323
337,329
337,330
337,332
337,333
337,336
337,351
337,355
337,356
337,364
337,383
337,385
337,395
337,429
337,438
337,441
337,445
337,2270
337,2281
337,2646
337,2650
337,2659
337,2662
337,2666
337,2671
337,2686
337,2708
337,2903
337,3419
338,274
338,310
338,320
338,332
338,339
338,386
338,398
338,456
338,822
338,827
338,845
338,2626
338,2653
338,2656
339,274
339,316
339,327
339,338
339,386
339,390
339,493
339,823
339,2283
339,2653
339,2658
339,2661
339,2669
339,2688
339,3401
339,3433
340,289
340,297
340,333
340,348
340,351
340,356
340,358
340,364
340,369
340,371
340,391
340,418
340,516
340,760
340,895
340,2101
340,2649
340,2663
340,2675
340,2699
340,3316
340,3425
341,27
341,188
341,204
341,267
341,281
341,286
341,291
341,294
341,342
341,357
341,368
341,856
341,868
341,910
341,937
341,965
341,1657
341,1936
341,2149
341,2448
341,2599
341,2624
341,2635
341,2647
341,2648
341,2910
341,3504
342,281
342,286
342,291
342,341
342,357
342,817
342,832
342,836
342,856
342,868
342,899
342,2282
342,2295
342,2602
342,2630
342,2841
342,2866
343,300
343,322
343,325
343,346
343,348
343,369
343,370
343,394
343,397
343,402
343,403
343,413
343,486
343,496
343,2651
343,2657
343,2658
343,2669
343,2673
343,2674
343,2686
343,2702
344,211
344,251
344,304
344,315
344,359
344,373
344,396
344,431
344,459
344,800
344,804
344,829
344,870
344,898
344,2645
344,2698
345,54
345,209
345,210
345,218
345,235
345,294
345,306
345,324
345,352
345,366
345,393
345,435
345,454
345,461
345,965
345,2273
345,2277
345,2596
345,2631
345,2635
345,2636
345,2644
345,3399
346,300
346,308
346,322
346,343
346,347
346,366
346,377
346,397
346,403
346,2644
346,2651
346,2674
346,2686
346,2688
347,300
347,308
347,346
347,349
347,361
347,366
347,393
347,394
347,397
347,435
347,461
347,486
347,2624
347,2648
347,2657
347,2674
347,2688
347,2690
348,244
348,289
348,307
348,321
348,326
348,340
348,343
348,351
348,358
348,364
348,369
348,371
348,391
348,411
348,421
348,456
348,480
348,496
348,2637
348,2663
348,2669
348,2672
348,2673
348,2695
348,2699
348,2703
348,2704
349,347
349,361
349,366
349,377
349,393
349,397
349,403
349,435
349,461
349,467
349,477
349,486
349,2651
349,2674
349,2680
349,2688
349,2697
350,206
350,302
350,312
350,332
350,375
350,386
350,826
350,827
350,839
350,845
350,875
350,996
350,2601
350,2660
350,2662
350,2666
350,2667
350,2839
350,2840
350,2848
350,2852
350,2860
350,2886
351,259
351,307
351,321
351,333
351,337
351,340
351,348
351,356
351,358
351,362
351,364
351,371
351,398
351,411
351,421
351,439
351,445
351,462
351,2606
351,2663
351,2671
351,2686
351,2695
351,2699
351,2703
351,2711
352,235
352,265
352,306
352,322
352,325
352,345
352,365
352,366
352,370
352,393
352,397
352,435
352,454
352,461
352,482
352,796
352,965
352,2273
352,2600
352,2635
352,2636
352,2648
352,2651
352,3399
353,211
353,304
353,307
353,313
353,320
353,323
353,330
353,354
353,355
353,359
353,364
353,372
353,380
353,396
353,438
353,495
353,870
353,2637
353,2639
353,2665
353,2668
353,2671
354,211
354,313
354,335
354,353
354,372
354,803
354,804
354,808
354,822
354,827
354,829
354,867
354,875
354,898
354,2852
354,2869
355,244
355,310
355,317
355,320
355,323
355,332
355,337
355,353
355,360
355,372
355,390
355,409
355,2637
355,2638
355,2650
355,2653
355,2666
355,2671
355,2708
356,337
356,340
356,351
356,362
356,364
356,383
356,391
356,411
356,420
356,441
356,468
356,475
356,478
356,488
356,490
356,2019
356,2649
356,2670
356,2675
356,2681
356,2686
356,2695
356,2699
357,204
357,225
357,281
357,286
357,291
357,294
357,341
357,342
357,368
357,832
357,836
357,856
357,868
357,950
357,2268
357,2599
357,2841
358,202
358,289
358,326
358,340
358,348
358,351
358,369
358,370
358,391
358,413
358,2648
358,2649
358,2663
358,2703
358,3425
359,304
359,315
359,335
359,344
359,353
359,363
359,372
359,373
359,374
359,380
359,388
359,396
359,417
359,487
359,870
359,2639
359,2665
359,2668
359,2693
360,244
360,307
360,309
360,323
360,326
360,329
360,330
360,355
360,375
360,395
360,464
360,958
360,2232
360,2629
360,2646
360,2666
360,2706
360,2708
360,3323
361,274
361,300
361,308
361,322
361,347
361,349
361,366
361,370
361,393
361,394
361,397
361,403
361,486
361,2643
361,2651
361,2657
361,2658
361,2669
361,2674
361,2680
361,2688
361,2690
361,2696
362,202
362,247
362,351
362,356
362,369
362,391
362,441
362,478
362,2649
362,2670
362,2675
362,2681
362,2686
362,2695
362,2699
363,304
363,309
363,321
363,330
363,359
363,373
363,376
363,380
363,382
363,388
363,409
363,459
363,495
363,2638
364,307
364,309
364,321
364,323
364,329
364,330
364,333
364,337
364,340
364,348
364,351
364,353
364,356
364,371
364,376
364,388
364,404
364,420
364,421
364,441
364,444
364,462
364,468
364,495
364,895
364,905
364,976
364,2281
364,2637
364,2638
364,2649
364,2663
364,2668
364,2670
364,2671
364,2701
365,248
365,295
365,297
365,306
365,322
365,326
365,352
365,929
365,990
365,2240
365,2282
365,2290
365,2600
365,2636
365,3399
365,3425
366,300
366,322
366,345
366,346
366,347
366,349
366,352
366,361
366,377
366,393
366,397
366,403
366,435
366,454
366,461
366,482
366,486
366,2635
366,2651
366,2657
366,2674
366,2680
366,2688
366,2690
366,2696
367,211
367,464
367,839
367,867
367,872
367,875
367,894
367,2232
367,2244
367,2279
367,2835
367,2846
367,2852
367,2857
368,137
368,151
368,188
368,341
368,357
368,435
368,461
368,482
368,775
368,922
368,945
368,1513
368,1519
368,1687
368,2149
368,2273
368,2448
368,2591
368,2599
368,2635
368,2910
368,3145
369,247
369,326
369,334
369,340
369,343
369,348
369,358
369,362
369,391
369,413
369,441
369,455
369,2651
369,2672
369,2675
369,2703
369,2713
369,3425
370,289
370,297
370,300
370,308
370,322
370,326
370,334
370,343
370,352
370,358
370,361
370,393
370,397
370,403
370,413
370,435
370,496
370,2651
370,2673
370,2696
370,2711
370,3425
371,202
371,321
371,329
371,330
371,333
371,340
371,348
371,351
371,364
371,376
371,391
371,420
371,444
371,462
371,488
371,895
371,2284
371,2649
371,2663
371,2861
372,211
372,304
372,307
372,315
372,317
372,320
372,353
372,354
372,355
372,359
372,390
372,803
372,870
372,2642
372,2668
372,2669
372,2671
373,304
373,315
373,344
373,359
373,363
373,380
373,388
373,396
373,409
373,417
373,451
373,459
373,470
373,870
373,2638
373,2679
374,315
374,359
374,392
374,396
374,415
374,422
374,442
374,447
374,485
374,487
374,2645
374,2678
374,2679
374,2693
374,2710
374,2714
375,203
375,205
375,239
375,250
375,258
375,293
375,312
375,350
375,360
375,381
375,385
375,406
375,958
375,996
375,2005
375,2011
375,2015
375,2042
375,2094
375,2613
375,2616
375,2618
375,2655
375,2666
375,2886
375,3319
375,3323
376,309
376,329
376,363
376,364
376,371
376,380
376,420
376,441
376,444
376,462
376,495
376,905
376,2056
376,2284
376,2663
376,2701
376,2705
376,3316
376,3353
377,27
377,308
377,322
377,334
377,346
377,349
377,366
377,412
377,413
377,435
377,2205
377,2273
377,2553
377,2624
377,2635
377,2648
377,2651
377,2675
377,3404
378,225
378,247
378,291
378,832
378,844
378,868
378,883
378,2225
378,2255
378,2282
378,2290
378,2600
378,2841
378,2844
378,2854
378,2856
378,3417
379,200
379,215
379,225
379,227
379,235
379,253
379,265
379,266
379,287
379,292
379,299
379,305
379,384
379,453
379,818
379,2282
379,2605
379,2615
379,2644
380,304
380,315
380,321
380,353
380,359
380,363
380,373
380,376
380,388
380,396
380,410
380,420
380,451
380,459
380,462
380,468
380,870
380,2638
380,2639
380,2645
380,2665
380,2671
380,2678
380,2693
380,2701
381,203
381,240
381,250
381,312
381,336
381,375
381,385
381,395
381,406
381,958
381,2085
381,2613
381,2650
381,2655
381,2667
381,3323
382,304
382,307
382,309
382,330
382,363
382,390
382,400
382,404
382,409
382,411
382,417
382,438
382,474
382,495
382,499
382,2670
382,2684
382,2695
383,297
383,329
383,333
383,336
383,337
383,356
383,385
383,391
383,441
383,475
383,2019
383,2281
383,2675
383,2686
383,2695
383,2708
383,3316
383,3419
383,3425
384,207
384,222
384,233
384,238
384,241
384,242
384,243
384,253
384,254
384,255
384,262
384,269
384,282
384,296
384,299
384,316
384,379
384,818
384,845
384,849
384,857
384,957
384,2227
384,2282
384,2602
384,2605
384,2610
384,2611
384,2615
384,2618
384,2623
384,2625
384,2641
384,2644
384,2656
384,2839
385,220
385,250
385,333
385,336
385,337
385,375
385,381
385,383
385,395
385,996
385,2606
385,2650
385,2666
385,2706
385,2708
385,2852
385,2886
385,2903
385,3323
386,274
386,332
386,338
386,339
386,350
386,823
386,827
386,857
386,865
386,2283
386,2653
386,2840
386,2867
386,3401
386,3433
387,200
387,225
387,274
387,275
387,817
387,883
387,2205
387,2212
387,2233
387,2238
387,2268
387,2282
387,2293
387,2597
387,2621
387,2628
387,2631
387,2643
387,2841
387,3395
387,3404
388,304
388,321
388,359
388,363
388,364
388,373
388,380
388,396
388,409
388,417
388,444
388,459
388,468
388,470
388,2638
388,2639
388,2678
388,2679
388,2693
389,213
389,215
389,218
389,225
389,275
389,284
389,292
389,806
389,809
389,893
389,2149
389,2597
389,2628
389,2631
389,2643
390,317
390,320
390,327
390,339
390,355
390,372
390,382
390,400
390,429
390,430
390,438
390,471
390,474
390,493
390,2637
390,2642
390,2653
390,2658
390,2669
390,2670
390,2672
390,2682
390,2683
390,2684
391,202
391,329
391,333
391,334
391,340
391,348
391,356
391,358
391,362
391,369
391,371
391,383
391,516
391,905
391,1792
391,2019
391,2170
391,2649
391,2663
391,2675
391,2699
391,3316
391,3336
392,301
392,314
392,374
392,415
392,422
392,447
392,485
392,491
392,2248
392,2271
392,2619
392,2698
392,2710
392,2714
392,3396
392,3414
393,235
393,300
393,306
393,322
393,325
393,345
393,347
393,349
393,352
393,361
393,366
393,370
393,394
393,397
393,403
393,435
393,454
393,461
393,482
393,486
393,2635
393,2636
393,2651
393,2674
393,2690
393,2696
394,343
394,347
394,361
394,393
394,397
394,403
394,477
394,486
394,2657
394,2658
394,2674
394,2680
394,2688
394,2690
395,244
395,250
395,323
395,328
395,330
395,333
395,337
395,360
395,381
395,385
395,406
395,434
395,464
395,903
395,2019
395,2056
395,2287
395,2659
395,2666
395,2677
395,2706
395,2836
395,2903
395,2911
395,3323
396,304
396,315
396,344
396,353
396,359
396,373
396,374
396,380
396,388
396,409
396,417
396,446
396,451
396,459
396,460
396,487
396,870
396,2068
396,2638
396,2639
396,2642
396,2645
396,2665
396,2668
396,2678
396,2679
396,2693
397,224
397,235
397,289
397,300
397,306
397,322
397,325
397,327
397,343
397,346
397,347
397,349
397,352
397,361
397,366
397,370
397,393
397,394
397,403
397,486
397,2644
397,2651
397,2657
397,2673
397,2674
397,2680
397,2688
397,2690
398,258
398,332
398,338
398,351
398,822
398,825
398,827
398,851
398,875
398,2646
398,2656
398,2667
398,2852
398,2870
399,247
399,305
399,329
399,336
399,833
399,859
399,880
399,2019
399,2024
399,2108
399,2141
399,2602
399,2629
399,2641
399,2861
399,2871
400,259
400,317
400,320
400,382
400,390
400,409
400,430
400,439
400,470
400,471
400,474
400,493
400,499
400,2669
400,2672
400,2684
400,2712
401,427
401,432
401,433
401,440
401,444
401,463
401,476
401,480
401,481
401,488
401,497
401,2691
401,2705
401,2709
402,327
402,343
402,403
402,419
402,430
402,439
402,455
402,471
402,474
402,477
402,486
402,493
402,2657
402,2658
402,2669
402,2672
402,2682
402,2683
402,2688
402,2689
402,2702
403,300
403,322
403,343
403,346
403,349
403,361
403,366
403,370
403,393
403,394
403,397
403,402
403,408
403,450
403,461
403,477
403,486
403,2657
403,2658
403,2674
403,2680
403,2688
403,2690
403,2702
403,2711
403,2713
404,309
404,364
404,382
404,420
404,421
404,441
404,464
404,493
404,2670
404,2681
404,2683
404,2695
404,2703
404,2708
405,407
405,416
405,424
405,425
405,426
405,432
405,433
405,436
405,440
405,451
405,458
405,460
405,463
405,465
405,466
405,469
405,472
405,476
405,479
405,494
405,497
405,2678
405,2685
405,2700
405,2705
405,2709
406,258
406,277
406,375
406,381
406,395
406,428
406,431
406,438
406,473
406,866
406,958
406,964
406,998
406,2055
406,2056
406,2074
406,2655
406,2666
406,2667
406,2677
406,2687
406,2706
406,2852
407,405
407,416
407,424
407,426
407,432
407,433
407,440
407,451
407,458
407,463
407,469
407,476
407,483
407,490
407,494
407,2709
408,403
408,419
408,449
408,450
408,455
408,457
408,461
408,467
408,477
408,484
408,486
408,2680
408,2688
408,2690
408,2697
408,2702
408,2713
409,304
409,309
409,317
409,355
409,363
409,373
409,382
409,388
409,396
409,400
409,417
409,438
409,446
409,458
409,459
409,460
409,470
409,473
409,483
409,487
409,2638
409,2642
409,2668
409,2678
409,2679
409,2684
410,304
410,380
410,423
410,438
410,446
410,468
410,483
410,870
410,2639
410,2645
410,2670
410,2678
410,2693
410,2712
411,307
411,309
411,348
411,351
411,356
411,382
411,418
411,421
411,438
411,441
411,496
411,2637
411,2670
411,2681
411,2686
411,2695
411,2703
411,3336
412,225
412,235
412,248
412,265
412,266
412,269
412,275
412,305
412,334
412,377
412,453
412,929
412,2225
412,2273
412,2624
412,2644
412,2651
412,3344
412,3404
412,3417
412,3423
413,322
413,326
413,334
413,343
413,358
413,369
413,370
413,377
413,434
413,435
413,496
413,2270
413,2648
413,2651
413,2696
413,2702
413,3425
414,423
414,449
414,457
414,467
414,471
414,474
414,477
414,484
414,493
414,498
414,2595
414,2614
414,2682
414,2684
414,2711
414,2712
415,374
415,392
415,422
415,442
415,446
415,447
415,485
415,491
415,2619
415,2676
415,2693
415,2698
415,2710
415,2714
416,405
416,407
416,424
416,425
416,426
416,432
416,440
416,451
416,469
416,472
416,476
416,483
416,494
416,2685
417,304
417,307
417,359
417,373
417,382
417,388
417,396
417,409
417,459
417,460
417,473
417,487
417,2639
417,2642
417,2668
417,2678
417,2679
418,340
418,411
418,427
418,433
418,463
418,478
418,480
418,489
418,490
418,2672
418,2673
418,2675
418,2704
418,2707
418,3336
419,402
419,408
419,450
419,455
419,457
419,467
419,474
419,477
419,484
419,486
419,493
419,498
419,2683
419,2688
419,2689
419,2690
419,2697
419,2702
419,2713
420,304
420,307
420,329
420,356
420,364
420,371
420,376
420,380
420,404
420,441
420,444
420,445
420,462
420,468
420,475
420,495
420,2281
420,2649
420,2663
420,2670
420,2695
420,2701
421,289
421,309
421,321
421,348
421,351
421,364
421,404
421,411
421,444
421,456
421,462
421,480
421,488
421,490
421,496
421,2663
421,2695
421,2703
421,2704
421,3336
422,314
422,315
422,374
422,392
422,415
422,442
422,447
422,459
422,460
422,485
422,2619
422,2645
422,2676
422,2679
422,2710
422,2714
423,410
423,414
423,430
423,438
423,445
423,449
423,468
423,471
423,483
423,498
423,499
423,2595
423,2684
423,2711
423,2712
424,405
424,407
424,416
424,426
424,432
424,436
424,440
424,451
424,463
424,465
424,472
424,476
424,479
424,494
424,497
424,2056
424,2068
424,2685
424,2700
424,2705
424,2709
424,3315
424,3353
425,405
425,416
425,426
425,432
425,440
425,442
425,458
425,460
425,466
425,472
425,476
425,479
425,2678
425,2685
425,2700
425,2709
426,405
426,407
426,416
426,424
426,425
426,440
426,466
426,469
426,476
426,494
426,497
426,498
426,2678
426,2685
427,401
427,418
427,433
427,441
427,463
427,475
427,478
427,480
427,481
427,488
427,489
427,490
427,498
427,2689
427,2691
427,2699
427,2704
427,2707
427,3316
428,251
428,406
428,431
428,448
428,872
428,898
428,921
428,958
428,980
428,996
428,2042
428,2050
428,2655
428,2677
428,2687
428,2706
428,2852
429,232
429,259
429,264
429,266
429,337
429,390
429,449
429,450
429,471
429,493
429,499
429,2595
429,2615
429,2618
429,2662
429,2670
429,2686
429,2708
429,2711
429,3419
430,327
430,390
430,400
430,402
430,423
430,439
430,471
430,474
430,493
430,499
430,2595
430,2658
430,2669
430,2672
430,2682
430,2684
431,212
431,252
431,261
431,344
431,406
431,428
431,437
431,446
431,473
431,487
431,898
431,2050
431,2055
431,2056
431,2068
431,2652
431,2677
431,2698
431,2706
431,3353
432,401
432,405
432,407
432,416
432,424
432,425
432,433
432,436
432,440
432,458
432,463
432,465
432,469
432,472
432,476
432,479
432,481
432,497
432,2691
432,2700
432,2705
432,2707
432,2709
432,3315
433,401
433,405
433,407
433,418
433,427
433,432
433,440
433,456
433,458
433,463
433,469
433,480
433,481
433,489
433,497
433,2055
433,2707
433,2709
433,3336
434,244
434,312
434,326
434,395
434,413
434,905
434,913
434,958
434,2035
434,2217
434,2706
434,2903
434,2908
434,2911
434,3425
435,235
435,306
435,322
435,345
435,347
435,349
435,352
435,366
435,368
435,370
435,377
435,393
435,413
435,454
435,461
435,482
435,2273
435,2635
435,2651
435,2674
435,2696
435,2910
435,3404
436,405
436,424
436,432
436,440
436,451
436,463
436,465
436,466
436,472
436,476
436,479
436,497
436,2685
436,2700
436,2709
437,201
437,211
437,212
437,230
437,252
437,256
437,258
437,271
437,277
437,315
437,331
437,431
437,446
437,473
437,487
437,492
437,800
437,803
437,824
437,829
437,852
437,2231
437,2613
437,2617
437,2660
437,2847
437,2852
438,259
438,307
438,309
438,337
438,353
438,382
438,390
438,406
438,409
438,410
438,411
438,423
438,445
438,473
438,483
438,495
438,2055
438,2646
438,2668
438,2670
438,2677
438,2684
438,2708
438,2711
439,259
439,351
439,400
439,402
439,430
439,445
439,449
439,468
439,474
439,475
439,498
439,499
439,2670
439,2672
439,2682
439,2683
439,2684
439,2686
439,2695
439,2711
439,2712
440,401
440,405
440,407
440,416
440,424
440,425
440,426
440,432
440,433
440,436
440,458
440,463
440,465
440,466
440,469
440,472
440,476
440,479
440,497
440,2685
440,2700
440,2705
440,2707
440,2709
441,307
441,329
441,337
441,356
441,362
441,364
441,369
441,376
441,383
441,404
441,411
441,420
441,427
441,464
441,475
441,478
441,488
441,489
441,495
441,496
441,760
441,905
441,2675
441,2681
441,2686
441,2699
441,2707
441,2708
441,2713
442,374
442,415
442,422
442,425
442,446
442,447
442,460
442,470
442,485
442,487
442,2512
442,2642
442,2676
442,2693
442,2710
442,2714
443,227
443,238
443,255
443,263
443,448
443,906
443,2033
443,2049
443,2059
443,2063
443,2089
443,2616
443,3320
443,3329
443,3347
444,321
444,364
444,371
444,376
444,388
444,401
444,420
444,421
444,462
444,463
444,481
444,488
444,490
444,497
444,2649
444,2663
444,2691
444,2701
444,3316
445,259
445,337
445,351
445,420
445,423
445,438
445,439
445,462
445,468
445,499
445,2056
445,2670
445,2695
445,2708
445,2711
446,261
446,303
446,315
446,396
446,409
446,410
446,415
446,431
446,437
446,442
446,459
446,460
446,473
446,483
446,487
446,2642
446,2676
446,2678
447,301
447,314
447,315
447,374
447,392
447,415
447,422
447,442
447,485
447,487
447,491
447,2619
447,2645
447,2676
447,2693
447,2710
447,2714
448,277
448,298
448,428
448,443
448,471
448,906
448,958
448,2012
448,2042
448,2075
448,2093
448,2687
448,2692
448,2877
449,266
449,408
449,414
449,423
449,429
449,439
449,455
449,457
449,467
449,474
449,484
449,493
449,2595
449,2670
449,2682
449,2688
449,2712
450,235
450,403
450,408
450,419
450,429
450,455
450,457
450,467
450,484
450,2680
450,2688
450,2690
450,2697
450,2702
451,304
451,373
451,380
451,396
451,405
451,407
451,416
451,424
451,436
451,458
451,460
451,462
451,465
451,466
451,472
451,2055
451,2068
451,2639
451,2678
451,2701
451,3315
452,208
452,280
452,2025
452,2031
452,2038
452,2045
452,2061
452,2077
452,2652
452,2676
452,2692
452,2698
452,2714
452,3330
453,213
453,216
453,253
453,379
453,412
453,923
453,929
453,990
453,2238
453,2270
453,2282
453,2605
453,2615
453,2618
453,2644
454,300
454,322
454,345
454,352
454,366
454,393
454,435
454,482
454,796
454,2273
454,2475
454,2635
454,2648
454,2651
454,2910
455,369
455,402
455,408
455,419
455,449
455,450
455,457
455,477
455,484
455,486
455,2648
455,2658
455,2682
455,2689
455,2690
455,2697
455,2702
455,2713
456,259
456,310
456,320
456,338
456,348
456,421
456,433
456,2637
456,2653
456,2658
456,2669
456,2672
456,2702
456,2703
457,196
457,264
457,408
457,414
457,419
457,449
457,450
457,455
457,467
457,484
457,2265
457,2614
457,2690
457,2697
457,2906
458,405
458,407
458,409
458,425
458,432
458,433
458,440
458,451
458,463
458,465
458,466
458,470
458,472
458,479
458,481
458,494
458,2678
458,2685
458,2700
458,2709
459,304
459,315
459,344
459,363
459,373
459,380
459,388
459,396
459,409
459,417
459,422
459,446
459,460
459,470
459,485
459,487
459,870
459,2638
459,2639
459,2642
459,2645
459,2679
459,2693
460,396
460,405
460,409
460,417
460,422
460,425
460,442
460,446
460,451
460,459
460,465
460,466
460,470
460,472
460,473
460,479
460,483
460,487
460,2642
460,2676
460,2678
460,2685
460,2714
461,306
461,345
461,347
461,349
461,352
461,366
461,368
461,393
461,403
461,408
461,435
461,467
461,482
461,486
461,705
461,2635
461,2674
461,2680
461,2688
461,2696
461,2697
462,309
462,321
462,351
462,364
462,371
462,376
462,380
462,420
462,421
462,444
462,445
462,451
462,2695
462,2701
462,3353
463,401
463,405
463,407
463,418
463,424
463,427
463,432
463,433
463,436
463,440
463,444
463,458
463,476
463,480
463,481
463,488
463,497
463,2663
463,2691
463,2700
463,2705
463,2707
463,2709
464,250
464,309
464,328
464,329
464,360
464,367
464,395
464,404
464,441
464,495
464,2232
464,2598
464,2629
464,2646
464,2650
464,2708
464,2857
464,3425
465,405
465,424
465,432
465,436
465,440
465,451
465,458
465,460
465,466
465,472
465,479
465,2514
465,2685
465,2700
465,2709
465,3315
466,405
466,425
466,426
466,436
466,440
466,451
466,458
466,460
466,465
466,469
466,470
466,472
466,479
466,494
466,2678
466,2685
466,2709
467,349
467,408
467,414
467,419
467,449
467,450
467,457
467,461
467,477
467,484
467,705
467,2614
467,2680
467,2688
467,2689
467,2690
467,2697
467,2702
468,304
468,356
468,364
468,380
468,388
468,410
468,420
468,423
468,439
468,445
468,483
468,2259
468,2639
468,2670
468,2684
468,2695
468,2712
469,405
469,407
469,416
469,426
469,432
469,433
469,440
469,466
469,476
469,483
469,490
469,494
469,498
469,2709
469,2712
470,373
470,388
470,400
470,409
470,442
470,458
470,459
470,460
470,466
470,483
470,494
470,2638
470,2642
470,2679
471,327
471,390
471,400
471,402
471,414
471,423
471,429
471,430
471,448
471,474
471,493
471,2595
471,2642
471,2653
471,2658
471,2682
471,2684
472,405
472,416
472,424
472,425
472,432
472,436
472,440
472,451
472,458
472,460
472,465
472,466
472,476
472,479
472,2512
472,2514
472,2685
472,2700
472,2709
472,3315
473,258
473,406
473,409
473,417
473,431
473,437
473,438
473,446
473,460
473,487
473,492
473,2055
473,2074
473,2652
473,2676
473,2677
474,382
474,390
474,400
474,402
474,414
474,419
474,430
474,439
474,449
474,471
474,484
474,493
474,498
474,499
474,2658
474,2672
474,2682
474,2683
474,2684
474,2689
474,2712
475,356
475,383
475,420
475,427
475,439
475,441
475,478
475,489
475,490
475,498
475,2670
475,2681
475,2686
475,2695
475,2708
475,2711
476,401
476,405
476,407
476,416
476,424
476,425
476,426
476,432
476,436
476,440
476,463
476,469
476,472
476,494
476,497
476,2685
476,2709
477,349
477,394
477,402
477,403
477,408
477,414
477,419
477,455
477,467
477,486
477,493
477,2614
477,2657
477,2658
477,2674
477,2680
477,2688
477,2697
477,2713
478,356
478,362
478,418
478,427
478,441
478,475
478,480
478,488
478,489
478,490
478,497
478,2675
478,2681
478,2691
478,2699
478,2704
478,2707
479,405
479,424
479,425
479,432
479,436
479,440
479,458
479,460
479,465
479,466
479,472
479,2685
479,2700
479,2709
479,3315
480,348
480,401
480,418
480,421
480,427
480,433
480,463
480,478
480,481
480,496
480,2673
480,2691
480,2699
480,2704
480,2707
481,401
481,427
481,432
481,433
481,444
481,458
481,463
481,480
481,488
481,497
481,2691
481,2704
481,2705
481,2709
482,137
482,188
482,352
482,366
482,368
482,393
482,435
482,454
482,461
482,1513
482,1519
482,2273
482,2342
482,2489
482,2624
482,2635
482,2648
482,2651
482,2696
482,2910
483,407
483,409
483,410
483,416
483,423
483,438
483,446
483,460
483,468
483,469
483,470
483,494
483,2678
483,2684
483,2693
483,2712
484,408
484,414
484,419
484,449
484,450
484,455
484,457
484,467
484,474
484,486
484,493
484,2682
484,2688
484,2689
484,2690
484,2697
485,315
485,374
485,392
485,415
485,422
485,442
485,447
485,459
485,487
485,491
485,2645
485,2676
485,2693
485,2710
485,2714
486,343
486,347
486,349
486,361
486,366
486,393
486,394
486,397
486,402
486,403
486,408
486,419
486,455
486,461
486,477
486,484
486,2657
486,2658
486,2674
486,2680
486,2688
486,2690
486,2696
486,2697
486,2702
486,2713
487,304
487,315
487,359
487,374
487,396
487,409
487,417
487,431
487,437
487,442
487,446
487,447
487,459
487,460
487,473
487,485
487,870
487,2068
487,2639
487,2642
487,2645
487,2668
487,2678
487,2679
487,2693
487,2710
487,3315
488,356
488,371
488,401
488,421
488,427
488,441
488,444
488,463
488,478
488,481
488,489
488,490
488,497
488,516
488,2101
488,2691
488,2699
488,3336
489,418
489,427
489,433
489,441
489,475
489,478
489,488
489,490
489,496
489,2672
489,2675
489,2686
489,2691
489,2699
489,2707
490,356
490,407
490,418
490,421
490,427
490,444
490,469
490,475
490,478
490,488
490,489
490,494
490,498
490,2689
490,2691
490,2695
491,252
491,314
491,392
491,415
491,447
491,485
491,2025
491,2271
491,2276
491,2619
491,2676
491,2698
491,2710
491,2714
492,211
492,230
492,277
492,279
492,303
492,437
492,473
492,803
492,958
492,2607
492,2613
492,2655
492,2660
492,2667
492,3350
493,320
493,327
493,339
493,390
493,400
493,402
493,404
493,414
493,419
493,429
493,430
493,449
493,471
493,474
493,477
493,484
493,760
493,2595
493,2637
493,2653
493,2658
493,2669
493,2672
493,2682
493,2683
493,2688
493,2689
493,2713
494,405
494,407
494,416
494,424
494,426
494,458
494,466
494,469
494,470
494,476
494,483
494,490
494,498
494,2712
495,304
495,307
495,309
495,330
495,353
495,363
495,364
495,376
495,382
495,420
495,438
495,441
495,464
495,870
495,2668
495,2670
495,2701
496,325
496,343
496,348
496,370
496,411
496,413
496,421
496,441
496,480
496,489
496,2648
496,2673
496,2675
496,2681
496,2686
496,2702
496,2704
497,401
497,405
497,424
497,426
497,432
497,433
497,436
497,440
497,444
497,463
497,476
497,478
497,481
497,488
497,2512
497,2685
497,2691
497,2700
497,2705
497,2707
498,414
498,419
498,423
498,426
498,427
498,439
498,469
498,474
498,475
498,490
498,494
498,499
498,2684
498,2689
498,2695
498,2712
499,259
499,382
499,400
499,423
499,429
499,430
499,439
499,445
499,474
499,498
499,2670
499,2682
499,2684
499,2695
499,2711
499,2712
500,503
500,509
500,513
500,520
500,529
500,534
500,535
500,539
500,551
500,561
500,575
500,579
500,590
500,2718
500,2722
500,2737
501,556
501,577
501,1410
501,1445
501,1462
501,1476
501,1488
501,1496
501,2727
501,2749
501,3079
501,3095
501,3101
501,3110
501,3111
501,3206
502,512
502,531
502,549
502,550
502,688
502,1605
502,1614
502,1619
502,1622
502,1675
502,1681
502,1688
502,3168
502,3171
503,500
503,508
503,509
503,517
503,535
503,539
503,541
503,545
503,552
503,557
503,561
503,565
503,573
503,578
503,587
503,595
503,598
503,2718
503,2722
503,2733
503,2737
503,2739
503,2741
503,2746
503,2752
503,3080
504,526
504,528
504,546
504,553
504,554
504,567
504,571
504,580
504,596
504,598
504,1401
504,1412
504,1437
504,1452
504,1455
504,1465
504,1494
504,2717
504,2720
504,2749
504,2753
504,3072
504,3086
504,3105
504,3106
504,3206
505,507
505,518
505,522
505,538
505,542
505,551
505,564
505,568
505,575
505,579
505,1254
505,2729
505,2745
505,2748
505,3153
506,587
506,588
506,651
506,1325
506,1428
506,1444
506,1694
506,1930
506,2311
506,2332
506,2342
506,2365
506,2376
506,2723
506,2729
506,3031
506,3169
506,3282
506,3437
506,3458
507,505
507,525
507,542
507,551
507,555
507,564
507,574
507,575
507,590
507,1254
507,1546
507,2735
507,2747
507,2748
507,3153
508,503
508,509
508,517
508,529
508,535
508,536
508,539
508,541
508,547
508,548
508,552
508,557
508,559
508,561
508,564
508,565
508,573
508,578
508,587
508,591
508,595
508,596
508,598
508,1400
508,1458
508,1471
508,1477
508,1482
508,2716
508,2718
508,2722
508,2731
508,2746
508,2748
508,2752
509,500
509,503
509,508
509,520
509,529
509,535
509,541
509,545
509,552
509,561
509,573
509,2718
509,2737
509,2739
510,127
510,533
510,586
510,1472
510,1494
510,1565
510,1619
510,1633
510,1644
510,1722
510,2717
510,2750
510,3206
510,3305
511,525
511,540
511,560
511,1320
511,1327
511,1343
511,1390
511,1423
511,1454
511,1466
511,1480
511,1489
511,3036
511,3047
511,3063
511,3078
511,3087
511,3099
512,502
512,531
512,540
512,549
512,550
512,569
512,593
512,599
512,1329
512,1402
512,1403
512,1456
512,1614
512,1681
512,1688
512,2740
512,2744
512,2745
512,3094
512,3096
512,3103
512,3109
513,500
513,539
513,542
513,545
513,551
513,561
513,575
513,579
513,590
513,1243
513,2718
513,2722
513,2735
513,2737
513,2739
514,522
514,527
514,550
514,599
514,1338
514,1394
514,1428
514,1474
514,1574
514,2724
514,2736
514,2744
514,2751
514,3094
514,3112
515,520
515,528
515,535
515,541
515,543
515,552
515,554
515,565
515,592
515,593
515,596
515,1408
515,2728
515,2732
515,2746
515,3112
515,3131
516,27
516,340
516,391
516,488
516,530
516,537
516,548
516,583
516,584
516,587
516,895
516,900
516,976
516,1600
516,1661
516,1792
516,2560
516,2733
516,3192
517,503
517,508
517,518
517,529
517,539
517,545
517,551
517,552
517,561
517,575
517,579
517,590
517,595
517,2718
517,2719
517,2722
517,2733
517,2735
517,2737
517,2739
517,2748
518,505
518,517
518,528
518,530
518,546
518,552
518,565
518,1324
518,1458
518,1471
518,1563
518,1570
518,2735
518,2746
518,3080
519,537
519,570
519,582
519,1401
519,1443
519,1459
519,1465
519,1467
519,1472
519,1483
519,1485
519,1507
519,1540
519,1566
519,1622
519,2724
519,2727
519,2734
519,2751
519,3089
519,3100
519,3107
520,500
520,509
520,515
520,521
520,523
520,528
520,535
520,541
520,552
520,565
520,598
520,1471
520,2731
520,2732
520,2737
520,2742
520,2746
520,2752
520,3112
521,520
521,541
521,552
521,571
521,582
521,583
521,584
521,586
521,596
521,1427
521,1450
521,1455
521,1471
521,1477
521,1483
521,1492
521,1494
521,1707
521,2483
521,2717
521,2719
521,2752
521,3080
521,3086
521,3090
521,3206
522,505
522,514
522,523
522,524
522,527
522,588
522,1331
522,1373
522,1394
522,1416
522,1502
522,1510
522,1523
522,1536
522,1541
522,1558
522,1568
522,1570
522,1571
522,1584
522,1585
522,1589
522,2729
522,2744
522,2745
522,2754
522,3038
522,3049
522,3069
522,3134
522,3149
522,3152
522,3153
522,3207
523,520
523,522
523,524
523,530
523,538
523,541
523,542
523,564
523,575
523,1238
523,1254
523,1517
523,1697
523,2740
523,2745
523,3011
523,3153
524,139
524,189
524,522
524,523
524,530
524,533
524,548
524,581
524,584
524,588
524,1515
524,1528
524,1581
524,1589
524,1600
524,1607
524,1619
524,1621
524,1622
524,1661
524,1664
524,1690
524,1697
524,2560
524,2729
524,3149
524,3153
524,3198
524,3207
524,3223
525,507
525,511
525,540
525,555
525,574
525,585
525,1423
525,1431
525,1466
525,1469
525,1480
525,1495
525,1497
525,2725
525,2747
525,3078
525,3081
525,3099
526,504
526,554
526,570
526,576
526,582
526,596
526,1401
526,1430
526,1443
526,1452
526,1455
526,1461
526,1464
526,1483
526,1486
526,1494
526,1707
526,2752
527,514
527,522
527,540
527,549
527,550
527,1322
527,1344
527,1373
527,1388
527,1497
527,1510
527,1515
527,1540
527,1541
527,1555
527,1558
527,1589
527,1681
527,2721
527,2725
527,2744
527,2745
527,3037
527,3038
527,3061
527,3094
527,3134
527,3149
527,3153
528,504
528,515
528,518
528,520
528,535
528,541
528,547
528,552
528,553
528,556
528,573
528,596
528,598
528,1412
528,1450
528,1458
528,1477
528,1484
528,2717
528,2731
528,2732
528,2746
528,2752
528,3111
528,3131
529,500
529,508
529,509
529,517
529,535
529,536
529,555
529,561
529,574
529,575
529,579
529,585
529,590
529,1446
529,2718
529,2732
529,2735
529,2737
529,2746
529,2754
529,3110
529,3112
530,139
530,516
530,518
530,523
530,524
530,538
530,548
530,552
530,563
530,564
530,565
530,568
530,584
530,1528
530,1581
530,1661
530,1697
530,1792
530,2101
530,2560
530,2728
530,2733
530,2741
530,3080
530,3082
530,3153
530,3192
530,3316
531,502
531,512
531,549
531,558
531,594
531,1341
531,1354
531,1413
531,1423
531,1426
531,1473
531,1489
531,1497
531,1614
531,3078
531,3094
532,566
532,572
532,589
532,597
532,1451
532,1466
532,1489
532,1495
532,2715
532,3077
532,3078
532,3083
532,3099
532,3102
532,3108
532,3113
533,170
533,184
533,510
533,524
533,548
533,582
533,591
533,1503
533,1619
533,1622
533,1644
533,1664
533,1679
533,1707
533,2727
533,2751
533,3171
533,3198
534,500
534,535
534,539
534,1206
534,1208
534,1235
534,1239
534,1246
534,1266
534,1293
534,1297
534,2715
534,2722
534,3008
535,500
535,503
535,508
535,509
535,515
535,520
535,528
535,529
535,534
535,536
535,539
535,541
535,542
535,547
535,552
535,561
535,573
535,579
535,598
535,1293
535,1471
535,2718
535,2732
535,2737
535,2746
535,2752
536,508
536,529
536,535
536,539
536,555
536,556
536,561
536,574
536,575
536,579
536,590
536,598
536,2718
536,2732
536,2737
536,2739
536,2742
536,2746
537,516
537,519
537,548
537,557
537,563
537,569
537,570
537,582
537,584
537,586
537,591
537,593
537,976
537,1421
537,1483
537,1622
537,2456
537,2724
537,2751
537,3107
538,505
538,523
538,530
538,542
538,551
538,563
538,564
538,568
538,590
538,591
538,593
538,1517
538,1581
538,1661
538,2729
538,2740
538,2741
538,2745
538,2748
538,2754
539,500
539,503
539,508
539,513
539,517
539,534
539,535
539,536
539,541
539,542
539,575
539,579
539,595
539,1208
539,1293
539,2722
539,2741
540,511
540,512
540,525
540,527
540,549
540,558
540,560
540,574
540,585
540,592
540,593
540,1403
540,1413
540,1432
540,1454
540,1473
540,1486
540,1489
540,1497
540,1520
540,1555
540,2721
540,2743
540,3078
540,3083
540,3094
540,3103
540,3104
540,3109
540,3112
541,503
541,508
541,509
541,515
541,520
541,521
541,523
541,528
541,535
541,539
541,545
541,552
541,557
541,565
541,573
541,578
541,598
541,2717
541,2722
541,2732
541,2746
542,505
542,507
542,513
542,523
542,535
542,538
542,539
542,551
542,564
542,574
542,575
542,579
542,1254
542,2718
542,2719
542,2722
542,2729
542,2746
542,3153
542,3207
543,515
543,553
543,556
543,580
543,585
543,589
543,592
543,597
543,598
543,1408
543,1440
543,1443
543,1461
543,1468
543,2715
543,2716
543,2732
543,2742
543,3083
543,3110
543,3113
544,553
544,554
544,580
544,596
544,598
544,1430
544,1443
544,1461
544,1464
544,1492
544,1498
544,1707
544,2716
544,2732
544,2749
544,3089
545,503
545,509
545,513
545,517
545,541
545,552
545,561
545,565
545,573
545,595
545,2718
545,2722
545,2737
545,2739
545,2746
546,504
546,518
546,554
546,596
546,1411
546,1412
546,1421
546,1425
546,1439
546,1443
546,1477
546,1494
546,2730
546,2734
546,2749
546,3074
546,3080
547,508
547,528
547,535
547,553
547,556
547,598
547,1458
547,1461
547,1471
547,1477
547,2732
547,2738
547,2752
547,3095
548,508
548,516
548,524
548,530
548,533
548,537
548,559
548,563
548,570
548,576
548,581
548,582
548,583
548,586
548,588
548,591
548,599
548,1338
548,1356
548,1416
548,1421
548,1427
548,1444
548,1467
548,1481
548,1484
548,1503
548,1504
548,1517
548,1566
548,1583
548,1592
548,1595
548,1606
548,1607
548,1622
548,1636
548,1644
548,1661
548,1707
548,1714
548,1792
548,1793
548,2483
548,2723
548,2724
548,2736
548,2740
548,2744
548,2751
548,2752
548,3038
548,3061
548,3074
548,3082
548,3107
548,3144
548,3198
548,3305
549,502
549,512
549,527
549,531
549,540
549,550
549,1403
549,1413
549,1454
549,1456
549,1473
549,1497
549,1614
549,3094
549,3103
550,502
550,512
550,514
550,527
550,549
550,562
550,569
550,593
550,594
550,599
550,1338
550,1402
550,1403
550,1411
550,1415
550,1426
550,1430
550,1432
550,1440
550,1447
550,1449
550,1456
550,1459
550,1470
550,1479
550,1485
550,1496
550,1497
550,1523
550,1565
550,1574
550,1589
550,1614
550,1675
550,1681
550,1738
550,2727
550,2736
550,2744
550,2745
550,3038
550,3094
550,3096
550,3098
550,3100
550,3104
550,3143
550,3153
550,3168
550,3171
551,500
551,505
551,507
551,513
551,517
551,538
551,542
551,564
551,568
551,575
551,1254
551,2722
551,2729
551,2735
551,2748
551,2754
551,3207
552,503
552,508
552,509
552,515
552,517
552,518
552,520
552,521
552,528
552,530
552,535
552,541
552,545
552,565
552,573
552,578
552,587
552,595
552,598
552,1450
552,1458
552,1471
552,1557
552,1627
552,2717
552,2719
552,2722
552,2746
552,3080
553,504
553,528
553,543
553,544
553,547
553,596
553,598
553,1437
553,1443
553,1458
553,1461
553,2732
553,2742
553,2750
553,3106
554,504
554,515
554,526
554,544
554,546
554,574
554,576
554,596
554,1324
554,1400
554,1406
554,1409
554,1411
554,1412
554,1415
554,1421
554,1443
554,1464
554,1517
554,1589
554,1707
554,1734
554,2728
554,2730
554,2732
554,2744
554,2749
554,3074
554,3109
554,3153
555,507
555,525
555,529
555,536
555,574
555,585
555,590
555,592
555,1408
555,1555
555,2715
555,2737
555,2746
555,2754
555,3083
555,3085
555,3112
556,501
556,528
556,536
556,543
556,547
556,598
556,1400
556,1412
556,1458
556,1462
556,1496
556,2727
556,2732
556,2754
556,3109
556,3111
556,3112
557,503
557,508
557,537
557,541
557,563
557,1477
557,1482
557,1492
557,2716
557,2732
557,2746
557,2752
557,3080
557,3112
558,531
558,540
558,560
558,594
558,1403
558,1413
558,1426
558,1431
558,1432
558,1436
558,1448
558,1454
558,1473
558,1474
558,1478
558,1491
558,1495
558,1497
558,2721
558,2725
558,2743
558,2745
558,3076
558,3078
558,3083
558,3096
558,3103
558,3104
558,3109
559,508
559,548
559,1226
559,1356
559,1357
559,1471
559,1503
559,1504
559,1521
559,1534
559,1557
559,1563
559,1583
559,1595
559,3074
559,3079
559,3144
560,511
560,540
560,558
560,1413
560,1423
560,1426
560,1454
560,1473
560,1474
560,1495
560,2721
560,3078
560,3081
560,3103
561,500
561,503
561,508
561,509
561,513
561,517
561,529
561,535
561,536
561,545
561,575
561,579
561,590
561,2718
561,2722
561,2735
561,2737
561,2739
562,550
562,569
562,593
562,1433
562,1459
562,1474
562,1486
562,1517
562,1540
562,2736
562,2740
562,2744
562,3103
562,3143
563,530
563,537
563,538
563,548
563,557
563,564
563,570
563,582
563,596
563,1338
563,1400
563,1482
563,1517
563,1661
563,1714
563,1792
563,2719
563,2733
563,2740
563,2741
563,2744
563,2746
563,2754
564,505
564,507
564,508
564,523
564,530
564,538
564,542
564,551
564,563
564,568
564,574
564,576
564,590
564,1517
564,1661
564,2729
564,2735
564,2741
564,2748
564,2754
565,503
565,508
565,515
565,518
565,520
565,530
565,541
565,545
565,552
565,573
565,578
565,587
565,595
565,598
565,1450
565,1460
565,1477
565,1627
565,1716
565,2717
565,2719
565,2722
565,2746
565,3079
565,3080
565,3082
565,3097
566,532
566,572
566,585
566,589
566,592
566,597
566,1431
566,1451
566,1469
566,1495
566,2715
566,3078
566,3083
566,3099
566,3102
566,3113
567,504
567,571
567,582
567,586
567,1401
567,1425
567,1452
567,1455
567,1465
567,1477
567,1494
567,2717
567,2753
567,3072
567,3107
567,3206
568,139
568,505
568,530
568,538
568,551
568,564
568,591
568,1517
568,1581
568,1661
568,2560
568,2733
568,2741
568,2748
568,3192
569,512
569,537
569,550
569,562
569,591
569,593
569,596
569,599
569,1517
569,1536
569,2732
569,2736
569,2740
569,2744
570,519
570,526
570,537
570,548
570,563
570,583
570,586
570,593
570,599
570,1401
570,1412
570,1455
570,1467
570,1472
570,1481
570,1484
570,1494
570,1503
570,1583
570,1592
570,1622
570,1636
570,1644
570,1697
570,1793
570,2456
570,2724
570,2736
570,2751
570,3082
570,3092
570,3107
571,504
571,521
571,567
571,596
571,1425
571,1450
571,1452
571,1458
571,1477
571,1492
571,1494
571,2717
571,2753
571,3079
572,532
572,566
572,589
572,1384
572,1396
572,1466
572,1489
572,1495
572,2715
572,3077
572,3083
572,3087
572,3099
572,3102
572,3480
572,3498
573,503
573,508
573,509
573,528
573,535
573,541
573,545
573,552
573,565
573,595
573,598
573,1450
573,1471
573,2746
573,3080
574,507
574,525
574,529
574,536
574,540
574,542
574,554
574,555
574,564
574,575
574,578
574,585
574,1331
574,1409
574,1443
574,1475
574,1493
574,1517
574,1555
574,2722
574,2725
574,2732
574,2744
574,2746
574,2754
574,3112
575,500
575,505
575,507
575,513
575,517
575,523
575,529
575,536
575,539
575,542
575,551
575,561
575,574
575,579
575,590
575,1254
575,2718
575,2722
575,2729
575,2735
575,2748
575,2754
576,526
576,548
576,554
576,564
576,1401
576,1402
576,1415
576,1434
576,1443
576,1482
576,1490
576,2730
576,2740
576,2744
576,3107
576,3112
577,501
577,1412
577,1416
577,1419
577,1425
577,1445
577,1455
577,1460
577,1462
577,1465
577,1488
577,1499
577,1502
577,1504
577,1508
577,1557
577,1565
577,1714
577,1716
577,1734
577,1799
577,2734
577,2749
577,2751
577,3049
577,3074
577,3079
577,3090
577,3095
577,3097
577,3101
577,3107
577,3111
578,503
578,508
578,541
578,552
578,565
578,574
578,587
578,588
578,595
578,596
578,1427
578,1450
578,1460
578,1482
578,1483
578,1490
578,1493
578,1661
578,1714
578,2719
578,2728
578,2733
578,3061
578,3079
578,3080
579,500
579,505
579,513
579,517
579,529
579,535
579,536
579,539
579,542
579,561
579,575
579,1243
579,1254
579,2718
579,2722
579,2739
580,504
580,543
580,544
580,589
580,596
580,598
580,1430
580,1437
580,1443
580,1452
580,1453
580,1459
580,1461
580,1468
580,1470
580,1493
580,2716
580,2732
580,2740
580,2742
580,2750
580,3089
581,524
581,548
581,582
581,599
581,660
581,1523
581,1566
581,1595
581,1606
581,1607
581,1622
581,1661
581,1679
581,2729
581,2744
581,3038
582,519
582,521
582,526
582,533
582,537
582,548
582,563
582,567
582,581
582,583
582,584
582,586
582,599
582,1328
582,1401
582,1415
582,1416
582,1421
582,1441
582,1452
582,1465
582,1472
582,1477
582,1492
582,1621
582,1622
582,1707
582,1799
582,2720
582,2727
582,2730
582,2734
582,2751
582,2753
582,3090
582,3100
582,3107
582,3198
583,516
583,521
583,548
583,570
583,582
583,586
583,587
583,1421
583,1437
583,1444
583,1455
583,1477
583,1484
583,1494
583,1592
583,1792
583,2717
583,3086
583,3107
583,3198
584,516
584,521
584,524
584,530
584,537
584,582
584,591
584,1065
584,1622
584,1661
584,1792
584,2456
584,2728
584,3198
585,525
585,529
585,540
585,543
585,555
585,566
585,574
585,592
585,1457
585,1555
585,2715
585,2732
585,3078
585,3083
586,510
586,521
586,537
586,548
586,567
586,570
586,582
586,583
586,1414
586,1421
586,1437
586,1444
586,1445
586,1452
586,1455
586,1465
586,1472
586,1477
586,1484
586,1485
586,1494
586,1503
586,1592
586,1643
586,2734
586,2751
586,3080
586,3086
586,3106
586,3107
586,3111
587,503
587,506
587,508
587,516
587,552
587,565
587,578
587,583
587,595
587,1444
587,1792
587,2723
587,2752
587,3080
588,506
588,522
588,524
588,548
588,578
588,1324
588,1416
588,1428
588,1444
588,1465
588,1471
588,2719
588,2723
588,2746
588,3049
588,3061
588,3107
589,532
589,543
589,566
589,572
589,580
589,592
589,597
589,1468
589,1495
589,2715
589,2732
589,2742
589,3083
589,3112
590,500
590,507
590,513
590,517
590,529
590,536
590,538
590,555
590,561
590,564
590,575
590,2718
590,2735
590,2737
590,2739
590,2748
591,508
591,533
591,537
591,538
591,548
591,568
591,569
591,584
591,660
591,1233
591,1595
591,1622
591,2740
591,2751
591,3171
591,3192
592,515
592,540
592,543
592,555
592,566
592,585
592,589
592,1495
592,2715
592,2732
592,2742
592,2754
592,3083
592,3110
592,3112
593,512
593,515
593,537
593,538
593,540
593,550
593,562
593,569
593,570
593,1517
593,1707
593,2736
593,2740
593,2744
593,2745
593,2751
593,3096
594,531
594,550
594,558
594,1413
594,1423
594,1454
594,1456
594,1489
594,1681
594,2725
594,3078
594,3083
594,3096
594,3104
595,503
595,508
595,517
595,539
595,545
595,552
595,565
595,573
595,578
595,587
595,1471
595,2722
595,2723
595,2733
595,2748
595,2752
595,3080
595,3082
595,3192
596,504
596,508
596,515
596,521
596,526
596,528
596,544
596,546
596,553
596,554
596,563
596,569
596,571
596,578
596,580
596,598
596,1400
596,1401
596,1411
596,1412
596,1424
596,1427
596,1430
596,1437
596,1438
596,1443
596,1450
596,1458
596,1482
596,1483
596,1485
596,1492
596,1493
596,1707
596,2716
596,2717
596,2719
596,2727
596,2728
596,2731
596,2732
596,2746
596,2750
596,3079
596,3086
596,3092
596,3097
596,3105
596,3106
596,3111
596,3112
597,532
597,543
597,566
597,589
597,1408
597,1433
597,2715
597,2732
597,2742
597,3083
597,3085
597,3093
597,3110
597,3112
598,503
598,504
598,508
598,520
598,528
598,535
598,536
598,541
598,543
598,544
598,547
598,552
598,553
598,556
598,565
598,573
598,580
598,596
598,1437
598,1450
598,1458
598,2716
598,2717
598,2731
598,2732
598,2746
598,2752
599,512
599,514
599,548
599,550
599,569
599,570
599,581
599,582
599,1338
599,1415
599,1416
599,1422
599,1485
599,1583
599,1589
599,1595
599,2724
599,2734
599,2736
599,2744
599,2751
599,3153
600,108
600,110
600,124
600,178
600,192
600,616
600,642
600,656
600,684
600,1115
600,1131
600,1143
600,1167
600,1171
600,1187
600,1188
600,1883
600,2588
600,2985
601,666
601,682
601,698
601,1805
601,1824
601,1833
601,1857
601,1873
601,1875
601,1882
601,2770
601,2793
601,2967
601,3236
601,3240
601,3250
602,134
602,159
602,180
602,185
602,190
602,193
602,605
602,621
602,628
602,647
602,663
602,681
602,1065
602,1615
602,1993
602,2759
602,2771
602,3310
603,622
603,633
603,637
603,639
603,655
603,689
603,1027
603,1901
603,1925
603,1935
603,1944
603,1965
603,1967
603,1968
603,1997
603,2787
604,606
604,619
604,662
604,666
604,673
604,1800
604,1802
604,1849
604,1873
604,2763
604,2769
604,2770
604,2786
604,2790
604,3260
605,115
605,138
605,180
605,602
605,630
605,651
605,677
605,1926
605,1964
605,1989
605,2556
605,2771
605,3169
605,3282
605,3307
606,604
606,619
606,662
606,666
606,673
606,1047
606,1836
606,1859
606,1873
606,1876
606,1878
606,2763
606,2767
606,2769
606,2778
606,2786
606,2790
607,612
607,633
607,643
607,689
607,693
607,1913
607,1919
607,1932
607,1958
607,1963
607,1977
607,1980
607,1983
607,1991
607,1997
607,2772
607,2784
607,3283
607,3295
608,612
608,682
608,1105
608,1804
608,1812
608,1815
608,1857
608,1896
608,1897
608,2790
608,2983
608,3244
608,3254
608,3263
609,612
609,672
609,678
609,689
609,1172
609,1917
609,1927
609,1963
609,1973
609,1991
609,2964
609,2974
609,2977
609,3288
610,166
610,172
610,673
610,674
610,699
610,1143
610,1149
610,1176
610,1820
610,1841
610,2581
610,2756
610,2764
610,2779
610,2789
610,2967
610,2990
610,3242
610,3272
610,3273
611,616
611,617
611,638
611,645
611,648
611,659
611,667
611,687
611,1137
611,1160
611,1164
611,1173
611,1183
611,1188
611,3278
612,607
612,608
612,609
612,643
612,646
612,689
612,693
612,1917
612,1920
612,1923
612,1927
612,1937
612,1973
612,1991
612,2983
612,2986
612,3288
612,3311
613,120
613,123
613,144
613,618
613,624
613,671
613,681
613,1107
613,1118
613,1909
613,1931
613,1933
613,1955
613,1971
613,1988
613,1993
613,2755
613,2758
613,2775
613,2781
613,2965
613,3284
613,3310
614,117
614,135
614,150
614,616
614,656
614,685
614,1165
614,1173
614,2557
614,2559
614,2593
614,2764
614,2774
614,2777
614,2987
615,134
615,172
615,173
615,664
615,1800
615,1802
615,1842
615,1933
615,2570
615,2581
615,2767
615,2769
615,2778
615,2780
615,2944
615,3235
616,107
616,116
616,148
616,171
616,178
616,191
616,194
616,600
616,611
616,614
616,636
616,656
616,661
616,665
616,668
616,680
616,683
616,684
616,686
616,699
616,1119
616,1127
616,1143
616,1150
616,1160
616,1162
616,1165
616,1173
616,1176
616,1183
616,1185
616,1820
616,1883
616,1908
616,2561
616,2562
616,2563
616,2564
616,2588
616,2589
616,2593
616,2792
616,2963
616,2973
616,2980
616,2985
616,2993
616,3278
617,191
617,194
617,611
617,638
617,645
617,648
617,653
617,667
617,680
617,687
617,1173
617,1193
617,2563
617,2564
617,2765
617,2984
618,131
618,132
618,147
618,185
618,613
618,621
618,629
618,647
618,663
618,681
618,1022
618,1026
618,1099
618,1615
618,1909
618,1921
618,1933
618,1941
618,1971
618,1988
618,1993
618,2592
618,2755
618,2771
618,3284
618,3312
619,604
619,606
619,662
619,673
619,682
619,1148
619,1149
619,1194
619,1804
619,1805
619,1829
619,1839
619,1859
619,1860
619,1873
619,1876
619,1878
619,1884
619,1890
619,1897
619,1898
619,2581
619,2582
619,2767
619,2770
619,2786
619,2790
619,2983
619,3235
619,3236
619,3250
619,3260
620,103
620,155
620,161
620,165
620,169
620,196
620,677
620,1015
620,1594
620,1905
620,1910
620,1929
620,1930
620,1943
620,1949
620,1971
620,1985
620,1986
620,2555
620,3174
620,3277
620,3287
620,3297
620,3302
620,3310
621,131
621,132
621,147
621,157
621,182
621,185
621,602
621,618
621,628
621,629
621,641
621,647
621,663
621,671
621,681
621,1000
621,1008
621,1031
621,1036
621,1049
621,1051
621,1163
621,1615
621,1830
621,1831
621,1851
621,1853
621,1863
621,1933
621,1993
621,2565
621,2566
621,2573
621,2592
621,2759
621,2951
621,3247
621,3264
621,3268
621,3312
622,603
622,633
622,637
622,639
622,655
622,689
622,1172
622,1901
622,1925
622,1928
622,1935
622,1942
622,1944
622,1956
622,1958
622,1962
622,1963
622,1965
622,1967
622,1968
622,1970
622,1973
622,1974
622,1975
622,1991
622,1997
622,2776
622,2783
622,2787
622,3165
622,3275
622,3283
622,3285
622,3286
622,3293
622,3300
622,3301
622,3308
623,120
623,130
623,144
623,624
623,635
623,657
623,685
623,1117
623,1121
623,1141
623,1154
623,1169
623,1182
623,1900
623,2962
623,2971
624,144
624,150
624,613
624,623
624,642
624,644
624,656
624,661
624,679
624,692
624,1103
624,1111
624,1141
624,1185
624,1900
624,2758
624,2774
624,2777
625,173
625,634
625,655
625,689
625,1849
625,1875
625,1889
625,1894
625,2594
625,2776
625,2787
625,3235
625,3249
625,3267
626,656
626,669
626,686
626,1101
626,1103
626,1108
626,1115
626,1139
626,1151
626,1171
626,1984
626,2568
626,2758
626,2773
626,2782
626,2792
626,2960
627,662
627,664
627,1024
627,1148
627,1855
627,1859
627,1865
627,1972
627,1976
627,2761
627,2769
627,2778
627,2785
627,3313
628,134
628,180
628,184
628,602
628,621
628,632
628,647
628,1051
628,1065
628,1163
628,2560
628,2759
628,2771
628,3192
629,132
629,144
629,157
629,618
629,621
629,647
629,1026
629,1095
629,1102
629,1107
629,1163
629,1191
629,1192
629,1615
629,1993
629,2592
629,2759
629,2781
629,2961
629,2965
629,3312
630,115
630,137
630,138
630,151
630,188
630,605
630,651
630,652
630,1914
630,1916
630,1926
630,1950
630,1964
630,1989
630,1998
630,2342
630,2489
630,2591
630,2785
630,2931
630,3169
630,3282
630,3306
630,3307
630,3314
630,3458
631,673
631,674
631,695
631,1104
631,1105
631,1149
631,1171
631,1179
631,1820
631,1957
631,2756
631,2789
631,2967
631,2969
631,2980
631,2983
631,2987
631,3279
631,3296
632,115
632,134
632,139
632,154
632,159
632,176
632,180
632,628
632,663
632,1051
632,1065
632,1690
632,1930
632,1960
632,1989
632,1993
632,2556
632,2560
632,2771
632,3192
632,3305
633,603
633,607
633,622
633,634
633,643
633,689
633,1901
633,1913
633,1919
633,1922
633,1925
633,1942
633,1944
633,1956
633,1958
633,1962
633,1963
633,1965
633,1967
633,1968
633,1970
633,1974
633,1975
633,1977
633,1979
633,1980
633,1990
633,1992
633,1997
633,2772
633,2783
633,2784
633,2787
633,2794
633,3165
633,3280
633,3283
633,3293
633,3295
633,3308
634,625
634,633
634,637
634,690
634,694
634,1183
634,1913
634,1922
634,1958
634,1980
634,1983
634,3278
634,3285
634,3308
635,120
635,123
635,144
635,149
635,180
635,185
635,193
635,623
635,671
635,681
635,1034
635,2757
635,2768
635,2775
635,2931
635,2960
635,3310
636,126
636,150
636,156
636,616
636,642
636,648
636,654
636,656
636,661
636,1143
636,1188
636,1190
636,2567
636,2593
637,603
637,622
637,634
637,639
637,655
637,694
637,697
637,1901
637,1913
637,1956
637,1958
637,1965
637,3275
637,3285
637,3286
638,117
638,119
638,122
638,126
638,128
638,158
638,191
638,194
638,611
638,617
638,645
638,648
638,653
638,659
638,667
638,668
638,680
638,683
638,687
638,1071
638,1082
638,1128
638,1137
638,1159
638,1164
638,1170
638,1173
638,1174
638,1188
638,1190
638,1193
638,2563
638,2762
638,2765
638,2984
639,603
639,622
639,637
639,1901
639,1925
639,1935
639,1939
639,1944
639,1958
639,1965
639,1968
639,2787
639,3280
639,3286
639,3300
640,675
640,693
640,694
640,697
640,699
640,1923
640,1924
640,1932
640,1939
640,1948
640,1957
640,1969
640,1977
640,1983
640,1987
640,1995
640,2774
640,2983
640,3278
640,3279
640,3281
640,3295
640,3304
640,3311
641,170
641,182
641,185
641,190
641,621
641,663
641,1000
641,1044
641,1051
641,1163
641,1615
641,1830
641,1853
641,1863
641,1981
641,2571
641,2584
641,2592
641,2759
641,2940
642,108
642,110
642,150
642,156
642,600
642,624
642,636
642,644
642,648
642,653
642,654
642,656
642,657
642,659
642,661
642,679
642,680
642,685
642,1114
642,1119
642,1137
642,1146
642,1153
642,1158
642,1164
642,1173
642,1188
642,1195
642,1838
642,1908
642,2557
642,2590
642,2773
642,2774
642,2782
642,2792
642,2978
642,2984
643,607
643,612
643,633
643,689
643,693
643,1919
643,1940
643,1970
643,1979
643,1991
643,1997
643,2772
643,2776
643,2783
643,2784
644,624
644,642
644,648
644,653
644,654
644,656
644,661
644,668
644,675
644,680
644,685
644,1111
644,1137
644,1141
644,1153
644,1158
644,1164
644,1173
644,1185
644,1188
644,2561
644,2765
644,2774
644,2777
644,2978
644,2980
644,2984
644,2987
645,611
645,617
645,638
645,648
645,667
645,668
645,687
645,1125
645,1126
645,1128
645,1130
645,1137
645,1160
645,1164
645,1170
645,1173
645,1177
645,1190
645,2765
645,2993
646,114
646,612
646,670
646,672
646,675
646,678
646,1927
646,1957
646,2791
646,2980
646,2983
646,3288
646,3289
646,3290
646,3294
647,131
647,132
647,144
647,182
647,602
647,618
647,621
647,628
647,629
647,671
647,1163
647,1615
647,1831
647,1993
647,2566
647,2759
647,2768
647,3247
648,117
648,119
648,126
648,156
648,158
648,171
648,191
648,199
648,611
648,617
648,636
648,638
648,642
648,644
648,645
648,653
648,659
648,661
648,665
648,667
648,668
648,680
648,687
648,1125
648,1162
648,1164
648,1173
648,1190
648,2561
648,2563
648,2564
648,2762
648,2765
648,2773
648,2978
649,678
649,691
649,1901
649,1903
649,1952
649,1954
649,1956
649,1959
649,1996
649,2794
649,3289
649,3290
649,3291
649,3298
649,3299
649,3308
650,120
650,174
650,197
650,670
650,1099
650,1103
650,1110
650,1111
650,1120
650,1139
650,1151
650,1161
650,1171
650,1192
650,1881
650,1984
650,2571
650,2960
650,2972
650,2981
650,2982
650,3256
650,3296
651,115
651,137
651,138
651,151
651,161
651,188
651,506
651,605
651,630
651,652
651,677
651,1660
651,1914
651,1916
651,1926
651,1943
651,1950
651,1964
651,1985
651,1989
651,1998
651,2342
651,2489
651,2591
651,2785
651,3122
651,3145
651,3169
651,3181
651,3282
651,3306
651,3307
651,3314
652,151
652,188
652,630
652,651
652,1914
652,1916
652,1926
652,1950
652,1964
652,1999
652,2591
652,2785
652,3282
652,3314
653,617
653,638
653,642
653,644
653,648
653,667
653,680
653,687
653,1153
653,1188
653,2773
653,2774
653,2984
653,2987
654,636
654,642
654,644
654,656
654,675
654,680
654,1124
654,1125
654,1152
654,1169
654,1173
654,1188
654,2774
654,2969
654,2970
654,2980
654,2983
654,2984
654,2987
654,3278
654,3303
655,603
655,622
655,625
655,637
655,689
655,1901
655,1925
655,1939
655,1962
655,1968
655,1970
655,1997
655,2776
655,2787
655,3275
655,3283
655,3285
655,3300
656,144
656,148
656,150
656,162
656,600
656,614
656,616
656,624
656,626
656,636
656,642
656,644
656,654
656,679
656,680
656,685
656,686
656,692
656,1103
656,1111
656,1115
656,1119
656,1129
656,1146
656,1166
656,1171
656,1185
656,1883
656,1908
656,2567
656,2758
656,2774
656,2781
656,2782
656,2792
656,2987
657,623
657,642
657,679
657,685
657,692
657,1033
657,1074
657,1086
657,1119
657,2557
657,2569
657,2580
657,2590
657,2757
658,133
658,152
658,697
658,1075
658,1096
658,1902
658,1904
658,1906
658,1915
658,1938
658,1946
658,1948
658,1951
658,1969
658,1972
658,1976
658,1994
658,1995
658,1999
658,2583
658,3281
658,3313
659,611
659,638
659,642
659,648
659,680
659,685
659,1130
659,1138
659,1143
659,1146
659,1147
659,1160
659,1164
659,1173
659,1185
659,2773
659,2962
659,2984
659,2987
660,104
660,127
660,132
660,139
660,170
660,184
660,581
660,591
660,1605
660,1607
660,1619
660,1622
660,1679
660,1697
660,2456
660,2483
660,2558
660,2560
660,2573
660,2579
660,2584
660,3192
660,3305
661,124
661,179
661,616
661,624
661,636
661,642
661,644
661,648
661,665
661,680
661,1037
661,1119
661,1137
661,1143
661,1153
661,1159
661,1165
661,1173
661,1188
661,1195
661,1908
661,2557
661,2588
661,2590
661,2764
661,2774
661,2792
661,2915
661,2978
661,2985
661,3303
662,147
662,166
662,604
662,606
662,619
662,627
662,664
662,1859
662,1876
662,2763
662,2767
662,2769
662,2778
662,2780
662,2786
662,2790
663,132
663,134
663,139
663,147
663,176
663,180
663,190
663,602
663,618
663,621
663,632
663,641
663,677
663,681
663,1022
663,1051
663,1615
663,1660
663,1851
663,1863
663,1909
663,1921
663,1931
663,1933
663,1941
663,1953
663,1960
663,1966
663,1981
663,1989
663,1993
663,2759
663,2769
663,2771
663,2780
663,3284
663,3312
664,615
664,627
664,662
664,1148
664,1865
664,1976
664,1989
664,2761
664,2763
664,2767
664,2769
664,2778
664,2780
664,3282
665,117
665,126
665,616
665,648
665,661
665,680
665,1143
665,1150
665,1160
665,1173
665,1188
665,2588
665,2764
665,2985
666,601
666,604
666,606
666,682
666,698
666,1800
666,1849
666,1855
666,1857
666,1859
666,1873
666,1894
666,1953
666,2770
666,2790
666,3260
667,102
667,105
667,106
667,107
667,113
667,117
667,119
667,121
667,122
667,126
667,158
667,191
667,199
667,611
667,617
667,638
667,645
667,648
667,653
667,668
667,680
667,687
667,1128
667,1130
667,1137
667,1170
667,1173
667,2563
667,2589
667,2984
667,2993
668,117
668,141
668,156
668,191
668,194
668,616
668,638
668,644
668,645
668,648
668,667
668,1137
668,1173
668,2562
668,2564
668,2589
669,197
669,626
669,1103
669,1111
669,1115
669,1116
669,1118
669,1139
669,1151
669,1167
669,1169
669,1171
669,1192
669,1197
669,2758
669,2960
669,2961
669,2970
669,2988
669,2989
669,3256
670,646
670,650
670,672
670,678
670,1104
670,1131
670,1877
670,2961
670,2983
670,3276
670,3289
670,3292
670,3294
670,3312
671,109
671,120
671,123
671,131
671,134
671,144
671,149
671,185
671,193
671,198
671,613
671,621
671,635
671,647
671,681
671,696
671,1008
671,1034
671,1107
671,1831
671,1853
671,1909
671,1941
671,2568
671,2586
671,2768
671,2775
671,2931
671,3256
672,114
672,609
672,646
672,670
672,678
672,1010
672,1029
672,1102
672,1106
672,1178
672,1192
672,1877
672,1959
672,1973
672,2770
672,2961
672,2983
672,3276
672,3294
672,3309
673,604
673,606
673,610
673,619
673,631
673,674
673,682
673,1818
673,1897
673,2756
673,2767
673,2786
673,2790
673,2967
673,2983
673,3242
673,3250
674,610
674,631
674,673
674,682
674,699
674,1093
674,1149
674,1806
674,1820
674,2581
674,2756
674,2760
674,2779
674,2924
674,3242
674,3273
675,136
675,191
675,640
675,644
675,646
675,654
675,678
675,680
675,1138
675,1143
675,1159
675,1174
675,1183
675,1195
675,2563
675,2765
675,2915
675,2967
675,2980
675,2984
675,2987
676,1060
676,1062
676,1097
676,1806
676,1822
676,1826
676,1828
676,1846
676,1849
676,1850
676,1855
676,1859
676,1861
676,1878
676,1894
676,1896
676,1899
676,2760
676,2949
676,3236
676,3260
676,3261
676,3269
676,3273
677,180
677,605
677,620
677,651
677,663
677,1603
677,1905
677,1910
677,1930
677,1943
677,1949
677,1960
677,1966
677,1985
677,2771
677,3302
677,3310
678,609
678,646
678,649
678,670
678,672
678,675
678,1923
678,1945
678,1952
678,1959
678,1996
678,2765
678,3288
678,3289
678,3290
678,3291
678,3292
679,172
679,624
679,642
679,656
679,657
679,692
679,1103
679,1185
679,1197
679,1900
679,1988
679,2569
679,2580
679,2590
679,2755
679,2757
679,2758
679,2764
679,2781
679,2789
679,2965
680,102
680,105
680,122
680,156
680,616
680,617
680,638
680,642
680,644
680,648
680,653
680,654
680,656
680,659
680,661
680,665
680,667
680,675
680,684
680,685
680,687
680,1114
680,1125
680,1127
680,1128
680,1137
680,1138
680,1159
680,1160
680,1164
680,1173
680,1174
680,1183
680,1188
680,1190
680,1193
680,2765
680,2774
680,2777
680,2957
680,2964
680,2969
680,2978
680,2980
680,2984
680,2987
680,3303
681,123
681,131
681,132
681,134
681,147
681,180
681,185
681,190
681,193
681,198
681,602
681,613
681,618
681,621
681,635
681,663
681,671
681,1022
681,1615
681,1909
681,1933
681,1993
681,2761
681,2768
681,2771
681,2775
681,2781
681,3310
682,166
682,601
682,608
682,619
682,666
682,673
682,674
682,1149
682,1805
682,1806
682,1817
682,1818
682,1821
682,1859
682,1860
682,1862
682,2581
682,2760
682,2770
682,2779
682,2790
682,3273
683,102
683,119
683,121
683,126
683,140
683,145
683,616
683,638
683,693
683,1071
683,1100
683,1114
683,1137
683,1146
683,1150
683,1164
683,1174
683,1177
683,1190
683,1871
683,2589
683,2766
683,2794
683,2973
683,3263
683,3303
684,192
684,195
684,600
684,616
684,680
684,1111
684,1150
684,1155
684,1160
684,1165
684,1166
684,1185
684,1188
684,2588
684,2589
684,2985
684,3272
685,614
685,623
685,642
685,644
685,656
685,657
685,659
685,680
685,1114
685,1124
685,1137
685,1141
685,1158
685,1164
685,1188
685,2774
685,2978
685,2990
686,616
686,626
686,656
686,1101
686,1103
686,1111
686,1118
686,1121
686,1160
686,1182
686,1185
686,1908
686,1984
686,2758
686,2791
686,2792
686,2981
686,2983
686,3279
687,105
687,194
687,199
687,611
687,617
687,638
687,645
687,648
687,653
687,667
687,680
687,1128
687,1137
687,1160
687,1170
687,1173
687,2765
687,2984
687,2993
688,127
688,170
688,189
688,502
688,1605
688,1614
688,1619
688,1681
688,2558
688,2576
688,2579
688,2584
688,3168
688,3294
689,603
689,607
689,609
689,612
689,622
689,625
689,633
689,643
689,655
689,1894
689,1917
689,1958
689,1968
689,1970
689,1973
689,2770
689,2772
689,2784
689,3267
689,3283
689,3285
689,3300
690,108
690,634
690,693
690,694
690,699
690,1923
690,1924
690,1956
690,1957
690,1978
690,2969
690,3272
690,3279
690,3289
690,3303
691,649
691,1901
691,1903
691,1911
691,1956
691,1957
691,1990
691,1996
691,2794
691,2969
691,3289
691,3290
691,3291
691,3299
691,3308
692,144
692,150
692,624
692,656
692,657
692,679
692,1153
692,1197
692,1900
692,1905
692,1988
692,2557
692,2569
692,2580
692,2590
692,2755
692,2757
692,2782
692,2965
693,607
693,612
693,640
693,643
693,683
693,690
693,699
693,1106
693,1130
693,1183
693,1911
693,1917
693,1923
693,1978
693,2563
693,2766
693,2792
693,2973
693,2986
693,3299
694,122
694,634
694,637
694,640
694,690
694,697
694,1913
694,1932
694,1948
694,1956
694,1969
694,1983
694,3281
694,3299
694,3304
695,631
695,1112
695,1113
695,1126
695,1143
695,1171
695,1174
695,1179
695,1183
695,1193
695,2789
695,2957
695,2969
695,2974
695,2987
696,109
696,120
696,129
696,131
696,157
696,185
696,187
696,198
696,671
696,1102
696,1107
696,1139
696,1168
696,1191
696,1921
696,1931
696,2586
696,2768
696,3247
696,3264
696,3312
697,122
697,130
697,637
697,640
697,658
697,694
697,1082
697,1124
697,1902
697,1939
697,1948
697,1969
697,1995
697,3281
697,3304
698,601
698,666
698,1823
698,1824
698,1849
698,1867
698,1875
698,1882
698,1894
698,2760
698,2770
698,2784
698,2793
698,3236
699,610
699,616
699,640
699,674
699,690
699,693
699,1124
699,1143
699,1166
699,1185
699,1820
699,1908
699,2779
699,2969
699,2985
699,3272
699,3278
699,3279
700,703
700,704
700,706
700,714
700,716
700,734
700,741
700,743
700,745
700,753
700,763
700,766
700,772
700,777
700,2800
700,2807
700,2808
700,2824
700,2827
701,703
701,709
701,713
701,717
701,724
701,730
701,731
701,734
701,741
701,751
701,777
701,779
701,783
701,795
701,2798
701,2799
701,2807
701,2808
701,2815
701,2834
702,703
702,704
702,709
702,713
702,716
702,732
702,752
702,753
702,772
702,794
702,2800
702,2804
702,2815
702,2822
702,2834
703,700
703,701
703,702
703,704
703,707
703,714
703,716
703,753
703,772
703,774
703,777
703,2808
703,2815
703,2824
703,2834
704,700
704,702
704,703
704,706
704,713
704,716
704,745
704,752
704,753
704,772
704,774
704,777
704,794
704,2796
704,2800
704,2808
704,2815
705,461
705,467
705,721
705,742
705,758
705,768
705,777
705,781
705,788
705,2614
705,2688
705,2697
705,2800
705,2820
705,2833
706,700
706,704
706,708
706,714
706,716
706,743
706,745
706,754
706,763
706,766
706,768
706,772
706,777
706,779
706,781
706,2799
706,2807
706,2808
706,2810
706,2824
706,2827
707,703
707,713
707,714
707,717
707,734
707,741
707,754
707,763
707,775
707,777
707,779
707,781
707,795
707,2799
707,2807
707,2808
707,2820
707,2824
707,2827
708,706
708,742
708,743
708,749
708,756
708,765
708,766
708,768
708,769
708,776
708,777
708,781
708,2802
708,2810
708,2818
708,2820
709,701
709,702
709,710
709,730
709,732
709,736
709,744
709,752
709,753
709,774
709,794
709,2798
709,2801
709,2804
709,2815
709,2816
709,2831
709,2834
710,709
710,719
710,722
710,726
710,727
710,728
710,732
710,736
710,737
710,747
710,748
710,750
710,755
710,770
710,771
710,778
710,787
710,792
710,793
710,794
710,2797
710,2801
710,2804
710,2809
710,2811
710,2812
710,2821
710,2822
710,2830
711,722
711,724
711,725
711,732
711,733
711,735
711,736
711,761
711,790
711,794
711,2798
711,2801
711,2803
711,2815
711,2825
711,2828
711,2831
711,2834
712,719
712,723
712,729
712,733
712,740
712,759
712,770
712,780
712,2795
712,2803
712,2811
712,2814
712,2816
712,2825
713,701
713,702
713,704
713,707
713,716
713,717
713,730
713,731
713,741
713,745
713,752
713,753
713,758
713,772
713,774
713,777
713,779
713,783
713,795
713,2796
713,2799
713,2800
713,2813
713,2815
713,2831
714,700
714,703
714,706
714,707
714,716
714,734
714,753
714,754
714,763
714,777
714,781
714,2807
714,2808
714,2824
714,2827
715,718
715,720
715,723
715,726
715,728
715,748
715,757
715,759
715,762
715,764
715,770
715,778
715,785
715,786
715,789
715,790
715,791
715,2797
715,2803
715,2806
715,2817
715,2819
715,2821
715,2823
715,2826
715,2829
715,2832
716,700
716,702
716,703
716,704
716,706
716,713
716,714
716,724
716,745
716,753
716,761
716,772
716,774
716,794
716,2796
716,2808
716,2834
717,701
717,707
717,713
717,724
717,751
717,763
717,777
717,779
717,783
717,795
717,797
717,2796
717,2799
717,2805
717,2831
718,715
718,720
718,723
718,759
718,762
718,785
718,786
718,789
718,2512
718,2797
718,2817
718,2819
718,2821
718,2826
718,2829
718,2832
719,710
719,712
719,723
719,729
719,731
719,737
719,740
719,750
719,764
719,771
719,787
719,792
719,799
719,2811
719,2814
719,2816
720,715
720,718
720,723
720,762
720,778
720,785
720,2797
720,2817
720,2819
720,2821
720,2823
720,2826
720,2829
720,2832
721,705
721,742
721,749
721,751
721,754
721,758
721,765
721,768
721,775
721,782
721,783
721,788
721,795
721,796
721,2799
721,2805
721,2820
721,2833
722,710
722,711
722,727
722,733
722,736
722,737
722,740
722,746
722,750
722,755
722,770
722,780
722,784
722,787
722,790
722,792
722,2795
722,2804
722,2811
722,2812
722,2825
722,2828
722,2831
722,2834
723,712
723,715
723,718
723,719
723,720
723,729
723,737
723,757
723,759
723,762
723,764
723,789
723,791
723,799
723,2806
723,2811
723,2814
723,2829
724,701
724,711
724,716
724,717
724,725
724,732
724,733
724,736
724,739
724,744
724,745
724,746
724,752
724,755
724,761
724,766
724,767
724,773
724,774
724,777
724,784
724,2796
724,2798
724,2801
724,2808
724,2810
724,2813
724,2815
724,2825
724,2828
724,2831
724,2834
725,711
725,724
725,732
725,735
725,736
725,739
725,744
725,745
725,752
725,755
725,761
725,766
725,777
725,784
725,2801
725,2804
725,2810
725,2815
725,2834
726,710
726,715
726,727
726,747
726,748
726,759
726,762
726,778
726,785
726,2797
726,2806
726,2812
726,2817
726,2819
726,2821
726,2823
727,710
727,722
727,726
727,737
727,748
727,750
727,757
727,759
727,770
727,771
727,789
727,791
727,792
727,793
727,794
727,2801
727,2809
727,2811
727,2812
727,2816
727,2830
728,710
728,715
728,759
728,764
728,771
728,778
728,786
728,793
728,2797
728,2806
728,2809
728,2812
728,2819
728,2821
728,2830
729,712
729,719
729,723
729,733
729,740
729,746
729,767
729,780
729,787
729,792
729,2795
729,2803
729,2811
729,2814
729,2825
729,2828
729,2831
730,701
730,709
730,713
730,731
730,739
730,740
730,750
730,780
730,784
730,2798
730,2801
730,2813
730,2831
730,2834
731,701
731,713
731,719
731,730
731,740
731,746
731,750
731,751
731,787
731,792
731,793
731,2798
731,2811
731,2813
731,2816
731,2831
732,702
732,709
732,710
732,711
732,724
732,725
732,735
732,736
732,744
732,752
732,753
732,761
732,784
732,790
732,794
732,2796
732,2801
732,2803
732,2804
732,2815
732,2834
733,297
733,711
733,712
733,722
733,724
733,729
733,735
733,738
733,740
733,746
733,751
733,767
733,773
733,780
733,784
733,796
733,2795
733,2825
733,2828
733,2831
734,700
734,701
734,707
734,714
734,741
734,743
734,758
734,763
734,777
734,779
734,781
734,795
734,2805
734,2807
734,2820
734,2827
734,2833
735,711
735,725
735,732
735,733
735,736
735,739
735,755
735,784
735,790
735,2795
735,2798
735,2801
735,2803
735,2804
735,2825
735,2828
736,709
736,710
736,711
736,722
736,724
736,725
736,732
736,735
736,739
736,744
736,747
736,750
736,752
736,755
736,784
736,2801
736,2804
736,2812
736,2815
736,2825
736,2828
736,2830
736,2834
737,710
737,719
737,722
737,723
737,727
737,740
737,750
737,759
737,770
737,780
737,792
737,799
737,2811
737,2814
737,2816
738,733
738,751
738,765
738,767
738,768
738,773
738,776
738,777
738,779
738,782
738,795
738,796
738,797
738,798
738,2802
738,2805
738,2810
738,2820
738,2833
739,724
739,725
739,730
739,735
739,736
739,744
739,745
739,755
739,766
739,767
739,784
739,2802
739,2810
739,2813
739,2825
739,2828
739,2831
739,2834
740,712
740,719
740,722
740,729
740,730
740,731
740,733
740,737
740,746
740,780
740,792
740,2801
740,2811
740,2814
740,2816
740,2825
740,2831
741,700
741,701
741,707
741,713
741,734
741,772
741,775
741,779
741,783
741,795
741,797
741,2799
741,2800
741,2807
741,2820
741,2827
742,705
742,708
742,721
742,743
742,749
742,756
742,765
742,768
742,776
742,782
742,788
742,796
742,797
742,798
742,2805
742,2818
742,2820
742,2833
743,700
743,706
743,708
743,734
743,742
743,749
743,754
743,756
743,763
743,765
743,766
743,768
743,769
743,777
743,779
743,781
743,782
743,788
743,2807
743,2808
743,2810
743,2818
743,2820
743,2824
743,2833
744,709
744,724
744,725
744,732
744,736
744,739
744,752
744,792
744,2801
744,2804
744,2815
744,2825
744,2828
744,2831
745,700
745,704
745,706
745,713
745,716
745,724
745,725
745,739
745,753
745,766
745,772
745,774
745,777
745,2796
745,2808
745,2810
745,2834
746,722
746,724
746,729
746,731
746,733
746,740
746,750
746,752
746,784
746,2795
746,2798
746,2815
746,2825
746,2831
747,710
747,726
747,736
747,748
747,762
747,771
747,778
747,790
747,794
747,2797
747,2804
747,2806
747,2812
747,2821
747,2822
747,2832
748,710
748,715
748,726
748,727
748,747
748,759
748,762
748,771
748,778
748,790
748,791
748,793
748,794
748,2797
748,2803
748,2804
748,2806
748,2809
748,2811
748,2812
748,2821
748,2822
748,2823
748,2830
749,708
749,721
749,742
749,743
749,754
749,756
749,765
749,768
749,769
749,781
749,782
749,788
749,2818
749,2820
749,2833
750,710
750,719
750,722
750,727
750,730
750,731
750,736
750,737
750,746
750,752
750,771
750,787
750,792
750,2798
750,2801
750,2804
750,2815
750,2831
751,701
751,717
751,721
751,731
751,733
751,738
751,776
751,782
751,783
751,796
751,797
751,2799
751,2805
751,2831
752,702
752,704
752,709
752,713
752,724
752,725
752,732
752,736
752,744
752,746
752,750
752,787
752,794
752,2800
752,2804
752,2815
752,2831
752,2834
753,700
753,702
753,703
753,704
753,709
753,713
753,714
753,716
753,732
753,745
753,761
753,772
753,774
753,777
753,2796
753,2800
753,2808
753,2815
753,2824
753,2834
754,706
754,707
754,714
754,721
754,743
754,749
754,763
754,766
754,768
754,775
754,777
754,779
754,781
754,788
754,2799
754,2805
754,2807
754,2810
754,2818
754,2820
754,2824
754,2833
755,710
755,722
755,724
755,725
755,735
755,736
755,739
755,770
755,780
755,784
755,790
755,2801
755,2804
755,2812
755,2828
755,2831
755,2834
756,708
756,742
756,743
756,749
756,765
756,768
756,776
756,781
756,782
756,788
756,798
756,2805
756,2818
756,2820
756,2833
756,3399
757,715
757,723
757,727
757,759
757,762
757,764
757,770
757,787
757,789
757,791
757,792
757,2811
757,2814
757,2816
757,2821
758,705
758,713
758,721
758,734
758,768
758,769
758,777
758,781
758,783
758,2799
758,2800
758,2805
758,2808
758,2820
758,2827
758,2833
759,712
759,715
759,718
759,723
759,726
759,727
759,728
759,737
759,748
759,757
759,762
759,764
759,770
759,771
759,789
759,791
759,799
759,2797
759,2803
759,2806
759,2809
759,2814
759,2819
759,2823
759,2829
759,2830
760,289
760,308
760,323
760,327
760,340
760,441
760,493
760,2512
760,2651
760,2669
760,2672
760,2683
760,2708
760,2713
760,3425
761,711
761,716
761,724
761,725
761,732
761,753
761,772
761,774
761,794
761,2796
761,2801
761,2809
761,2812
761,2815
761,2834
762,715
762,718
762,720
762,723
762,726
762,747
762,748
762,757
762,759
762,764
762,770
762,778
762,789
762,790
762,791
762,2797
762,2803
762,2806
762,2812
762,2817
762,2819
762,2821
762,2823
762,2826
762,2829
762,2830
763,700
763,706
763,707
763,714
763,717
763,734
763,743
763,754
763,775
763,777
763,779
763,781
763,795
763,2799
763,2805
763,2820
764,715
764,719
764,723
764,728
764,757
764,759
764,762
764,785
764,791
764,799
764,2806
764,2809
764,2811
764,2814
764,2816
764,2829
765,708
765,721
765,738
765,742
765,743
765,749
765,756
765,768
765,769
765,776
765,779
765,781
765,782
765,788
765,796
765,797
765,798
765,2805
765,2810
765,2818
765,2820
765,2833
766,700
766,706
766,708
766,724
766,725
766,739
766,743
766,745
766,754
766,769
766,777
766,2808
766,2810
766,2824
766,2834
767,724
767,729
767,733
767,738
767,739
767,773
767,784
767,2795
767,2802
767,2810
767,2813
767,2825
767,2828
767,2831
768,705
768,706
768,708
768,721
768,738
768,742
768,743
768,749
768,754
768,756
768,758
768,765
768,769
768,773
768,776
768,779
768,781
768,782
768,788
768,795
768,796
768,2799
768,2805
768,2818
768,2820
768,2833
769,708
769,743
769,749
769,758
769,765
769,766
769,768
769,773
769,776
769,777
769,782
769,2802
769,2808
769,2810
769,2820
769,2833
770,710
770,712
770,715
770,722
770,727
770,737
770,755
770,757
770,759
770,762
770,780
770,784
770,789
770,790
770,791
770,2795
770,2803
770,2811
770,2812
770,2814
770,2823
770,2828
771,710
771,719
771,727
771,728
771,747
771,748
771,750
771,759
771,778
771,787
771,792
771,793
771,799
771,2797
771,2801
771,2804
771,2806
771,2809
771,2812
771,2822
772,700
772,702
772,703
772,704
772,706
772,713
772,716
772,741
772,745
772,753
772,761
772,774
772,777
772,2796
772,2800
772,2808
772,2815
772,2834
773,724
773,733
773,738
773,767
773,768
773,769
773,776
773,777
773,795
773,2799
773,2802
773,2810
773,2813
773,2828
773,2831
773,2834
774,703
774,704
774,709
774,713
774,716
774,724
774,745
774,753
774,761
774,772
774,777
774,794
774,2796
774,2808
774,2815
774,2834
775,188
775,368
775,707
775,721
775,741
775,754
775,763
775,782
775,783
775,788
775,795
775,797
775,2805
775,2820
775,2833
775,2910
776,708
776,738
776,742
776,751
776,756
776,765
776,768
776,769
776,773
776,781
776,782
776,798
776,2802
776,2810
776,2813
776,2818
776,2820
776,2833
777,700
777,701
777,703
777,704
777,705
777,706
777,707
777,708
777,713
777,714
777,717
777,724
777,725
777,734
777,738
777,743
777,745
777,753
777,754
777,758
777,763
777,766
777,769
777,772
777,773
777,774
777,779
777,781
777,795
777,2796
777,2799
777,2800
777,2807
777,2808
777,2810
777,2813
777,2820
777,2824
777,2827
778,710
778,715
778,720
778,726
778,728
778,747
778,748
778,762
778,771
778,785
778,786
778,2797
778,2806
778,2809
778,2812
778,2817
778,2819
778,2821
778,2822
778,2823
778,2830
778,2832
779,701
779,706
779,707
779,713
779,717
779,734
779,738
779,741
779,743
779,754
779,763
779,765
779,768
779,777
779,788
779,795
779,797
779,2799
779,2805
779,2820
779,2833
780,712
780,722
780,729
780,730
780,733
780,737
780,740
780,755
780,770
780,792
780,2801
780,2811
780,2812
780,2816
780,2828
780,2831
781,705
781,706
781,707
781,708
781,714
781,734
781,743
781,749
781,754
781,756
781,758
781,763
781,765
781,768
781,776
781,777
781,782
781,2800
781,2802
781,2807
781,2818
781,2820
781,2824
781,2827
781,2833
782,721
782,738
782,742
782,743
782,749
782,751
782,756
782,765
782,768
782,769
782,775
782,776
782,781
782,788
782,796
782,797
782,798
782,2805
782,2818
782,2820
782,2833
782,3181
783,701
783,713
783,717
783,721
783,741
783,751
783,758
783,775
783,795
783,796
783,797
783,2799
783,2800
783,2813
784,722
784,724
784,725
784,730
784,732
784,733
784,735
784,736
784,739
784,746
784,755
784,767
784,770
784,2801
784,2804
784,2825
784,2828
784,2831
784,2834
785,715
785,718
785,720
785,726
785,764
785,778
785,786
785,2512
785,2797
785,2806
785,2817
785,2819
785,2821
785,2826
785,2829
785,2832
786,715
786,718
786,728
786,778
786,785
786,2249
786,2512
786,2797
786,2806
786,2817
786,2819
786,2826
786,2829
786,2832
787,710
787,719
787,722
787,729
787,731
787,750
787,752
787,757
787,771
787,792
787,793
787,2795
787,2801
787,2803
787,2804
787,2811
787,2814
787,2830
788,705
788,721
788,742
788,743
788,749
788,754
788,756
788,765
788,768
788,775
788,779
788,782
788,795
788,797
788,2805
788,2818
788,2820
788,2833
789,715
789,718
789,723
789,727
789,757
789,759
789,762
789,770
789,791
789,2797
789,2806
789,2821
789,2823
789,2826
789,2829
790,711
790,715
790,722
790,732
790,735
790,747
790,748
790,755
790,762
790,770
790,2803
790,2804
790,2806
790,2812
790,2823
791,715
791,723
791,727
791,748
791,757
791,759
791,762
791,764
791,770
791,789
791,799
791,2809
791,2811
791,2816
791,2817
791,2821
791,2823
791,2826
791,2829
792,710
792,719
792,722
792,727
792,729
792,731
792,737
792,740
792,744
792,750
792,757
792,771
792,780
792,787
792,793
792,794
792,2795
792,2798
792,2801
792,2803
792,2809
792,2811
792,2812
792,2814
792,2815
792,2816
792,2831
793,710
793,727
793,728
793,731
793,748
793,771
793,787
793,792
793,2801
793,2803
793,2809
793,2811
793,2812
793,2816
793,2828
793,2830
794,702
794,704
794,709
794,710
794,711
794,716
794,727
794,732
794,747
794,748
794,752
794,761
794,774
794,792
794,2796
794,2798
794,2801
794,2804
794,2812
794,2815
794,2834
795,701
795,707
795,713
795,717
795,721
795,734
795,738
795,741
795,763
795,768
795,773
795,775
795,777
795,779
795,783
795,788
795,797
795,2799
795,2805
795,2807
795,2818
795,2820
795,2824
795,2827
795,2833
796,352
796,454
796,721
796,733
796,738
796,742
796,751
796,765
796,768
796,782
796,783
796,797
796,798
796,2636
796,2799
796,2805
796,2820
796,2833
797,717
797,738
797,741
797,742
797,751
797,765
797,775
797,779
797,782
797,783
797,788
797,795
797,796
797,798
797,2799
797,2805
797,2820
797,2833
798,43
798,738
798,742
798,756
798,765
798,776
798,782
798,796
798,797
798,2802
798,2805
798,2813
798,2818
798,2820
798,2833
799,719
799,723
799,737
799,759
799,764
799,771
799,791
799,2806
799,2809
799,2811
799,2814
799,2819
799,2823
799,2829
800,211
800,261
800,315
800,335
800,344
800,437
800,801
800,803
800,804
800,812
800,815
800,824
800,829
800,834
800,854
800,870
800,873
800,888
800,896
800,898
800,2645
800,2664
800,2665
800,2859
800,2869
800,3402
800,3418
801,211
801,240
801,251
801,335
801,800
801,815
801,822
801,824
801,829
801,834
801,837
801,872
801,898
801,970
801,2650
801,2861
801,2869
802,208
802,261
802,283
802,301
802,311
802,314
802,804
802,821
802,848
802,850
802,855
802,861
802,871
802,876
802,879
802,889
802,896
802,897
802,2835
802,2837
802,2862
802,2874
803,211
803,230
803,261
803,303
803,315
803,332
803,354
803,372
803,437
803,492
803,800
803,808
803,810
803,812
803,824
803,829
803,847
803,850
803,854
803,876
803,2260
803,2617
803,2645
803,2660
803,2849
803,3402
804,211
804,271
804,301
804,310
804,311
804,335
804,344
804,354
804,800
804,802
804,808
804,813
804,815
804,821
804,824
804,829
804,837
804,838
804,848
804,850
804,852
804,854
804,855
804,866
804,867
804,871
804,872
804,873
804,876
804,877
804,879
804,896
804,898
804,921
804,2244
804,2286
804,2604
804,2640
804,2655
804,2835
804,2849
804,2862
804,2869
804,2874
804,3418
805,819
805,842
805,851
805,875
805,880
805,887
805,2216
805,2242
805,2275
805,2612
805,2627
805,2846
805,2847
805,2865
805,2870
805,2873
805,3431
806,213
806,215
806,242
806,389
806,809
806,864
806,892
806,893
806,2220
806,2227
806,2236
806,2238
806,2283
806,2597
806,2605
806,2625
806,2661
806,2858
806,3415
806,3433
807,810
807,823
807,857
807,892
807,2220
807,2236
807,2238
807,2283
807,2620
807,2661
807,2839
807,2843
807,2858
807,3401
807,3433
808,256
808,354
808,803
808,804
808,811
808,812
808,822
808,837
808,847
808,863
808,866
808,875
808,876
808,2849
808,2852
808,2868
808,2869
809,213
809,215
809,389
809,806
809,864
809,892
809,893
809,2215
809,2220
809,2236
809,2238
809,2283
809,2661
809,2858
809,3401
809,3415
810,803
810,807
810,821
810,822
810,823
810,850
810,865
810,876
810,877
810,2601
810,2640
810,2661
810,2838
810,2874
811,201
811,206
811,271
811,808
811,813
811,819
811,828
811,837
811,841
811,847
811,851
811,875
811,876
811,887
811,2617
811,2845
811,2849
811,2853
811,2860
811,2868
812,335
812,800
812,803
812,808
812,815
812,824
812,841
812,847
812,850
812,855
812,876
812,2837
812,2853
812,2868
813,201
813,206
813,239
813,249
813,258
813,271
813,804
813,811
813,821
813,828
813,830
813,841
813,842
813,846
813,847
813,852
813,853
813,855
813,866
813,869
813,877
813,878
813,890
813,2604
813,2609
813,2632
813,2640
813,2655
813,2667
813,2835
813,2842
813,2845
813,2853
813,2862
813,2872
814,336
814,838
814,839
814,881
814,882
814,886
814,891
814,2654
814,2659
814,2854
814,2857
814,2867
814,2868
814,2870
815,211
815,251
815,315
815,335
815,800
815,801
815,804
815,812
815,822
815,824
815,854
815,863
815,867
815,870
815,876
815,2849
815,2861
816,207
816,236
816,239
816,249
816,293
816,820
816,828
816,830
816,835
816,874
816,2623
816,2626
816,2632
816,2843
816,2845
816,2851
816,2858
816,2864
817,200
817,225
817,284
817,291
817,342
817,387
817,818
817,836
817,856
817,857
817,883
817,2282
817,2602
817,2621
817,2631
817,2841
817,2863
817,2866
818,200
818,215
818,216
818,218
818,225
818,242
818,254
818,262
818,269
818,273
818,282
818,296
818,299
818,379
818,384
818,817
818,836
818,849
818,857
818,862
818,864
818,883
818,893
818,2221
818,2227
818,2238
818,2282
818,2596
818,2605
818,2621
818,2631
818,2656
818,2856
818,2866
819,805
819,811
819,825
819,827
819,828
819,864
819,887
819,2838
819,2839
819,2845
819,2851
819,2860
819,2865
819,2867
820,241
820,269
820,293
820,296
820,816
820,2202
820,2246
820,2255
820,2275
820,2282
820,2292
820,2611
820,2856
820,3430
821,239
821,279
821,283
821,802
821,804
821,810
821,813
821,841
821,847
821,850
821,853
821,876
821,877
821,889
821,897
821,982
821,2640
821,2874
822,211
822,256
822,303
822,331
822,332
822,335
822,338
822,354
822,398
822,801
822,808
822,810
822,815
822,837
822,838
822,845
822,858
822,875
822,876
822,885
822,894
822,896
822,2601
822,2640
822,2653
822,2848
822,2852
822,2868
822,2869
823,274
823,339
823,386
823,807
823,810
823,827
823,857
823,865
823,2233
823,2238
823,2283
823,2661
823,2838
823,3401
823,3433
824,211
824,252
824,256
824,261
824,301
824,311
824,315
824,335
824,437
824,800
824,801
824,803
824,804
824,812
824,815
824,848
824,850
824,854
824,870
824,873
824,876
824,879
824,2645
824,2698
824,2837
824,2874
824,3402
824,3418
824,3429
825,398
825,819
825,826
825,827
825,830
825,831
825,835
825,845
825,874
825,875
825,887
825,890
825,2838
825,2851
825,2853
825,2860
825,2864
825,2865
825,2872
826,203
826,293
826,312
826,316
826,318
826,350
826,825
826,827
826,831
826,835
826,838
826,839
826,843
826,845
826,846
826,847
826,849
826,858
826,860
826,874
826,881
826,882
826,2227
826,2232
826,2296
826,2601
826,2609
826,2611
826,2620
826,2626
826,2629
826,2632
826,2654
826,2659
826,2666
826,2667
826,2694
826,2839
826,2840
826,2842
826,2845
826,2848
826,2850
826,2851
826,2853
826,2855
826,2857
826,2860
826,2864
826,2865
826,2870
826,2872
827,332
827,338
827,350
827,354
827,386
827,398
827,819
827,823
827,825
827,826
827,831
827,839
827,840
827,845
827,857
827,865
827,875
827,882
827,884
827,886
827,2601
827,2654
827,2838
827,2839
827,2840
827,2846
827,2851
827,2852
827,2854
827,2855
827,2860
827,2867
827,2871
827,2873
827,2886
828,249
828,811
828,813
828,816
828,819
828,830
828,835
828,841
828,846
828,847
828,874
828,890
828,2626
828,2632
828,2842
828,2843
828,2845
828,2851
828,2853
828,2860
828,2872
828,3405
829,211
829,251
829,315
829,344
829,354
829,437
829,800
829,801
829,803
829,804
829,863
829,867
829,870
829,873
829,898
829,2613
829,2645
829,2869
830,236
830,249
830,813
830,816
830,825
830,828
830,835
830,858
830,869
830,874
830,890
830,2297
830,2843
830,2845
830,2851
830,2853
830,2858
830,2864
831,825
831,826
831,827
831,839
831,857
831,860
831,864
831,882
831,2838
831,2839
831,2843
831,2851
831,2863
831,2864
831,2867
831,2870
831,2872
832,202
832,225
832,296
832,342
832,357
832,378
832,836
832,856
832,868
832,893
832,2205
832,2602
832,2841
832,2866
833,202
833,247
833,313
833,328
833,329
833,336
833,399
833,840
833,844
833,883
833,884
833,895
833,2205
833,2270
833,2295
833,2844
833,2854
833,2863
833,2867
833,2871
833,3425
834,211
834,258
834,261
834,800
834,801
834,837
834,843
834,852
834,855
834,860
834,872
834,875
834,876
834,891
834,898
834,970
834,2598
834,2835
835,816
835,825
835,826
835,828
835,830
835,874
835,890
835,2626
835,2843
835,2851
835,2853
835,2858
835,2864
835,2872
836,281
836,342
836,357
836,817
836,818
836,832
836,856
836,868
836,965
836,2205
836,2282
836,2602
836,2631
836,2841
836,2866
837,211
837,801
837,804
837,808
837,811
837,822
837,834
837,838
837,839
837,855
837,860
837,863
837,867
837,869
837,875
837,886
837,896
837,2835
837,2846
837,2849
837,2853
837,2857
837,2868
837,2869
838,293
838,310
838,313
838,804
838,814
838,822
838,826
838,837
838,867
838,875
838,881
838,2609
838,2620
838,2654
838,2666
838,2838
838,2842
838,2848
838,2853
838,2857
838,2862
838,2868
838,2869
839,332
839,336
839,350
839,367
839,814
839,826
839,827
839,831
839,837
839,845
839,865
839,875
839,882
839,884
839,886
839,2213
839,2601
839,2620
839,2650
839,2654
839,2659
839,2660
839,2838
839,2839
839,2840
839,2846
839,2847
839,2848
839,2855
839,2860
839,2867
839,2871
839,2886
840,202
840,247
840,274
840,332
840,827
840,833
840,844
840,857
840,865
840,883
840,2270
840,2854
840,2867
840,2871
841,256
841,271
841,279
841,331
841,811
841,812
841,813
841,821
841,828
841,842
841,847
841,851
841,855
841,866
841,876
841,890
841,897
841,2845
841,2853
841,2862
842,239
842,271
842,805
842,813
842,841
842,847
842,852
842,878
842,2216
842,2242
842,2286
842,2297
842,2604
842,2845
842,2847
842,3405
842,3412
842,3426
842,3429
843,205
843,293
843,312
843,318
843,826
843,834
843,860
843,881
843,903
843,921
843,2598
843,2629
843,2646
843,2654
843,2666
843,2857
843,2872
844,202
844,247
844,274
844,336
844,378
844,833
844,840
844,859
844,883
844,895
844,2205
844,2233
844,2262
844,2269
844,2270
844,2295
844,2844
844,2854
844,2863
844,2871
844,3419
844,3424
844,3425
845,316
845,332
845,338
845,350
845,384
845,822
845,825
845,826
845,827
845,839
845,849
845,857
845,858
845,865
845,875
845,2838
845,2839
845,2852
845,2860
846,239
846,240
846,318
846,813
846,826
846,828
846,847
846,855
846,2609
846,2613
846,2620
846,2632
846,2846
846,2857
846,2860
846,2865
846,2870
846,2872
846,3405
847,201
847,239
847,271
847,803
847,808
847,811
847,812
847,813
847,821
847,826
847,828
847,841
847,842
847,846
847,850
847,853
847,855
847,858
847,866
847,875
847,877
847,921
847,996
847,2231
847,2286
847,2609
847,2612
847,2632
847,2655
847,2660
847,2842
847,2845
847,2853
847,2872
847,3405
848,301
848,311
848,314
848,802
848,804
848,824
848,861
848,871
848,873
848,879
848,889
848,896
848,2604
848,2698
848,2874
849,207
849,233
849,242
849,243
849,293
849,319
849,384
849,818
849,826
849,845
849,2227
849,2275
849,2623
849,2632
849,2845
849,2860
850,211
850,279
850,311
850,802
850,803
850,804
850,810
850,812
850,821
850,824
850,847
850,854
850,855
850,866
850,876
850,877
850,879
850,889
850,2604
850,2617
850,2640
850,2849
850,2874
851,398
851,805
851,811
851,841
851,855
851,869
851,875
851,887
851,888
851,890
851,897
851,2216
851,2847
851,2849
851,2859
852,201
852,211
852,212
852,229
852,230
852,252
852,261
852,268
852,279
852,285
852,331
852,437
852,804
852,813
852,834
852,842
852,869
852,873
852,876
852,878
852,888
852,889
852,2211
852,2229
852,2604
852,2613
852,2617
852,2634
852,2859
852,3427
852,3429
853,237
853,239
853,246
853,268
853,272
853,279
853,331
853,813
853,821
853,847
853,877
853,2005
853,2015
853,2097
853,2607
853,2640
853,2845
853,3339
854,211
854,261
854,301
854,335
854,800
854,803
854,804
854,815
854,824
854,850
854,861
854,867
854,871
854,876
854,885
854,2260
854,2837
854,2849
854,2874
854,3402
855,258
855,802
855,804
855,812
855,813
855,834
855,837
855,841
855,846
855,847
855,850
855,851
855,866
855,869
855,875
855,876
855,877
855,885
855,888
855,890
855,896
855,897
855,2835
855,2862
855,2868
855,2869
855,2872
856,281
856,286
856,291
856,341
856,342
856,357
856,817
856,832
856,836
856,868
856,883
856,965
856,2599
856,2841
857,200
857,216
857,242
857,247
857,254
857,274
857,282
857,296
857,316
857,384
857,386
857,807
857,817
857,818
857,823
857,827
857,831
857,840
857,845
857,864
857,865
857,883
857,2236
857,2238
857,2839
857,2840
857,2856
857,2860
857,3401
858,249
858,822
858,826
858,830
858,845
858,847
858,874
858,875
858,894
858,2601
858,2609
858,2667
858,2838
858,2845
858,2853
858,2860
859,202
859,269
859,399
859,844
859,899
859,2019
859,2141
859,2202
859,2205
859,2217
859,2235
859,2251
859,2255
859,2282
859,2295
859,2641
859,2856
859,2863
859,3424
860,249
860,278
860,293
860,318
860,826
860,831
860,834
860,837
860,843
860,891
860,2267
860,2646
860,2851
860,2864
860,2865
860,2870
861,208
861,261
861,301
861,314
861,802
861,848
861,854
861,869
861,871
861,879
861,889
861,896
861,897
861,2837
862,818
862,893
862,2210
862,2241
862,2258
862,2261
862,2275
862,2282
862,2285
862,2292
862,2296
862,2626
862,2843
862,2850
862,2851
862,2854
862,2858
862,2865
862,2870
862,3410
862,3431
863,313
863,318
863,328
863,335
863,808
863,815
863,829
863,837
863,867
863,884
863,894
863,970
863,2284
863,2650
863,2836
863,2849
863,2857
863,2861
863,2869
864,215
864,806
864,809
864,818
864,819
864,831
864,857
864,892
864,893
864,2215
864,2220
864,2236
864,2843
864,2851
864,2858
865,274
865,332
865,386
865,810
865,823
865,827
865,839
865,840
865,845
865,857
865,2838
865,2839
865,2840
865,2855
865,2857
865,2867
866,239
866,256
866,258
866,271
866,310
866,406
866,804
866,808
866,813
866,841
866,847
866,850
866,855
866,881
866,894
866,921
866,964
866,2286
866,2598
866,2655
866,2835
866,2842
866,2849
866,2853
866,2862
866,2901
867,211
867,310
867,313
867,335
867,354
867,367
867,804
867,815
867,829
867,837
867,838
867,854
867,863
867,872
867,875
867,881
867,884
867,894
867,898
867,2244
867,2279
867,2664
867,2665
867,2849
867,2857
867,2868
867,2869
868,204
868,267
868,281
868,286
868,291
868,294
868,341
868,342
868,357
868,378
868,832
868,836
868,856
868,965
868,1687
868,2268
868,2599
868,2624
868,2841
869,813
869,830
869,837
869,851
869,852
869,855
869,861
869,871
869,877
869,878
869,885
869,888
869,890
869,896
869,897
869,2640
869,2859
869,2868
869,3429
870,211
870,303
870,304
870,309
870,310
870,315
870,330
870,335
870,344
870,353
870,359
870,372
870,373
870,380
870,396
870,410
870,459
870,487
870,495
870,800
870,815
870,824
870,829
870,2639
870,2645
870,2654
870,2664
870,2665
870,2668
871,301
871,802
871,804
871,848
871,854
871,861
871,869
871,873
871,879
871,896
871,897
871,2835
871,2837
871,2862
872,211
872,240
872,251
872,313
872,318
872,367
872,428
872,801
872,804
872,834
872,867
872,875
872,881
872,894
872,898
872,2244
872,2286
872,2609
872,2613
872,2835
872,2836
872,2848
872,2852
872,2857
872,2869
873,252
873,301
873,800
873,804
873,824
873,829
873,848
873,852
873,871
873,876
873,879
873,896
873,2604
873,2617
873,2645
873,2698
873,2837
873,2874
873,3429
874,236
874,816
874,825
874,826
874,828
874,830
874,835
874,858
874,2609
874,2843
874,2845
874,2853
874,2864
874,2872
875,201
875,256
875,271
875,332
875,350
875,354
875,367
875,398
875,805
875,808
875,811
875,822
875,825
875,827
875,834
875,837
875,838
875,839
875,845
875,847
875,851
875,855
875,858
875,867
875,872
875,877
875,885
875,887
875,894
875,2601
875,2609
875,2627
875,2838
875,2842
875,2846
875,2847
875,2848
875,2849
875,2852
875,2859
875,2868
875,2869
876,256
876,261
876,279
876,331
876,335
876,802
876,803
876,804
876,808
876,810
876,811
876,812
876,815
876,821
876,822
876,824
876,834
876,841
876,850
876,852
876,854
876,855
876,873
876,877
876,879
876,896
876,897
876,2604
876,2617
876,2640
876,2837
876,2849
876,2868
876,2874
876,3418
877,230
877,279
877,283
877,311
877,331
877,804
877,810
877,813
877,821
877,847
877,850
877,853
877,855
877,869
877,875
877,876
877,879
877,885
877,889
877,897
877,982
877,2617
877,2640
877,2874
878,229
878,230
878,252
878,268
878,279
878,283
878,285
878,290
878,813
878,842
878,852
878,869
878,889
878,2038
878,2211
878,2229
878,2604
878,2607
878,3429
879,279
879,301
879,311
879,314
879,802
879,804
879,824
879,848
879,850
879,861
879,871
879,873
879,876
879,877
879,889
879,2604
879,2619
879,2698
879,2837
879,2874
880,240
880,399
880,805
880,884
880,891
880,970
880,2846
880,2847
880,2851
880,2852
880,2854
880,2865
880,2867
880,2870
880,2873
880,3408
880,3419
881,293
881,318
881,814
881,826
881,838
881,843
881,866
881,867
881,872
881,894
881,921
881,2654
881,2835
881,2853
881,2857
881,2862
882,814
882,826
882,827
882,831
882,839
882,886
882,891
882,2295
882,2654
882,2659
882,2838
882,2850
882,2854
882,2857
882,2867
882,2870
882,2871
882,2873
883,200
883,216
883,225
883,254
883,274
883,282
883,378
883,387
883,817
883,818
883,833
883,840
883,844
883,856
883,857
883,2282
883,2621
883,2628
883,2631
883,2656
883,2841
883,2844
883,2866
884,202
884,240
884,318
884,827
884,833
884,839
884,863
884,867
884,880
884,970
884,2650
884,2665
884,2846
884,2852
884,2861
884,2867
884,2869
884,2871
885,822
885,854
885,855
885,869
885,875
885,877
885,890
885,896
885,897
885,2640
885,2846
885,2852
885,2868
885,2869
885,2874
886,814
886,827
886,837
886,839
886,882
886,2659
886,2666
886,2838
886,2854
886,2857
886,2867
886,2868
886,2871
886,2873
887,318
887,805
887,811
887,819
887,825
887,851
887,875
887,888
887,890
887,970
887,2216
887,2846
887,2847
887,2849
887,2859
887,2860
887,2865
887,2872
888,261
888,285
888,331
888,800
888,851
888,852
888,855
888,869
888,887
888,890
888,897
888,2216
888,2245
888,2859
888,3429
889,208
889,223
889,229
889,279
889,283
889,311
889,314
889,802
889,821
889,848
889,850
889,852
889,861
889,877
889,878
889,879
889,2031
889,2211
889,2604
889,2617
889,2874
890,813
890,825
890,828
890,830
890,835
890,841
890,851
890,855
890,869
890,885
890,887
890,888
890,897
890,2853
890,2859
890,2872
891,814
891,834
891,860
891,880
891,882
891,2206
891,2208
891,2210
891,2234
891,2243
891,2245
891,2255
891,2267
891,2284
891,2285
891,2598
891,2836
891,2846
891,2847
891,2850
891,2854
891,2864
891,2870
891,2872
891,3422
892,213
892,215
892,806
892,807
892,809
892,864
892,893
892,2220
892,2227
892,2236
892,2238
892,2283
892,2661
892,2858
892,3401
892,3415
892,3433
893,215
893,225
893,242
893,292
893,389
893,806
893,809
893,818
893,832
893,862
893,864
893,892
893,2215
893,2220
893,2221
893,2236
893,2282
893,2858
893,2866
894,211
894,367
894,822
894,858
894,863
894,866
894,867
894,872
894,875
894,881
894,2835
894,2846
894,2852
894,2869
895,139
895,159
895,202
895,328
895,329
895,333
895,340
895,364
895,371
895,516
895,833
895,844
895,905
895,2649
895,2836
895,2861
895,3192
895,3305
896,261
896,301
896,800
896,802
896,804
896,822
896,837
896,848
896,855
896,861
896,869
896,871
896,873
896,876
896,885
896,897
896,2835
896,2837
897,802
897,821
897,841
897,851
897,855
897,861
897,869
897,871
897,876
897,877
897,885
897,888
897,890
897,896
897,2640
897,2837
897,2853
897,2868
898,211
898,251
898,313
898,315
898,344
898,354
898,428
898,431
898,800
898,801
898,804
898,829
898,834
898,867
898,872
898,2244
898,2279
898,2286
898,2598
898,2606
898,2613
898,2650
898,2677
898,2852
898,2869
899,202
899,247
899,342
899,859
899,2205
899,2255
899,2282
899,2295
899,2602
899,2844
899,2850
899,2854
899,2866
899,3424
900,23
900,62
900,516
900,905
900,913
900,919
900,955
900,976
900,992
900,995
900,1792
900,2876
900,2889
900,2898
901,909
901,913
901,914
901,918
901,925
901,926
901,944
901,959
901,960
901,963
901,972
901,977
901,986
901,987
901,992
901,2887
901,2889
901,2911
901,2914
902,911
902,917
902,930
902,931
902,932
902,934
902,935
902,941
902,948
902,955
902,971
902,993
902,999
902,2876
902,2878
902,2909
902,2913
903,328
903,395
903,843
903,913
903,921
903,958
903,964
903,970
903,980
903,2677
903,2694
903,2706
903,2875
903,2901
903,2903
903,2908
903,2911
904,907
904,909
904,915
904,918
904,925
904,928
904,942
904,951
904,952
904,954
904,973
904,985
904,991
904,2879
904,2880
904,2885
904,2887
904,2888
904,2893
904,2904
905,333
905,364
905,376
905,391
905,434
905,441
905,895
905,900
905,913
905,976
905,1792
905,2903
905,2908
905,2911
906,213
906,243
906,263
906,443
906,448
906,923
906,996
906,2001
906,2089
906,2097
906,2528
906,2608
906,2877
906,2886
906,2890
906,2897
907,904
907,915
907,918
907,928
907,942
907,949
907,952
907,953
907,954
907,961
907,962
907,969
907,973
907,974
907,988
907,991
907,994
907,997
907,2879
907,2880
907,2881
907,2882
907,2885
907,2887
907,2891
907,2892
907,2893
907,2900
907,2902
907,2904
907,2907
907,2914
908,0
908,24
908,61
908,914
908,920
908,926
908,933
908,939
908,943
908,962
908,995
908,2535
908,2540
908,2550
908,2880
908,2883
908,2912
909,7
909,54
909,72
909,901
909,904
909,910
909,912
909,918
909,920
909,922
909,924
909,925
909,951
909,952
909,954
909,963
909,965
909,967
909,972
909,985
909,986
909,987
909,992
909,2521
909,2529
909,2549
909,2881
909,2887
909,2888
909,2889
909,2890
909,2893
909,2894
909,2895
909,2905
909,2906
909,2907
910,27
910,341
910,909
910,912
910,922
910,925
910,945
910,947
910,965
910,984
910,986
910,989
910,2889
910,2900
910,2904
910,2906
911,902
911,930
911,931
911,932
911,933
911,935
911,941
911,948
911,968
911,971
911,981
911,993
911,999
911,2878
911,2909
911,2913
912,43
912,204
912,909
912,910
912,918
912,922
912,937
912,947
912,951
912,952
912,954
912,965
912,969
912,986
912,989
912,2529
912,2881
912,2887
912,2888
912,2900
912,2906
912,2907
913,434
913,900
913,901
913,903
913,905
913,916
913,919
913,926
913,938
913,944
913,955
913,975
913,976
913,977
913,980
913,992
913,2899
913,2901
913,2903
913,2908
913,2911
914,901
914,908
914,920
914,926
914,927
914,939
914,942
914,943
914,944
914,960
914,961
914,962
914,974
914,977
914,979
914,985
914,988
914,992
914,2880
914,2883
914,2888
914,2889
914,2893
914,2896
914,2897
914,2912
914,2914
915,904
915,907
915,934
915,935
915,936
915,942
915,949
915,953
915,956
915,962
915,973
915,974
915,988
915,991
915,994
915,997
915,2879
915,2880
915,2882
915,2885
915,2887
915,2891
915,2892
915,2893
915,2902
915,2904
915,2914
916,913
916,919
916,927
916,934
916,938
916,944
916,956
916,960
916,961
916,975
916,977
916,983
916,2876
916,2878
916,2882
916,2891
916,2899
916,2908
916,2909
916,2914
917,902
917,919
917,927
917,934
917,938
917,948
917,960
917,961
917,962
917,971
917,974
917,975
917,977
917,2876
917,2878
917,2891
917,2896
918,901
918,904
918,907
918,909
918,912
918,922
918,924
918,925
918,937
918,945
918,947
918,949
918,951
918,952
918,953
918,954
918,959
918,963
918,969
918,972
918,973
918,986
918,987
918,989
918,2881
918,2887
918,2893
918,2894
918,2895
918,2900
918,2902
918,2904
918,2907
919,900
919,913
919,916
919,917
919,927
919,930
919,932
919,938
919,955
919,956
919,971
919,975
919,977
919,993
919,995
919,999
919,2876
919,2896
919,2899
919,2908
920,35
920,38
920,54
920,72
920,73
920,75
920,83
920,87
920,908
920,909
920,914
920,925
920,946
920,985
920,988
920,2518
920,2521
920,2534
920,2549
920,2883
920,2897
920,2905
921,428
921,804
921,843
921,847
921,866
921,881
921,903
921,958
921,964
921,970
921,980
921,996
921,2284
921,2598
921,2655
921,2666
921,2677
921,2694
921,2875
921,2901
922,54
922,286
922,368
922,909
922,910
922,912
922,918
922,937
922,945
922,947
922,969
922,984
922,986
922,987
922,990
922,992
922,1513
922,2881
922,2895
922,2906
922,2910
923,255
923,453
923,906
923,924
923,940
923,943
923,944
923,967
923,972
923,984
923,987
923,2618
923,2877
923,2882
923,2890
923,2896
923,2897
924,909
924,918
924,923
924,925
924,944
924,959
924,960
924,963
924,969
924,972
924,987
924,2881
924,2890
924,2891
924,2897
924,2902
924,2906
924,2907
925,901
925,904
925,909
925,910
925,918
925,920
925,924
925,928
925,947
925,949
925,951
925,954
925,959
925,963
925,969
925,972
925,973
925,984
925,986
925,987
925,989
925,2881
925,2887
925,2888
925,2893
925,2894
925,2895
925,2900
925,2904
925,2906
925,2907
926,901
926,908
926,913
926,914
926,927
926,938
926,939
926,943
926,944
926,960
926,975
926,977
926,979
926,987
926,2883
926,2896
926,2912
927,914
927,916
927,917
927,919
927,926
927,930
927,932
927,935
927,936
927,941
927,943
927,944
927,948
927,955
927,956
927,960
927,961
927,962
927,971
927,975
927,977
927,979
927,995
927,2876
927,2878
927,2891
927,2896
927,2899
927,2909
927,2912
927,2914
928,904
928,907
928,925
928,933
928,954
928,961
928,962
928,963
928,967
928,2878
928,2879
928,2880
928,2892
928,2894
928,2900
929,210
929,221
929,225
929,228
929,255
929,262
929,276
929,286
929,319
929,365
929,412
929,453
929,950
929,965
929,990
929,2240
929,2282
929,2596
929,2600
929,2618
929,2644
929,2890
929,2895
930,902
930,911
930,919
930,927
930,932
930,955
930,968
930,971
930,981
930,993
930,995
930,999
930,2898
930,2909
930,2913
931,902
931,911
931,932
931,938
931,941
931,948
931,968
931,971
931,982
931,983
931,999
931,2875
931,2878
931,2909
931,2913
932,902
932,911
932,919
932,927
932,930
932,931
932,938
932,943
932,948
932,955
932,966
932,968
932,971
932,979
932,981
932,993
932,999
932,2877
932,2896
932,2909
932,2912
932,2913
933,908
933,911
933,928
933,939
933,943
933,967
933,977
933,981
933,995
933,2549
933,2878
933,2879
933,2883
933,2912
934,902
934,915
934,916
934,917
934,935
934,936
934,941
934,948
934,960
934,961
934,962
934,971
934,974
934,977
934,983
934,991
934,995
934,2876
934,2878
934,2879
934,2885
934,2891
934,2892
934,2899
934,2909
934,2914
935,902
935,911
935,915
935,927
935,934
935,936
935,938
935,941
935,948
935,962
935,971
935,974
935,977
935,991
935,2909
935,2913
936,915
936,927
936,934
936,935
936,941
936,948
936,960
936,961
936,962
936,971
936,974
936,991
936,2891
936,2909
937,54
937,72
937,151
937,188
937,341
937,912
937,918
937,922
937,952
937,969
937,973
937,986
937,989
937,2448
937,2529
937,2887
937,2904
937,2910
938,913
938,916
938,917
938,919
938,926
938,931
938,932
938,935
938,941
938,943
938,960
938,968
938,971
938,975
938,977
938,979
938,981
938,983
938,999
938,2877
938,2878
938,2891
938,2896
938,2899
938,2908
938,2912
938,2913
939,0
939,9
939,19
939,21
939,24
939,76
939,80
939,908
939,914
939,926
939,933
939,943
939,946
939,981
939,995
939,2535
939,2540
939,2548
939,2883
939,2896
939,2898
939,2912
940,210
940,227
940,241
940,243
940,260
940,299
940,319
940,923
940,947
940,996
940,2694
940,2877
940,2886
940,2895
941,902
941,911
941,927
941,931
941,934
941,935
941,936
941,938
941,948
941,960
941,961
941,971
941,974
941,977
941,983
941,2878
941,2909
941,2913
942,904
942,907
942,914
942,915
942,949
942,952
942,973
942,988
942,991
942,994
942,997
942,2885
942,2887
942,2893
942,2900
942,2902
942,2904
942,2907
942,2914
943,908
943,914
943,923
943,926
943,927
943,932
943,933
943,938
943,939
943,977
943,979
943,995
943,2876
943,2877
943,2883
943,2896
943,2897
943,2912
944,901
944,913
944,914
944,916
944,923
944,924
944,926
944,927
944,959
944,960
944,963
944,972
944,975
944,977
944,979
944,987
944,2889
944,2891
944,2893
944,2894
944,2899
944,2914
945,27
945,368
945,910
945,918
945,922
945,949
945,969
945,973
945,992
945,2273
945,2489
945,2553
945,2841
945,2902
945,2910
946,2
946,19
946,20
946,21
946,24
946,38
946,61
946,73
946,75
946,76
946,78
946,80
946,83
946,95
946,920
946,939
946,2518
946,2523
946,2533
946,2540
946,2883
946,2896
946,2897
946,2905
946,2912
947,286
947,910
947,912
947,918
947,922
947,925
947,940
947,950
947,959
947,963
947,965
947,984
947,986
947,987
947,2630
947,2881
947,2895
947,2906
947,2907
948,902
948,911
948,917
948,927
948,931
948,932
948,934
948,935
948,936
948,941
948,971
948,974
948,983
948,2878
948,2909
949,907
949,915
949,918
949,925
949,942
949,945
949,953
949,956
949,969
949,973
949,988
949,994
949,997
949,2887
949,2893
949,2902
949,2904
950,218
950,286
950,294
950,295
950,296
950,357
950,929
950,947
950,965
950,984
950,2282
950,2596
950,2856
950,2895
951,100
951,904
951,909
951,912
951,918
951,925
951,952
951,954
951,969
951,973
951,986
951,989
951,2881
951,2904
951,2907
952,904
952,907
952,909
952,912
952,918
952,937
952,942
952,951
952,954
952,969
952,986
952,994
952,2881
952,2885
952,2887
952,2893
952,2894
952,2900
952,2907
953,907
953,915
953,918
953,949
953,983
953,988
953,991
953,994
953,997
953,2882
953,2892
953,2893
953,2902
953,2904
954,904
954,907
954,909
954,912
954,918
954,925
954,928
954,951
954,952
954,967
954,969
954,973
954,986
954,989
954,2888
954,2904
954,2907
955,900
955,902
955,913
955,919
955,927
955,930
955,932
955,956
955,976
955,977
955,981
955,993
955,995
955,2876
955,2896
956,915
956,916
956,919
956,927
956,949
956,955
956,960
956,962
956,971
956,974
956,977
956,979
956,2876
956,2893
956,2914
957,241
957,254
957,262
957,286
957,291
957,296
957,384
957,965
957,984
957,990
957,2282
957,2602
957,2630
957,2656
957,2895
958,203
958,360
958,375
958,381
958,406
958,428
958,434
958,448
958,492
958,903
958,921
958,964
958,980
958,982
958,996
958,998
958,2042
958,2055
958,2074
958,2085
958,2606
958,2655
958,2666
958,2677
958,2687
958,2694
958,2706
958,2852
958,2877
958,2886
958,2901
958,2903
958,2911
958,3323
959,901
959,918
959,924
959,925
959,944
959,947
959,963
959,972
959,984
959,987
959,2895
959,2896
959,2900
959,2907
960,901
960,914
960,916
960,917
960,924
960,926
960,927
960,934
960,936
960,938
960,941
960,944
960,956
960,961
960,962
960,963
960,971
960,972
960,975
960,977
960,979
960,987
960,2876
960,2885
960,2891
960,2893
960,2896
960,2899
960,2909
960,2914
961,907
961,914
961,916
961,917
961,927
961,928
961,934
961,936
961,941
961,960
961,962
961,963
961,972
961,974
961,975
961,2879
961,2880
961,2882
961,2885
961,2891
961,2893
961,2914
962,907
962,908
962,914
962,915
962,917
962,927
962,928
962,934
962,935
962,936
962,956
962,960
962,961
962,974
962,977
962,991
962,994
962,995
962,2876
962,2879
962,2880
962,2885
962,2891
962,2892
962,2914
963,901
963,909
963,918
963,924
963,925
963,928
963,944
963,947
963,959
963,960
963,961
963,972
963,977
963,985
963,987
963,992
963,2879
963,2881
963,2887
963,2888
963,2889
963,2893
963,2894
963,2895
963,2900
963,2907
964,406
964,866
964,903
964,921
964,958
964,978
964,980
964,982
964,998
964,2694
964,2875
964,2901
964,2908
964,2911
965,7
965,204
965,210
965,218
965,281
965,286
965,291
965,294
965,295
965,341
965,345
965,352
965,836
965,856
965,868
965,909
965,910
965,912
965,929
965,947
965,950
965,957
965,984
965,986
965,989
965,990
965,2596
965,2599
965,2600
965,2636
965,2647
965,2895
965,2906
966,45
966,58
966,79
966,90
966,91
966,97
966,932
966,968
966,978
966,981
966,999
966,2528
966,2552
966,2898
966,2912
966,2913
967,254
967,909
967,923
967,928
967,933
967,954
967,992
967,2549
967,2626
967,2878
967,2879
967,2883
967,2896
967,2897
968,18
968,46
968,911
968,930
968,931
968,932
968,938
968,966
968,978
968,981
968,999
968,2884
968,2898
968,2912
968,2913
969,907
969,912
969,918
969,922
969,924
969,925
969,937
969,945
969,949
969,951
969,952
969,954
969,973
969,986
969,989
969,2881
969,2887
969,2893
969,2902
969,2904
969,2907
970,240
970,318
970,801
970,834
970,863
970,880
970,884
970,887
970,903
970,921
970,2216
970,2852
970,2861
970,2886
971,902
971,911
971,917
971,919
971,927
971,930
971,931
971,932
971,934
971,935
971,936
971,938
971,941
971,948
971,956
971,960
971,974
971,977
971,979
971,983
971,993
971,999
971,2876
971,2909
971,2912
971,2913
972,901
972,909
972,918
972,923
972,924
972,925
972,944
972,959
972,960
972,961
972,963
972,987
972,2882
972,2890
972,2894
972,2896
972,2897
972,2906
972,2907
973,904
973,907
973,915
973,918
973,925
973,937
973,942
973,945
973,949
973,951
973,954
973,969
973,988
973,989
973,2887
973,2893
973,2902
973,2904
974,907
974,914
974,915
974,917
974,934
974,935
974,936
974,941
974,948
974,956
974,961
974,962
974,971
974,977
974,988
974,991
974,997
974,2876
974,2880
974,2885
974,2891
974,2892
974,2909
974,2914
975,913
975,916
975,917
975,919
975,926
975,927
975,938
975,944
975,960
975,961
975,977
975,2891
975,2899
975,2908
975,2911
975,2914
976,23
976,62
976,364
976,516
976,537
976,900
976,905
976,913
976,955
976,992
976,1792
976,2101
976,2108
976,2550
976,2908
976,2911
977,901
977,913
977,914
977,916
977,917
977,919
977,926
977,927
977,933
977,934
977,935
977,938
977,941
977,943
977,944
977,955
977,956
977,960
977,962
977,963
977,971
977,974
977,975
977,979
977,983
977,987
977,995
977,2876
977,2878
977,2880
977,2883
977,2889
977,2891
977,2896
977,2897
977,2899
977,2909
977,2912
977,2914
978,45
978,58
978,79
978,91
978,97
978,964
978,966
978,968
978,981
978,982
978,999
978,2528
978,2552
978,2875
978,2913
979,914
979,926
979,927
979,932
979,938
979,943
979,944
979,956
979,960
979,971
979,977
979,2876
979,2877
979,2883
979,2896
979,2912
980,428
980,903
980,913
980,921
980,958
980,964
980,982
980,996
980,998
980,2677
980,2687
980,2875
980,2886
980,2901
980,2903
980,2908
980,2911
981,9
981,14
981,28
981,58
981,66
981,70
981,79
981,97
981,911
981,930
981,932
981,933
981,938
981,939
981,955
981,966
981,968
981,978
981,993
981,995
981,999
981,2520
981,2540
981,2883
981,2896
981,2898
981,2912
982,230
982,821
982,877
982,931
982,958
982,964
982,978
982,980
982,2604
982,2640
982,2687
982,2875
982,2886
982,2901
983,916
983,931
983,934
983,938
983,941
983,948
983,953
983,971
983,977
983,988
983,2877
983,2878
983,2882
983,2891
983,2892
983,2896
983,2899
983,2909
984,281
984,286
984,291
984,295
984,910
984,922
984,923
984,925
984,947
984,950
984,957
984,959
984,965
984,986
984,989
984,990
984,2600
984,2602
984,2888
984,2895
984,2906
985,7
985,35
985,43
985,54
985,72
985,83
985,904
985,909
985,914
985,920
985,963
985,2518
985,2529
985,2534
985,2549
985,2550
985,2553
985,2888
985,2889
985,2893
985,2905
986,901
986,909
986,910
986,912
986,918
986,922
986,925
986,937
986,947
986,951
986,952
986,954
986,965
986,969
986,984
986,987
986,989
986,2529
986,2881
986,2887
986,2889
986,2895
986,2900
986,2906
986,2907
987,901
987,909
987,918
987,922
987,923
987,924
987,925
987,926
987,944
987,947
987,959
987,960
987,963
987,972
987,977
987,986
987,2881
987,2887
987,2889
987,2893
987,2900
987,2906
987,2907
988,907
988,914
988,915
988,920
988,942
988,949
988,953
988,973
988,974
988,983
988,991
988,994
988,997
988,2879
988,2880
988,2882
988,2887
988,2891
988,2892
988,2893
988,2902
988,2904
989,910
989,912
989,918
989,925
989,937
989,951
989,954
989,965
989,969
989,973
989,984
989,986
989,2904
989,2907
990,248
990,262
990,269
990,286
990,365
990,453
990,922
990,929
990,957
990,965
990,984
990,2238
990,2282
990,2290
990,2600
990,2631
990,2644
990,2694
990,2890
990,2895
990,2906
991,904
991,907
991,915
991,934
991,935
991,936
991,942
991,953
991,962
991,974
991,988
991,994
991,997
991,2880
991,2885
991,2892
991,2904
991,2914
992,900
992,901
992,909
992,913
992,914
992,922
992,945
992,963
992,967
992,976
992,1930
992,2549
992,2553
992,2883
992,2888
992,2889
992,2893
992,2896
992,2902
993,902
993,911
993,919
993,930
993,932
993,955
993,971
993,981
993,995
993,999
993,2876
993,2884
993,2898
993,2909
993,2913
994,907
994,915
994,942
994,949
994,952
994,953
994,962
994,988
994,991
994,997
994,2879
994,2881
994,2882
994,2885
994,2887
994,2891
994,2892
994,2893
994,2894
994,2900
994,2904
994,2907
994,2914
995,900
995,908
995,919
995,927
995,930
995,933
995,934
995,939
995,943
995,955
995,962
995,977
995,981
995,993
995,2876
995,2880
995,2896
995,2899
995,2914
996,205
996,238
996,241
996,243
996,350
996,375
996,385
996,428
996,847
996,906
996,921
996,940
996,958
996,980
996,998
996,2042
996,2606
996,2612
996,2616
996,2618
996,2655
996,2687
996,2694
996,2852
996,2886
996,2903
996,3323
997,907
997,915
997,942
997,949
997,953
997,974
997,988
997,991
997,994
997,2882
997,2887
997,2891
997,2892
997,2902
997,2914
998,406
998,958
998,964
998,980
998,996
998,2618
998,2655
998,2687
998,2706
998,2875
998,2877
998,2886
998,2901
998,2903
998,2908
998,2911
999,902
999,911
999,919
999,930
999,931
999,932
999,938
999,966
999,968
999,971
999,978
999,981
999,993
999,2875
999,2878
999,2884
999,2899
999,2908
999,2912
999,2913
1000,182
1000,184
1000,190
1000,621
1000,641
1000,1008
1000,1022
1000,1044
1000,1049
1000,1051
1000,1065
1000,1615
1000,1831
1000,1863
1000,2565
1000,2571
1000,2938
1000,2940
1000,2951
1000,2954
1001,1009
1001,1021
1001,1033
1001,1042
1001,1058
1001,1074
1001,1081
1001,1089
1001,1093
1001,1094
1001,1893
1001,2919
1001,2926
1001,2933
1001,2941
1001,2946
1002,109
1002,114
1002,129
1002,1029
1002,1102
1002,1107
1002,1109
1002,1132
1002,1139
1002,1151
1002,1156
1002,1178
1002,1192
1002,1853
1002,2565
1003,148
1003,1005
1003,1007
1003,1013
1003,1028
1003,1037
1003,1045
1003,1081
1003,1084
1003,1093
1003,1866
1003,2756
1003,2915
1003,2921
1003,2924
1003,2925
1003,2933
1003,2945
1004,123
1004,1020
1004,1023
1004,1024
1004,1030
1004,1035
1004,1046
1004,1047
1004,1050
1004,1090
1004,1835
1004,1852
1004,1866
1004,1876
1004,2918
1004,2949
1004,3243
1004,3245
1005,148
1005,150
1005,1003
1005,1006
1005,1007
1005,1021
1005,1025
1005,1028
1005,1033
1005,1053
1005,1058
1005,1074
1005,1086
1005,1801
1005,1887
1005,1893
1005,2569
1005,2577
1005,2920
1005,2925
1005,2933
1005,2947
1005,2948
1005,3239
1006,183
1006,1005
1006,1017
1006,1021
1006,1040
1006,1046
1006,1053
1006,1056
1006,1073
1006,1074
1006,1081
1006,1085
1006,2921
1006,2925
1006,2927
1006,2947
1006,2948
1007,183
1007,1003
1007,1005
1007,1028
1007,1033
1007,1037
1007,1052
1007,1058
1007,1067
1007,1074
1007,1081
1007,1084
1007,2920
1007,2921
1007,2925
1007,2947
1008,109
1008,187
1008,621
1008,671
1008,1000
1008,1034
1008,1036
1008,1047
1008,1831
1008,1863
1008,2768
1008,2930
1008,2940
1008,2951
1008,3239
1008,3268
1009,141
1009,175
1009,177
1009,1001
1009,1037
1009,1063
1009,1094
1009,2562
1009,2577
1009,2915
1009,2919
1009,2921
1009,2922
1009,2924
1009,2926
1009,2932
1009,2933
1009,2946
1010,672
1010,1029
1010,1045
1010,1055
1010,1061
1010,1069
1010,1076
1010,1083
1010,1091
1010,1099
1010,1184
1010,2916
1010,2934
1010,2935
1010,2950
1010,2953
1011,1022
1011,1031
1011,1041
1011,1044
1011,1049
1011,1061
1011,1069
1011,1076
1011,1079
1011,1083
1011,1091
1011,1099
1011,2928
1011,2934
1011,2935
1011,2937
1011,2944
1011,2945
1011,2951
1011,2952
1011,2953
1011,2954
1011,3268
1012,1019
1012,1020
1012,1080
1012,1814
1012,1816
1012,1828
1012,1844
1012,1856
1012,1872
1012,2927
1012,3238
1012,3243
1012,3245
1012,3257
1013,123
1013,1003
1013,1035
1013,1049
1013,1055
1013,1067
1013,1095
1013,1119
1013,1835
1013,1866
1013,1890
1013,2569
1013,2757
1013,2944
1013,2965
1014,105
1014,121
1014,122
1014,128
1014,167
1014,1055
1014,1056
1014,1070
1014,1082
1014,1088
1014,2567
1014,2575
1014,2920
1014,2923
1014,2928
1014,2932
1014,2936
1015,103
1015,133
1015,155
1015,169
1015,196
1015,620
1015,1075
1015,1086
1015,1096
1015,1972
1015,2555
1015,3174
1015,3287
1015,3297
1015,3302
1016,136
1016,1043
1016,1045
1016,1052
1016,1056
1016,1063
1016,1071
1016,1085
1016,1087
1016,1089
1016,1092
1016,1094
1016,2922
1016,2923
1016,2925
1016,2926
1016,2932
1016,2941
1016,2947
1016,2950
1017,192
1017,1006
1017,1021
1017,1040
1017,1046
1017,1048
1017,1057
1017,1810
1017,1847
1017,1872
1017,1887
1017,2568
1017,2943
1017,2948
1017,3239
1018,1038
1018,1045
1018,1059
1018,1093
1018,1144
1018,1176
1018,1818
1018,1845
1018,1892
1018,2915
1018,2924
1018,2926
1018,2941
1018,2963
1018,3303
1019,1012
1019,1039
1019,1042
1019,1059
1019,1060
1019,1064
1019,1080
1019,1085
1019,1089
1019,1094
1019,1097
1019,1098
1019,2918
1019,2923
1019,2926
1019,2929
1019,2942
1020,146
1020,166
1020,183
1020,1004
1020,1012
1020,1035
1020,1047
1020,1062
1020,1068
1020,1073
1020,1089
1020,1093
1020,1828
1020,1841
1020,1852
1020,1862
1020,1870
1020,3242
1020,3243
1020,3245
1020,3270
1020,3273
1021,116
1021,136
1021,140
1021,141
1021,148
1021,177
1021,183
1021,1001
1021,1005
1021,1006
1021,1017
1021,1028
1021,1033
1021,1040
1021,1048
1021,1053
1021,1054
1021,1057
1021,1058
1021,1068
1021,1074
1021,1077
1021,1092
1021,1887
1021,2572
1021,2577
1021,2926
1021,2932
1021,2946
1021,2947
1021,2948
1022,147
1022,180
1022,618
1022,663
1022,681
1022,1000
1022,1011
1022,1044
1022,1051
1022,1065
1022,1079
1022,1615
1022,1921
1022,2938
1023,1004
1023,1024
1023,1035
1023,1047
1023,1050
1023,1062
1023,1090
1023,1822
1023,1852
1023,1878
1023,2918
1023,2930
1023,2949
1023,3243
1023,3258
1024,627
1024,1004
1024,1023
1024,1030
1024,1047
1024,1050
1024,1090
1024,1852
1024,1865
1024,2574
1024,2582
1024,2918
1024,2930
1024,2940
1024,3235
1024,3258
1025,1005
1025,1046
1025,1058
1025,1067
1025,1084
1025,1086
1025,1801
1025,1810
1025,1835
1025,1866
1025,1890
1025,2569
1025,2944
1025,3239
1026,618
1026,629
1026,1029
1026,1049
1026,1069
1026,1079
1026,1095
1026,1099
1026,1830
1026,1885
1026,2755
1026,2757
1026,2759
1026,2965
1027,603
1027,1039
1027,1043
1027,1056
1027,1066
1027,1082
1027,1088
1027,1094
1027,1874
1027,2916
1027,2923
1027,2929
1027,2936
1027,2950
1028,110
1028,118
1028,148
1028,183
1028,1003
1028,1005
1028,1007
1028,1021
1028,1046
1028,1053
1028,1058
1028,1074
1028,1081
1028,1086
1028,1838
1028,1847
1028,2932
1028,2933
1028,2946
1028,2947
1028,2948
1029,672
1029,1002
1029,1010
1029,1026
1029,1031
1029,1041
1029,1045
1029,1061
1029,1083
1029,1095
1029,1099
1029,1106
1029,1135
1029,1139
1029,1192
1029,1885
1029,2915
1029,2945
1029,2953
1029,2961
1030,1004
1030,1024
1030,1035
1030,1046
1030,1050
1030,1090
1030,1097
1030,1852
1030,1866
1030,1876
1030,2918
1030,2930
1030,2931
1030,2940
1030,2944
1030,2952
1030,3254
1031,621
1031,1011
1031,1029
1031,1079
1031,1099
1031,1129
1031,1135
1031,1142
1031,1831
1031,1853
1031,1863
1031,1966
1031,2759
1031,3312
1032,130
1032,133
1032,137
1032,152
1032,155
1032,169
1032,1034
1032,1075
1032,1916
1032,1986
1032,2555
1032,2785
1032,2931
1032,3297
1033,108
1033,124
1033,141
1033,148
1033,657
1033,1001
1033,1005
1033,1007
1033,1021
1033,1058
1033,1074
1033,1086
1033,2559
1033,2577
1033,2590
1033,2926
1033,2947
1034,123
1034,134
1034,180
1034,193
1034,635
1034,671
1034,1008
1034,1032
1034,1036
1034,1050
1034,1051
1034,1079
1034,2931
1034,2938
1034,2940
1034,2952
1035,1004
1035,1013
1035,1020
1035,1023
1035,1030
1035,1046
1035,1050
1035,1073
1035,1090
1035,1835
1035,1852
1035,2930
1035,2940
1035,2944
1036,621
1036,1008
1036,1034
1036,1044
1036,1047
1036,1049
1036,1050
1036,1051
1036,1065
1036,1079
1036,1807
1036,1830
1036,1847
1036,1851
1036,1863
1036,1876
1036,2930
1036,2938
1036,2940
1036,2944
1037,124
1037,661
1037,1003
1037,1007
1037,1009
1037,1058
1037,1081
1037,1096
1037,1119
1037,2915
1037,2921
1037,2926
1037,2933
1037,2946
1037,2947
1038,1018
1038,1045
1038,1071
1038,1113
1038,1126
1038,1137
1038,1143
1038,1144
1038,1159
1038,1174
1038,1177
1038,1188
1038,2915
1038,2922
1038,2950
1038,2994
1038,3303
1039,1019
1039,1027
1039,1042
1039,1043
1039,1059
1039,1063
1039,1064
1039,1066
1039,1068
1039,1089
1039,1094
1039,1098
1039,2919
1039,2923
1039,2942
1040,108
1040,167
1040,1006
1040,1017
1040,1021
1040,1048
1040,1054
1040,1057
1040,1072
1040,1077
1040,1887
1040,1893
1040,2575
1040,2936
1040,2943
1040,2948
1040,3245
1041,1011
1041,1029
1041,1046
1041,1049
1041,1061
1041,1069
1041,1076
1041,1079
1041,1083
1041,1091
1041,2927
1041,2934
1041,2937
1041,2944
1041,2952
1042,1001
1042,1019
1042,1039
1042,1055
1042,1059
1042,1064
1042,1066
1042,1078
1042,1080
1042,1085
1042,1093
1042,1094
1042,1097
1042,1098
1042,1893
1042,2918
1042,2923
1042,2929
1042,2941
1042,2942
1043,1016
1043,1027
1043,1039
1043,1052
1043,1056
1043,1063
1043,1085
1043,1087
1043,1094
1043,2916
1043,2919
1043,2922
1043,2923
1043,2926
1043,2932
1043,2935
1043,2936
1043,2942
1043,2950
1044,184
1044,641
1044,1000
1044,1011
1044,1022
1044,1036
1044,1049
1044,1051
1044,1065
1044,1079
1044,1863
1044,2940
1044,2944
1044,2945
1045,1003
1045,1010
1045,1016
1045,1018
1045,1029
1045,1038
1045,1052
1045,1055
1045,1069
1045,1070
1045,1084
1045,1085
1045,1094
1045,2915
1045,2920
1045,2925
1045,2926
1045,2932
1045,2947
1045,2953
1046,1004
1046,1006
1046,1017
1046,1025
1046,1028
1046,1030
1046,1035
1046,1041
1046,1055
1046,1069
1046,1079
1046,1810
1046,1847
1046,1852
1046,2917
1046,2920
1046,2927
1046,2934
1046,2943
1046,2952
1046,2953
1046,2954
1046,3239
1047,606
1047,1004
1047,1008
1047,1020
1047,1023
1047,1024
1047,1036
1047,1852
1047,1878
1047,2918
1047,2940
1047,2949
1047,3243
1047,3260
1048,101
1048,108
1048,181
1048,1017
1048,1021
1048,1040
1048,1057
1048,1825
1048,1838
1048,1874
1048,1887
1048,1893
1048,2572
1048,2948
1049,621
1049,1000
1049,1011
1049,1013
1049,1026
1049,1036
1049,1041
1049,1044
1049,1051
1049,1061
1049,1065
1049,1067
1049,1069
1049,1807
1049,1830
1049,2565
1049,2940
1049,2944
1049,2945
1049,2951
1049,2954
1050,123
1050,180
1050,1004
1050,1023
1050,1024
1050,1030
1050,1034
1050,1035
1050,1036
1050,1090
1050,2930
1050,2938
1050,2940
1050,2954
1051,134
1051,147
1051,180
1051,184
1051,190
1051,621
1051,628
1051,632
1051,641
1051,663
1051,1000
1051,1022
1051,1034
1051,1036
1051,1044
1051,1049
1051,1065
1051,1067
1051,1851
1051,2565
1051,2938
1051,2940
1051,2944
1052,177
1052,1007
1052,1016
1052,1043
1052,1045
1052,1055
1052,1058
1052,1076
1052,1078
1052,1084
1052,1085
1052,1087
1052,1091
1052,1094
1052,1098
1052,2915
1052,2916
1052,2920
1052,2921
1052,2922
1052,2923
1052,2924
1052,2925
1052,2927
1052,2932
1052,2935
1052,2942
1052,2953
1053,148
1053,178
1053,1005
1053,1006
1053,1021
1053,1028
1053,1058
1053,1074
1053,1838
1053,1895
1053,2559
1053,2569
1053,2947
1053,2948
1054,128
1054,142
1054,167
1054,177
1054,199
1054,1021
1054,1040
1054,1056
1054,1057
1054,1072
1054,1077
1054,2575
1054,2577
1054,2936
1054,2948
1055,1010
1055,1013
1055,1014
1055,1042
1055,1045
1055,1046
1055,1052
1055,1069
1055,1070
1055,1076
1055,1078
1055,1080
1055,1083
1055,1085
1055,1097
1055,1098
1055,2916
1055,2929
1055,2935
1055,2939
1055,2941
1055,2942
1055,2944
1055,2953
1056,177
1056,1006
1056,1014
1056,1016
1056,1027
1056,1043
1056,1054
1056,1057
1056,1063
1056,1071
1056,1072
1056,1077
1056,1082
1056,1085
1056,1088
1056,1092
1056,1094
1056,2920
1056,2922
1056,2923
1056,2926
1056,2932
1056,2935
1056,2936
1056,2941
1056,2942
1056,2947
1056,2950
1057,113
1057,126
1057,140
1057,142
1057,175
1057,177
1057,1017
1057,1021
1057,1040
1057,1048
1057,1054
1057,1056
1057,1068
1057,1072
1057,1077
1057,1893
1057,2564
1057,2577
1057,2948
1058,1001
1058,1005
1058,1007
1058,1021
1058,1025
1058,1028
1058,1033
1058,1037
1058,1052
1058,1053
1058,1067
1058,1073
1058,1074
1058,1081
1058,1084
1058,1086
1058,1087
1058,1094
1058,1801
1058,2921
1058,2924
1058,2925
1058,2926
1058,2933
1058,2947
1058,2948
1059,1018
1059,1019
1059,1039
1059,1042
1059,1085
1059,1089
1059,1094
1059,1098
1059,1818
1059,2919
1059,2923
1059,2924
1059,2926
1059,2939
1059,2941
1059,2942
1060,676
1060,1019
1060,1064
1060,1822
1060,1825
1060,1850
1060,1861
1060,1888
1060,1894
1060,1898
1060,2918
1060,3237
1060,3246
1060,3249
1060,3260
1060,3267
1061,125
1061,1010
1061,1011
1061,1029
1061,1041
1061,1049
1061,1069
1061,1076
1061,1083
1061,1829
1061,2928
1061,2934
1061,2937
1061,2945
1061,2951
1061,2952
1062,676
1062,1020
1062,1023
1062,1090
1062,1093
1062,1822
1062,1852
1062,1859
1062,1865
1062,1876
1062,2767
1062,2930
1062,3242
1062,3243
1062,3260
1063,1009
1063,1016
1063,1039
1063,1043
1063,1056
1063,1068
1063,1077
1063,1081
1063,1087
1063,1089
1063,1094
1063,1098
1063,2919
1063,2923
1063,2924
1063,2926
1063,2933
1064,1019
1064,1039
1064,1042
1064,1060
1064,1806
1064,1818
1064,1825
1064,1874
1064,1889
1064,2918
1064,2919
1064,2924
1064,3246
1064,3252
1065,159
1065,180
1065,184
1065,190
1065,584
1065,602
1065,628
1065,632
1065,1000
1065,1022
1065,1036
1065,1044
1065,1049
1065,1051
1065,1660
1065,1830
1065,2556
1065,2573
1065,2938
1065,3192
1066,1027
1066,1039
1066,1042
1066,1088
1066,1823
1066,1825
1066,1843
1066,1848
1066,1861
1066,1874
1066,1880
1066,2918
1066,2929
1066,3249
1067,123
1067,180
1067,1007
1067,1013
1067,1025
1067,1049
1067,1051
1067,1058
1067,1079
1067,1084
1067,1930
1067,2569
1067,2757
1067,2944
1068,177
1068,1020
1068,1021
1068,1039
1068,1057
1068,1063
1068,1087
1068,1089
1068,1094
1068,1893
1068,2919
1068,2923
1068,2925
1068,2926
1068,2947
1069,1010
1069,1011
1069,1026
1069,1041
1069,1045
1069,1046
1069,1049
1069,1055
1069,1061
1069,1076
1069,1079
1069,1080
1069,1083
1069,2920
1069,2934
1069,2935
1069,2937
1069,2945
1069,2952
1070,167
1070,1014
1070,1045
1070,1055
1070,1080
1070,1085
1070,1094
1070,1158
1070,1173
1070,1187
1070,2920
1070,2923
1070,2932
1070,2947
1071,113
1071,638
1071,683
1071,1016
1071,1038
1071,1056
1071,1137
1071,1143
1071,1150
1071,1164
1071,1177
1071,2922
1071,2926
1071,2932
1071,2950
1072,107
1072,122
1072,128
1072,142
1072,199
1072,1040
1072,1054
1072,1056
1072,1057
1072,1077
1072,1990
1072,2587
1072,2589
1072,2936
1073,172
1073,1006
1073,1020
1073,1035
1073,1058
1073,1074
1073,1080
1073,1084
1073,1801
1073,1819
1073,1835
1073,1839
1073,2927
1073,3243
1074,183
1074,657
1074,1001
1074,1005
1074,1006
1074,1007
1074,1021
1074,1028
1074,1033
1074,1053
1074,1058
1074,1073
1074,1081
1074,1086
1074,1819
1074,2569
1074,2921
1074,2925
1074,2947
1075,106
1075,130
1075,133
1075,146
1075,152
1075,658
1075,1015
1075,1032
1075,1086
1075,1096
1075,1946
1075,1999
1075,2555
1075,2583
1076,1010
1076,1011
1076,1041
1076,1052
1076,1055
1076,1061
1076,1069
1076,1078
1076,1080
1076,1083
1076,1091
1076,1097
1076,2916
1076,2928
1076,2929
1076,2934
1076,2935
1076,2937
1076,2952
1076,2953
1077,126
1077,140
1077,175
1077,177
1077,1021
1077,1040
1077,1054
1077,1056
1077,1057
1077,1063
1077,1072
1077,2564
1077,2577
1077,2926
1077,2948
1078,136
1078,1042
1078,1052
1078,1055
1078,1076
1078,1080
1078,1085
1078,1094
1078,2915
1078,2916
1078,2923
1078,2941
1078,2942
1078,2950
1079,1011
1079,1022
1079,1026
1079,1031
1079,1034
1079,1036
1079,1041
1079,1044
1079,1046
1079,1067
1079,1069
1079,1083
1079,1099
1079,1831
1079,1847
1079,2920
1079,2934
1079,2937
1079,2938
1079,2944
1079,2951
1079,2952
1079,2953
1079,2954
1079,3239
1080,1012
1080,1019
1080,1042
1080,1055
1080,1069
1080,1070
1080,1073
1080,1076
1080,1078
1080,1084
1080,1085
1080,1089
1080,1091
1080,1092
1080,1094
1080,1097
1080,1098
1080,2918
1080,2923
1080,2925
1080,2927
1080,2929
1080,2934
1080,2937
1080,2939
1080,2942
1080,2953
1081,1001
1081,1003
1081,1006
1081,1007
1081,1028
1081,1037
1081,1058
1081,1063
1081,1074
1081,1084
1081,1086
1081,1087
1081,1093
1081,2921
1081,2925
1081,2933
1081,2947
1082,122
1082,128
1082,142
1082,175
1082,638
1082,697
1082,1014
1082,1027
1082,1056
1082,1088
1082,2762
1082,2922
1082,2926
1082,2932
1082,2950
1083,1010
1083,1011
1083,1029
1083,1041
1083,1055
1083,1061
1083,1069
1083,1076
1083,1079
1083,1091
1083,2927
1083,2928
1083,2929
1083,2934
1083,2935
1083,2937
1083,2944
1083,2952
1083,2953
1084,1003
1084,1007
1084,1025
1084,1045
1084,1052
1084,1058
1084,1067
1084,1073
1084,1080
1084,1081
1084,1085
1084,1801
1084,2921
1084,2924
1084,2925
1084,2927
1084,2947
1085,1006
1085,1016
1085,1019
1085,1042
1085,1043
1085,1045
1085,1052
1085,1055
1085,1056
1085,1059
1085,1070
1085,1078
1085,1080
1085,1084
1085,1089
1085,1092
1085,1094
1085,1098
1085,2915
1085,2916
1085,2920
1085,2923
1085,2925
1085,2926
1085,2927
1085,2929
1085,2932
1085,2941
1085,2942
1085,2947
1085,2950
1085,2953
1086,657
1086,1005
1086,1015
1086,1025
1086,1028
1086,1033
1086,1058
1086,1074
1086,1075
1086,1081
1086,1096
1086,1810
1086,1866
1086,2555
1086,2569
1086,2921
1087,177
1087,1016
1087,1043
1087,1052
1087,1058
1087,1063
1087,1068
1087,1081
1087,1089
1087,1094
1087,1096
1087,1098
1087,2919
1087,2921
1087,2924
1087,2925
1087,2926
1087,2933
1087,2947
1088,1014
1088,1027
1088,1056
1088,1066
1088,1082
1088,1091
1088,1092
1088,1180
1088,1874
1088,2585
1088,2928
1088,2935
1088,2936
1088,3267
1089,1001
1089,1016
1089,1019
1089,1020
1089,1039
1089,1059
1089,1063
1089,1068
1089,1080
1089,1085
1089,1087
1089,1092
1089,1094
1089,2919
1089,2923
1089,2925
1089,2926
1089,2942
1089,2946
1089,2947
1090,1004
1090,1023
1090,1024
1090,1030
1090,1035
1090,1050
1090,1062
1090,1836
1090,1849
1090,1859
1090,1865
1090,1876
1090,1878
1090,2918
1090,2930
1090,2940
1090,2949
1090,3260
1091,1010
1091,1011
1091,1041
1091,1052
1091,1076
1091,1080
1091,1083
1091,1088
1091,2916
1091,2928
1091,2929
1091,2934
1091,2935
1091,2937
1091,2939
1091,2952
1091,2953
1092,1016
1092,1021
1092,1056
1092,1080
1092,1085
1092,1088
1092,1089
1092,1094
1092,1872
1092,1887
1092,2923
1092,2926
1092,2932
1092,2936
1092,2947
1093,674
1093,1001
1093,1003
1093,1018
1093,1020
1093,1042
1093,1062
1093,1081
1093,1866
1093,1870
1093,1876
1093,2756
1093,2924
1093,3242
1094,1001
1094,1009
1094,1016
1094,1019
1094,1027
1094,1039
1094,1042
1094,1043
1094,1045
1094,1052
1094,1056
1094,1058
1094,1059
1094,1063
1094,1068
1094,1070
1094,1078
1094,1080
1094,1085
1094,1087
1094,1089
1094,1092
1094,1098
1094,2916
1094,2919
1094,2923
1094,2924
1094,2925
1094,2926
1094,2929
1094,2932
1094,2936
1094,2941
1094,2942
1094,2947
1095,111
1095,629
1095,1013
1095,1026
1095,1029
1095,1107
1095,1131
1095,1135
1095,1151
1095,1192
1095,1653
1095,1885
1095,2592
1095,2945
1095,2961
1095,3294
1095,3312
1096,130
1096,133
1096,152
1096,658
1096,1015
1096,1037
1096,1075
1096,1086
1096,1087
1096,1969
1096,1986
1096,2555
1096,2583
1096,3297
1097,676
1097,1019
1097,1030
1097,1042
1097,1055
1097,1076
1097,1080
1097,1098
1097,1894
1097,2918
1097,2929
1097,2934
1097,2935
1097,2939
1098,1019
1098,1039
1098,1042
1098,1052
1098,1055
1098,1059
1098,1063
1098,1080
1098,1085
1098,1087
1098,1094
1098,1097
1098,2916
1098,2926
1098,2929
1098,2939
1098,2942
1098,2947
1099,618
1099,650
1099,1010
1099,1011
1099,1026
1099,1029
1099,1031
1099,1079
1099,1129
1099,2571
1099,2592
1099,2768
1099,2951
1099,2983
1099,3296
1100,119
1100,683
1100,1125
1100,1137
1100,1143
1100,1144
1100,1145
1100,1173
1100,1174
1100,1177
1100,1190
1100,1820
1100,2773
1100,2777
1100,2984
1101,120
1101,160
1101,626
1101,686
1101,1111
1101,1118
1101,1123
1101,1124
1101,1151
1101,1166
1101,1169
1101,1182
1101,1920
1101,1927
1101,2773
1101,2792
1101,2972
1101,2983
1102,112
1102,129
1102,157
1102,174
1102,187
1102,629
1102,672
1102,696
1102,1002
1102,1109
1102,1110
1102,1132
1102,1139
1102,1151
1102,1152
1102,1156
1102,1161
1102,1163
1102,1178
1102,1192
1102,2566
1102,2977
1103,624
1103,626
1103,650
1103,656
1103,669
1103,679
1103,686
1103,1111
1103,1115
1103,1151
1103,1154
1103,1167
1103,1169
1103,1171
1103,1192
1103,2758
1103,2774
1103,2961
1103,2970
1103,2980
1103,2983
1103,2987
1103,2988
1104,631
1104,670
1104,1151
1104,1154
1104,1157
1104,1161
1104,1168
1104,1191
1104,1829
1104,1921
1104,2961
1104,2969
1104,2983
1104,2988
1104,2989
1104,3296
1104,3309
1105,608
1105,631
1105,1106
1105,1108
1105,1113
1105,1121
1105,1124
1105,1130
1105,1138
1105,1143
1105,1148
1105,1149
1105,1171
1105,1179
1105,1194
1105,1198
1105,2789
1105,2966
1105,2969
1105,2973
1105,2974
1105,2983
1105,2986
1105,2987
1106,114
1106,672
1106,693
1106,1029
1106,1105
1106,1112
1106,1113
1106,1121
1106,1123
1106,1124
1106,1136
1106,1139
1106,1146
1106,1157
1106,1169
1106,1177
1106,1184
1106,1188
1106,1189
1106,1193
1106,1911
1106,1978
1106,2585
1106,2777
1106,2961
1106,2962
1106,2969
1106,2971
1106,2974
1106,2986
1106,2989
1106,3303
1106,3309
1107,109
1107,111
1107,120
1107,613
1107,629
1107,671
1107,696
1107,1002
1107,1095
1107,1117
1107,1118
1107,1120
1107,1124
1107,1129
1107,1135
1107,1139
1107,1140
1107,1151
1107,1156
1107,1166
1107,1178
1107,1185
1107,1191
1107,1192
1107,1885
1107,2592
1107,2768
1107,2781
1107,2979
1107,2988
1107,3256
1107,3264
1108,626
1108,1105
1108,1111
1108,1113
1108,1116
1108,1131
1108,1149
1108,1167
1108,1171
1108,1181
1108,1197
1108,2789
1108,2960
1108,2963
1108,2982
1108,2990
1109,129
1109,149
1109,160
1109,174
1109,186
1109,187
1109,1002
1109,1102
1109,1110
1109,1120
1109,1132
1109,1139
1109,1142
1109,1161
1109,1178
1109,1927
1109,2972
1109,2975
1109,2977
1110,129
1110,160
1110,186
1110,650
1110,1102
1110,1109
1110,1120
1110,1132
1110,1139
1110,1140
1110,1151
1110,1154
1110,1161
1110,1178
1110,1191
1110,1192
1110,2966
1110,2977
1110,3268
1111,162
1111,163
1111,197
1111,624
1111,644
1111,650
1111,656
1111,669
1111,684
1111,686
1111,1101
1111,1103
1111,1108
1111,1114
1111,1124
1111,1129
1111,1155
1111,1166
1111,1169
1111,1178
1111,1182
1111,1186
1111,1194
1111,1854
1111,2758
1111,2766
1111,2792
1111,2955
1111,2962
1111,2980
1111,2981
1112,695
1112,1106
1112,1113
1112,1131
1112,1132
1112,1133
1112,1136
1112,1144
1112,1152
1112,1154
1112,1157
1112,1179
1112,1184
1112,1193
1112,1196
1112,2585
1112,2961
1112,2968
1112,2974
1112,2987
1112,2989
1113,695
1113,1038
1113,1105
1113,1106
1113,1108
1113,1112
1113,1122
1113,1126
1113,1134
1113,1136
1113,1138
1113,1144
1113,1145
1113,1150
1113,1155
1113,1171
1113,1174
1113,1175
1113,1177
1113,1179
1113,1181
1113,1187
1113,1196
1113,1198
1113,1199
1113,2789
1113,2957
1113,2958
1113,2959
1113,2968
1113,2969
1113,2971
1113,2974
1113,2976
1113,2989
1113,2990
1113,2991
1113,2994
1114,102
1114,106
1114,119
1114,121
1114,156
1114,642
1114,680
1114,683
1114,685
1114,1111
1114,1125
1114,1137
1114,1146
1114,1164
1114,1166
1114,1186
1114,2777
1115,118
1115,600
1115,626
1115,656
1115,669
1115,1103
1115,1116
1115,1131
1115,1167
1115,1171
1115,1185
1115,1192
1115,1197
1115,1835
1115,2789
1115,2965
1115,2988
1116,192
1116,669
1116,1108
1116,1115
1116,1131
1116,1145
1116,1151
1116,1165
1116,1166
1116,1167
1116,1185
1116,1192
1116,2773
1116,2985
1116,2988
1116,2989
1117,120
1117,144
1117,163
1117,623
1117,1107
1117,1118
1117,1120
1117,1124
1117,1139
1117,1151
1117,1171
1117,1178
1117,1900
1117,1931
1117,2955
1117,2983
1117,2988
1118,120
1118,613
1118,669
1118,686
1118,1101
1118,1107
1118,1117
1118,1124
1118,1140
1118,1151
1118,1178
1118,1192
1118,1931
1118,1933
1118,2791
1118,2955
1118,2988
1119,146
1119,616
1119,642
1119,656
1119,657
1119,661
1119,1013
1119,1037
1119,1137
1119,1158
1119,1162
1119,1173
1119,1176
1119,1187
1119,2956
1119,2963
1119,2985
1119,2992
1120,102
1120,112
1120,120
1120,125
1120,153
1120,160
1120,163
1120,174
1120,650
1120,1107
1120,1109
1120,1110
1120,1117
1120,1123
1120,1124
1120,1132
1120,1139
1120,1151
1120,1152
1120,1161
1120,1166
1120,1178
1120,1182
1120,1184
1120,1189
1120,1840
1120,1881
1120,2568
1120,2585
1120,2586
1120,2955
1120,2972
1120,2977
1120,2979
1121,623
1121,686
1121,1105
1121,1106
1121,1139
1121,1141
1121,1142
1121,1148
1121,1194
1121,1197
1121,1900
1121,1966
1121,2789
1121,2960
1121,2989
1122,1113
1122,1126
1122,1127
1122,1134
1122,1158
1122,1174
1122,1176
1122,1199
1122,2956
1122,2958
1122,2959
1122,2991
1122,2992
1122,2994
1123,102
1123,114
1123,163
1123,167
1123,1101
1123,1106
1123,1120
1123,1124
1123,1166
1123,1182
1123,1881
1123,2773
1123,2955
1123,3299
1124,111
1124,112
1124,114
1124,120
1124,143
1124,153
1124,162
1124,163
1124,654
1124,685
1124,697
1124,699
1124,1101
1124,1105
1124,1106
1124,1107
1124,1111
1124,1117
1124,1118
1124,1120
1124,1123
1124,1129
1124,1132
1124,1136
1124,1139
1124,1140
1124,1151
1124,1152
1124,1154
1124,1157
1124,1161
1124,1166
1124,1167
1124,1169
1124,1178
1124,1182
1124,1186
1124,1189
1124,1191
1124,1840
1124,1881
1124,2570
1124,2585
1124,2758
1124,2955
1124,2961
1124,2962
1124,2964
1124,2970
1124,2971
1124,2972
1124,2979
1124,2981
1124,2983
1125,645
1125,648
1125,654
1125,680
1125,1100
1125,1114
1125,1128
1125,1134
1125,1137
1125,1138
1125,1147
1125,1160
1125,1164
1125,1173
1125,1177
1125,1190
1125,2777
1125,2956
1125,2958
1125,2971
1125,2980
1125,2984
1125,2985
1125,2994
1126,645
1126,695
1126,1038
1126,1113
1126,1122
1126,1134
1126,1138
1126,1144
1126,1145
1126,1160
1126,1174
1126,1177
1126,1199
1126,2794
1126,2957
1126,2959
1126,2976
1126,2984
1126,2993
1126,2994
1127,146
1127,616
1127,680
1127,1122
1127,1137
1127,1141
1127,1158
1127,1160
1127,1174
1127,1176
1127,2561
1127,2959
1127,2973
1127,2993
1127,2994
1128,638
1128,645
1128,667
1128,680
1128,687
1128,1125
1128,1137
1128,1164
1128,1170
1128,1177
1128,1180
1128,1954
1128,2762
1128,2765
1128,2984
1128,2993
1129,120
1129,130
1129,144
1129,172
1129,656
1129,1031
1129,1099
1129,1107
1129,1111
1129,1124
1129,1169
1129,1178
1129,1948
1129,1995
1129,2761
1129,2768
1129,2781
1129,2931
1129,2981
1129,3281
1130,101
1130,119
1130,645
1130,659
1130,667
1130,693
1130,1105
1130,1148
1130,1160
1130,1173
1130,1198
1130,1199
1130,1818
1130,1893
1130,2561
1130,2764
1130,2957
1130,2969
1130,2973
1130,2984
1130,2986
1130,2987
1130,3263
1131,600
1131,670
1131,1095
1131,1108
1131,1112
1131,1115
1131,1116
1131,1133
1131,1143
1131,1151
1131,1155
1131,1167
1131,1171
1131,1179
1131,1184
1131,1188
1131,1192
1131,1195
1131,1197
1131,2764
1131,2789
1131,2961
1131,2988
1131,2989
1131,2990
1132,112
1132,114
1132,125
1132,129
1132,143
1132,153
1132,163
1132,174
1132,1002
1132,1102
1132,1109
1132,1110
1132,1112
1132,1120
1132,1124
1132,1139
1132,1151
1132,1152
1132,1154
1132,1156
1132,1166
1132,1178
1132,1182
1132,1184
1132,1191
1132,1192
1132,1881
1132,2570
1132,2585
1132,2586
1132,2955
1132,2966
1132,2970
1132,2972
1132,2977
1132,2981
1132,2983
1132,3244
1133,192
1133,1112
1133,1131
1133,1134
1133,1136
1133,1151
1133,1157
1133,1167
1133,1179
1133,1181
1133,1192
1133,2982
1133,2988
1133,2989
1133,2991
1134,192
1134,1113
1134,1122
1134,1125
1134,1126
1134,1133
1134,1143
1134,1144
1134,1147
1134,1158
1134,1176
1134,1177
1134,1181
1134,1187
1134,1190
1134,1199
1134,2956
1134,2958
1134,2959
1134,2963
1134,2991
1134,2992
1134,2994
1135,120
1135,1029
1135,1031
1135,1095
1135,1107
1135,1139
1135,1151
1135,1178
1135,1192
1135,1807
1135,1842
1135,1853
1135,2759
1135,2768
1135,2961
1135,2988
1135,3247
1136,1106
1136,1112
1136,1113
1136,1124
1136,1133
1136,1138
1136,1152
1136,1154
1136,1155
1136,1157
1136,1172
1136,1175
1136,1184
1136,1189
1136,1196
1136,1199
1136,1911
1136,2585
1136,2959
1136,2964
1136,2969
1136,2971
1136,2974
1136,2989
1136,2991
1136,3303
1136,3309
1137,113
1137,117
1137,119
1137,171
1137,611
1137,638
1137,642
1137,644
1137,645
1137,661
1137,667
1137,668
1137,680
1137,683
1137,685
1137,687
1137,1038
1137,1071
1137,1100
1137,1114
1137,1119
1137,1125
1137,1127
1137,1128
1137,1141
1137,1144
1137,1145
1137,1146
1137,1158
1137,1159
1137,1160
1137,1162
1137,1164
1137,1165
1137,1170
1137,1173
1137,1177
1137,1187
1137,1188
1137,1190
1137,1195
1137,1871
1137,2762
1137,2764
1137,2766
1137,2777
1137,2956
1137,2978
1137,2984
1137,2985
1137,2990
1137,2993
1137,2994
1137,3303
1138,102
1138,659
1138,675
1138,680
1138,1105
1138,1113
1138,1125
1138,1126
1138,1136
1138,1160
1138,1164
1138,1174
1138,1175
1138,1177
1138,1193
1138,1196
1138,1198
1138,1199
1138,2773
1138,2792
1138,2957
1138,2958
1138,2959
1138,2964
1138,2968
1138,2973
1138,2974
1138,2984
1138,2986
1138,2987
1139,109
1139,111
1139,114
1139,120
1139,125
1139,129
1139,149
1139,160
1139,163
1139,174
1139,187
1139,198
1139,626
1139,650
1139,669
1139,696
1139,1002
1139,1029
1139,1102
1139,1106
1139,1107
1139,1109
1139,1110
1139,1117
1139,1120
1139,1121
1139,1124
1139,1132
1139,1135
1139,1140
1139,1142
1139,1151
1139,1156
1139,1157
1139,1161
1139,1168
1139,1169
1139,1178
1139,1189
1139,1191
1139,1192
1139,1807
1139,1840
1139,1854
1139,1877
1139,1881
1139,1921
1139,2582
1139,2586
1139,2768
1139,2955
1139,2961
1139,2966
1139,2970
1139,2979
1139,2981
1139,3244
1139,3247
1139,3256
1140,114
1140,1107
1140,1110
1140,1118
1140,1124
1140,1139
1140,1151
1140,1161
1140,1169
1140,1178
1140,1182
1140,1191
1140,1192
1140,1927
1140,2972
1140,2977
1140,2979
1141,146
1141,623
1141,624
1141,644
1141,685
1141,1121
1141,1127
1141,1137
1141,1144
1141,1147
1141,1158
1141,1181
1141,1187
1141,2789
1141,2959
1141,2990
1141,2992
1141,2994
1142,120
1142,129
1142,144
1142,1031
1142,1109
1142,1121
1142,1139
1142,1151
1142,1154
1142,1163
1142,1168
1142,1191
1142,1192
1142,1853
1142,2759
1142,2960
1142,2961
1142,2966
1142,2975
1143,179
1143,600
1143,610
1143,616
1143,636
1143,659
1143,661
1143,665
1143,675
1143,695
1143,699
1143,1038
1143,1071
1143,1100
1143,1105
1143,1131
1143,1134
1143,1145
1143,1147
1143,1150
1143,1153
1143,1162
1143,1165
1143,1176
1143,1177
1143,1183
1143,1185
1143,1187
1143,1188
1143,1190
1143,1197
1143,1820
1143,2764
1143,2789
1143,2956
1143,2957
1143,2963
1143,2968
1143,2969
1143,2976
1143,2980
1143,2985
1143,2987
1143,2990
1143,2992
1144,1018
1144,1038
1144,1100
1144,1112
1144,1113
1144,1126
1144,1134
1144,1137
1144,1141
1144,1145
1144,1150
1144,1158
1144,1159
1144,1164
1144,1174
1144,1175
1144,1177
1144,1181
1144,1187
1144,1195
1144,2956
1144,2958
1144,2959
1144,2963
1144,2968
1144,2976
1144,2992
1144,2994
1145,1100
1145,1113
1145,1116
1145,1126
1145,1137
1145,1143
1145,1144
1145,1150
1145,1164
1145,1174
1145,1177
1145,1181
1145,1187
1145,1190
1145,1195
1145,2956
1145,2957
1145,2963
1145,2976
1145,2985
1145,2990
1145,2991
1145,2994
1146,102
1146,119
1146,642
1146,656
1146,659
1146,683
1146,1106
1146,1114
1146,1137
1146,1160
1146,1164
1146,1166
1146,1177
1146,1186
1146,2777
1146,2964
1146,2971
1147,150
1147,659
1147,1125
1147,1134
1147,1141
1147,1143
1147,1153
1147,1158
1147,1160
1147,1176
1147,1177
1147,1181
1147,2789
1147,2959
1147,2978
1147,2991
1147,2992
1148,186
1148,197
1148,619
1148,627
1148,664
1148,1105
1148,1121
1148,1130
1148,1149
1148,1194
1148,1198
1148,1836
1148,1859
1148,1865
1148,1873
1148,1876
1148,2574
1148,2581
1148,2582
1148,2594
1148,2767
1148,2966
1148,2975
1148,3235
1149,610
1149,619
1149,631
1149,674
1149,682
1149,1105
1149,1108
1149,1148
1149,1176
1149,1194
1149,2581
1149,2967
1149,2969
1149,2990
1149,2991
1149,3242
1149,3272
1150,113
1150,158
1150,191
1150,616
1150,665
1150,683
1150,684
1150,1071
1150,1113
1150,1143
1150,1144
1150,1145
1150,1164
1150,1174
1150,1177
1150,1181
1150,1183
1150,1187
1150,1188
1150,1195
1150,2794
1150,2976
1150,2985
1150,2994
1151,114
1151,120
1151,125
1151,129
1151,144
1151,160
1151,174
1151,626
1151,650
1151,669
1151,1002
1151,1095
1151,1101
1151,1102
1151,1103
1151,1104
1151,1107
1151,1110
1151,1116
1151,1117
1151,1118
1151,1120
1151,1124
1151,1131
1151,1132
1151,1133
1151,1135
1151,1139
1151,1140
1151,1142
1151,1154
1151,1156
1151,1161
1151,1166
1151,1167
1151,1169
1151,1178
1151,1191
1151,1192
1151,1194
1151,2586
1151,2768
1151,2955
1151,2960
1151,2961
1151,2966
1151,2970
1151,2975
1151,2979
1151,2982
1151,2988
1151,2989
1151,3256
1152,112
1152,153
1152,654
1152,1102
1152,1112
1152,1120
1152,1124
1152,1132
1152,1136
1152,1156
1152,1157
1152,1161
1152,1178
1152,1184
1152,2380
1152,2964
1152,2979
1153,148
1153,150
1153,168
1153,171
1153,179
1153,642
1153,644
1153,653
1153,661
1153,692
1153,1143
1153,1147
1153,1158
1153,1173
1153,1188
1153,1883
1153,2557
1153,2561
1153,2590
1153,2593
1153,2764
1153,2978
1154,120
1154,144
1154,623
1154,1103
1154,1104
1154,1110
1154,1112
1154,1124
1154,1132
1154,1136
1154,1142
1154,1151
1154,1178
1154,1192
1154,2758
1154,2777
1154,2961
1154,2966
1154,2971
1154,2979
1154,2989
1155,192
1155,684
1155,1111
1155,1113
1155,1131
1155,1136
1155,1166
1155,1167
1155,1181
1155,2789
1155,2981
1155,2989
1155,2991
1155,3303
1156,111
1156,112
1156,120
1156,125
1156,129
1156,143
1156,157
1156,160
1156,174
1156,186
1156,1002
1156,1102
1156,1107
1156,1132
1156,1139
1156,1151
1156,1152
1156,1163
1156,1178
1156,1192
1156,2566
1156,2966
1156,2972
1156,2975
1156,2977
1157,1104
1157,1106
1157,1112
1157,1124
1157,1133
1157,1136
1157,1139
1157,1152
1157,1179
1157,1184
1157,1881
1157,2585
1157,2961
1157,2972
1157,2974
1157,2987
1157,2989
1157,3309
1158,642
1158,644
1158,685
1158,1070
1158,1119
1158,1122
1158,1127
1158,1134
1158,1137
1158,1141
1158,1144
1158,1147
1158,1153
1158,1174
1158,1176
1158,1187
1158,1900
1158,2561
1158,2774
1158,2956
1158,2959
1158,2978
1158,2980
1158,2992
1158,2994
1159,119
1159,128
1159,638
1159,661
1159,675
1159,680
1159,1038
1159,1137
1159,1144
1159,1173
1159,1174
1159,1175
1159,1188
1159,1195
1159,2563
1159,2762
1159,2765
1159,2794
1159,2922
1159,2967
1159,2985
1159,2994
1160,611
1160,616
1160,645
1160,659
1160,665
1160,680
1160,684
1160,686
1160,687
1160,1125
1160,1126
1160,1127
1160,1130
1160,1137
1160,1138
1160,1146
1160,1147
1160,1162
1160,1164
1160,1174
1160,1176
1160,1177
1160,1182
1160,1185
1160,2561
1160,2773
1160,2792
1160,2973
1160,2984
1160,2985
1160,2992
1160,2993
1160,2994
1161,160
1161,174
1161,650
1161,1102
1161,1104
1161,1109
1161,1110
1161,1120
1161,1124
1161,1139
1161,1140
1161,1151
1161,1152
1161,1169
1161,1191
1161,1192
1161,2585
1161,2768
1161,2961
1161,2977
1161,2979
1161,2981
1162,126
1162,178
1162,616
1162,648
1162,1119
1162,1137
1162,1143
1162,1160
1162,1165
1162,1173
1162,1187
1162,2563
1162,2766
1162,2985
1162,2990
1163,182
1163,621
1163,628
1163,629
1163,641
1163,647
1163,1102
1163,1142
1163,1156
1163,1168
1163,2566
1163,2759
1163,2975
1163,2979
1164,611
1164,638
1164,642
1164,644
1164,645
1164,648
1164,659
1164,680
1164,683
1164,685
1164,1071
1164,1114
1164,1125
1164,1128
1164,1137
1164,1138
1164,1144
1164,1145
1164,1146
1164,1150
1164,1160
1164,1174
1164,1177
1164,1186
1164,1190
1164,2958
1164,2962
1164,2971
1164,2978
1164,2990
1164,2992
1164,2994
1165,136
1165,183
1165,192
1165,614
1165,616
1165,661
1165,684
1165,1116
1165,1137
1165,1143
1165,1162
1165,1167
1165,1173
1165,1185
1165,1188
1165,1190
1165,1195
1165,1820
1165,1838
1165,2764
1165,2766
1165,2915
1165,2985
1165,3272
1166,102
1166,120
1166,153
1166,162
1166,163
1166,167
1166,192
1166,656
1166,684
1166,699
1166,1101
1166,1107
1166,1111
1166,1114
1166,1116
1166,1120
1166,1123
1166,1124
1166,1132
1166,1146
1166,1151
1166,1155
1166,1167
1166,1169
1166,1178
1166,1182
1166,1185
1166,1189
1166,1840
1166,2773
1166,2955
1166,2962
1166,2964
1166,2970
1166,2981
1166,2982
1167,192
1167,600
1167,669
1167,1103
1167,1108
1167,1115
1167,1116
1167,1124
1167,1131
1167,1133
1167,1151
1167,1155
1167,1165
1167,1166
1167,1171
1167,1178
1167,1185
1167,1192
1167,1895
1167,2766
1167,2773
1167,2970
1167,2971
1167,2982
1167,2985
1167,2988
1167,2989
1168,696
1168,1104
1168,1139
1168,1142
1168,1163
1168,1191
1168,1853
1168,1921
1168,1927
1168,1953
1168,1981
1168,2759
1168,2780
1168,2790
1168,2961
1168,2966
1168,2975
1168,2983
1168,3312
1169,120
1169,623
1169,654
1169,669
1169,1101
1169,1103
1169,1106
1169,1111
1169,1124
1169,1129
1169,1139
1169,1140
1169,1151
1169,1161
1169,1166
1169,1178
1169,1182
1169,1192
1169,1900
1169,2962
1169,2970
1169,2971
1169,2979
1169,2981
1170,119
1170,122
1170,142
1170,638
1170,645
1170,667
1170,687
1170,1128
1170,1137
1170,1174
1170,1177
1170,2762
1170,2765
1170,2984
1170,2993
1171,118
1171,162
1171,192
1171,600
1171,626
1171,631
1171,650
1171,656
1171,669
1171,695
1171,1103
1171,1105
1171,1108
1171,1113
1171,1115
1171,1117
1171,1131
1171,1167
1171,1179
1171,1193
1171,1197
1171,1838
1171,1984
1171,2773
1171,2782
1171,2789
1171,2791
1171,2943
1171,2976
1171,2982
1171,2987
1171,2988
1172,609
1172,622
1172,1136
1172,1901
1172,1917
1172,1956
1172,1961
1172,1963
1172,1973
1172,1991
1172,2585
1172,2974
1172,3285
1172,3300
1172,3301
1172,3308
1172,3309
1173,117
1173,119
1173,126
1173,136
1173,140
1173,175
1173,191
1173,194
1173,611
1173,614
1173,616
1173,617
1173,638
1173,642
1173,644
1173,645
1173,648
1173,654
1173,659
1173,661
1173,665
1173,667
1173,668
1173,680
1173,687
1173,1070
1173,1100
1173,1119
1173,1125
1173,1130
1173,1137
1173,1153
1173,1159
1173,1162
1173,1165
1173,1183
1173,1188
1173,1190
1173,1195
1173,1838
1173,1893
1173,2561
1173,2563
1173,2577
1173,2578
1173,2588
1173,2762
1173,2764
1173,2765
1173,2773
1173,2777
1173,2932
1173,2956
1173,2984
1173,2985
1173,3303
1174,638
1174,675
1174,680
1174,683
1174,695
1174,1038
1174,1100
1174,1113
1174,1122
1174,1126
1174,1127
1174,1138
1174,1144
1174,1145
1174,1150
1174,1158
1174,1159
1174,1160
1174,1164
1174,1170
1174,1175
1174,1177
1174,1183
1174,1193
1174,1196
1174,1199
1174,2765
1174,2794
1174,2957
1174,2958
1174,2968
1174,2973
1174,2974
1174,2986
1174,2992
1174,2993
1174,2994
1175,1113
1175,1136
1175,1138
1175,1144
1175,1159
1175,1174
1175,1177
1175,1193
1175,1196
1175,2957
1175,2958
1175,2959
1175,2967
1175,2968
1175,2994
1176,146
1176,166
1176,610
1176,616
1176,1018
1176,1119
1176,1122
1176,1127
1176,1134
1176,1143
1176,1147
1176,1149
1176,1158
1176,1160
1176,1181
1176,1187
1176,1194
1176,1197
1176,1199
1176,2561
1176,2956
1176,2963
1176,2967
1176,2985
1176,2992
1176,2993
1176,2994
1177,119
1177,645
1177,683
1177,1038
1177,1071
1177,1100
1177,1106
1177,1113
1177,1125
1177,1126
1177,1128
1177,1134
1177,1137
1177,1138
1177,1143
1177,1144
1177,1145
1177,1146
1177,1147
1177,1150
1177,1160
1177,1164
1177,1170
1177,1174
1177,1175
1177,1181
1177,1188
1177,1190
1177,1196
1177,2794
1177,2957
1177,2958
1177,2959
1177,2968
1177,2984
1177,2992
1177,2994
1178,112
1178,114
1178,120
1178,143
1178,153
1178,163
1178,672
1178,1002
1178,1102
1178,1107
1178,1109
1178,1110
1178,1111
1178,1117
1178,1118
1178,1120
1178,1124
1178,1129
1178,1132
1178,1135
1178,1139
1178,1140
1178,1151
1178,1152
1178,1154
1178,1156
1178,1166
1178,1167
1178,1169
1178,1182
1178,1184
1178,1186
1178,1189
1178,1192
1178,2570
1178,2955
1178,2964
1178,2966
1178,2971
1178,2972
1178,2981
1178,2988
1179,631
1179,695
1179,1105
1179,1112
1179,1113
1179,1131
1179,1133
1179,1157
1179,1171
1179,1184
1179,1193
1179,1196
1179,1199
1179,2770
1179,2968
1179,2972
1179,2974
1179,2976
1179,2983
1179,2987
1180,102
1180,121
1180,122
1180,128
1180,143
1180,153
1180,163
1180,167
1180,1088
1180,1128
1180,1184
1180,1186
1180,1189
1180,2585
1180,2964
1180,2984
1180,3275
1181,1108
1181,1113
1181,1133
1181,1134
1181,1141
1181,1144
1181,1145
1181,1147
1181,1150
1181,1155
1181,1176
1181,1177
1181,1187
1181,2959
1181,2963
1181,2976
1181,2982
1181,2985
1181,2991
1181,2992
1181,2994
1182,623
1182,686
1182,1101
1182,1111
1182,1120
1182,1123
1182,1124
1182,1132
1182,1140
1182,1160
1182,1166
1182,1169
1182,1178
1182,1186
1182,1189
1182,1198
1182,1854
1182,2777
1182,2960
1182,2962
1182,2970
1182,2971
1182,2981
1183,191
1183,611
1183,616
1183,634
1183,675
1183,680
1183,693
1183,695
1183,1143
1183,1150
1183,1173
1183,1174
1183,1188
1183,1908
1183,2563
1183,2969
1183,3278
1183,3292
1184,114
1184,153
1184,1010
1184,1106
1184,1112
1184,1120
1184,1131
1184,1132
1184,1136
1184,1152
1184,1157
1184,1178
1184,1179
1184,1180
1184,1193
1184,2585
1185,616
1185,624
1185,644
1185,656
1185,659
1185,679
1185,684
1185,686
1185,699
1185,1107
1185,1115
1185,1116
1185,1143
1185,1160
1185,1165
1185,1166
1185,1167
1185,1197
1185,1908
1185,2773
1185,2791
1185,2985
1185,3272
1186,102
1186,119
1186,143
1186,163
1186,1111
1186,1114
1186,1124
1186,1146
1186,1164
1186,1178
1186,1180
1186,1182
1186,1189
1186,2955
1186,2962
1186,2964
1186,2981
1186,2984
1186,3304
1187,600
1187,1070
1187,1113
1187,1119
1187,1134
1187,1137
1187,1141
1187,1143
1187,1144
1187,1145
1187,1150
1187,1158
1187,1162
1187,1176
1187,1181
1187,2561
1187,2956
1187,2959
1187,2963
1187,2967
1187,2976
1187,2985
1187,2990
1187,2992
1187,2994
1188,136
1188,600
1188,611
1188,636
1188,638
1188,642
1188,644
1188,653
1188,654
1188,661
1188,665
1188,680
1188,684
1188,685
1188,1038
1188,1106
1188,1131
1188,1137
1188,1143
1188,1150
1188,1153
1188,1159
1188,1165
1188,1173
1188,1177
1188,1183
1188,1190
1188,1195
1188,2764
1188,2765
1188,2766
1188,2774
1188,2777
1188,2789
1188,2956
1188,2958
1188,2969
1188,2978
1188,3303
1189,114
1189,153
1189,160
1189,163
1189,1106
1189,1120
1189,1124
1189,1136
1189,1139
1189,1166
1189,1178
1189,1180
1189,1182
1189,1186
1189,2773
1189,2955
1189,2964
1189,2977
1189,3244
1190,636
1190,638
1190,645
1190,648
1190,680
1190,683
1190,1100
1190,1125
1190,1134
1190,1137
1190,1143
1190,1145
1190,1164
1190,1165
1190,1173
1190,1177
1190,1188
1190,2956
1190,2985
1191,120
1191,187
1191,629
1191,696
1191,1104
1191,1107
1191,1110
1191,1124
1191,1132
1191,1139
1191,1140
1191,1142
1191,1151
1191,1161
1191,1168
1191,1921
1191,1927
1191,2961
1191,2977
1191,2979
1191,3247
1191,3312
1192,120
1192,144
1192,629
1192,650
1192,669
1192,672
1192,1002
1192,1029
1192,1095
1192,1102
1192,1103
1192,1107
1192,1110
1192,1115
1192,1116
1192,1118
1192,1131
1192,1132
1192,1133
1192,1135
1192,1139
1192,1140
1192,1142
1192,1151
1192,1154
1192,1156
1192,1161
1192,1167
1192,1169
1192,1178
1192,1194
1192,2961
1192,2970
1192,2988
1192,2989
1193,617
1193,638
1193,680
1193,695
1193,1106
1193,1112
1193,1138
1193,1171
1193,1174
1193,1175
1193,1179
1193,1184
1193,1196
1193,2774
1193,2957
1193,2964
1193,2968
1193,2974
1193,2987
1194,173
1194,186
1194,197
1194,619
1194,1105
1194,1111
1194,1121
1194,1148
1194,1149
1194,1151
1194,1176
1194,1192
1194,1198
1194,1199
1194,1859
1194,2574
1194,2582
1194,2960
1194,2966
1194,2970
1194,2975
1194,2982
1195,642
1195,661
1195,675
1195,1131
1195,1137
1195,1144
1195,1145
1195,1150
1195,1159
1195,1165
1195,1173
1195,1188
1195,2764
1195,2915
1195,2985
1196,1112
1196,1113
1196,1136
1196,1138
1196,1174
1196,1175
1196,1177
1196,1179
1196,1193
1196,1198
1196,1199
1196,2770
1196,2784
1196,2957
1196,2959
1196,2967
1196,2968
1196,2974
1197,118
1197,669
1197,679
1197,692
1197,1108
1197,1115
1197,1121
1197,1131
1197,1143
1197,1171
1197,1176
1197,1185
1197,1890
1197,1984
1197,1988
1197,2569
1197,2757
1197,2764
1197,2782
1197,2789
1197,2791
1197,2965
1197,2987
1197,2988
1197,2989
1197,3272
1198,1105
1198,1113
1198,1130
1198,1138
1198,1148
1198,1182
1198,1194
1198,1196
1198,2777
1198,2939
1198,2966
1198,2972
1198,2973
1198,2974
1198,3263
1199,1113
1199,1122
1199,1126
1199,1130
1199,1134
1199,1136
1199,1138
1199,1174
1199,1176
1199,1179
1199,1194
1199,1196
1199,2957
1199,2969
1199,2974
1200,1201
1200,1211
1200,1212
1200,1245
1200,1251
1200,1256
1200,1260
1200,1261
1200,1264
1200,1269
1200,1273
1200,1289
1200,1512
1200,1514
1200,3004
1200,3014
1200,3033
1201,1200
1201,1212
1201,1214
1201,1224
1201,1229
1201,1231
1201,1245
1201,1248
1201,1255
1201,1258
1201,1259
1201,1260
1201,1264
1201,1269
1201,1273
1201,1289
1201,3004
1201,3033
1201,3034
1202,1210
1202,1216
1202,1228
1202,1232
1202,1243
1202,1252
1202,1257
1202,1265
1202,1267
1202,1279
1202,1280
1202,2332
1202,2404
1202,2996
1202,3012
1202,3014
1202,3020
1202,3119
1203,1219
1203,1222
1203,1236
1203,1238
1203,1244
1203,1249
1203,1276
1203,1277
1203,1299
1203,1310
1203,1362
1203,3009
1203,3018
1203,3029
1204,1218
1204,1225
1204,1237
1204,1240
1204,1241
1204,1246
1204,1247
1204,1262
1204,1272
1204,1276
1204,1281
1204,1283
1204,1284
1204,1287
1204,1292
1204,2997
1204,2998
1204,3017
1204,3021
1205,1219
1205,1227
1205,1242
1205,1249
1205,1263
1205,1291
1205,1298
1205,1326
1205,1383
1205,1397
1205,3009
1205,3018
1205,3024
1205,3056
1205,3060
1206,534
1206,1208
1206,1216
1206,1220
1206,1233
1206,1235
1206,1239
1206,1246
1206,1266
1206,1285
1206,1293
1206,1297
1206,2999
1206,3002
1206,3003
1206,3005
1206,3007
1206,3008
1206,3030
1206,3031
1207,1208
1207,1209
1207,1226
1207,1230
1207,1233
1207,1235
1207,1236
1207,1238
1207,1246
1207,1279
1207,1280
1207,1285
1207,1287
1207,1293
1207,1295
1207,1297
1207,1298
1207,3002
1207,3003
1207,3007
1207,3008
1207,3011
1207,3016
1207,3019
1207,3023
1207,3030
1208,534
1208,539
1208,1206
1208,1207
1208,1209
1208,1216
1208,1220
1208,1233
1208,1235
1208,1266
1208,1279
1208,1293
1208,1295
1208,1297
1208,1519
1208,3002
1208,3005
1208,3007
1208,3011
1208,3016
1208,3030
1208,3031
1208,3138
1209,1207
1209,1208
1209,1220
1209,1235
1209,1239
1209,1240
1209,1246
1209,1279
1209,1285
1209,1287
1209,1293
1209,1297
1209,3002
1209,3003
1209,3005
1209,3007
1209,3008
1210,1202
1210,1217
1210,1223
1210,1228
1210,1232
1210,1234
1210,1252
1210,1253
1210,1257
1210,1265
1210,1268
1210,1532
1210,2996
1210,3012
1210,3013
1210,3020
1210,3025
1210,3044
1211,1200
1211,1245
1211,1251
1211,1256
1211,1264
1211,1296
1211,1333
1211,1380
1211,1386
1211,1500
1211,1506
1211,1512
1211,1514
1211,1587
1211,3033
1211,3041
1211,3071
1211,3150
1212,1200
1212,1201
1212,1214
1212,1229
1212,1231
1212,1245
1212,1248
1212,1255
1212,1258
1212,1259
1212,1260
1212,1269
1212,1273
1212,1289
1212,3004
1212,3033
1212,3034
1213,1216
1213,1217
1213,1232
1213,1234
1213,1252
1213,1257
1213,1265
1213,1268
1213,1270
1213,1294
1213,1295
1213,2996
1213,3011
1213,3013
1213,3025
1213,3031
1214,1201
1214,1212
1214,1229
1214,1231
1214,1243
1214,1245
1214,1248
1214,1254
1214,1255
1214,1258
1214,1259
1214,1260
1214,1269
1214,1273
1214,1289
1214,1526
1214,1590
1214,3027
1214,3034
1215,1219
1215,1227
1215,1241
1215,1242
1215,1250
1215,1256
1215,1274
1215,1277
1215,1282
1215,1286
1215,1397
1215,2995
1215,3001
1215,3010
1215,3026
1216,1202
1216,1206
1216,1208
1216,1213
1216,1220
1216,1232
1216,1243
1216,1267
1216,1279
1216,1293
1216,1295
1216,2996
1216,3002
1216,3007
1216,3016
1216,3031
1217,1210
1217,1213
1217,1223
1217,1228
1217,1232
1217,1234
1217,1252
1217,1253
1217,1257
1217,1265
1217,1268
1217,1270
1217,1294
1217,1532
1217,2996
1217,3012
1217,3013
1217,3020
1217,3025
1218,1204
1218,1237
1218,1241
1218,1247
1218,1262
1218,1271
1218,1272
1218,1281
1218,1283
1218,1284
1218,1292
1218,2997
1218,2998
1218,3010
1218,3017
1218,3021
1218,3028
1219,1203
1219,1205
1219,1215
1219,1227
1219,1249
1219,1263
1219,1277
1219,1282
1219,1284
1219,1291
1219,1347
1219,1358
1219,1378
1219,1383
1219,3009
1219,3018
1219,3023
1219,3024
1219,3028
1219,3056
1220,1206
1220,1208
1220,1209
1220,1216
1220,1235
1220,1267
1220,1279
1220,1293
1220,1297
1220,1519
1220,3000
1220,3002
1220,3005
1220,3007
1221,1270
1221,1326
1221,1395
1221,1501
1221,1537
1221,1543
1221,3016
1221,3030
1221,3060
1221,3064
1221,3135
1221,3138
1221,3144
1221,3147
1222,1203
1222,1227
1222,1241
1222,1242
1222,1244
1222,1250
1222,1274
1222,1276
1222,1283
1222,1299
1222,1332
1222,1348
1222,1352
1222,1361
1222,1368
1222,1383
1222,1397
1222,1418
1222,2995
1222,3018
1222,3023
1222,3029
1222,3048
1222,3052
1222,3056
1222,3057
1222,3058
1223,103
1223,1210
1223,1217
1223,1228
1223,1252
1223,1253
1223,1257
1223,1265
1223,1267
1223,1268
1223,1294
1223,2996
1223,3000
1223,3013
1223,3020
1223,3025
1224,1201
1224,1231
1224,1245
1224,1255
1224,1258
1224,1259
1224,1261
1224,1269
1224,1296
1224,1545
1224,1577
1224,1587
1224,1590
1224,2726
1224,3004
1224,3033
1224,3034
1225,1204
1225,1239
1225,1240
1225,1246
1225,1247
1225,1266
1225,1272
1225,1281
1225,1283
1225,1287
1225,2997
1225,2998
1225,2999
1225,3002
1225,3003
1225,3005
1225,3008
1226,559
1226,1207
1226,1230
1226,1263
1226,1275
1226,1280
1226,1291
1226,1298
1226,1326
1226,1383
1226,3009
1226,3016
1226,3019
1226,3030
1227,1205
1227,1215
1227,1219
1227,1222
1227,1242
1227,1249
1227,1250
1227,1263
1227,1274
1227,1284
1227,1288
1227,1291
1227,1347
1227,1358
1227,1361
1227,1387
1227,1397
1227,3001
1227,3018
1227,3023
1227,3024
1227,3028
1227,3054
1227,3057
1228,1202
1228,1210
1228,1217
1228,1223
1228,1232
1228,1234
1228,1252
1228,1253
1228,1257
1228,1265
1228,1267
1228,1270
1228,1294
1228,1532
1228,2996
1228,3000
1228,3012
1228,3013
1228,3020
1228,3025
1229,1201
1229,1212
1229,1214
1229,1231
1229,1243
1229,1248
1229,1258
1229,1259
1229,1269
1229,1273
1229,1289
1229,1590
1229,3014
1229,3027
1229,3034
1229,3119
1230,1207
1230,1226
1230,1236
1230,1238
1230,1249
1230,1263
1230,1280
1230,1291
1230,1298
1230,1312
1230,1383
1230,3009
1230,3011
1230,3016
1230,3019
1230,3030
1231,1201
1231,1212
1231,1214
1231,1224
1231,1229
1231,1245
1231,1248
1231,1255
1231,1258
1231,1259
1231,1261
1231,1269
1231,1545
1231,1590
1231,3027
1231,3033
1231,3034
1232,1202
1232,1210
1232,1213
1232,1216
1232,1217
1232,1228
1232,1234
1232,1252
1232,1253
1232,1257
1232,1265
1232,1267
1232,1268
1232,1270
1232,1294
1232,1295
1232,2996
1232,3000
1232,3011
1232,3012
1232,3013
1232,3020
1232,3025
1233,591
1233,1206
1233,1207
1233,1208
1233,1236
1233,1238
1233,1297
1233,2725
1233,2736
1233,3011
1233,3019
1233,3030
1233,3085
1233,3112
1234,1210
1234,1213
1234,1217
1234,1228
1234,1232
1234,1252
1234,1253
1234,1257
1234,1265
1234,1268
1234,1294
1234,1550
1234,2996
1234,3000
1234,3012
1234,3013
1234,3025
1235,534
1235,1206
1235,1207
1235,1208
1235,1209
1235,1220
1235,1239
1235,1240
1235,1246
1235,1266
1235,1279
1235,1285
1235,1287
1235,1293
1235,1297
1235,2999
1235,3002
1235,3003
1235,3005
1235,3007
1235,3008
1236,1203
1236,1207
1236,1230
1236,1233
1236,1238
1236,1249
1236,1276
1236,1291
1236,1299
1236,3009
1236,3011
1236,3018
1236,3019
1236,3030
1237,1204
1237,1218
1237,1247
1237,1262
1237,1271
1237,1276
1237,1281
1237,1290
1237,1292
1237,2726
1237,2997
1237,2998
1237,3010
1237,3015
1237,3017
1237,3021
1238,523
1238,1203
1238,1207
1238,1230
1238,1233
1238,1236
1238,1249
1238,1254
1238,1275
1238,1298
1238,1299
1238,1383
1238,1555
1238,3009
1238,3011
1238,3019
1238,3030
1238,3085
1238,3112
1239,534
1239,1206
1239,1209
1239,1225
1239,1235
1239,1246
1239,1266
1239,1285
1239,1287
1239,1293
1239,1297
1239,2999
1239,3002
1239,3003
1239,3005
1239,3008
1240,1204
1240,1209
1240,1225
1240,1235
1240,1246
1240,1247
1240,1272
1240,1276
1240,1281
1240,1285
1240,1287
1240,2997
1240,2999
1240,3002
1240,3003
1240,3005
1240,3008
1240,3023
1241,1204
1241,1215
1241,1218
1241,1222
1241,1247
1241,1272
1241,1276
1241,1283
1241,1284
1241,1287
1241,1397
1241,3010
1241,3023
1241,3028
1241,3029
1242,1205
1242,1215
1242,1222
1242,1227
1242,1250
1242,1274
1242,1282
1242,1323
1242,1361
1242,1397
1242,2995
1242,3024
1242,3026
1242,3043
1242,3050
1242,3056
1243,513
1243,579
1243,1202
1243,1214
1243,1216
1243,1229
1243,1248
1243,1254
1243,1273
1243,1275
1243,1280
1243,1590
1243,3014
1243,3027
1243,3119
1244,1203
1244,1222
1244,1274
1244,1301
1244,1306
1244,1333
1244,1335
1244,1346
1244,1349
1244,1361
1244,1369
1244,1384
1244,2995
1244,3018
1244,3029
1244,3048
1244,3055
1245,1200
1245,1201
1245,1211
1245,1212
1245,1214
1245,1224
1245,1231
1245,1251
1245,1255
1245,1258
1245,1259
1245,1260
1245,1261
1245,1264
1245,1269
1245,1273
1245,1277
1245,1289
1245,1296
1245,1512
1245,3004
1245,3014
1245,3033
1245,3034
1245,3119
1246,534
1246,1204
1246,1206
1246,1207
1246,1209
1246,1225
1246,1235
1246,1239
1246,1240
1246,1266
1246,1272
1246,1283
1246,1285
1246,1287
1246,2999
1246,3002
1246,3003
1246,3005
1246,3008
1246,3023
1247,1204
1247,1218
1247,1225
1247,1237
1247,1240
1247,1241
1247,1262
1247,1271
1247,1272
1247,1276
1247,1281
1247,1283
1247,1292
1247,2997
1247,2998
1247,3010
1247,3015
1247,3017
1247,3021
1248,1201
1248,1212
1248,1214
1248,1229
1248,1231
1248,1243
1248,1255
1248,1258
1248,1259
1248,1260
1248,1269
1248,1273
1248,1289
1248,3027
1248,3034
1248,3119
1249,1203
1249,1205
1249,1219
1249,1227
1249,1230
1249,1236
1249,1238
1249,1263
1249,1277
1249,1280
1249,1291
1249,1298
1249,1299
1249,1312
1249,1383
1249,3009
1249,3018
1249,3019
1250,1215
1250,1222
1250,1227
1250,1242
1250,1274
1250,1282
1250,1300
1250,1310
1250,1323
1250,1337
1250,1347
1250,1358
1250,1361
1250,1365
1250,1379
1250,1397
1250,2995
1250,3024
1250,3026
1250,3066
1251,1200
1251,1211
1251,1245
1251,1256
1251,1260
1251,1261
1251,1264
1251,1275
1251,1277
1251,1296
1251,1333
1251,1340
1251,1380
1251,1500
1251,1512
1251,1535
1251,1561
1251,3001
1251,3071
1252,1202
1252,1210
1252,1213
1252,1217
1252,1223
1252,1228
1252,1232
1252,1234
1252,1253
1252,1257
1252,1265
1252,1268
1252,1270
1252,1294
1252,1532
1252,2376
1252,2996
1252,3012
1252,3013
1252,3020
1252,3025
1253,1210
1253,1217
1253,1223
1253,1228
1253,1232
1253,1234
1253,1252
1253,1257
1253,1265
1253,1268
1253,2996
1253,3012
1253,3020
1253,3025
1253,3044
1254,505
1254,507
1254,523
1254,542
1254,551
1254,575
1254,579
1254,1214
1254,1238
1254,1243
1254,1258
1254,1261
1254,1275
1254,2725
1254,2745
1255,1201
1255,1212
1255,1214
1255,1224
1255,1231
1255,1245
1255,1248
1255,1258
1255,1259
1255,1260
1255,1261
1255,1269
1255,1273
1255,1289
1255,1545
1255,3004
1255,3033
1255,3034
1256,1200
1256,1211
1256,1215
1256,1251
1256,1261
1256,1264
1256,1277
1256,1296
1256,1500
1256,1512
1256,3001
1256,3022
1256,3033
1256,3071
1257,1202
1257,1210
1257,1213
1257,1217
1257,1223
1257,1228
1257,1232
1257,1234
1257,1252
1257,1253
1257,1265
1257,1267
1257,1268
1257,1270
1257,1294
1257,1532
1257,2996
1257,3000
1257,3012
1257,3013
1257,3020
1257,3025
1258,1201
1258,1212
1258,1214
1258,1224
1258,1229
1258,1231
1258,1245
1258,1248
1258,1254
1258,1255
1258,1259
1258,1260
1258,1261
1258,1269
1258,1273
1258,1275
1258,1289
1258,1545
1258,1587
1258,1590
1258,3004
1258,3027
1258,3033
1258,3034
1259,1201
1259,1212
1259,1214
1259,1224
1259,1229
1259,1231
1259,1245
1259,1248
1259,1255
1259,1258
1259,1260
1259,1261
1259,1269
1259,1273
1259,1275
1259,1289
1259,1526
1259,1545
1259,1587
1259,1590
1259,3027
1259,3034
1259,3119
1260,1200
1260,1201
1260,1212
1260,1214
1260,1245
1260,1248
1260,1251
1260,1255
1260,1258
1260,1259
1260,1269
1260,1273
1260,1275
1260,1277
1260,1280
1260,1289
1260,3004
1260,3033
1261,1200
1261,1224
1261,1231
1261,1245
1261,1251
1261,1254
1261,1255
1261,1256
1261,1258
1261,1259
1261,1269
1261,1275
1261,1277
1261,1289
1261,1500
1261,1587
1261,2726
1261,3004
1261,3033
1261,3071
1262,1204
1262,1218
1262,1237
1262,1247
1262,1271
1262,1278
1262,1281
1262,1290
1262,1292
1262,2997
1262,2998
1262,3010
1262,3015
1262,3017
1262,3021
1262,3032
1263,1205
1263,1219
1263,1226
1263,1227
1263,1230
1263,1249
1263,1291
1263,1298
1263,1311
1263,1312
1263,1326
1263,1358
1263,1378
1263,1383
1263,3009
1263,3018
1263,3019
1263,3056
1263,3060
1264,1200
1264,1201
1264,1211
1264,1245
1264,1251
1264,1256
1264,1277
1264,1289
1264,1296
1264,1500
1264,1506
1264,1512
1264,3001
1264,3004
1264,3014
1264,3033
1264,3071
1264,3150
1265,1202
1265,1210
1265,1213
1265,1217
1265,1223
1265,1228
1265,1232
1265,1234
1265,1252
1265,1253
1265,1257
1265,1267
1265,1268
1265,1270
1265,1294
1265,1295
1265,1334
1265,1532
1265,1537
1265,1550
1265,2996
1265,3000
1265,3012
1265,3013
1265,3016
1265,3020
1265,3025
1265,3031
1266,534
1266,1206
1266,1208
1266,1225
1266,1235
1266,1239
1266,1246
1266,1285
1266,1293
1266,1297
1266,2999
1266,3002
1266,3005
1266,3008
1267,1202
1267,1216
1267,1220
1267,1223
1267,1228
1267,1232
1267,1257
1267,1265
1267,1268
1267,1279
1267,1519
1267,1550
1267,2996
1267,3000
1267,3013
1268,1210
1268,1213
1268,1217
1268,1223
1268,1232
1268,1234
1268,1252
1268,1253
1268,1257
1268,1265
1268,1267
1268,1270
1268,1294
1268,1532
1268,1550
1268,2996
1268,3000
1268,3012
1268,3013
1268,3020
1268,3025
1269,1200
1269,1201
1269,1212
1269,1214
1269,1224
1269,1229
1269,1231
1269,1245
1269,1248
1269,1255
1269,1258
1269,1259
1269,1260
1269,1261
1269,1273
1269,1289
1269,1545
1269,1590
1269,3004
1269,3027
1269,3033
1269,3034
1269,3119
1270,1213
1270,1217
1270,1221
1270,1228
1270,1232
1270,1252
1270,1257
1270,1265
1270,1268
1270,1294
1270,1295
1270,2996
1270,3011
1270,3012
1270,3013
1270,3016
1270,3025
1271,1218
1271,1237
1271,1247
1271,1262
1271,1278
1271,1281
1271,1290
1271,1292
1271,2997
1271,2998
1271,3006
1271,3010
1271,3015
1271,3017
1271,3021
1271,3032
1272,1204
1272,1218
1272,1225
1272,1240
1272,1241
1272,1246
1272,1247
1272,1276
1272,1281
1272,1283
1272,1284
1272,2997
1272,2999
1272,3003
1272,3005
1272,3008
1273,1200
1273,1201
1273,1212
1273,1214
1273,1229
1273,1243
1273,1245
1273,1248
1273,1255
1273,1258
1273,1259
1273,1260
1273,1269
1273,1275
1273,1280
1273,1289
1273,3014
1273,3027
1273,3034
1273,3119
1274,1215
1274,1222
1274,1227
1274,1242
1274,1244
1274,1250
1274,1300
1274,1301
1274,1304
1274,1332
1274,1336
1274,1342
1274,1348
1274,1353
1274,1361
1274,1368
1274,1371
1274,1397
1274,3029
1274,3035
1274,3039
1274,3040
1274,3043
1274,3048
1274,3050
1274,3056
1274,3058
1274,3117
1275,1226
1275,1238
1275,1243
1275,1251
1275,1254
1275,1258
1275,1259
1275,1260
1275,1261
1275,1273
1275,1277
1275,1280
1275,1526
1275,1580
1275,3027
1276,1203
1276,1204
1276,1222
1276,1236
1276,1237
1276,1240
1276,1241
1276,1247
1276,1272
1276,1277
1276,1281
1276,1283
1276,1284
1276,1291
1276,1299
1276,2726
1276,2997
1276,3001
1276,3006
1276,3015
1276,3017
1276,3023
1276,3028
1276,3032
1277,1203
1277,1215
1277,1219
1277,1245
1277,1249
1277,1251
1277,1256
1277,1260
1277,1261
1277,1264
1277,1275
1277,1276
1277,1296
1277,1299
1277,1312
1277,1340
1277,1347
1277,1500
1277,2726
1277,3001
1277,3009
1277,3018
1277,3024
1277,3071
1278,1262
1278,1271
1278,1286
1278,1288
1278,1290
1278,1516
1278,1553
1278,1573
1278,2997
1278,3001
1278,3006
1278,3010
1278,3017
1278,3032
1279,1202
1279,1207
1279,1208
1279,1209
1279,1216
1279,1220
1279,1235
1279,1267
1279,1293
1279,1297
1279,1519
1279,3002
1279,3005
1279,3007
1279,3031
1280,1202
1280,1207
1280,1226
1280,1230
1280,1243
1280,1249
1280,1260
1280,1273
1280,1275
1280,1332
1280,1352
1280,1580
1280,3009
1280,3014
1280,3016
1280,3027
1280,3030
1280,3119
1281,1204
1281,1218
1281,1225
1281,1237
1281,1240
1281,1247
1281,1262
1281,1271
1281,1272
1281,1276
1281,1292
1281,2726
1281,2997
1281,2998
1281,3010
1281,3015
1281,3017
1281,3021
1282,1215
1282,1219
1282,1242
1282,1250
1282,1286
1282,1288
1282,1310
1282,1336
1282,1337
1282,1347
1282,1361
1282,1372
1282,1379
1282,1385
1282,1397
1282,3001
1282,3024
1282,3026
1282,3066
1283,1204
1283,1218
1283,1222
1283,1225
1283,1241
1283,1246
1283,1247
1283,1272
1283,1276
1283,1284
1283,1397
1283,1418
1283,2997
1283,3028
1283,3029
1284,1204
1284,1218
1284,1219
1284,1227
1284,1241
1284,1272
1284,1276
1284,1283
1284,1288
1284,1291
1284,3001
1284,3006
1284,3010
1284,3017
1284,3023
1284,3028
1284,3032
1285,1206
1285,1207
1285,1209
1285,1235
1285,1239
1285,1240
1285,1246
1285,1266
1285,1297
1285,2999
1285,3002
1285,3003
1285,3005
1285,3007
1285,3008
1285,3016
1286,1215
1286,1278
1286,1282
1286,1288
1286,1290
1286,1336
1286,1362
1286,2995
1286,3001
1286,3006
1286,3010
1286,3026
1286,3032
1286,3048
1287,1204
1287,1207
1287,1209
1287,1225
1287,1235
1287,1239
1287,1240
1287,1241
1287,1246
1287,3002
1287,3003
1287,3005
1287,3007
1287,3008
1288,1227
1288,1278
1288,1282
1288,1284
1288,1286
1288,1336
1288,1347
1288,1353
1288,1375
1288,1379
1288,1397
1288,3001
1288,3006
1288,3028
1288,3032
1288,3066
1289,1200
1289,1201
1289,1212
1289,1214
1289,1229
1289,1245
1289,1248
1289,1255
1289,1258
1289,1259
1289,1260
1289,1261
1289,1264
1289,1269
1289,1273
1289,1506
1289,1512
1289,3004
1289,3033
1289,3034
1289,3119
1290,1237
1290,1262
1290,1271
1290,1278
1290,1286
1290,1292
1290,2997
1290,2998
1290,3001
1290,3006
1290,3010
1290,3015
1290,3017
1290,3021
1290,3032
1291,1205
1291,1219
1291,1226
1291,1227
1291,1230
1291,1236
1291,1249
1291,1263
1291,1276
1291,1284
1291,1298
1291,1312
1291,1378
1291,1383
1291,3009
1291,3018
1291,3019
1291,3023
1291,3028
1292,1204
1292,1218
1292,1237
1292,1247
1292,1262
1292,1271
1292,1281
1292,1290
1292,2997
1292,2998
1292,3010
1292,3015
1292,3017
1292,3021
1292,3032
1293,534
1293,535
1293,539
1293,1206
1293,1207
1293,1208
1293,1209
1293,1216
1293,1220
1293,1235
1293,1239
1293,1266
1293,1279
1293,1295
1293,1297
1293,3002
1293,3005
1293,3007
1293,3031
1294,1213
1294,1217
1294,1223
1294,1228
1294,1232
1294,1234
1294,1252
1294,1257
1294,1265
1294,1268
1294,1270
1294,1295
1294,2996
1294,3011
1294,3012
1294,3013
1294,3020
1294,3025
1295,1207
1295,1208
1295,1213
1295,1216
1295,1232
1295,1265
1295,1270
1295,1293
1295,1294
1295,2311
1295,2996
1295,3011
1295,3016
1295,3030
1295,3031
1296,1211
1296,1224
1296,1245
1296,1251
1296,1256
1296,1264
1296,1277
1296,1299
1296,1333
1296,1380
1296,1386
1296,1500
1296,2726
1296,3001
1296,3014
1296,3033
1296,3071
1296,3150
1297,534
1297,1206
1297,1207
1297,1208
1297,1209
1297,1220
1297,1233
1297,1235
1297,1239
1297,1266
1297,1279
1297,1285
1297,1293
1297,2999
1297,3002
1297,3005
1297,3007
1297,3031
1298,1205
1298,1207
1298,1226
1298,1230
1298,1238
1298,1249
1298,1263
1298,1291
1298,1312
1298,1383
1298,3009
1298,3016
1298,3019
1298,3030
1299,1203
1299,1222
1299,1236
1299,1238
1299,1249
1299,1276
1299,1277
1299,1296
1299,1312
1299,1362
1299,1383
1299,1396
1299,2726
1299,3009
1299,3018
1299,3019
1299,3029
1299,3048
1299,3071
1300,1250
1300,1274
1300,1301
1300,1305
1300,1310
1300,1315
1300,1323
1300,1330
1300,1333
1300,1336
1300,1337
1300,1342
1300,1347
1300,1348
1300,1353
1300,1358
1300,1361
1300,1365
1300,1368
1300,1375
1300,1379
1300,1385
1300,3024
1300,3026
1300,3040
1300,3045
1300,3052
1300,3055
1300,3066
1300,3481
1301,1244
1301,1274
1301,1300
1301,1306
1301,1311
1301,1315
1301,1335
1301,1346
1301,1349
1301,1361
1301,1369
1301,1384
1301,1391
1301,1393
1301,3029
1301,3035
1301,3048
1301,3055
1301,3057
1301,3058
1301,3067
1302,1319
1302,1359
1302,1363
1302,1367
1302,1376
1302,1380
1302,1393
1302,1577
1302,1580
1302,2315
1302,2352
1302,2441
1302,3041
1302,3071
1302,3118
1302,3123
1302,3495
1303,1347
1303,1371
1303,1372
1303,1375
1303,1378
1303,1379
1303,1387
1303,1389
1303,1395
1303,1397
1303,1529
1303,2313
1303,3028
1303,3060
1303,3070
1303,3117
1303,3124
1304,1274
1304,1332
1304,1348
1304,1353
1304,1365
1304,1368
1304,1371
1304,1377
1304,1397
1304,2348
1304,3043
1304,3045
1304,3050
1304,3052
1304,3056
1304,3058
1304,3064
1304,3070
1305,1300
1305,1323
1305,1330
1305,1337
1305,1340
1305,1347
1305,1358
1305,1361
1305,1372
1305,1375
1305,1379
1305,1385
1305,1509
1305,1529
1305,1554
1305,3024
1305,3045
1305,3053
1305,3054
1305,3066
1305,3136
1305,3151
1306,1244
1306,1301
1306,1309
1306,1315
1306,1335
1306,1346
1306,1349
1306,1361
1306,1362
1306,1367
1306,1369
1306,1384
1306,1386
1306,1391
1306,2995
1306,3029
1306,3040
1306,3041
1306,3048
1306,3055
1306,3057
1307,1309
1307,1319
1307,1336
1307,1359
1307,1393
1307,2352
1307,2388
1307,2431
1307,2438
1307,2441
1307,3040
1307,3048
1307,3067
1307,3481
1308,1325
1308,1334
1308,1356
1308,1377
1308,1638
1308,2365
1308,2379
1308,3035
1308,3044
1308,3064
1308,3174
1308,3445
1308,3446
1308,3464
1309,1306
1309,1307
1309,1315
1309,1319
1309,1336
1309,1342
1309,1362
1309,1369
1309,1393
1309,2431
1309,2995
1309,3040
1309,3041
1309,3048
1310,1203
1310,1250
1310,1282
1310,1300
1310,1336
1310,1337
1310,1342
1310,1347
1310,1353
1310,1365
1310,1368
1310,1379
1310,3026
1310,3039
1310,3050
1310,3066
1311,1263
1311,1301
1311,1346
1311,1349
1311,1355
1311,1381
1311,1383
1311,1384
1311,1391
1311,1396
1311,2366
1311,2445
1311,3029
1311,3483
1312,1230
1312,1249
1312,1263
1312,1277
1312,1291
1312,1298
1312,1299
1312,1340
1312,1378
1312,1383
1312,1580
1312,3009
1312,3018
1312,3019
1312,3053
1313,1316
1313,1318
1313,1322
1313,1327
1313,1329
1313,1343
1313,1344
1313,1364
1313,1388
1313,1398
1313,1399
1313,1474
1313,1578
1313,2721
1313,3037
1313,3038
1313,3051
1313,3059
1313,3065
1313,3068
1313,3073
1314,1325
1314,1334
1314,1348
1314,1377
1314,1501
1314,1511
1314,1518
1314,1527
1314,2332
1314,2404
1314,3035
1314,3044
1314,3064
1314,3130
1315,1300
1315,1301
1315,1306
1315,1309
1315,1321
1315,1335
1315,1346
1315,1349
1315,1361
1315,1367
1315,1369
1315,1393
1315,3035
1315,3040
1315,3041
1315,3055
1315,3067
1316,1313
1316,1322
1316,1331
1316,1341
1316,1350
1316,1354
1316,1382
1316,1388
1316,1390
1316,1398
1316,1555
1316,1578
1316,1584
1316,2747
1316,3037
1316,3046
1316,3051
1316,3073
1317,1318
1317,1328
1317,1344
1317,1345
1317,1364
1317,1373
1317,1541
1317,2744
1317,3038
1317,3049
1317,3059
1317,3062
1317,3069
1317,3074
1318,1313
1318,1317
1318,1322
1318,1339
1318,1344
1318,1345
1318,1351
1318,1364
1318,1370
1318,1388
1318,1399
1318,1402
1318,1433
1318,1449
1318,1463
1318,3037
1318,3059
1318,3062
1318,3068
1318,3073
1318,3100
1319,1302
1319,1307
1319,1309
1319,1321
1319,1363
1319,1367
1319,1369
1319,1376
1319,1386
1319,1393
1319,2387
1319,2390
1319,2398
1319,2425
1319,2431
1319,2438
1319,2441
1319,3041
1319,3067
1319,3495
1320,511
1320,1327
1320,1341
1320,1343
1320,1350
1320,1354
1320,1360
1320,1382
1320,1390
1320,1398
1320,1399
1320,3036
1320,3037
1320,3042
1320,3046
1320,3047
1320,3063
1320,3087
1321,1315
1321,1319
1321,1323
1321,1333
1321,1335
1321,1349
1321,1363
1321,1367
1321,1369
1321,1374
1321,1376
1321,1380
1321,1393
1321,2425
1321,2438
1321,3022
1321,3041
1321,3067
1322,527
1322,1313
1322,1316
1322,1318
1322,1354
1322,1364
1322,1382
1322,1388
1322,1394
1322,1398
1322,1510
1322,1558
1322,1568
1322,1578
1322,1584
1322,1598
1322,3038
1322,3051
1322,3059
1322,3065
1322,3068
1322,3069
1322,3073
1322,3149
1323,1242
1323,1250
1323,1300
1323,1305
1323,1321
1323,1330
1323,1333
1323,1337
1323,1340
1323,1361
1323,1367
1323,1375
1323,1380
1323,1500
1323,1597
1323,3022
1323,3024
1323,3026
1323,3053
1323,3055
1323,3066
1323,3136
1323,3150
1323,3492
1324,518
1324,554
1324,588
1324,1328
1324,1421
1324,1460
1324,1471
1324,1563
1324,1570
1324,2728
1324,2730
1324,3049
1324,3061
1324,3072
1324,3074
1324,3107
1325,506
1325,1308
1325,1314
1325,1332
1325,1334
1325,1352
1325,1355
1325,1357
1325,1381
1325,2365
1325,2404
1325,2723
1325,3030
1325,3035
1325,3044
1325,3174
1325,3446
1325,3483
1326,1205
1326,1221
1326,1226
1326,1263
1326,1372
1326,1378
1326,1387
1326,1395
1326,1529
1326,1531
1326,1543
1326,2416
1326,3054
1326,3060
1326,3117
1327,511
1327,1313
1327,1320
1327,1329
1327,1341
1327,1343
1327,1350
1327,1354
1327,1360
1327,1382
1327,1390
1327,1398
1327,1399
1327,1454
1327,2307
1327,3037
1327,3042
1327,3046
1327,3047
1327,3063
1328,582
1328,1317
1328,1324
1328,1339
1328,1344
1328,1370
1328,1394
1328,1477
1328,1541
1328,1563
1328,1566
1328,1570
1328,1598
1328,2730
1328,3049
1328,3059
1328,3062
1328,3072
1328,3074
1328,3152
1329,512
1329,1313
1329,1327
1329,1364
1329,1388
1329,1398
1329,1399
1329,1474
1329,1578
1329,2721
1329,3038
1329,3051
1329,3059
1329,3065
1330,1300
1330,1305
1330,1323
1330,1333
1330,1337
1330,1340
1330,1358
1330,1375
1330,1377
1330,1385
1330,1509
1330,1596
1330,1597
1330,3045
1330,3053
1330,3054
1331,522
1331,574
1331,1316
1331,1338
1331,1341
1331,1354
1331,1373
1331,1536
1331,2729
1331,2744
1331,3038
1331,3051
1331,3073
1331,3134
1331,3149
1332,1222
1332,1274
1332,1280
1332,1304
1332,1325
1332,1334
1332,1352
1332,1355
1332,1371
1332,1377
1332,1770
1332,2372
1332,2379
1332,2416
1332,3016
1332,3029
1332,3035
1332,3052
1332,3058
1332,3064
1333,1211
1333,1244
1333,1251
1333,1296
1333,1300
1333,1321
1333,1323
1333,1330
1333,1337
1333,1340
1333,1346
1333,1361
1333,1367
1333,1380
1333,1386
1333,1580
1333,3022
1333,3041
1333,3066
1334,169
1334,1265
1334,1308
1334,1314
1334,1325
1334,1332
1334,1377
1334,1770
1334,2404
1334,2555
1334,2996
1334,3012
1334,3035
1334,3044
1334,3064
1334,3174
1335,1244
1335,1301
1335,1306
1335,1315
1335,1321
1335,1346
1335,1349
1335,1361
1335,1362
1335,1367
1335,1369
1335,1376
1335,1384
1335,1386
1335,1393
1335,3041
1335,3055
1335,3057
1335,3067
1336,1274
1336,1282
1336,1286
1336,1288
1336,1300
1336,1307
1336,1309
1336,1310
1336,1342
1336,1348
1336,1353
1336,1365
1336,1368
1336,2431
1336,2995
1336,3026
1336,3039
1336,3040
1336,3050
1336,3066
1336,3481
1337,1250
1337,1282
1337,1300
1337,1305
1337,1310
1337,1323
1337,1330
1337,1333
1337,1347
1337,1348
1337,1353
1337,1358
1337,1361
1337,1365
1337,1375
1337,1379
1337,1385
1337,3024
1337,3026
1337,3045
1337,3054
1337,3066
1338,514
1338,548
1338,550
1338,563
1338,599
1338,1331
1338,1373
1338,1441
1338,1566
1338,1574
1338,1681
1338,2744
1338,3038
1338,3062
1338,3092
1338,3134
1339,1318
1339,1328
1339,1344
1339,1351
1339,1364
1339,1370
1339,1373
1339,1460
1339,1504
1339,1505
1339,1570
1339,1598
1339,2357
1339,2730
1339,3049
1339,3061
1339,3072
1339,3074
1339,3107
1340,1251
1340,1277
1340,1305
1340,1312
1340,1323
1340,1330
1340,1333
1340,1500
1340,1512
1340,1535
1340,1554
1340,1561
1340,1596
1340,3022
1340,3024
1340,3045
1340,3053
1340,3136
1340,3148
1340,3150
1341,531
1341,1316
1341,1320
1341,1327
1341,1331
1341,1350
1341,1354
1341,1360
1341,1382
1341,1390
1341,1398
1341,1399
1341,2307
1341,3036
1341,3047
1342,1274
1342,1300
1342,1309
1342,1310
1342,1336
1342,1348
1342,1353
1342,1361
1342,1362
1342,1365
1342,1368
1342,2431
1342,2995
1342,3026
1342,3040
1342,3048
1342,3050
1342,3481
1343,511
1343,1313
1343,1320
1343,1327
1343,1350
1343,1382
1343,1388
1343,1390
1343,1399
1343,2357
1343,3036
1343,3037
1343,3042
1343,3046
1343,3047
1343,3063
1343,3068
1344,527
1344,1313
1344,1317
1344,1318
1344,1328
1344,1339
1344,1345
1344,1370
1344,1373
1344,1388
1344,1402
1344,1541
1344,1563
1344,1565
1344,1570
1344,1571
1344,1681
1344,2730
1344,3037
1344,3051
1344,3059
1345,1317
1345,1318
1345,1344
1345,1370
1345,1373
1345,1421
1345,1485
1345,2744
1345,2749
1345,3049
1345,3061
1345,3074
1345,3096
1345,3098
1345,3100
1345,3107
1346,1244
1346,1301
1346,1306
1346,1311
1346,1315
1346,1333
1346,1335
1346,1349
1346,1361
1346,1363
1346,1369
1346,1376
1346,1384
1346,1391
1346,1393
1346,1396
1346,1580
1346,3029
1346,3035
1346,3048
1346,3067
1347,1219
1347,1227
1347,1250
1347,1277
1347,1282
1347,1288
1347,1300
1347,1303
1347,1305
1347,1310
1347,1337
1347,1353
1347,1358
1347,1361
1347,1362
1347,1375
1347,1379
1347,1385
1347,1389
1347,1397
1347,3018
1347,3024
1347,3028
1347,3043
1347,3050
1347,3057
1347,3066
1347,3117
1348,1222
1348,1274
1348,1300
1348,1304
1348,1314
1348,1336
1348,1337
1348,1342
1348,1353
1348,1361
1348,1368
1348,1397
1348,3039
1348,3040
1348,3044
1348,3048
1348,3050
1348,3058
1348,3070
1349,1244
1349,1301
1349,1306
1349,1311
1349,1315
1349,1321
1349,1335
1349,1346
1349,1361
1349,1367
1349,1369
1349,1374
1349,1384
1349,3022
1349,3035
1349,3041
1349,3055
1349,3057
1350,1316
1350,1320
1350,1327
1350,1341
1350,1343
1350,1354
1350,1360
1350,1382
1350,1390
1350,1399
1350,2307
1350,2380
1350,2747
1350,3036
1350,3042
1350,3046
1350,3047
1350,3063
1350,3068
1350,3073
1351,1318
1351,1339
1351,1364
1351,1408
1351,1417
1351,1446
1351,1463
1351,1468
1351,1488
1351,1793
1351,3069
1351,3073
1351,3091
1351,3095
1352,1222
1352,1280
1352,1325
1352,1332
1352,1355
1352,1377
1352,1381
1352,1384
1352,1580
1352,2311
1352,3003
1352,3029
1352,3030
1352,3058
1352,3483
1353,1274
1353,1288
1353,1300
1353,1304
1353,1310
1353,1336
1353,1337
1353,1342
1353,1347
1353,1348
1353,1361
1353,1365
1353,1368
1353,1371
1353,1385
1353,1397
1353,3026
1353,3039
1353,3040
1353,3045
1353,3050
1353,3052
1353,3058
1353,3066
1353,3117
1354,531
1354,1316
1354,1320
1354,1322
1354,1327
1354,1331
1354,1341
1354,1350
1354,1360
1354,1382
1354,1388
1354,1390
1354,1398
1354,3073
1355,1311
1355,1325
1355,1332
1355,1352
1355,1357
1355,1381
1355,1383
1355,2345
1355,2445
1355,2743
1355,3016
1355,3029
1355,3030
1355,3064
1355,3483
1356,548
1356,559
1356,1308
1356,1357
1356,1419
1356,1444
1356,1481
1356,1503
1356,1504
1356,1557
1356,1559
1356,1583
1356,1595
1356,1714
1356,2724
1356,3075
1356,3144
1357,559
1357,1325
1357,1355
1357,1356
1357,1411
1357,1434
1357,1439
1357,1444
1357,1477
1357,1746
1357,2357
1357,2730
1357,3174
1357,3182
1358,1219
1358,1227
1358,1250
1358,1263
1358,1300
1358,1305
1358,1330
1358,1337
1358,1347
1358,1379
1358,1385
1358,1387
1358,1397
1358,1529
1358,3018
1358,3024
1358,3045
1358,3054
1358,3060
1358,3066
1358,3151
1359,1302
1359,1307
1359,1392
1359,1393
1359,2315
1359,2327
1359,2352
1359,2359
1359,2381
1359,2409
1359,2429
1359,2441
1359,3435
1359,3444
1359,3460
1360,1320
1360,1327
1360,1341
1360,1350
1360,1354
1360,1388
1360,1390
1360,1398
1360,1399
1360,1413
1360,2307
1360,3036
1360,3037
1360,3051
1360,3087
1361,1222
1361,1227
1361,1242
1361,1244
1361,1250
1361,1274
1361,1282
1361,1300
1361,1301
1361,1305
1361,1306
1361,1315
1361,1323
1361,1333
1361,1335
1361,1337
1361,1342
1361,1346
1361,1347
1361,1348
1361,1349
1361,1353
1361,1362
1361,1365
1361,1367
1361,1368
1361,1369
1361,1375
1361,1384
1361,1385
1361,1387
1361,1391
1361,1397
1361,2995
1361,3018
1361,3022
1361,3024
1361,3026
1361,3029
1361,3040
1361,3043
1361,3045
1361,3048
1361,3050
1361,3052
1361,3055
1361,3057
1361,3058
1361,3066
1362,1203
1362,1286
1362,1299
1362,1306
1362,1309
1362,1335
1362,1342
1362,1347
1362,1361
1362,1369
1362,1386
1362,1391
1362,2431
1362,2995
1362,3026
1362,3041
1362,3048
1362,3057
1363,1302
1363,1319
1363,1321
1363,1346
1363,1366
1363,1369
1363,1374
1363,1376
1363,1392
1363,1393
1363,1396
1363,1580
1363,2359
1363,2386
1363,2387
1363,2425
1363,2438
1363,2441
1363,3041
1363,3067
1363,3123
1364,1313
1364,1317
1364,1318
1364,1322
1364,1329
1364,1339
1364,1351
1364,1370
1364,1388
1364,1394
1364,1399
1364,1402
1364,1456
1364,1578
1364,1598
1364,2357
1364,3037
1364,3038
1364,3051
1364,3059
1364,3062
1364,3065
1364,3068
1364,3069
1364,3073
1365,1250
1365,1300
1365,1304
1365,1310
1365,1336
1365,1337
1365,1342
1365,1353
1365,1361
1365,1368
1365,1371
1365,1379
1365,1385
1365,3026
1365,3040
1365,3043
1365,3045
1365,3050
1365,3055
1366,1363
1366,1376
1366,2386
1366,2392
1366,2398
1366,2399
1366,2401
1366,2406
1366,2407
1366,2408
1366,2417
1366,2425
1366,3448
1366,3478
1366,3496
1367,1302
1367,1306
1367,1315
1367,1319
1367,1321
1367,1323
1367,1333
1367,1335
1367,1349
1367,1361
1367,1369
1367,1374
1367,1376
1367,1380
1367,1386
1367,1393
1367,2438
1367,3022
1367,3035
1367,3041
1367,3053
1367,3055
1367,3067
1367,3492
1368,1222
1368,1274
1368,1300
1368,1304
1368,1310
1368,1336
1368,1342
1368,1348
1368,1353
1368,1361
1368,1365
1368,1371
1368,1397
1368,2313
1368,3039
1368,3043
1368,3050
1368,3052
1368,3056
1368,3058
1368,3070
1368,3124
1369,1244
1369,1301
1369,1306
1369,1309
1369,1315
1369,1319
1369,1321
1369,1335
1369,1346
1369,1349
1369,1361
1369,1362
1369,1363
1369,1367
1369,1374
1369,1376
1369,1384
1369,1391
1369,1393
1369,1396
1369,2438
1369,3035
1369,3041
1369,3048
1369,3055
1369,3057
1369,3067
1370,1318
1370,1328
1370,1339
1370,1344
1370,1345
1370,1364
1370,1373
1370,1402
1370,1463
1370,1598
1370,2357
1370,2730
1370,3037
1370,3049
1370,3059
1370,3074
1371,1274
1371,1303
1371,1304
1371,1332
1371,1353
1371,1365
1371,1368
1371,1387
1371,1389
1371,1395
1371,1397
1371,1509
1371,2313
1371,3039
1371,3043
1371,3050
1371,3056
1371,3058
1371,3060
1371,3070
1371,3117
1371,3124
1372,1282
1372,1303
1372,1305
1372,1326
1372,1375
1372,1378
1372,1379
1372,1385
1372,1387
1372,1389
1372,1395
1372,1509
1372,1529
1372,1561
1372,3024
1372,3054
1372,3060
1372,3117
1372,3151
1373,522
1373,527
1373,1317
1373,1331
1373,1338
1373,1339
1373,1344
1373,1345
1373,1370
1373,1388
1373,1402
1373,1441
1373,1510
1373,1523
1373,1536
1373,1541
1373,1563
1373,1566
1373,1570
1373,1571
1373,1574
1373,1681
1373,2730
1373,2744
1373,3037
1373,3038
1373,3051
1373,3062
1373,3069
1373,3073
1373,3134
1374,1321
1374,1349
1374,1363
1374,1367
1374,1369
1374,1376
1374,1380
1374,1384
1374,1393
1374,1500
1374,3022
1374,3029
1374,3041
1374,3057
1375,1288
1375,1300
1375,1303
1375,1305
1375,1323
1375,1330
1375,1337
1375,1347
1375,1361
1375,1372
1375,1379
1375,1385
1375,1387
1375,1389
1375,1509
1375,1529
1375,1561
1375,2384
1375,2420
1375,3066
1375,3117
1375,3118
1375,3151
1375,3497
1376,1302
1376,1319
1376,1321
1376,1335
1376,1346
1376,1363
1376,1366
1376,1367
1376,1369
1376,1374
1376,1384
1376,1393
1376,1396
1376,1580
1376,2386
1376,2387
1376,2398
1376,2425
1376,2427
1376,2434
1376,2438
1376,3067
1376,3489
1376,3498
1377,1304
1377,1308
1377,1314
1377,1330
1377,1332
1377,1334
1377,1352
1377,1770
1377,2379
1377,2404
1377,2416
1377,3035
1377,3044
1377,3045
1377,3058
1377,3064
1377,3445
1377,3447
1378,1219
1378,1263
1378,1291
1378,1303
1378,1312
1378,1326
1378,1372
1378,1379
1378,1389
1378,1395
1378,1529
1378,3009
1378,3028
1378,3043
1378,3056
1378,3117
1379,1250
1379,1282
1379,1288
1379,1300
1379,1303
1379,1305
1379,1310
1379,1337
1379,1347
1379,1358
1379,1365
1379,1372
1379,1375
1379,1378
1379,1385
1379,1387
1379,1389
1379,1509
1379,1529
1379,2313
1379,3024
1379,3043
1379,3045
1379,3054
1379,3066
1379,3117
1379,3151
1380,1211
1380,1251
1380,1296
1380,1302
1380,1321
1380,1323
1380,1333
1380,1367
1380,1374
1380,1386
1380,1500
1380,1506
1380,1535
1380,2425
1380,2438
1380,3022
1380,3041
1380,3053
1380,3071
1380,3148
1380,3150
1381,1311
1381,1325
1381,1352
1381,1355
1381,1384
1381,1391
1381,1396
1381,1426
1381,1431
1381,1451
1381,1491
1381,1495
1381,1580
1381,2345
1381,2366
1381,3029
1381,3085
1382,1316
1382,1320
1382,1322
1382,1327
1382,1341
1382,1343
1382,1350
1382,1354
1382,1390
1382,1399
1382,2307
1382,2357
1382,2380
1382,3036
1382,3046
1382,3047
1382,3073
1383,1205
1383,1219
1383,1222
1383,1226
1383,1230
1383,1238
1383,1249
1383,1263
1383,1291
1383,1298
1383,1299
1383,1311
1383,1312
1383,1355
1383,3009
1383,3018
1383,3029
1383,3052
1383,3056
1384,572
1384,1244
1384,1301
1384,1306
1384,1311
1384,1335
1384,1346
1384,1349
1384,1352
1384,1361
1384,1369
1384,1374
1384,1376
1384,1381
1384,1391
1384,1396
1384,1580
1384,3029
1384,3035
1384,3048
1384,3498
1385,1282
1385,1300
1385,1305
1385,1330
1385,1337
1385,1347
1385,1353
1385,1358
1385,1361
1385,1365
1385,1372
1385,1375
1385,1379
1385,1509
1385,3024
1385,3045
1385,3054
1385,3066
1385,3117
1385,3151
1386,1211
1386,1296
1386,1306
1386,1319
1386,1333
1386,1335
1386,1362
1386,1367
1386,1380
1386,1393
1386,2438
1386,2441
1386,2995
1386,3006
1386,3022
1386,3041
1386,3071
1387,1227
1387,1303
1387,1326
1387,1358
1387,1361
1387,1371
1387,1372
1387,1375
1387,1379
1387,1389
1387,1397
1387,1529
1387,1561
1387,2313
1387,2384
1387,2416
1387,2420
1387,3045
1387,3052
1387,3054
1387,3057
1387,3060
1387,3066
1387,3117
1387,3151
1387,3497
1388,527
1388,1313
1388,1316
1388,1318
1388,1322
1388,1329
1388,1343
1388,1344
1388,1354
1388,1360
1388,1364
1388,1373
1388,1398
1388,1399
1388,1568
1388,2721
1388,3037
1388,3051
1388,3062
1388,3073
1388,3134
1388,3149
1389,1303
1389,1347
1389,1371
1389,1372
1389,1375
1389,1378
1389,1379
1389,1387
1389,1529
1389,1561
1389,2384
1389,2420
1389,3066
1389,3117
1389,3151
1389,3497
1390,511
1390,1316
1390,1320
1390,1327
1390,1341
1390,1343
1390,1350
1390,1354
1390,1360
1390,1382
1390,1399
1390,2307
1390,2380
1390,2747
1390,3036
1390,3042
1390,3046
1390,3047
1390,3063
1390,3068
1390,3073
1390,3462
1391,1301
1391,1306
1391,1311
1391,1346
1391,1361
1391,1362
1391,1369
1391,1381
1391,1384
1391,1396
1391,2366
1391,3029
1391,3048
1391,3057
1392,1359
1392,1363
1392,1393
1392,2306
1392,2327
1392,2351
1392,2352
1392,2386
1392,2399
1392,2429
1392,2438
1392,3439
1392,3442
1392,3478
1392,3487
1393,1301
1393,1302
1393,1307
1393,1309
1393,1315
1393,1319
1393,1321
1393,1335
1393,1346
1393,1359
1393,1363
1393,1367
1393,1369
1393,1374
1393,1376
1393,1386
1393,1392
1393,2359
1393,2438
1393,3041
1393,3067
1394,514
1394,522
1394,1322
1394,1328
1394,1364
1394,1462
1394,1508
1394,1541
1394,1558
1394,1563
1394,1565
1394,1568
1394,1598
1394,3038
1394,3049
1394,3059
1394,3075
1394,3107
1394,3111
1394,3152
1395,1221
1395,1303
1395,1326
1395,1371
1395,1372
1395,1378
1395,1531
1395,1542
1395,3056
1395,3060
1395,3070
1395,3115
1395,3116
1395,3124
1395,3147
1396,572
1396,1299
1396,1311
1396,1346
1396,1363
1396,1369
1396,1376
1396,1381
1396,1384
1396,1391
1396,1580
1396,2366
1396,2445
1396,2726
1396,3029
1396,3048
1396,3480
1396,3483
1396,3489
1396,3498
1397,1205
1397,1215
1397,1222
1397,1227
1397,1241
1397,1242
1397,1250
1397,1274
1397,1282
1397,1283
1397,1288
1397,1303
1397,1304
1397,1347
1397,1348
1397,1353
1397,1358
1397,1361
1397,1368
1397,1371
1397,1387
1397,3043
1397,3050
1397,3052
1397,3056
1397,3057
1397,3060
1397,3117
1398,1313
1398,1316
1398,1320
1398,1322
1398,1327
1398,1329
1398,1341
1398,1354
1398,1360
1398,1388
1398,1399
1398,1578
1398,2721
1398,3037
1398,3038
1398,3051
1398,3065
1399,1313
1399,1318
1399,1320
1399,1327
1399,1329
1399,1341
1399,1343
1399,1350
1399,1360
1399,1364
1399,1382
1399,1388
1399,1390
1399,1398
1399,1578
1399,3037
1399,3042
1399,3051
1399,3073
1400,508
1400,554
1400,556
1400,563
1400,596
1400,1402
1400,1406
1400,1409
1400,1412
1400,1415
1400,1419
1400,1422
1400,1425
1400,1427
1400,1430
1400,1434
1400,1443
1400,1458
1400,1460
1400,1482
1400,1483
1400,1485
1400,1490
1400,1493
1400,2728
1400,3091
1400,3109
1400,3112
1401,504
1401,519
1401,526
1401,567
1401,570
1401,576
1401,582
1401,596
1401,1411
1401,1415
1401,1433
1401,1434
1401,1438
1401,1441
1401,1443
1401,1447
1401,1452
1401,1472
1401,1481
1401,1486
1401,1488
1401,2743
1401,2751
1401,3072
1401,3092
1401,3100
1401,3107
1402,512
1402,550
1402,576
1402,1318
1402,1344
1402,1364
1402,1370
1402,1373
1402,1400
1402,1403
1402,1408
1402,1409
1402,1411
1402,1412
1402,1414
1402,1415
1402,1425
1402,1434
1402,1438
1402,1441
1402,1443
1402,1449
1402,1453
1402,1456
1402,1458
1402,1459
1402,1463
1402,1467
1402,1479
1402,1490
1402,1493
1402,1497
1402,1565
1402,2730
1402,2750
1402,3037
1402,3065
1402,3073
1402,3091
1402,3098
1402,3100
1402,3105
1403,512
1403,540
1403,549
1403,550
1403,558
1403,1402
1403,1407
1403,1415
1403,1432
1403,1446
1403,1447
1403,1453
1403,1456
1403,1457
1403,1459
1403,1470
1403,1479
1403,1486
1403,1497
1403,1565
1403,2743
1403,2744
1403,3076
1403,3083
1403,3085
1403,3096
1403,3098
1403,3100
1403,3104
1403,3105
1403,3109
1403,3110
1404,1405
1404,1429
1404,1440
1404,1448
1404,1457
1404,1459
1404,1487
1404,1491
1404,3076
1404,3081
1404,3085
1404,3093
1404,3112
1404,3113
1405,1404
1405,1418
1405,1429
1405,1435
1405,1440
1405,1448
1405,1469
1405,1487
1405,1491
1405,3076
1405,3078
1405,3084
1405,3085
1405,3108
1405,3113
1406,554
1406,1400
1406,1408
1406,1409
1406,1410
1406,1430
1406,1443
1406,1464
1406,1475
1406,1490
1406,1493
1406,1498
1406,2716
1406,2730
1406,2749
1406,3091
1406,3095
1407,1403
1407,1409
1407,1410
1407,1420
1407,1430
1407,1457
1407,1468
1407,1486
1407,1490
1407,1493
1407,1498
1407,1520
1407,3085
1407,3096
1407,3110
1407,3114
1408,515
1408,543
1408,555
1408,597
1408,1351
1408,1402
1408,1406
1408,1410
1408,1419
1408,1425
1408,1457
1408,1463
1408,1464
1408,1490
1408,1497
1408,1555
1408,1799
1408,2716
1408,2732
1408,3085
1408,3091
1408,3110
1408,3112
1409,554
1409,574
1409,1400
1409,1402
1409,1406
1409,1407
1409,1410
1409,1414
1409,1417
1409,1420
1409,1422
1409,1424
1409,1427
1409,1430
1409,1434
1409,1438
1409,1439
1409,1443
1409,1445
1409,1446
1409,1453
1409,1457
1409,1461
1409,1463
1409,1464
1409,1468
1409,1470
1409,1479
1409,1485
1409,1488
1409,1490
1409,1492
1409,1493
1409,1498
1409,1799
1409,2716
1409,2720
1409,2730
1409,2738
1409,3079
1409,3089
1409,3091
1409,3095
1409,3096
1409,3098
1409,3109
1409,3112
1410,501
1410,1406
1410,1407
1410,1408
1410,1409
1410,1464
1410,1490
1410,1493
1410,2749
1410,3074
1410,3079
1410,3095
1410,3110
1410,3112
1411,546
1411,550
1411,554
1411,596
1411,1357
1411,1401
1411,1402
1411,1412
1411,1441
1411,1443
1411,1485
1411,1496
1411,1497
1411,3092
1411,3098
1412,504
1412,528
1412,546
1412,554
1412,556
1412,570
1412,577
1412,596
1412,1400
1412,1402
1412,1411
1412,1424
1412,1425
1412,1430
1412,1437
1412,1441
1412,1443
1412,1449
1412,1450
1412,1458
1412,1465
1412,1483
1412,1484
1412,1485
1412,1492
1412,1494
1412,1496
1412,2717
1412,2720
1412,2724
1412,2727
1412,2734
1412,2750
1412,3086
1412,3092
1412,3111
1413,531
1413,540
1413,549
1413,558
1413,560
1413,594
1413,1360
1413,1423
1413,1454
1413,1473
1413,1474
1413,1489
1413,1497
1413,2721
1413,3078
1413,3084
1413,3094
1414,586
1414,1402
1414,1409
1414,1427
1414,1434
1414,1445
1414,1453
1414,1455
1414,1461
1414,1467
1414,1470
1414,1482
1414,1485
1414,1488
1414,1565
1414,1606
1414,1643
1414,1793
1414,3089
1414,3098
1414,3100
1414,3109
1415,550
1415,554
1415,576
1415,582
1415,599
1415,1400
1415,1401
1415,1402
1415,1403
1415,1434
1415,1443
1415,1475
1415,1488
1415,1589
1415,2716
1415,2744
1415,3100
1415,3109
1415,3153
1416,522
1416,548
1416,577
1416,582
1416,588
1416,599
1416,1419
1416,1422
1416,1446
1416,1460
1416,1485
1416,1488
1416,1490
1416,1502
1416,1504
1416,1595
1416,1714
1416,1793
1416,2724
1416,2734
1416,2744
1416,3061
1416,3107
1417,1351
1417,1409
1417,1420
1417,1429
1417,1442
1417,1446
1417,1453
1417,1463
1417,1468
1417,1488
1417,1490
1417,3079
1417,3095
1417,3110
1417,3112
1418,1222
1418,1283
1418,1405
1418,1426
1418,1436
1418,1469
1418,1474
1418,1480
1418,3039
1418,3048
1418,3056
1418,3070
1418,3078
1418,3124
1419,577
1419,1356
1419,1400
1419,1408
1419,1416
1419,1422
1419,1425
1419,1447
1419,1488
1419,1490
1419,3075
1419,3085
1419,3091
1419,3104
1419,3112
1420,1407
1420,1409
1420,1417
1420,1429
1420,1443
1420,1446
1420,1457
1420,1468
1420,1490
1420,3081
1420,3083
1420,3085
1420,3108
1420,3110
1420,3112
1420,3113
1421,537
1421,546
1421,548
1421,554
1421,582
1421,583
1421,586
1421,1324
1421,1345
1421,1439
1421,1445
1421,1455
1421,1460
1421,1477
1421,1483
1421,1485
1421,1503
1421,1643
1421,1734
1421,2724
1421,2728
1421,2730
1421,2734
1421,3049
1421,3074
1421,3080
1421,3107
1421,3198
1422,599
1422,1400
1422,1409
1422,1416
1422,1419
1422,1425
1422,1443
1422,1446
1422,1447
1422,1485
1422,1488
1422,1493
1422,2724
1422,2753
1422,3079
1423,511
1423,525
1423,531
1423,560
1423,594
1423,1413
1423,1435
1423,1451
1423,1454
1423,1466
1423,1469
1423,1473
1423,1478
1423,1480
1423,1489
1423,1495
1423,1497
1423,3046
1423,3077
1423,3078
1423,3081
1423,3083
1423,3084
1423,3087
1423,3099
1423,3102
1423,3103
1423,3108
1424,596
1424,1409
1424,1412
1424,1443
1424,1450
1424,1471
1424,1477
1424,1483
1424,1484
1424,1492
1424,1636
1424,1644
1424,2738
1424,3082
1424,3092
1424,3101
1424,3106
1425,546
1425,567
1425,571
1425,577
1425,1400
1425,1402
1425,1408
1425,1412
1425,1419
1425,1422
1425,1434
1425,1441
1425,1443
1425,1458
1425,1460
1425,1462
1425,1463
1425,1465
1425,1467
1425,1475
1425,1477
1425,1482
1425,1488
1425,1490
1425,1493
1425,1504
1425,1643
1425,1793
1425,1799
1425,2727
1425,2730
1425,2734
1425,2738
1425,2753
1425,3049
1425,3079
1425,3090
1425,3091
1425,3097
1425,3101
1425,3107
1426,531
1426,550
1426,558
1426,560
1426,1381
1426,1418
1426,1436
1426,1457
1426,1459
1426,1474
1426,1478
1426,1497
1426,1558
1426,1565
1426,1738
1426,3078
1426,3081
1426,3085
1426,3094
1426,3096
1426,3098
1427,521
1427,548
1427,578
1427,596
1427,1400
1427,1409
1427,1414
1427,1430
1427,1438
1427,1443
1427,1455
1427,1471
1427,1482
1427,1483
1427,1488
1427,2716
1427,2752
1427,3089
1427,3090
1427,3107
1428,506
1428,514
1428,588
1428,1444
1428,1504
1428,1521
1428,1583
1428,1585
1428,1595
1428,2722
1428,2723
1428,2733
1428,2736
1428,3149
1429,1404
1429,1405
1429,1417
1429,1420
1429,1433
1429,1442
1429,1448
1429,1474
1429,1486
1429,1487
1429,1488
1429,1491
1429,3075
1429,3076
1429,3081
1429,3103
1429,3104
1429,3110
1429,3113
1430,526
1430,544
1430,550
1430,580
1430,596
1430,1400
1430,1406
1430,1407
1430,1409
1430,1412
1430,1427
1430,1443
1430,1449
1430,1483
1430,1485
1430,1490
1430,1492
1430,1493
1430,1496
1430,1498
1430,1707
1430,2716
1430,2720
1430,2727
1430,2728
1430,2732
1430,2750
1430,3089
1430,3105
1431,525
1431,558
1431,566
1431,1381
1431,1436
1431,1451
1431,1454
1431,1457
1431,1469
1431,1478
1431,1480
1431,1495
1431,1497
1431,1555
1431,2725
1431,3078
1431,3081
1431,3083
1431,3102
1431,3104
1431,3110
1431,3142
1432,540
1432,550
1432,558
1432,1403
1432,1451
1432,1464
1432,1470
1432,3078
1432,3081
1432,3083
1432,3098
1432,3103
1432,3104
1432,3109
1433,562
1433,597
1433,1318
1433,1401
1433,1429
1433,1434
1433,1443
1433,1448
1433,1449
1433,1459
1433,1461
1433,1468
1433,1473
1433,1479
1433,1486
1433,1496
1433,1520
1433,1540
1433,2742
1433,2743
1433,3076
1433,3093
1433,3096
1433,3098
1433,3100
1433,3103
1433,3109
1433,3110
1433,3112
1433,3114
1433,3143
1433,3206
1434,576
1434,1357
1434,1400
1434,1401
1434,1402
1434,1409
1434,1414
1434,1415
1434,1425
1434,1433
1434,1443
1434,1446
1434,1461
1434,1473
1434,1475
1434,1482
1434,1488
1434,2730
1434,2743
1434,3109
1435,1405
1435,1423
1435,1436
1435,1442
1435,1451
1435,1466
1435,1469
1435,1474
1435,1480
1435,3077
1435,3078
1435,3084
1435,3087
1435,3108
1436,558
1436,1418
1436,1426
1436,1431
1436,1435
1436,1440
1436,1442
1436,1447
1436,1448
1436,1469
1436,1474
1436,1480
1436,1497
1436,3078
1436,3083
1436,3093
1437,504
1437,553
1437,580
1437,583
1437,586
1437,596
1437,598
1437,1412
1437,1443
1437,1445
1437,1452
1437,1455
1437,1461
1437,1477
1437,1494
1437,1499
1437,2716
1437,2720
1437,2742
1437,2750
1437,3086
1437,3090
1437,3092
1437,3105
1437,3208
1438,596
1438,1401
1438,1402
1438,1409
1438,1427
1438,1443
1438,1449
1438,2730
1438,2732
1438,3090
1438,3095
1438,3097
1438,3112
1438,3114
1439,546
1439,1357
1439,1409
1439,1421
1439,1443
1439,1445
1439,1464
1439,1472
1439,1477
1439,1483
1439,1494
1439,1498
1439,1707
1439,2734
1439,2738
1439,2749
1439,3079
1439,3089
1440,543
1440,550
1440,1404
1440,1405
1440,1436
1440,1447
1440,1457
1440,1470
1440,1476
1440,1487
1440,1496
1440,1497
1440,2732
1440,2736
1440,3081
1440,3085
1440,3096
1440,3104
1440,3112
1440,3113
1441,582
1441,1338
1441,1373
1441,1401
1441,1402
1441,1411
1441,1412
1441,1425
1441,1443
1441,1472
1441,1485
1441,2734
1441,2744
1441,2753
1441,3092
1441,3098
1442,1417
1442,1429
1442,1435
1442,1436
1442,1448
1442,1457
1442,1474
1442,1487
1442,1488
1442,1491
1442,1497
1442,2736
1442,3085
1442,3093
1443,519
1443,526
1443,543
1443,544
1443,546
1443,553
1443,554
1443,574
1443,576
1443,580
1443,596
1443,1400
1443,1401
1443,1402
1443,1406
1443,1409
1443,1411
1443,1412
1443,1415
1443,1420
1443,1422
1443,1424
1443,1425
1443,1427
1443,1430
1443,1433
1443,1434
1443,1437
1443,1438
1443,1439
1443,1441
1443,1445
1443,1446
1443,1453
1443,1458
1443,1461
1443,1464
1443,1468
1443,1477
1443,1485
1443,1488
1443,1492
1443,1493
1443,1496
1443,1498
1443,1499
1443,1707
1443,1793
1443,1799
1443,2716
1443,2720
1443,2730
1443,2732
1443,2738
1443,2742
1443,2744
1443,2749
1443,2750
1443,3079
1443,3089
1443,3090
1443,3091
1443,3109
1443,3110
1443,3112
1443,3206
1444,506
1444,548
1444,583
1444,586
1444,587
1444,588
1444,1356
1444,1357
1444,1428
1444,1484
1444,1592
1444,1595
1444,1643
1444,1644
1444,1694
1444,2723
1444,2724
1444,3082
1444,3107
1444,3111
1444,3162
1445,501
1445,577
1445,586
1445,1409
1445,1414
1445,1421
1445,1437
1445,1439
1445,1443
1445,1453
1445,1467
1445,1472
1445,1477
1445,1492
1445,1494
1445,1503
1445,1507
1445,1557
1445,1565
1445,1722
1445,1793
1445,1799
1445,2720
1445,2738
1445,2750
1445,3074
1445,3075
1445,3079
1445,3089
1445,3091
1445,3101
1445,3107
1445,3111
1445,3206
1446,529
1446,1351
1446,1403
1446,1409
1446,1416
1446,1417
1446,1420
1446,1422
1446,1434
1446,1443
1446,1463
1446,1475
1446,1488
1446,1498
1446,3079
1446,3110
1446,3112
1447,550
1447,1401
1447,1403
1447,1419
1447,1422
1447,1436
1447,1440
1447,1453
1447,1456
1447,1470
1447,1476
1447,1479
1447,1481
1447,1488
1447,1490
1447,1496
1447,2743
1447,2744
1447,3085
1447,3096
1447,3098
1447,3109
1448,558
1448,1404
1448,1405
1448,1429
1448,1433
1448,1436
1448,1442
1448,1457
1448,1474
1448,1491
1448,1496
1448,1497
1448,3078
1448,3093
1448,3103
1448,3112
1449,550
1449,1318
1449,1402
1449,1412
1449,1430
1449,1433
1449,1438
1449,1463
1449,1738
1449,2730
1449,3081
1449,3096
1449,3098
1449,3100
1449,3105
1449,3109
1449,3114
1450,521
1450,528
1450,552
1450,565
1450,571
1450,573
1450,578
1450,596
1450,598
1450,1412
1450,1424
1450,1458
1450,1471
1450,1483
1450,1484
1450,1485
1450,1492
1450,1494
1450,1557
1450,2717
1450,2719
1450,2738
1450,2746
1450,3072
1450,3079
1450,3080
1450,3086
1450,3092
1450,3097
1450,3106
1450,3111
1451,532
1451,566
1451,1381
1451,1423
1451,1431
1451,1432
1451,1435
1451,1454
1451,1466
1451,1469
1451,1478
1451,1480
1451,1489
1451,1495
1451,3042
1451,3076
1451,3077
1451,3078
1451,3081
1451,3083
1451,3084
1451,3099
1451,3102
1451,3104
1451,3108
1451,3113
1452,504
1452,526
1452,567
1452,571
1452,580
1452,582
1452,586
1452,1401
1452,1437
1452,1455
1452,1472
1452,1477
1452,1494
1452,2727
1452,2753
1452,3086
1452,3106
1453,580
1453,1402
1453,1403
1453,1409
1453,1414
1453,1417
1453,1443
1453,1445
1453,1447
1453,1468
1453,1470
1453,1488
1453,1496
1453,2749
1454,511
1454,540
1454,549
1454,558
1454,560
1454,594
1454,1327
1454,1413
1454,1423
1454,1431
1454,1451
1454,1466
1454,1473
1454,1478
1454,1489
1454,1495
1454,3076
1454,3077
1454,3078
1454,3081
1454,3099
1454,3103
1454,3104
1455,504
1455,521
1455,526
1455,567
1455,570
1455,577
1455,583
1455,586
1455,1414
1455,1421
1455,1427
1455,1437
1455,1452
1455,1462
1455,1465
1455,1472
1455,1483
1455,1485
1455,1492
1455,1494
1455,1499
1455,3086
1455,3092
1455,3100
1455,3101
1455,3105
1455,3106
1455,3107
1455,3111
1455,3208
1456,512
1456,549
1456,550
1456,594
1456,1364
1456,1402
1456,1403
1456,1447
1456,1457
1456,1459
1456,1479
1456,1490
1456,1497
1456,1555
1456,1688
1456,3083
1456,3096
1456,3098
1457,585
1457,1403
1457,1404
1457,1407
1457,1408
1457,1409
1457,1420
1457,1426
1457,1431
1457,1440
1457,1442
1457,1448
1457,1456
1457,1464
1457,1470
1457,1476
1457,1478
1457,1496
1457,1497
1457,1555
1457,3078
1457,3081
1457,3083
1457,3085
1457,3093
1457,3098
1457,3104
1457,3108
1457,3113
1458,508
1458,518
1458,528
1458,547
1458,552
1458,553
1458,556
1458,571
1458,596
1458,598
1458,1400
1458,1402
1458,1412
1458,1425
1458,1443
1458,1450
1458,1471
1458,1483
1458,2717
1458,2746
1458,2753
1458,3072
1458,3079
1458,3092
1459,519
1459,550
1459,562
1459,580
1459,1402
1459,1403
1459,1404
1459,1426
1459,1433
1459,1456
1459,1470
1459,1486
1459,1488
1459,1497
1459,1520
1459,1565
1459,2727
1459,3098
1460,565
1460,577
1460,578
1460,1324
1460,1339
1460,1400
1460,1416
1460,1421
1460,1425
1460,1475
1460,1482
1460,1492
1460,2730
1460,3079
1460,3107
1460,3111
1461,526
1461,543
1461,544
1461,547
1461,553
1461,580
1461,1409
1461,1414
1461,1433
1461,1434
1461,1437
1461,1443
1461,1468
1461,1470
1461,1492
1461,2742
1461,2743
1461,2750
1461,3089
1461,3109
1462,501
1462,556
1462,577
1462,1394
1462,1425
1462,1455
1462,1476
1462,1488
1462,1496
1462,1499
1462,2727
1462,2749
1462,3101
1462,3107
1462,3111
1463,1318
1463,1351
1463,1370
1463,1402
1463,1408
1463,1409
1463,1417
1463,1425
1463,1446
1463,1449
1463,1493
1463,1565
1463,3079
1463,3090
1463,3109
1463,3110
1463,3112
1463,3114
1464,526
1464,544
1464,554
1464,1406
1464,1408
1464,1409
1464,1410
1464,1432
1464,1439
1464,1443
1464,1457
1464,1486
1464,1490
1464,2730
1464,3098
1464,3109
1465,504
1465,519
1465,567
1465,577
1465,582
1465,586
1465,588
1465,1412
1465,1425
1465,1455
1465,1472
1465,1485
1465,2720
1465,2724
1465,2727
1465,2734
1465,3049
1465,3107
1465,3111
1466,511
1466,525
1466,532
1466,572
1466,1423
1466,1435
1466,1451
1466,1454
1466,1473
1466,1480
1466,1489
1466,1495
1466,3077
1466,3078
1466,3083
1466,3087
1466,3099
1466,3102
1467,519
1467,548
1467,570
1467,1402
1467,1414
1467,1425
1467,1445
1467,1523
1467,1566
1467,1574
1467,2734
1467,3049
1467,3069
1467,3107
1468,543
1468,580
1468,589
1468,1351
1468,1407
1468,1409
1468,1417
1468,1420
1468,1433
1468,1443
1468,1453
1468,1461
1468,1479
1468,1487
1468,1498
1468,3081
1468,3089
1468,3110
1468,3112
1468,3114
1469,525
1469,566
1469,1405
1469,1418
1469,1423
1469,1431
1469,1435
1469,1436
1469,1451
1469,1474
1469,1480
1469,3078
1469,3083
1469,3084
1469,3085
1469,3087
1469,3099
1469,3108
1470,550
1470,580
1470,1403
1470,1409
1470,1414
1470,1432
1470,1440
1470,1447
1470,1453
1470,1457
1470,1459
1470,1461
1470,1488
1470,1496
1470,3098
1470,3109
1471,508
1471,518
1471,520
1471,521
1471,535
1471,547
1471,552
1471,559
1471,573
1471,588
1471,595
1471,1324
1471,1424
1471,1427
1471,1450
1471,1458
1471,1477
1471,1483
1471,1492
1471,2717
1471,2731
1471,2738
1471,2752
1471,3079
1471,3090
1471,3095
1472,510
1472,519
1472,570
1472,582
1472,586
1472,1401
1472,1439
1472,1441
1472,1445
1472,1452
1472,1455
1472,1465
1472,1485
1472,1503
1472,1508
1472,1540
1472,2734
1472,3092
1472,3096
1472,3098
1472,3100
1472,3106
1473,531
1473,540
1473,549
1473,558
1473,560
1473,1413
1473,1423
1473,1433
1473,1434
1473,1454
1473,1466
1473,1478
1473,1489
1473,2743
1473,3076
1473,3078
1473,3081
1473,3099
1473,3103
1474,514
1474,558
1474,560
1474,562
1474,1313
1474,1329
1474,1413
1474,1418
1474,1426
1474,1429
1474,1435
1474,1436
1474,1442
1474,1448
1474,1469
1474,1497
1474,1555
1474,2721
1474,2736
1474,3078
1474,3084
1474,3088
1474,3093
1474,3094
1474,3103
1474,3143
1475,574
1475,1406
1475,1415
1475,1425
1475,1434
1475,1446
1475,1460
1475,1488
1475,1493
1475,2716
1475,2730
1475,2749
1475,2753
1475,3095
1475,3110
1476,501
1476,1440
1476,1447
1476,1457
1476,1462
1476,1487
1476,1488
1476,1496
1476,1497
1476,1557
1476,2731
1476,3075
1476,3088
1476,3092
1476,3098
1476,3101
1476,3104
1476,3106
1477,508
1477,521
1477,528
1477,546
1477,547
1477,557
1477,565
1477,567
1477,571
1477,582
1477,583
1477,586
1477,1328
1477,1357
1477,1421
1477,1424
1477,1425
1477,1437
1477,1439
1477,1443
1477,1445
1477,1452
1477,1471
1477,1482
1477,1483
1477,1492
1477,1494
1477,1499
1477,1799
1477,2717
1477,2720
1477,2731
1477,2738
1477,2752
1477,3072
1477,3080
1477,3101
1477,3208
1478,558
1478,1423
1478,1426
1478,1431
1478,1451
1478,1454
1478,1457
1478,1473
1478,1497
1478,3076
1478,3077
1478,3078
1478,3081
1478,3084
1478,3104
1478,3108
1479,550
1479,1402
1479,1403
1479,1409
1479,1433
1479,1447
1479,1456
1479,1468
1479,1490
1479,1493
1479,1496
1479,2740
1479,3089
1479,3093
1479,3096
1479,3098
1480,511
1480,525
1480,1418
1480,1423
1480,1431
1480,1435
1480,1436
1480,1451
1480,1466
1480,1469
1480,3077
1480,3078
1480,3084
1480,3087
1480,3099
1480,3108
1481,548
1481,570
1481,1356
1481,1401
1481,1447
1481,1488
1481,1490
1481,1507
1481,1508
1481,1536
1481,1540
1481,1565
1481,1595
1481,3065
1481,3075
1481,3088
1481,3092
1481,3131
1482,508
1482,557
1482,563
1482,576
1482,578
1482,596
1482,1400
1482,1414
1482,1425
1482,1427
1482,1434
1482,1460
1482,1477
1482,1488
1482,1492
1482,2731
1482,2752
1482,3111
1482,3208
1483,519
1483,521
1483,526
1483,537
1483,578
1483,596
1483,1400
1483,1412
1483,1421
1483,1424
1483,1427
1483,1430
1483,1439
1483,1450
1483,1455
1483,1458
1483,1471
1483,1477
1483,1484
1483,1485
1483,1492
1483,1493
1483,1494
1483,1636
1483,2716
1483,2717
1483,2719
1483,2727
1483,2728
1483,2750
1483,2751
1483,3079
1483,3086
1483,3097
1483,3106
1484,528
1484,548
1484,570
1484,583
1484,586
1484,1412
1484,1424
1484,1444
1484,1450
1484,1483
1484,1494
1484,1583
1484,1636
1484,2724
1484,3080
1484,3082
1484,3092
1484,3097
1484,3101
1484,3106
1484,3107
1484,3111
1485,519
1485,550
1485,586
1485,596
1485,599
1485,1345
1485,1400
1485,1409
1485,1411
1485,1412
1485,1414
1485,1416
1485,1421
1485,1422
1485,1430
1485,1441
1485,1443
1485,1450
1485,1455
1485,1465
1485,1472
1485,1483
1485,1492
1485,1503
1485,1566
1485,1793
1485,2720
1485,2724
1485,2727
1485,2734
1485,2744
1485,3091
1485,3092
1485,3096
1485,3098
1485,3100
1485,3105
1486,526
1486,540
1486,562
1486,1401
1486,1403
1486,1407
1486,1429
1486,1433
1486,1459
1486,1464
1486,1488
1486,1491
1486,1496
1486,1520
1486,1565
1486,2743
1486,2753
1486,3096
1486,3098
1486,3103
1486,3104
1486,3105
1486,3109
1486,3110
1486,3114
1486,3143
1486,3206
1487,1404
1487,1405
1487,1429
1487,1440
1487,1442
1487,1468
1487,1476
1487,1496
1487,1507
1487,1520
1487,1565
1487,2732
1487,3075
1487,3085
1487,3088
1487,3093
1487,3112
1487,3113
1488,501
1488,577
1488,1351
1488,1401
1488,1409
1488,1414
1488,1415
1488,1416
1488,1417
1488,1419
1488,1422
1488,1425
1488,1427
1488,1429
1488,1434
1488,1442
1488,1443
1488,1446
1488,1447
1488,1453
1488,1459
1488,1462
1488,1470
1488,1475
1488,1476
1488,1481
1488,1482
1488,1486
1488,1490
1488,1793
1488,2716
1488,2742
1488,2743
1488,2752
1488,2753
1488,3090
1488,3092
1488,3101
1488,3107
1488,3109
1488,3110
1489,511
1489,531
1489,532
1489,540
1489,572
1489,594
1489,1413
1489,1423
1489,1451
1489,1454
1489,1466
1489,1473
1489,3063
1489,3077
1489,3078
1489,3083
1489,3087
1489,3099
1490,576
1490,578
1490,1400
1490,1402
1490,1406
1490,1407
1490,1408
1490,1409
1490,1410
1490,1416
1490,1417
1490,1419
1490,1420
1490,1425
1490,1430
1490,1447
1490,1456
1490,1464
1490,1479
1490,1481
1490,1488
1490,1493
1490,1688
1490,2716
1490,2730
1490,2740
1490,2744
1490,3079
1490,3085
1490,3089
1490,3095
1490,3112
1491,558
1491,1381
1491,1404
1491,1405
1491,1429
1491,1442
1491,1448
1491,1486
1491,1495
1491,3076
1491,3078
1491,3081
1491,3083
1491,3085
1491,3102
1491,3103
1491,3113
1492,521
1492,544
1492,557
1492,571
1492,582
1492,596
1492,1409
1492,1412
1492,1424
1492,1430
1492,1443
1492,1445
1492,1450
1492,1455
1492,1460
1492,1461
1492,1471
1492,1477
1492,1482
1492,1483
1492,1485
1492,1494
1492,1707
1492,2717
1492,2738
1492,2750
1492,3079
1492,3080
1492,3086
1492,3090
1492,3101
1493,574
1493,578
1493,580
1493,596
1493,1400
1493,1402
1493,1406
1493,1407
1493,1409
1493,1410
1493,1422
1493,1425
1493,1430
1493,1443
1493,1463
1493,1475
1493,1479
1493,1483
1493,1490
1493,1498
1493,2716
1493,2730
1493,2738
1493,3079
1493,3089
1493,3091
1493,3095
1494,504
1494,510
1494,521
1494,526
1494,546
1494,567
1494,570
1494,571
1494,583
1494,586
1494,1412
1494,1437
1494,1439
1494,1445
1494,1450
1494,1452
1494,1455
1494,1477
1494,1483
1494,1484
1494,1492
1494,1499
1494,2717
1494,2720
1494,2738
1494,2749
1494,2750
1494,2751
1494,3080
1494,3086
1494,3097
1494,3101
1494,3106
1494,3107
1494,3206
1494,3208
1495,525
1495,532
1495,558
1495,560
1495,566
1495,572
1495,589
1495,592
1495,1381
1495,1423
1495,1431
1495,1451
1495,1454
1495,1466
1495,1491
1495,2715
1495,3042
1495,3068
1495,3077
1495,3078
1495,3081
1495,3083
1495,3099
1495,3102
1496,501
1496,550
1496,556
1496,1411
1496,1412
1496,1430
1496,1433
1496,1440
1496,1443
1496,1447
1496,1448
1496,1453
1496,1457
1496,1462
1496,1470
1496,1476
1496,1479
1496,1486
1496,1487
1496,1497
1496,1565
1496,1738
1496,2727
1496,2736
1496,3081
1496,3092
1496,3093
1496,3096
1496,3098
1496,3104
1496,3109
1497,525
1497,527
1497,531
1497,540
1497,549
1497,550
1497,558
1497,1402
1497,1403
1497,1408
1497,1411
1497,1413
1497,1423
1497,1426
1497,1431
1497,1436
1497,1440
1497,1442
1497,1448
1497,1456
1497,1457
1497,1459
1497,1474
1497,1476
1497,1478
1497,1496
1497,1555
1497,1738
1497,2721
1497,2736
1497,3076
1497,3078
1497,3081
1497,3084
1497,3093
1497,3094
1497,3096
1497,3103
1497,3104
1497,3143
1498,544
1498,1406
1498,1407
1498,1409
1498,1430
1498,1439
1498,1443
1498,1446
1498,1468
1498,1493
1498,2730
1498,3079
1498,3089
1498,3112
1498,3114
1499,577
1499,1437
1499,1443
1499,1455
1499,1462
1499,1477
1499,1494
1499,1716
1499,2749
1499,3086
1499,3092
1499,3097
1499,3101
1499,3107
1499,3111
1499,3208
1499,3231
1500,1211
1500,1251
1500,1256
1500,1261
1500,1264
1500,1277
1500,1296
1500,1323
1500,1340
1500,1374
1500,1380
1500,1506
1500,1512
1500,1526
1500,1535
1500,1587
1500,1597
1500,3022
1500,3053
1500,3071
1500,3148
1500,3150
1501,1221
1501,1314
1501,1511
1501,1518
1501,1527
1501,1537
1501,1575
1501,1576
1501,1998
1501,2332
1501,2342
1501,3121
1501,3122
1501,3127
1501,3138
1501,3141
1501,3145
1502,522
1502,577
1502,1416
1502,1503
1502,1504
1502,1505
1502,1508
1502,1521
1502,1534
1502,1557
1502,1595
1502,2724
1502,3075
1502,3107
1502,3111
1502,3146
1503,533
1503,548
1503,559
1503,570
1503,586
1503,1356
1503,1421
1503,1445
1503,1472
1503,1485
1503,1502
1503,1504
1503,1508
1503,1534
1503,1557
1503,1583
1503,1592
1503,1595
1503,1714
1503,2483
1503,2724
1503,2734
1503,3107
1503,3144
1504,548
1504,559
1504,577
1504,1339
1504,1356
1504,1416
1504,1425
1504,1428
1504,1502
1504,1503
1504,1505
1504,1508
1504,1515
1504,1517
1504,1521
1504,1534
1504,1540
1504,1548
1504,1557
1504,1581
1504,1583
1504,1592
1504,1595
1504,2741
1504,2751
1504,3107
1504,3111
1504,3131
1504,3139
1504,3146
1504,3207
1505,1339
1505,1502
1505,1504
1505,1507
1505,1508
1505,1510
1505,1515
1505,1521
1505,1530
1505,1534
1505,1540
1505,1546
1505,1548
1505,1556
1505,1558
1505,1560
1505,1565
1505,1574
1505,3088
1505,3125
1505,3131
1505,3139
1505,3142
1505,3146
1505,3207
1506,1211
1506,1264
1506,1289
1506,1380
1506,1500
1506,1512
1506,1514
1506,1526
1506,1535
1506,1538
1506,1545
1506,1554
1506,1577
1506,1587
1506,1596
1506,1597
1506,3053
1506,3071
1506,3136
1506,3148
1506,3150
1507,519
1507,1445
1507,1481
1507,1487
1507,1505
1507,1508
1507,1515
1507,1520
1507,1540
1507,1542
1507,1548
1507,1556
1507,1565
1507,3075
1507,3088
1507,3091
1508,577
1508,1394
1508,1472
1508,1481
1508,1502
1508,1503
1508,1504
1508,1505
1508,1507
1508,1520
1508,1534
1508,1536
1508,1540
1508,1556
1508,1557
1508,1565
1508,1566
1508,1574
1508,1583
1508,1589
1508,1595
1508,3074
1508,3075
1508,3111
1508,3144
1509,1305
1509,1330
1509,1371
1509,1372
1509,1375
1509,1379
1509,1385
1509,1529
1509,1567
1509,1586
1509,2384
1509,3117
1509,3133
1509,3140
1510,522
1510,527
1510,1322
1510,1373
1510,1505
1510,1515
1510,1528
1510,1536
1510,1544
1510,1558
1510,1563
1510,1565
1510,1566
1510,1574
1510,3037
1510,3134
1510,3139
1510,3149
1511,1314
1511,1501
1511,1518
1511,1522
1511,1527
1511,1537
1511,1559
1511,3044
1511,3121
1511,3126
1511,3127
1511,3130
1511,3135
1511,3141
1511,3147
1512,1200
1512,1211
1512,1245
1512,1251
1512,1256
1512,1264
1512,1289
1512,1340
1512,1500
1512,1506
1512,1514
1512,1538
1512,1554
1512,1561
1512,1587
1512,1597
1512,3136
1512,3148
1512,3150
1513,151
1513,368
1513,482
1513,922
1513,1519
1513,1532
1513,1537
1513,1550
1513,1575
1513,1576
1513,1594
1513,1657
1513,2273
1513,3013
1513,3122
1513,3126
1513,3127
1513,3138
1513,3141
1513,3145
1514,1200
1514,1211
1514,1506
1514,1512
1514,1538
1514,1551
1514,1553
1514,1561
1514,1587
1514,1597
1514,2364
1514,3118
1514,3129
1514,3132
1515,524
1515,527
1515,1504
1515,1505
1515,1507
1515,1510
1515,1521
1515,1528
1515,1530
1515,1534
1515,1536
1515,1540
1515,1544
1515,1546
1515,1548
1515,1581
1515,1585
1515,3134
1515,3146
1516,1278
1516,1524
1516,1547
1516,1553
1516,1562
1516,1567
1516,1573
1516,1579
1516,1588
1516,1593
1516,1599
1516,3115
1516,3124
1516,3130
1516,3132
1516,3137
1516,3154
1517,523
1517,538
1517,548
1517,554
1517,562
1517,563
1517,564
1517,568
1517,569
1517,574
1517,593
1517,1504
1517,1536
1517,1585
1517,2736
1517,2740
1517,2741
1517,2744
1517,2751
1517,2754
1518,1314
1518,1501
1518,1511
1518,1522
1518,1527
1518,1539
1518,1547
1518,1549
1518,1552
1518,1560
1518,1588
1518,3121
1518,3130
1518,3135
1518,3147
1519,137
1519,151
1519,368
1519,482
1519,1208
1519,1220
1519,1267
1519,1279
1519,1513
1519,1532
1519,1537
1519,1550
1519,1575
1519,1576
1519,1657
1519,1936
1519,2452
1519,2489
1519,2591
1519,3000
1519,3013
1519,3122
1519,3126
1519,3127
1519,3138
1519,3145
1519,3458
1520,540
1520,1407
1520,1433
1520,1459
1520,1486
1520,1487
1520,1507
1520,1508
1520,1530
1520,1536
1520,1540
1520,1558
1520,1565
1520,1578
1520,3059
1521,559
1521,1428
1521,1502
1521,1504
1521,1505
1521,1515
1521,1528
1521,1534
1521,1560
1521,1585
1521,1595
1521,3061
1521,3135
1521,3139
1521,3146
1522,1511
1522,1518
1522,1524
1522,1527
1522,1539
1522,1547
1522,1552
1522,1567
1522,1579
1522,1588
1522,3121
1522,3130
1522,3140
1522,3147
1523,522
1523,550
1523,581
1523,1373
1523,1467
1523,1536
1523,1541
1523,1563
1523,1566
1523,1571
1523,1574
1523,2744
1523,3038
1523,3051
1524,1516
1524,1522
1524,1525
1524,1533
1524,1547
1524,1553
1524,1562
1524,1564
1524,1567
1524,1573
1524,1579
1524,1582
1524,1586
1524,1588
1524,1593
1524,1599
1524,3128
1524,3132
1524,3133
1524,3137
1524,3140
1524,3154
1525,1524
1525,1533
1525,1539
1525,1547
1525,1562
1525,1564
1525,1567
1525,1569
1525,1573
1525,1579
1525,1582
1525,1586
1525,1588
1525,1591
1525,1593
1525,1599
1525,3115
1525,3128
1525,3132
1525,3133
1525,3137
1525,3140
1525,3154
1526,1214
1526,1259
1526,1275
1526,1500
1526,1506
1526,1535
1526,1545
1526,1554
1526,1577
1526,1587
1526,1590
1526,1596
1526,1597
1526,3027
1526,3123
1526,3129
1526,3148
1527,1314
1527,1501
1527,1511
1527,1518
1527,1522
1527,1537
1527,1575
1527,1576
1527,2332
1527,3121
1527,3122
1527,3127
1527,3130
1527,3141
1528,139
1528,524
1528,530
1528,1510
1528,1515
1528,1521
1528,1534
1528,1581
1528,1592
1528,1621
1528,1661
1528,1690
1528,1697
1528,2560
1528,3192
1529,1303
1529,1305
1529,1326
1529,1358
1529,1372
1529,1375
1529,1378
1529,1379
1529,1387
1529,1389
1529,1509
1529,1561
1529,1754
1529,2384
1529,3024
1529,3045
1529,3054
1529,3060
1529,3066
1529,3117
1529,3151
1529,3497
1530,1505
1530,1515
1530,1520
1530,1544
1530,1546
1530,1555
1530,1558
1530,1568
1530,1572
1530,1584
1530,2735
1530,2747
1530,3139
1530,3142
1530,3146
1531,1326
1531,1395
1531,1533
1531,1542
1531,1543
1531,1549
1531,1556
1531,1591
1531,3115
1531,3116
1531,3120
1531,3125
1531,3128
1531,3147
1532,1210
1532,1217
1532,1228
1532,1252
1532,1257
1532,1265
1532,1268
1532,1513
1532,1519
1532,1550
1532,3013
1532,3020
1532,3025
1532,3122
1533,1524
1533,1525
1533,1531
1533,1539
1533,1543
1533,1562
1533,1564
1533,1567
1533,1579
1533,1582
1533,1588
1533,1591
1533,1599
1533,3115
1533,3128
1533,3133
1533,3137
1533,3140
1534,559
1534,1502
1534,1503
1534,1504
1534,1505
1534,1508
1534,1515
1534,1521
1534,1528
1534,1536
1534,1548
1534,1557
1534,1574
1534,1581
1534,1583
1534,1585
1534,1592
1534,1595
1534,3074
1534,3125
1534,3131
1534,3139
1534,3144
1534,3146
1535,1251
1535,1340
1535,1380
1535,1500
1535,1506
1535,1526
1535,1538
1535,1554
1535,1577
1535,1587
1535,1596
1535,1597
1535,2338
1535,2410
1535,2412
1535,3053
1535,3071
1535,3123
1535,3129
1535,3136
1535,3148
1535,3150
1536,522
1536,569
1536,1331
1536,1373
1536,1481
1536,1508
1536,1510
1536,1515
1536,1517
1536,1520
1536,1523
1536,1534
1536,1540
1536,1541
1536,1555
1536,1563
1536,1566
1536,1571
1536,1574
1536,1578
1536,1584
1536,1585
1536,1589
1536,1595
1536,3062
1536,3065
1536,3069
1536,3134
1536,3139
1536,3143
1536,3149
1536,3152
1536,3153
1536,3207
1537,1221
1537,1265
1537,1501
1537,1511
1537,1513
1537,1519
1537,1527
1537,1550
1537,1575
1537,1576
1537,1657
1537,1936
1537,1964
1537,3121
1537,3122
1537,3126
1537,3127
1537,3138
1537,3141
1537,3145
1537,3314
1538,1506
1538,1512
1538,1514
1538,1535
1538,1551
1538,1554
1538,1587
1538,1596
1538,1597
1538,2410
1538,3014
1538,3053
1538,3119
1538,3129
1538,3148
1538,3150
1539,1518
1539,1522
1539,1525
1539,1533
1539,1543
1539,1549
1539,1552
1539,1559
1539,1560
1539,1562
1539,1564
1539,1579
1539,1591
1539,1593
1539,1599
1539,3116
1539,3120
1539,3128
1539,3130
1539,3135
1539,3137
1539,3147
1540,519
1540,527
1540,562
1540,1433
1540,1472
1540,1481
1540,1504
1540,1505
1540,1507
1540,1508
1540,1515
1540,1520
1540,1536
1540,1548
1540,1556
1540,1565
1540,1566
1540,1574
1540,3075
1540,3088
1540,3092
1541,522
1541,527
1541,1317
1541,1328
1541,1344
1541,1373
1541,1394
1541,1523
1541,1536
1541,1563
1541,1570
1541,1571
1541,1574
1541,1578
1541,1585
1541,1589
1541,1598
1541,3037
1541,3051
1541,3062
1541,3069
1541,3134
1541,3152
1542,1395
1542,1507
1542,1531
1542,1543
1542,1548
1542,1549
1542,1552
1542,1556
1542,1560
1542,1591
1542,3115
1542,3116
1542,3120
1542,3125
1542,3144
1542,3147
1543,1221
1543,1326
1543,1531
1543,1533
1543,1539
1543,1542
1543,1549
1543,1559
1543,1564
1543,1591
1543,3120
1543,3121
1543,3126
1543,3128
1543,3147
1544,1510
1544,1515
1544,1530
1544,1546
1544,1552
1544,1558
1544,1571
1544,1728
1544,2307
1544,2747
1544,3134
1544,3142
1544,3153
1544,3207
1545,1224
1545,1231
1545,1255
1545,1258
1545,1259
1545,1269
1545,1506
1545,1526
1545,1577
1545,1587
1545,1590
1545,3123
1545,3129
1545,3148
1546,507
1546,1505
1546,1515
1546,1530
1546,1544
1546,1548
1546,1568
1546,1584
1546,2745
1546,2747
1546,3134
1546,3142
1546,3153
1546,3207
1547,1516
1547,1518
1547,1522
1547,1524
1547,1525
1547,1553
1547,1562
1547,1564
1547,1567
1547,1573
1547,1579
1547,1582
1547,1586
1547,1588
1547,1593
1547,1599
1547,3130
1547,3132
1547,3133
1547,3137
1547,3140
1547,3154
1548,1504
1548,1505
1548,1507
1548,1515
1548,1534
1548,1540
1548,1542
1548,1546
1548,1549
1548,1552
1548,1556
1548,1560
1548,1574
1548,3088
1548,3125
1548,3139
1548,3142
1549,1518
1549,1531
1549,1539
1549,1542
1549,1543
1549,1548
1549,1552
1549,1556
1549,1559
1549,1560
1549,1564
1549,1591
1549,3116
1549,3120
1549,3125
1549,3135
1549,3137
1549,3144
1549,3147
1550,100
1550,1234
1550,1265
1550,1267
1550,1268
1550,1513
1550,1519
1550,1532
1550,1537
1550,1575
1550,1576
1550,1594
1550,2452
1550,2996
1550,3000
1550,3012
1550,3013
1550,3122
1550,3126
1550,3127
1550,3138
1550,3145
1550,3458
1551,1514
1551,1538
1551,1554
1551,1561
1551,2338
1551,2343
1551,2352
1551,2354
1551,2364
1551,3118
1551,3129
1551,3132
1551,3442
1551,3452
1551,3456
1552,1518
1552,1522
1552,1539
1552,1542
1552,1544
1552,1548
1552,1549
1552,1556
1552,1560
1552,1569
1552,1572
1552,1599
1552,3116
1552,3125
1552,3130
1552,3135
1552,3137
1552,3147
1553,1278
1553,1514
1553,1516
1553,1524
1553,1547
1553,1567
1553,1573
1553,1579
1553,1586
1553,1588
1553,1593
1553,1599
1553,3130
1553,3132
1553,3133
1553,3154
1554,1305
1554,1340
1554,1506
1554,1512
1554,1526
1554,1535
1554,1538
1554,1551
1554,1596
1554,1597
1554,2338
1554,2354
1554,2410
1554,3053
1554,3136
1554,3148
1554,3150
1555,527
1555,540
1555,555
1555,574
1555,585
1555,1238
1555,1316
1555,1408
1555,1431
1555,1456
1555,1457
1555,1474
1555,1497
1555,1530
1555,1536
1555,1584
1555,2725
1555,2747
1555,3019
1555,3065
1555,3078
1555,3088
1555,3093
1555,3142
1556,1505
1556,1507
1556,1508
1556,1531
1556,1540
1556,1542
1556,1548
1556,1549
1556,1552
1556,1560
1556,3088
1556,3116
1556,3120
1556,3125
1556,3131
1556,3135
1556,3139
1556,3144
1556,3146
1556,3147
1557,552
1557,559
1557,577
1557,1356
1557,1445
1557,1450
1557,1476
1557,1502
1557,1503
1557,1504
1557,1508
1557,1534
1557,1714
1557,3075
1557,3095
1557,3101
1557,3111
1557,3144
1558,522
1558,527
1558,1322
1558,1394
1558,1426
1558,1505
1558,1510
1558,1520
1558,1530
1558,1544
1558,1565
1558,1566
1558,1574
1558,2753
1558,3059
1558,3104
1558,3142
1559,1356
1559,1511
1559,1539
1559,1543
1559,1549
1559,1835
1559,2757
1559,3120
1559,3121
1559,3126
1559,3135
1559,3138
1559,3141
1559,3147
1559,3174
1560,1505
1560,1518
1560,1521
1560,1539
1560,1542
1560,1548
1560,1549
1560,1552
1560,1556
1560,3116
1560,3120
1560,3125
1560,3135
1560,3139
1560,3144
1560,3146
1560,3147
1561,1251
1561,1340
1561,1372
1561,1375
1561,1387
1561,1389
1561,1512
1561,1514
1561,1529
1561,1551
1561,2389
1561,3060
1561,3118
1561,3129
1561,3132
1562,1516
1562,1524
1562,1525
1562,1533
1562,1539
1562,1547
1562,1564
1562,1567
1562,1569
1562,1573
1562,1579
1562,1582
1562,1586
1562,1591
1562,1593
1562,1599
1562,3115
1562,3128
1562,3132
1562,3133
1562,3137
1562,3140
1562,3154
1563,518
1563,559
1563,1324
1563,1328
1563,1344
1563,1373
1563,1394
1563,1510
1563,1523
1563,1536
1563,1541
1563,1566
1563,1568
1563,1570
1563,1571
1563,1585
1563,1598
1563,3049
1563,3062
1563,3069
1563,3072
1563,3074
1563,3152
1563,3207
1564,1524
1564,1525
1564,1533
1564,1539
1564,1543
1564,1547
1564,1549
1564,1562
1564,1567
1564,1569
1564,1579
1564,1582
1564,1591
1564,1593
1564,1599
1564,3115
1564,3116
1564,3120
1564,3128
1564,3133
1564,3137
1564,3140
1564,3147
1565,510
1565,550
1565,577
1565,1344
1565,1394
1565,1402
1565,1403
1565,1414
1565,1426
1565,1445
1565,1459
1565,1463
1565,1481
1565,1486
1565,1487
1565,1496
1565,1505
1565,1507
1565,1508
1565,1510
1565,1520
1565,1540
1565,1558
1565,1571
1565,1574
1565,1589
1565,1653
1565,1681
1565,3059
1565,3065
1565,3075
1565,3098
1565,3100
1565,3104
1565,3143
1566,519
1566,548
1566,581
1566,1328
1566,1338
1566,1373
1566,1467
1566,1485
1566,1508
1566,1510
1566,1523
1566,1536
1566,1540
1566,1558
1566,1563
1566,1574
1566,1592
1566,1595
1566,2724
1566,3038
1566,3069
1566,3144
1567,1509
1567,1516
1567,1522
1567,1524
1567,1525
1567,1533
1567,1547
1567,1553
1567,1562
1567,1564
1567,1572
1567,1573
1567,1579
1567,1582
1567,1586
1567,1588
1567,1591
1567,1593
1567,1599
1567,3115
1567,3116
1567,3124
1567,3128
1567,3130
1567,3133
1567,3137
1567,3140
1567,3154
1568,522
1568,1322
1568,1388
1568,1394
1568,1530
1568,1546
1568,1563
1568,1570
1568,1584
1568,3051
1568,3062
1568,3142
1568,3152
1568,3153
1568,3207
1568,3436
1569,1525
1569,1552
1569,1562
1569,1564
1569,1572
1569,1579
1569,1588
1569,1591
1569,1593
1569,1599
1569,3088
1569,3115
1569,3116
1569,3137
1569,3154
1570,518
1570,522
1570,1324
1570,1328
1570,1339
1570,1344
1570,1373
1570,1541
1570,1563
1570,1568
1570,1598
1570,2730
1570,3049
1570,3062
1570,3069
1570,3074
1570,3152
1571,522
1571,1344
1571,1373
1571,1523
1571,1536
1571,1541
1571,1544
1571,1563
1571,1565
1571,1574
1571,1578
1571,1584
1571,1585
1571,3037
1571,3051
1571,3069
1571,3152
1572,1530
1572,1552
1572,1567
1572,1569
1572,1579
1572,1586
1572,1588
1572,1591
1572,1593
1572,1599
1572,3115
1572,3116
1572,3124
1572,3137
1573,1278
1573,1516
1573,1524
1573,1525
1573,1547
1573,1553
1573,1562
1573,1567
1573,1579
1573,1582
1573,1586
1573,1588
1573,1593
1573,3039
1573,3115
1573,3118
1573,3124
1573,3133
1573,3154
1574,514
1574,550
1574,1338
1574,1373
1574,1467
1574,1505
1574,1508
1574,1510
1574,1523
1574,1534
1574,1536
1574,1540
1574,1541
1574,1548
1574,1558
1574,1565
1574,1566
1574,1571
1574,1584
1574,3038
1574,3134
1574,3139
1574,3149
1575,1501
1575,1513
1575,1519
1575,1527
1575,1537
1575,1550
1575,1576
1575,1594
1575,1657
1575,1914
1575,1936
1575,3013
1575,3122
1575,3126
1575,3127
1575,3135
1575,3138
1575,3141
1575,3145
1575,3306
1575,3314
1576,103
1576,196
1576,1501
1576,1513
1576,1519
1576,1527
1576,1537
1576,1550
1576,1575
1576,1594
1576,1657
1576,1914
1576,3121
1576,3122
1576,3126
1576,3127
1576,3138
1576,3141
1576,3145
1576,3314
1577,1224
1577,1302
1577,1506
1577,1526
1577,1535
1577,1545
1577,1587
1577,1590
1577,2412
1577,2435
1577,3071
1577,3118
1577,3123
1577,3129
1577,3150
1578,1313
1578,1316
1578,1322
1578,1329
1578,1364
1578,1398
1578,1399
1578,1520
1578,1536
1578,1541
1578,1571
1578,1584
1578,1598
1578,2357
1578,3037
1578,3051
1578,3059
1578,3065
1578,3069
1578,3073
1579,1516
1579,1522
1579,1524
1579,1525
1579,1533
1579,1539
1579,1547
1579,1553
1579,1562
1579,1564
1579,1567
1579,1569
1579,1572
1579,1573
1579,1582
1579,1586
1579,1588
1579,1591
1579,1593
1579,1599
1579,3115
1579,3116
1579,3124
1579,3128
1579,3130
1579,3137
1579,3154
1580,1275
1580,1280
1580,1302
1580,1312
1580,1333
1580,1346
1580,1352
1580,1363
1580,1376
1580,1381
1580,1384
1580,1396
1580,1590
1580,3029
1580,3123
1580,3483
1581,139
1581,524
1581,530
1581,538
1581,568
1581,1504
1581,1515
1581,1528
1581,1534
1581,1585
1581,1592
1581,1661
1581,1690
1581,1697
1581,2560
1581,3146
1581,3192
1582,1524
1582,1525
1582,1533
1582,1547
1582,1562
1582,1564
1582,1567
1582,1573
1582,1579
1582,1586
1582,1588
1582,1591
1582,1593
1582,1599
1582,3115
1582,3124
1582,3128
1582,3133
1582,3137
1582,3140
1582,3154
1583,548
1583,559
1583,570
1583,599
1583,1356
1583,1428
1583,1484
1583,1503
1583,1504
1583,1508
1583,1534
1583,1592
1583,1595
1583,1607
1583,2724
1583,2751
1583,3144
1584,522
1584,1316
1584,1322
1584,1530
1584,1536
1584,1546
1584,1555
1584,1568
1584,1571
1584,1574
1584,1578
1584,2307
1584,2747
1584,3065
1584,3134
1584,3142
1584,3149
1584,3152
1584,3207
1585,522
1585,1428
1585,1515
1585,1517
1585,1521
1585,1534
1585,1536
1585,1541
1585,1563
1585,1571
1585,1581
1585,1595
1585,3134
1585,3149
1585,3152
1585,3207
1586,1509
1586,1524
1586,1525
1586,1547
1586,1553
1586,1562
1586,1567
1586,1572
1586,1573
1586,1579
1586,1582
1586,1588
1586,1593
1586,3132
1586,3133
1586,3140
1586,3154
1587,1211
1587,1224
1587,1258
1587,1259
1587,1261
1587,1500
1587,1506
1587,1512
1587,1514
1587,1526
1587,1535
1587,1538
1587,1545
1587,1577
1587,1590
1587,3071
1587,3118
1587,3123
1587,3129
1587,3148
1587,3150
1588,1516
1588,1518
1588,1522
1588,1524
1588,1525
1588,1533
1588,1547
1588,1553
1588,1567
1588,1569
1588,1572
1588,1573
1588,1579
1588,1582
1588,1586
1588,1593
1588,1599
1588,3116
1588,3130
1588,3132
1588,3133
1588,3140
1588,3154
1589,522
1589,524
1589,527
1589,550
1589,554
1589,599
1589,1415
1589,1508
1589,1536
1589,1541
1589,1565
1589,2744
1589,2745
1589,3074
1589,3153
1590,1214
1590,1224
1590,1229
1590,1231
1590,1243
1590,1258
1590,1259
1590,1269
1590,1526
1590,1545
1590,1577
1590,1580
1590,1587
1590,3027
1590,3119
1590,3123
1590,3129
1591,1525
1591,1531
1591,1533
1591,1539
1591,1542
1591,1543
1591,1549
1591,1562
1591,1564
1591,1567
1591,1569
1591,1572
1591,1579
1591,1582
1591,1593
1591,1599
1591,3115
1591,3116
1591,3120
1591,3128
1591,3137
1591,3140
1591,3147
1592,548
1592,570
1592,583
1592,586
1592,1444
1592,1503
1592,1504
1592,1528
1592,1534
1592,1566
1592,1581
1592,1583
1592,1595
1592,2724
1592,2751
1592,3107
1592,3144
1592,3192
1593,1516
1593,1524
1593,1525
1593,1539
1593,1547
1593,1553
1593,1562
1593,1564
1593,1567
1593,1569
1593,1572
1593,1573
1593,1579
1593,1582
1593,1586
1593,1588
1593,1591
1593,1599
1593,3115
1593,3116
1593,3128
1593,3137
1593,3154
1594,100
1594,165
1594,620
1594,1513
1594,1550
1594,1575
1594,1576
1594,1918
1594,1926
1594,1929
1594,1985
1594,2376
1594,3127
1594,3141
1594,3176
1594,3306
1594,3458
1595,548
1595,559
1595,581
1595,591
1595,599
1595,1356
1595,1416
1595,1428
1595,1444
1595,1481
1595,1502
1595,1503
1595,1504
1595,1508
1595,1521
1595,1534
1595,1536
1595,1566
1595,1583
1595,1585
1595,1592
1595,2724
1595,3131
1595,3144
1595,3146
1596,1330
1596,1340
1596,1506
1596,1526
1596,1535
1596,1538
1596,1554
1596,1597
1596,2338
1596,2410
1596,2435
1596,2446
1596,3053
1596,3136
1596,3148
1597,1323
1597,1330
1597,1500
1597,1506
1597,1512
1597,1514
1597,1526
1597,1535
1597,1538
1597,1554
1597,1596
1597,2410
1597,3053
1597,3129
1597,3136
1597,3148
1597,3150
1598,1322
1598,1328
1598,1339
1598,1364
1598,1370
1598,1394
1598,1541
1598,1563
1598,1570
1598,1578
1598,2311
1598,2357
1598,3037
1598,3051
1598,3065
1599,1516
1599,1524
1599,1525
1599,1533
1599,1539
1599,1547
1599,1552
1599,1553
1599,1562
1599,1564
1599,1567
1599,1569
1599,1572
1599,1579
1599,1582
1599,1588
1599,1591
1599,1593
1599,3115
1599,3116
1599,3124
1599,3128
1599,3137
1599,3154
1600,176
1600,516
1600,524
1600,1603
1600,1607
1600,1621
1600,1660
1600,1661
1600,1690
1600,1694
1600,1930
1600,2560
1600,2723
1600,2729
1600,3162
1600,3192
1601,1604
1601,1612
1601,1616
1601,1617
1601,1618
1601,1631
1601,1634
1601,1637
1601,1639
1601,1641
1601,1648
1601,1649
1601,1650
1601,1659
1601,1662
1601,1663
1601,1672
1601,1673
1601,1674
1601,1678
1601,1680
1601,1693
1601,1695
1601,3155
1601,3156
1601,3157
1601,3160
1601,3164
1601,3170
1601,3172
1601,3173
1601,3184
1601,3188
1601,3189
1601,3190
1601,3191
1601,3194
1602,1624
1602,1625
1602,1646
1602,1652
1602,1658
1602,1667
1602,1676
1602,1682
1602,1685
1602,1692
1602,1698
1602,1699
1602,3166
1602,3177
1603,677
1603,1600
1603,1632
1603,1642
1603,1660
1603,1694
1603,1905
1603,1910
1603,1930
1603,1943
1603,1949
1603,3162
1603,3169
1603,3277
1604,1601
1604,1608
1604,1611
1604,1616
1604,1618
1604,1620
1604,1623
1604,1628
1604,1634
1604,1638
1604,1666
1604,1670
1604,1671
1604,1672
1604,1684
1604,1689
1604,3158
1604,3159
1604,3164
1604,3167
1604,3173
1604,3190
1605,104
1605,127
1605,170
1605,189
1605,502
1605,660
1605,688
1605,1614
1605,1619
1605,1622
1605,1633
1605,1675
1605,1677
1605,1679
1605,1688
1605,1690
1605,1697
1605,1795
1605,2558
1605,2579
1605,2584
1605,3168
1605,3171
1606,548
1606,581
1606,1414
1606,1607
1606,1619
1606,1621
1606,1622
1606,1640
1606,1644
1606,1675
1606,1679
1606,1681
1606,1697
1606,2734
1606,2744
1606,3168
1607,127
1607,132
1607,184
1607,524
1607,548
1607,581
1607,660
1607,1583
1607,1600
1607,1606
1607,1619
1607,1621
1607,1622
1607,1644
1607,1661
1607,1679
1607,1690
1607,1697
1607,2573
1607,3198
1607,3305
1608,1604
1608,1609
1608,1612
1608,1618
1608,1620
1608,1628
1608,1635
1608,1651
1608,1655
1608,1670
1608,1671
1608,1672
1608,3158
1608,3159
1608,3161
1608,3165
1608,3172
1608,3191
1609,1608
1609,1611
1609,1618
1609,1620
1609,1628
1609,1631
1609,1634
1609,1635
1609,1647
1609,1649
1609,1651
1609,1670
1609,1672
1609,1684
1609,1686
1609,1689
1609,3158
1609,3159
1609,3161
1609,3170
1609,3173
1609,3183
1609,3188
1610,1611
1610,1623
1610,1625
1610,1641
1610,1649
1610,1652
1610,1673
1610,1676
1610,1680
1610,1685
1610,1695
1610,1696
1610,1770
1610,3160
1610,3177
1611,1604
1611,1609
1611,1610
1611,1618
1611,1620
1611,1623
1611,1625
1611,1628
1611,1638
1611,1649
1611,1666
1611,1673
1611,1686
1611,1689
1611,1696
1611,3158
1611,3159
1611,3161
1611,3164
1611,3170
1611,3173
1611,3188
1611,3194
1612,1601
1612,1608
1612,1613
1612,1617
1612,1634
1612,1637
1612,1639
1612,1641
1612,1648
1612,1650
1612,1654
1612,1655
1612,1678
1612,1693
1612,3157
1612,3167
1612,3172
1612,3179
1612,3180
1613,1612
1613,1617
1613,1630
1613,1639
1613,1641
1613,1650
1613,1654
1613,1656
1613,1659
1613,1674
1613,3163
1613,3166
1613,3175
1613,3177
1613,3179
1613,3180
1614,127
1614,502
1614,512
1614,531
1614,549
1614,550
1614,688
1614,1605
1614,1619
1614,1622
1614,1626
1614,1640
1614,1675
1614,1679
1614,1681
1614,1688
1614,1795
1614,2579
1614,3168
1614,3171
1615,104
1615,131
1615,132
1615,134
1615,182
1615,190
1615,193
1615,602
1615,618
1615,621
1615,629
1615,641
1615,647
1615,663
1615,681
1615,1000
1615,1022
1615,1941
1615,1993
1615,2571
1615,2573
1615,2592
1615,2771
1615,2965
1615,3312
1616,1601
1616,1604
1616,1632
1616,1634
1616,1662
1616,1666
1616,1680
1616,1686
1616,3157
1616,3164
1616,3167
1616,3173
1616,3182
1616,3184
1616,3185
1616,3190
1617,1601
1617,1612
1617,1613
1617,1637
1617,1639
1617,1641
1617,1648
1617,1650
1617,1654
1617,1663
1617,1674
1617,1678
1617,1691
1617,3179
1618,1601
1618,1604
1618,1608
1618,1609
1618,1611
1618,1620
1618,1628
1618,1631
1618,1634
1618,1635
1618,1637
1618,1647
1618,1649
1618,1651
1618,1666
1618,1670
1618,1672
1618,1678
1618,1680
1618,1684
1618,3156
1618,3158
1618,3159
1618,3161
1618,3170
1618,3172
1618,3173
1618,3188
1618,3191
1618,3194
1619,127
1619,170
1619,184
1619,189
1619,502
1619,510
1619,524
1619,533
1619,660
1619,688
1619,1605
1619,1606
1619,1607
1619,1614
1619,1622
1619,1633
1619,1644
1619,1675
1619,1679
1619,1690
1619,1697
1619,1723
1619,1795
1619,2456
1619,2483
1619,2558
1619,2576
1619,2579
1619,2584
1619,3171
1619,3198
1619,3305
1620,1604
1620,1608
1620,1609
1620,1611
1620,1618
1620,1623
1620,1628
1620,1631
1620,1634
1620,1635
1620,1647
1620,1651
1620,1655
1620,1666
1620,1670
1620,1671
1620,1672
1620,1684
1620,1686
1620,1689
1620,3156
1620,3158
1620,3159
1620,3161
1620,3170
1620,3183
1620,3188
1620,3191
1621,189
1621,524
1621,582
1621,1528
1621,1600
1621,1606
1621,1607
1621,1622
1621,1633
1621,1636
1621,1640
1621,1642
1621,1643
1621,1644
1621,1661
1621,1664
1621,1679
1621,1690
1621,1694
1621,1697
1621,1714
1621,2576
1621,3082
1621,3162
1621,3168
1621,3171
1621,3198
1622,104
1622,127
1622,502
1622,519
1622,524
1622,533
1622,537
1622,548
1622,570
1622,581
1622,582
1622,584
1622,591
1622,660
1622,1605
1622,1606
1622,1607
1622,1614
1622,1619
1622,1621
1622,1633
1622,1636
1622,1644
1622,1653
1622,1664
1622,1679
1622,1690
1622,1697
1622,1795
1622,2456
1622,2483
1622,2576
1622,2751
1622,3171
1622,3198
1623,1604
1623,1610
1623,1611
1623,1620
1623,1632
1623,1638
1623,1641
1623,1652
1623,1673
1623,1685
1623,1689
1623,1693
1623,1695
1623,1696
1623,1730
1623,3167
1623,3180
1624,1602
1624,1625
1624,1629
1624,1641
1624,1645
1624,1646
1624,1652
1624,1673
1624,1676
1624,1680
1624,1682
1624,1685
1624,1695
1624,1696
1625,1602
1625,1610
1625,1611
1625,1624
1625,1629
1625,1641
1625,1652
1625,1673
1625,1676
1625,1680
1625,1685
1625,1695
1625,1696
1625,3157
1625,3184
1626,1614
1626,1640
1626,1645
1626,1656
1626,1663
1626,1664
1626,1665
1626,1675
1626,1677
1626,1688
1626,3168
1626,3177
1626,3178
1626,3186
1627,552
1627,565
1627,1633
1627,1636
1627,1643
1627,1661
1627,1664
1627,1668
1627,1688
1627,3061
1627,3162
1627,3178
1627,3186
1627,3187
1628,1604
1628,1608
1628,1609
1628,1611
1628,1618
1628,1620
1628,1634
1628,1635
1628,1647
1628,1651
1628,1666
1628,1670
1628,1672
1628,1689
1628,3158
1628,3159
1628,3161
1628,3170
1628,3173
1628,3183
1628,3188
1629,1624
1629,1625
1629,1641
1629,1646
1629,1648
1629,1650
1629,1655
1629,1673
1629,1676
1629,1678
1629,1680
1629,1685
1629,1693
1629,1695
1629,3157
1629,3179
1630,1613
1630,1637
1630,1641
1630,1651
1630,1652
1630,1655
1630,1673
1630,1676
1630,1678
1630,1691
1630,1695
1630,3156
1630,3157
1630,3161
1630,3177
1630,3205
1631,1601
1631,1609
1631,1618
1631,1620
1631,1635
1631,1647
1631,1648
1631,1649
1631,1655
1631,1671
1631,1672
1631,1693
1631,3158
1631,3159
1631,3172
1631,3188
1631,3191
1632,1603
1632,1616
1632,1623
1632,1642
1632,1658
1632,1669
1632,3166
1632,3167
1632,3174
1632,3175
1632,3182
1632,3185
1632,3190
1632,3193
1633,510
1633,1605
1633,1619
1633,1621
1633,1622
1633,1627
1633,1636
1633,1640
1633,1643
1633,1644
1633,1653
1633,1665
1633,1679
1633,1697
1633,3074
1633,3168
1633,3171
1634,1601
1634,1604
1634,1609
1634,1612
1634,1616
1634,1618
1634,1620
1634,1628
1634,1637
1634,1648
1634,1649
1634,1662
1634,1666
1634,1670
1634,1671
1634,1672
1634,1678
1634,1680
1634,1684
1634,1693
1634,3156
1634,3157
1634,3158
1634,3159
1634,3164
1634,3170
1634,3172
1634,3173
1634,3188
1635,1608
1635,1609
1635,1618
1635,1620
1635,1628
1635,1631
1635,1647
1635,1651
1635,1655
1635,1666
1635,1670
1635,1671
1635,1672
1635,1684
1635,1689
1635,3158
1635,3159
1635,3161
1635,3172
1635,3183
1635,3191
1636,548
1636,570
1636,1424
1636,1483
1636,1484
1636,1621
1636,1622
1636,1627
1636,1633
1636,1644
1636,1664
1636,2751
1636,3082
1636,3144
1636,3162
1636,3171
1636,3186
1636,3187
1637,1601
1637,1612
1637,1617
1637,1618
1637,1630
1637,1634
1637,1639
1637,1648
1637,1655
1637,1662
1637,1672
1637,1674
1637,1678
1637,1680
1637,1691
1637,1693
1637,3156
1637,3157
1637,3170
1637,3172
1637,3173
1637,3179
1637,3183
1637,3184
1637,3188
1637,3191
1638,1308
1638,1604
1638,1611
1638,1623
1638,1647
1638,1669
1638,1689
1638,1693
1638,1696
1638,3155
1638,3160
1638,3164
1638,3167
1638,3173
1638,3182
1639,1601
1639,1612
1639,1613
1639,1617
1639,1637
1639,1650
1639,1654
1639,1655
1639,1678
1639,3157
1639,3172
1639,3175
1639,3179
1639,3180
1640,1606
1640,1614
1640,1621
1640,1626
1640,1633
1640,1643
1640,1664
1640,1665
1640,1667
1640,1675
1640,1677
1640,1679
1640,1681
1640,1683
1640,1688
1640,3162
1640,3168
1640,3171
1640,3178
1640,3186
1640,3187
1641,1601
1641,1610
1641,1612
1641,1613
1641,1617
1641,1623
1641,1624
1641,1625
1641,1629
1641,1630
1641,1645
1641,1650
1641,1652
1641,1654
1641,1655
1641,1659
1641,1673
1641,1676
1641,1678
1641,1680
1641,1685
1641,1693
1641,1695
1641,1696
1641,3155
1641,3160
1641,3167
1641,3175
1641,3177
1641,3180
1642,1603
1642,1621
1642,1632
1642,1658
1642,1660
1642,1668
1642,1682
1642,1694
1642,1699
1642,3162
1642,3166
1642,3169
1642,3178
1642,3193
1643,586
1643,1414
1643,1421
1643,1425
1643,1444
1643,1621
1643,1627
1643,1633
1643,1640
1643,1694
1643,1697
1643,1716
1643,1734
1643,2730
1643,3074
1643,3162
1644,510
1644,533
1644,548
1644,570
1644,1424
1644,1444
1644,1606
1644,1607
1644,1619
1644,1621
1644,1622
1644,1633
1644,1636
1644,1664
1644,1675
1644,1679
1644,1697
1644,1723
1644,1793
1644,2751
1644,3107
1644,3171
1645,1624
1645,1626
1645,1641
1645,1646
1645,1650
1645,1654
1645,1659
1645,1663
1645,1665
1645,1667
1645,1677
1645,1682
1645,1692
1645,1698
1645,1699
1645,3157
1645,3163
1645,3166
1645,3175
1645,3177
1645,3178
1645,3179
1645,3180
1645,3189
1646,1602
1646,1624
1646,1629
1646,1645
1646,1659
1646,1673
1646,1676
1646,1678
1646,1685
1646,1698
1646,3163
1646,3166
1646,3167
1646,3179
1646,3180
1646,3193
1647,1609
1647,1618
1647,1620
1647,1628
1647,1631
1647,1635
1647,1638
1647,1649
1647,1672
1647,1686
1647,1689
1647,3156
1647,3158
1647,3159
1647,3170
1647,3173
1647,3183
1647,3188
1647,3191
1648,1601
1648,1612
1648,1617
1648,1629
1648,1631
1648,1634
1648,1637
1648,1650
1648,1655
1648,1672
1648,1678
1648,1680
1648,1693
1648,3165
1648,3172
1648,3191
1649,1601
1649,1609
1649,1610
1649,1611
1649,1618
1649,1631
1649,1634
1649,1647
1649,1651
1649,1686
1649,1696
1649,3159
1649,3170
1649,3173
1649,3183
1649,3188
1650,1601
1650,1612
1650,1613
1650,1617
1650,1629
1650,1639
1650,1641
1650,1645
1650,1648
1650,1655
1650,1663
1650,1678
1650,1691
1650,3157
1650,3179
1651,1608
1651,1609
1651,1618
1651,1620
1651,1628
1651,1630
1651,1635
1651,1649
1651,1655
1651,1678
1651,1691
1651,3156
1651,3159
1651,3161
1651,3183
1651,3188
1651,3191
1652,1602
1652,1610
1652,1623
1652,1624
1652,1625
1652,1630
1652,1641
1652,1673
1652,1676
1652,1680
1652,1682
1652,1685
1652,1695
1652,1696
1652,1698
1652,3177
1653,1095
1653,1565
1653,1622
1653,1633
1653,1705
1653,1716
1653,1717
1653,1734
1653,1738
1653,1766
1653,1795
1653,3206
1653,3223
1653,3231
1654,1612
1654,1613
1654,1617
1654,1639
1654,1641
1654,1645
1654,1659
1654,1663
1654,1674
1654,1683
1654,3155
1654,3157
1654,3163
1654,3166
1654,3177
1654,3178
1654,3179
1654,3187
1655,1608
1655,1612
1655,1620
1655,1629
1655,1630
1655,1631
1655,1635
1655,1637
1655,1639
1655,1641
1655,1648
1655,1650
1655,1651
1655,1671
1655,1672
1655,1678
1655,1685
1655,1691
1655,1693
1655,1695
1655,3159
1655,3161
1655,3165
1655,3172
1655,3191
1656,1613
1656,1626
1656,1659
1656,1662
1656,1663
1656,1664
1656,1665
1656,1668
1656,1669
1656,1674
1656,1677
1656,1680
1656,1683
1656,1688
1656,1692
1656,3157
1656,3163
1656,3166
1656,3175
1656,3177
1656,3178
1656,3186
1656,3187
1656,3189
1656,3193
1657,137
1657,138
1657,151
1657,341
1657,1513
1657,1519
1657,1537
1657,1575
1657,1576
1657,1687
1657,1914
1657,1918
1657,1936
1657,1950
1657,1964
1657,2342
1657,2448
1657,2489
1657,2591
1657,2624
1657,3145
1657,3176
1657,3181
1657,3314
1657,3504
1658,1602
1658,1632
1658,1642
1658,1667
1658,1682
1658,1692
1658,1698
1658,1699
1658,2763
1658,2769
1658,2778
1658,2780
1658,3166
1658,3193
1659,1601
1659,1613
1659,1641
1659,1645
1659,1646
1659,1654
1659,1656
1659,1662
1659,1673
1659,1674
1659,1680
1659,1695
1659,3155
1659,3157
1659,3160
1659,3163
1659,3175
1659,3177
1659,3178
1659,3179
1659,3180
1660,115
1660,138
1660,159
1660,176
1660,180
1660,651
1660,663
1660,1065
1660,1600
1660,1603
1660,1642
1660,1694
1660,2365
1660,2723
1660,3162
1660,3169
1661,139
1661,516
1661,524
1661,530
1661,538
1661,548
1661,563
1661,564
1661,568
1661,578
1661,581
1661,584
1661,1528
1661,1581
1661,1600
1661,1607
1661,1621
1661,1627
1661,1690
1661,1697
1661,1714
1661,1792
1661,2558
1661,2560
1661,2573
1661,2584
1661,2719
1661,2729
1661,2733
1661,2741
1661,2748
1661,3192
1662,1601
1662,1616
1662,1634
1662,1637
1662,1656
1662,1659
1662,1663
1662,1665
1662,1668
1662,1669
1662,1674
1662,1680
1662,1683
1662,3155
1662,3157
1662,3160
1662,3163
1662,3164
1662,3167
1662,3170
1662,3173
1662,3178
1662,3180
1662,3182
1662,3184
1662,3185
1662,3189
1662,3190
1662,3194
1663,1601
1663,1617
1663,1626
1663,1645
1663,1650
1663,1654
1663,1656
1663,1662
1663,1665
1663,1674
1663,1677
1663,1683
1663,3157
1663,3163
1663,3178
1663,3179
1663,3186
1663,3187
1663,3189
1664,524
1664,533
1664,1621
1664,1622
1664,1626
1664,1627
1664,1636
1664,1640
1664,1644
1664,1656
1664,1668
1664,1683
1664,1688
1664,2753
1664,3171
1664,3186
1665,1626
1665,1633
1665,1640
1665,1645
1665,1656
1665,1662
1665,1663
1665,1668
1665,1669
1665,1677
1665,1683
1665,3155
1665,3157
1665,3163
1665,3177
1665,3178
1665,3182
1665,3184
1665,3185
1665,3186
1665,3187
1665,3189
1665,3194
1666,1604
1666,1611
1666,1616
1666,1618
1666,1620
1666,1628
1666,1634
1666,1635
1666,1670
1666,1671
1666,1672
1666,1684
1666,1686
1666,3158
1666,3159
1666,3164
1666,3170
1666,3173
1666,3185
1666,3190
1667,1602
1667,1640
1667,1645
1667,1658
1667,1668
1667,1677
1667,1682
1667,1692
1667,1698
1667,1699
1667,3162
1667,3166
1667,3177
1667,3193
1668,1627
1668,1642
1668,1656
1668,1662
1668,1664
1668,1665
1668,1667
1668,1669
1668,1677
1668,1682
1668,1683
1668,3155
1668,3162
1668,3163
1668,3177
1668,3178
1668,3182
1668,3185
1668,3186
1668,3189
1669,1632
1669,1638
1669,1656
1669,1662
1669,1665
1669,1668
1669,1689
1669,1696
1669,3155
1669,3160
1669,3167
1669,3173
1669,3177
1669,3182
1669,3184
1670,1604
1670,1608
1670,1609
1670,1618
1670,1620
1670,1628
1670,1634
1670,1635
1670,1666
1670,1671
1670,1672
1670,1684
1670,1689
1670,3158
1670,3159
1670,3170
1670,3173
1671,1604
1671,1608
1671,1620
1671,1631
1671,1634
1671,1635
1671,1655
1671,1666
1671,1670
1671,1672
1671,1684
1671,3158
1671,3159
1671,3172
1672,1601
1672,1604
1672,1608
1672,1609
1672,1618
1672,1620
1672,1628
1672,1631
1672,1634
1672,1635
1672,1637
1672,1647
1672,1648
1672,1655
1672,1666
1672,1670
1672,1671
1672,1678
1672,1684
1672,1689
1672,1693
1672,3156
1672,3158
1672,3159
1672,3170
1672,3172
1672,3183
1672,3191
1673,1601
1673,1610
1673,1611
1673,1623
1673,1624
1673,1625
1673,1629
1673,1630
1673,1641
1673,1646
1673,1652
1673,1659
1673,1676
1673,1678
1673,1680
1673,1685
1673,1695
1673,1696
1673,3155
1673,3157
1673,3160
1673,3170
1673,3184
1673,3194
1674,1601
1674,1613
1674,1617
1674,1637
1674,1654
1674,1656
1674,1659
1674,1662
1674,1663
1674,1693
1674,3157
1674,3163
1674,3178
1674,3179
1674,3180
1675,502
1675,550
1675,1605
1675,1606
1675,1614
1675,1619
1675,1626
1675,1640
1675,1644
1675,1679
1675,1681
1675,1688
1675,3168
1675,3171
1676,1602
1676,1610
1676,1624
1676,1625
1676,1629
1676,1630
1676,1641
1676,1646
1676,1652
1676,1673
1676,1678
1676,1680
1676,1682
1676,1685
1676,1692
1676,1695
1676,1696
1676,1698
1676,3177
1677,1605
1677,1626
1677,1640
1677,1645
1677,1656
1677,1663
1677,1665
1677,1667
1677,1668
1677,3163
1677,3177
1677,3178
1677,3186
1677,3189
1678,1601
1678,1612
1678,1617
1678,1618
1678,1629
1678,1630
1678,1634
1678,1637
1678,1639
1678,1641
1678,1646
1678,1648
1678,1650
1678,1651
1678,1655
1678,1672
1678,1673
1678,1676
1678,1680
1678,1691
1678,1693
1678,1695
1678,3157
1678,3161
1678,3167
1678,3170
1678,3180
1678,3191
1679,127
1679,184
1679,533
1679,581
1679,660
1679,1605
1679,1606
1679,1607
1679,1614
1679,1619
1679,1621
1679,1622
1679,1633
1679,1640
1679,1644
1679,1675
1679,1681
1679,1688
1679,1690
1679,1697
1679,1723
1679,2456
1679,2558
1679,2573
1679,2579
1679,2584
1679,3168
1679,3171
1679,3198
1679,3305
1680,1601
1680,1610
1680,1616
1680,1618
1680,1624
1680,1625
1680,1629
1680,1634
1680,1637
1680,1641
1680,1648
1680,1652
1680,1656
1680,1659
1680,1662
1680,1673
1680,1676
1680,1678
1680,1685
1680,1693
1680,1695
1680,1696
1680,3155
1680,3157
1680,3160
1680,3163
1680,3167
1680,3170
1680,3175
1680,3180
1680,3184
1680,3189
1680,3194
1681,502
1681,512
1681,527
1681,550
1681,594
1681,688
1681,1338
1681,1344
1681,1373
1681,1565
1681,1606
1681,1614
1681,1640
1681,1675
1681,1679
1681,1688
1681,1795
1681,2744
1681,3038
1681,3098
1681,3168
1682,1602
1682,1624
1682,1642
1682,1645
1682,1652
1682,1658
1682,1667
1682,1668
1682,1676
1682,1692
1682,1698
1682,1699
1682,3163
1682,3166
1682,3175
1682,3177
1682,3178
1682,3193
1683,1640
1683,1654
1683,1656
1683,1662
1683,1663
1683,1664
1683,1665
1683,1668
1683,1699
1683,3162
1683,3163
1683,3166
1683,3177
1683,3178
1683,3186
1683,3187
1683,3189
1684,1604
1684,1609
1684,1618
1684,1620
1684,1634
1684,1635
1684,1666
1684,1670
1684,1671
1684,1672
1684,3158
1684,3159
1684,3173
1684,3191
1685,1602
1685,1610
1685,1623
1685,1624
1685,1625
1685,1629
1685,1641
1685,1646
1685,1652
1685,1655
1685,1673
1685,1676
1685,1680
1685,1695
1685,1696
1685,3180
1686,1609
1686,1611
1686,1616
1686,1620
1686,1647
1686,1649
1686,1666
1686,3159
1686,3170
1686,3173
1686,3182
1686,3183
1686,3184
1686,3188
1687,100
1687,137
1687,151
1687,188
1687,368
1687,868
1687,1657
1687,1914
1687,1918
1687,1936
1687,1950
1687,2342
1687,2376
1687,2448
1687,2591
1687,3176
1687,3181
1687,3437
1687,3458
1688,502
1688,512
1688,1456
1688,1490
1688,1605
1688,1614
1688,1626
1688,1627
1688,1640
1688,1656
1688,1664
1688,1675
1688,1679
1688,1681
1688,3171
1689,1604
1689,1609
1689,1611
1689,1620
1689,1623
1689,1628
1689,1635
1689,1638
1689,1647
1689,1669
1689,1670
1689,1672
1689,1693
1689,3158
1689,3159
1689,3170
1689,3173
1689,3190
1690,139
1690,189
1690,524
1690,632
1690,1528
1690,1581
1690,1600
1690,1605
1690,1607
1690,1619
1690,1621
1690,1622
1690,1661
1690,1679
1690,1697
1690,2579
1690,2729
1691,1617
1691,1630
1691,1637
1691,1650
1691,1651
1691,1655
1691,1678
1691,1695
1691,1912
1691,1956
1691,3165
1691,3183
1691,3205
1691,3280
1691,3286
1692,1602
1692,1645
1692,1656
1692,1658
1692,1667
1692,1676
1692,1682
1692,1698
1692,1699
1692,3166
1692,3177
1692,3178
1692,3189
1692,3193
1693,1601
1693,1612
1693,1623
1693,1629
1693,1631
1693,1634
1693,1637
1693,1638
1693,1641
1693,1648
1693,1655
1693,1672
1693,1674
1693,1678
1693,1680
1693,1689
1693,1695
1693,3155
1693,3157
1693,3160
1693,3167
1693,3172
1693,3179
1693,3180
1693,3184
1694,115
1694,176
1694,506
1694,1444
1694,1600
1694,1603
1694,1621
1694,1642
1694,1643
1694,1660
1694,1943
1694,2365
1694,2489
1694,2723
1694,3082
1694,3138
1694,3162
1694,3169
1694,3307
1695,1601
1695,1610
1695,1623
1695,1624
1695,1625
1695,1629
1695,1630
1695,1641
1695,1652
1695,1655
1695,1659
1695,1673
1695,1676
1695,1678
1695,1680
1695,1685
1695,1691
1695,1693
1695,1696
1695,3157
1695,3170
1695,3175
1695,3177
1695,3194
1696,1610
1696,1611
1696,1623
1696,1624
1696,1625
1696,1638
1696,1641
1696,1649
1696,1652
1696,1669
1696,1673
1696,1676
1696,1680
1696,1685
1696,1695
1696,3155
1696,3160
1696,3170
1696,3184
1696,3194
1697,104
1697,139
1697,189
1697,523
1697,524
1697,530
1697,570
1697,660
1697,1528
1697,1581
1697,1605
1697,1606
1697,1607
1697,1619
1697,1621
1697,1622
1697,1633
1697,1643
1697,1644
1697,1661
1697,1679
1697,1690
1697,1791
1697,1792
1697,2456
1697,2560
1697,2573
1697,2576
1697,2584
1697,3082
1697,3168
1697,3192
1697,3198
1697,3305
1698,1602
1698,1645
1698,1646
1698,1652
1698,1658
1698,1667
1698,1676
1698,1682
1698,1692
1698,1699
1698,3163
1698,3166
1698,3177
1698,3179
1699,1602
1699,1642
1699,1645
1699,1658
1699,1667
1699,1682
1699,1683
1699,1692
1699,1698
1699,2763
1699,3166
1699,3177
1699,3187
1699,3193
1700,1702
1700,1710
1700,1713
1700,1719
1700,1720
1700,1728
1700,1742
1700,1752
1700,1760
1700,1765
1700,1767
1700,1784
1700,3201
1700,3222
1700,3225
1700,3226
1701,1704
1701,1709
1701,1753
1701,1756
1701,1777
1701,1783
1701,1784
1701,1786
1701,2383
1701,3209
1701,3210
1701,3212
1701,3213
1701,3216
1701,3224
1702,1700
1702,1710
1702,1724
1702,1730
1702,1731
1702,1741
1702,1742
1702,1755
1702,1759
1702,1760
1702,1770
1702,3195
1702,3197
1702,3202
1702,3203
1702,3222
1702,3225
1702,3226
1703,1724
1703,1726
1703,1727
1703,1736
1703,1740
1703,1744
1703,1750
1703,1755
1703,1758
1703,1759
1703,1775
1703,1778
1703,1780
1703,3197
1703,3204
1703,3209
1703,3215
1703,3493
1704,1701
1704,1708
1704,1711
1704,1718
1704,1729
1704,1749
1704,1753
1704,1760
1704,1762
1704,1765
1704,1767
1704,1772
1704,1777
1704,1783
1704,1784
1704,1797
1704,3211
1704,3212
1704,3216
1704,3220
1704,3224
1704,3225
1704,3226
1705,1653
1705,1716
1705,1717
1705,1720
1705,1722
1705,1733
1705,1734
1705,1738
1705,1764
1705,1766
1705,1776
1705,1779
1705,1785
1705,1798
1705,1799
1705,3196
1705,3206
1705,3208
1705,3231
1706,1709
1706,1724
1706,1725
1706,1735
1706,1740
1706,1744
1706,1747
1706,1755
1706,1763
1706,1769
1706,1772
1706,1774
1706,1775
1706,1781
1706,1787
1706,1788
1706,1794
1706,1796
1706,3197
1706,3209
1706,3213
1706,3219
1706,3234
1707,521
1707,526
1707,533
1707,544
1707,548
1707,554
1707,582
1707,593
1707,596
1707,1430
1707,1439
1707,1443
1707,1492
1707,1795
1707,2725
1707,2727
1707,2740
1707,2744
1707,3112
1707,3206
1708,1704
1708,1718
1708,1728
1708,1751
1708,1752
1708,1754
1708,1756
1708,1765
1708,1767
1708,1771
1708,1772
1708,1774
1708,1783
1708,1784
1708,1794
1708,1797
1708,3211
1708,3216
1708,3224
1709,1701
1709,1706
1709,1711
1709,1713
1709,1715
1709,1719
1709,1726
1709,1735
1709,1736
1709,1739
1709,1741
1709,1744
1709,1747
1709,1755
1709,1756
1709,1761
1709,1763
1709,1775
1709,1781
1709,1787
1709,1788
1709,1789
1709,1790
1709,1794
1709,1796
1709,2397
1709,3197
1709,3200
1709,3201
1709,3204
1709,3209
1709,3213
1709,3214
1709,3215
1709,3218
1709,3219
1709,3221
1709,3224
1709,3229
1710,1700
1710,1702
1710,1711
1710,1725
1710,1726
1710,1736
1710,1741
1710,1742
1710,1747
1710,1752
1710,1756
1710,1760
1710,1771
1710,1781
1710,1782
1710,1787
1710,3197
1710,3201
1710,3202
1710,3219
1710,3222
1710,3225
1710,3226
1710,3228
1710,3232
1710,3233
1711,1704
1711,1709
1711,1710
1711,1725
1711,1742
1711,1744
1711,1747
1711,1757
1711,1768
1711,1772
1711,1781
1711,1782
1711,1788
1711,1794
1711,3197
1711,3213
1711,3219
1711,3221
1712,1725
1712,1730
1712,1746
1712,1748
1712,1755
1712,1768
1712,1770
1712,2404
1712,3195
1712,3200
1712,3218
1712,3221
1712,3228
1712,3229
1712,3232
1713,1700
1713,1709
1713,1719
1713,1720
1713,1727
1713,1740
1713,1750
1713,1756
1713,1759
1713,1764
1713,1775
1713,1778
1713,1786
1713,3202
1713,3204
1713,3209
1713,3210
1713,3213
1713,3215
1713,3232
1714,548
1714,563
1714,577
1714,578
1714,1356
1714,1416
1714,1503
1714,1557
1714,1621
1714,1661
1714,1716
1714,1722
1714,1723
1714,1734
1714,1785
1714,1792
1714,2734
1714,3092
1714,3107
1714,3111
1714,3192
1714,3196
1714,3208
1714,3223
1715,1709
1715,1724
1715,1727
1715,1739
1715,1741
1715,1744
1715,1750
1715,1775
1715,1788
1715,2397
1715,3197
1715,3204
1715,3209
1715,3213
1715,3218
1715,3219
1716,565
1716,577
1716,1499
1716,1643
1716,1653
1716,1705
1716,1714
1716,1717
1716,1722
1716,1733
1716,1734
1716,1785
1716,1791
1716,3074
1716,3196
1716,3208
1716,3223
1716,3231
1717,1653
1717,1705
1717,1716
1717,1720
1717,1722
1717,1733
1717,1738
1717,1766
1717,1773
1717,1776
1717,1779
1717,1785
1717,1791
1717,1798
1717,3196
1717,3223
1717,3231
1718,1704
1718,1708
1718,1753
1718,1762
1718,1767
1718,1772
1718,1777
1718,1783
1718,1797
1718,2391
1718,2426
1718,2437
1718,3211
1718,3224
1718,3226
1718,3233
1718,3475
1718,3487
1719,1700
1719,1709
1719,1713
1719,1731
1719,1732
1719,1746
1719,1750
1719,1755
1719,1782
1719,1787
1719,1789
1719,1790
1719,3200
1719,3201
1719,3202
1719,3204
1719,3218
1719,3221
1719,3229
1719,3230
1719,3232
1720,1700
1720,1705
1720,1713
1720,1717
1720,1733
1720,1745
1720,1752
1720,1759
1720,1764
1720,1766
1720,1773
1720,1778
1720,1798
1720,3223
1721,1733
1721,1738
1721,1745
1721,1758
1721,1759
1721,1764
1721,1766
1721,1776
1721,1778
1721,1791
1721,1795
1721,3199
1721,3202
1721,3203
1721,3208
1721,3232
1722,510
1722,1445
1722,1705
1722,1714
1722,1716
1722,1717
1722,1723
1722,1733
1722,1734
1722,1766
1722,1776
1722,1779
1722,1785
1722,1791
1722,1798
1722,3074
1722,3111
1722,3196
1722,3198
1722,3208
1722,3223
1722,3231
1723,1619
1723,1644
1723,1679
1723,1714
1723,1722
1723,1766
1723,1776
1723,1785
1723,1791
1723,1792
1723,1793
1723,1795
1723,3171
1723,3208
1723,3223
1724,1702
1724,1703
1724,1706
1724,1715
1724,1727
1724,1735
1724,1737
1724,1739
1724,1741
1724,1744
1724,1750
1724,1755
1724,1758
1724,1763
1724,1768
1724,1769
1724,1775
1724,1780
1724,1790
1724,3197
1724,3204
1724,3213
1724,3215
1724,3217
1724,3219
1724,3222
1724,3230
1725,1706
1725,1710
1725,1711
1725,1712
1725,1735
1725,1743
1725,1744
1725,1747
1725,1757
1725,1758
1725,1763
1725,1768
1725,1769
1725,1774
1725,1781
1725,1782
1725,1788
1725,3195
1725,3197
1725,3200
1725,3217
1725,3219
1725,3221
1725,3227
1725,3228
1725,3229
1726,1703
1726,1709
1726,1710
1726,1741
1726,1744
1726,1756
1726,1775
1726,1780
1726,1786
1726,3197
1726,3209
1726,3210
1726,3213
1726,3215
1727,1703
1727,1713
1727,1715
1727,1724
1727,1740
1727,1741
1727,1744
1727,1750
1727,1758
1727,1759
1727,1764
1727,1778
1727,1780
1727,2383
1727,2442
1727,3204
1727,3210
1727,3213
1727,3215
1728,1544
1728,1700
1728,1708
1728,1732
1728,1751
1728,1752
1728,1756
1728,1757
1728,1765
1728,1771
1728,1774
1728,1783
1728,1784
1728,1797
1728,3205
1728,3217
1729,1704
1729,1732
1729,1741
1729,1747
1729,1762
1729,1765
1729,1767
1729,1772
1729,1777
1729,1783
1729,1790
1729,1797
1729,3211
1729,3224
1729,3225
1729,3226
1729,3233
1730,1623
1730,1702
1730,1712
1730,1743
1730,1745
1730,1746
1730,1748
1730,1755
1730,1757
1730,1768
1730,1770
1730,3195
1730,3202
1730,3203
1730,3217
1730,3229
1731,1702
1731,1719
1731,1745
1731,1748
1731,1752
1731,1755
1731,1759
1731,1760
1731,3195
1731,3199
1731,3201
1731,3202
1731,3217
1731,3222
1731,3232
1732,1719
1732,1728
1732,1729
1732,1752
1732,1755
1732,1765
1732,1770
1732,1771
1732,1784
1732,1790
1732,1797
1732,3201
1732,3205
1732,3218
1732,3220
1732,3226
1733,1705
1733,1716
1733,1717
1733,1720
1733,1721
1733,1722
1733,1764
1733,1766
1733,1773
1733,1776
1733,1779
1733,1785
1733,1798
1733,3196
1733,3199
1733,3223
1733,3231
1734,554
1734,577
1734,1421
1734,1643
1734,1653
1734,1705
1734,1714
1734,1716
1734,1722
1734,1785
1734,2730
1734,2749
1734,3049
1734,3074
1734,3107
1734,3111
1734,3196
1734,3208
1734,3223
1734,3231
1735,1706
1735,1709
1735,1724
1735,1725
1735,1742
1735,1747
1735,1748
1735,1755
1735,1761
1735,1763
1735,1768
1735,1769
1735,1781
1735,1787
1735,1790
1735,1796
1735,3195
1735,3197
1735,3211
1735,3213
1735,3220
1735,3225
1735,3227
1736,1703
1736,1709
1736,1710
1736,1741
1736,1747
1736,1750
1736,1756
1736,1759
1736,1775
1736,3197
1736,3200
1736,3202
1736,3213
1736,3218
1737,1724
1737,1739
1737,1740
1737,1745
1737,1751
1737,1754
1737,1755
1737,1756
1737,1774
1737,1780
1737,1787
1737,1788
1737,1794
1737,3204
1737,3215
1737,3217
1737,3234
1738,550
1738,1426
1738,1449
1738,1496
1738,1497
1738,1653
1738,1705
1738,1717
1738,1721
1738,1764
1738,1766
1738,1773
1738,1795
1738,3096
1738,3143
1738,3171
1739,1709
1739,1715
1739,1724
1739,1737
1739,1740
1739,1744
1739,1750
1739,1751
1739,1775
1739,1778
1739,1780
1739,1788
1739,1794
1739,3204
1739,3209
1739,3213
1739,3215
1739,3217
1739,3219
1739,3234
1740,1703
1740,1706
1740,1713
1740,1727
1740,1737
1740,1739
1740,1744
1740,1750
1740,1758
1740,1759
1740,1763
1740,1764
1740,1775
1740,1778
1740,1780
1740,1781
1740,1788
1740,1794
1740,3209
1740,3213
1740,3215
1740,3219
1741,1702
1741,1709
1741,1710
1741,1715
1741,1724
1741,1726
1741,1727
1741,1729
1741,1736
1741,1744
1741,1747
1741,1749
1741,1753
1741,1760
1741,1775
1741,1780
1741,1786
1741,1790
1741,3197
1741,3204
1741,3209
1741,3212
1741,3213
1741,3219
1741,3222
1741,3225
1742,1700
1742,1702
1742,1710
1742,1711
1742,1735
1742,1743
1742,1747
1742,1748
1742,1757
1742,1760
1742,1768
1742,3197
1742,3201
1742,3211
1742,3217
1742,3220
1742,3222
1742,3225
1742,3226
1743,1725
1743,1730
1743,1742
1743,1745
1743,1746
1743,1748
1743,1757
1743,1768
1743,3195
1743,3203
1743,3217
1743,3221
1743,3227
1743,3229
1744,1703
1744,1706
1744,1709
1744,1711
1744,1715
1744,1724
1744,1725
1744,1726
1744,1727
1744,1739
1744,1740
1744,1741
1744,1747
1744,1750
1744,1756
1744,1772
1744,1775
1744,1780
1744,1781
1744,1786
1744,1788
1744,2397
1744,3197
1744,3209
1744,3210
1744,3213
1744,3215
1744,3219
1744,3224
1745,1720
1745,1721
1745,1730
1745,1731
1745,1737
1745,1743
1745,1746
1745,1755
1745,1757
1745,1758
1745,1759
1745,1794
1745,3199
1745,3201
1745,3217
1745,3227
1745,3230
1746,1357
1746,1712
1746,1719
1746,1730
1746,1743
1746,1745
1746,1755
1746,1768
1746,1782
1746,3200
1746,3203
1746,3217
1746,3221
1746,3227
1746,3229
1746,3232
1747,1706
1747,1709
1747,1710
1747,1711
1747,1725
1747,1729
1747,1735
1747,1736
1747,1741
1747,1742
1747,1744
1747,1748
1747,1755
1747,1761
1747,1763
1747,1768
1747,1775
1747,1782
1747,1787
1747,1789
1747,1790
1747,1796
1747,3197
1747,3200
1747,3201
1747,3202
1747,3213
1747,3218
1747,3219
1747,3221
1747,3227
1747,3229
1747,3230
1748,1712
1748,1730
1748,1731
1748,1735
1748,1742
1748,1743
1748,1747
1748,1761
1748,1763
1748,1768
1748,1769
1748,1770
1748,1787
1748,1790
1748,3195
1748,3201
1748,3220
1748,3225
1748,3226
1748,3227
1749,1704
1749,1741
1749,1753
1749,1760
1749,1762
1749,1767
1749,1772
1749,1777
1749,1783
1749,1786
1749,3210
1749,3212
1749,3213
1749,3216
1749,3224
1749,3225
1749,3226
1749,3233
1750,1703
1750,1713
1750,1715
1750,1719
1750,1724
1750,1727
1750,1736
1750,1739
1750,1740
1750,1744
1750,1758
1750,1759
1750,1775
1750,1778
1750,1788
1750,3197
1750,3202
1750,3203
1750,3204
1750,3215
1750,3218
1750,3219
1750,3232
1751,1708
1751,1728
1751,1737
1751,1739
1751,1752
1751,1754
1751,1756
1751,1757
1751,1765
1751,1771
1751,1774
1751,1780
1751,1781
1751,1783
1751,1794
1751,3205
1751,3215
1751,3234
1752,1700
1752,1708
1752,1710
1752,1720
1752,1728
1752,1731
1752,1732
1752,1751
1752,1754
1752,1756
1752,1765
1752,1767
1752,1771
1752,1774
1752,1783
1752,1784
1752,1797
1752,3205
1752,3216
1752,3226
1753,1701
1753,1704
1753,1718
1753,1741
1753,1749
1753,1762
1753,1767
1753,1772
1753,1777
1753,1783
1753,1786
1753,2383
1753,2430
1753,3210
1753,3212
1753,3216
1753,3220
1753,3224
1753,3225
1753,3226
1753,3233
1754,1529
1754,1708
1754,1737
1754,1751
1754,1752
1754,1755
1754,1757
1754,1771
1754,1774
1754,3183
1754,3205
1754,3234
1754,3475
1754,3479
1754,3497
1755,1702
1755,1703
1755,1706
1755,1709
1755,1712
1755,1719
1755,1724
1755,1730
1755,1731
1755,1732
1755,1735
1755,1737
1755,1745
1755,1746
1755,1747
1755,1754
1755,1757
1755,1759
1755,1763
1755,1774
1755,1787
1755,1796
1755,3195
1755,3197
1755,3200
1755,3202
1755,3203
1755,3204
1755,3215
1755,3217
1755,3218
1755,3227
1755,3229
1755,3230
1755,3232
1756,1701
1756,1708
1756,1709
1756,1710
1756,1713
1756,1726
1756,1728
1756,1736
1756,1737
1756,1744
1756,1751
1756,1752
1756,1757
1756,1759
1756,1760
1756,1771
1756,1774
1756,1780
1756,1781
1756,1783
1756,1784
1756,1786
1756,1788
1756,1794
1756,1797
1756,2383
1756,3197
1756,3209
1756,3210
1756,3213
1756,3216
1756,3222
1757,1711
1757,1725
1757,1728
1757,1730
1757,1742
1757,1743
1757,1745
1757,1751
1757,1754
1757,1755
1757,1756
1757,1765
1757,1768
1757,1769
1757,1771
1757,1774
1757,1781
1757,1794
1757,3195
1757,3199
1757,3217
1757,3227
1757,3228
1758,1703
1758,1721
1758,1724
1758,1725
1758,1727
1758,1740
1758,1745
1758,1750
1758,1759
1758,1764
1758,1768
1758,1778
1758,1782
1758,3197
1758,3199
1758,3203
1758,3217
1758,3232
1759,1702
1759,1703
1759,1713
1759,1720
1759,1721
1759,1727
1759,1731
1759,1736
1759,1740
1759,1745
1759,1750
1759,1755
1759,1756
1759,1758
1759,1760
1759,1764
1759,1773
1759,1778
1759,1786
1759,2383
1759,3202
1759,3203
1759,3204
1759,3215
1759,3222
1759,3232
1760,1700
1760,1702
1760,1704
1760,1710
1760,1731
1760,1741
1760,1742
1760,1749
1760,1756
1760,1759
1760,1786
1760,3197
1760,3216
1760,3222
1760,3225
1760,3226
1761,1709
1761,1735
1761,1747
1761,1748
1761,1787
1761,1789
1761,1790
1761,2382
1761,2397
1761,2417
1761,2436
1761,2444
1761,3200
1761,3214
1761,3218
1761,3221
1761,3229
1761,3487
1762,1704
1762,1718
1762,1729
1762,1749
1762,1753
1762,1765
1762,1767
1762,1772
1762,1777
1762,1783
1762,1797
1762,3212
1762,3216
1762,3226
1762,3233
1763,1706
1763,1709
1763,1724
1763,1725
1763,1735
1763,1740
1763,1747
1763,1748
1763,1755
1763,1768
1763,1769
1763,1775
1763,1781
1763,1787
1763,1790
1763,1794
1763,1796
1763,3197
1763,3211
1763,3213
1763,3219
1763,3225
1763,3227
1763,3234
1764,1705
1764,1713
1764,1720
1764,1721
1764,1727
1764,1733
1764,1738
1764,1740
1764,1758
1764,1759
1764,1766
1764,1778
1764,1779
1764,1795
1764,3232
1765,1700
1765,1704
1765,1708
1765,1728
1765,1729
1765,1732
1765,1751
1765,1752
1765,1757
1765,1762
1765,1767
1765,1777
1765,1783
1765,1784
1765,1797
1765,3211
1765,3212
1765,3216
1765,3220
1765,3226
1765,3233
1766,1653
1766,1705
1766,1717
1766,1720
1766,1721
1766,1722
1766,1723
1766,1733
1766,1738
1766,1764
1766,1773
1766,1776
1766,1778
1766,1785
1766,1791
1766,1795
1766,1798
1766,3208
1766,3223
1766,3231
1767,1700
1767,1704
1767,1708
1767,1718
1767,1729
1767,1749
1767,1752
1767,1753
1767,1762
1767,1765
1767,1777
1767,1783
1767,1784
1767,1797
1767,3205
1767,3211
1767,3212
1767,3216
1767,3224
1767,3226
1767,3233
1768,1711
1768,1712
1768,1724
1768,1725
1768,1730
1768,1735
1768,1742
1768,1743
1768,1746
1768,1747
1768,1748
1768,1757
1768,1758
1768,1763
1768,1769
1768,1781
1768,1782
1768,3195
1768,3197
1768,3203
1768,3218
1768,3221
1768,3222
1768,3225
1768,3227
1768,3229
1769,1706
1769,1724
1769,1725
1769,1735
1769,1748
1769,1757
1769,1763
1769,1768
1769,1772
1769,1774
1769,1781
1769,1787
1769,1790
1769,3195
1769,3197
1769,3211
1769,3219
1769,3228
1770,1332
1770,1334
1770,1377
1770,1610
1770,1702
1770,1712
1770,1730
1770,1732
1770,1748
1770,2416
1770,2426
1770,2436
1770,3064
1770,3195
1771,1708
1771,1710
1771,1728
1771,1732
1771,1751
1771,1752
1771,1754
1771,1756
1771,1757
1771,1774
1771,1783
1771,1784
1771,1797
1771,3205
1772,1704
1772,1706
1772,1708
1772,1711
1772,1718
1772,1729
1772,1744
1772,1749
1772,1753
1772,1762
1772,1769
1772,1777
1772,1784
1772,1788
1772,3211
1772,3212
1772,3216
1772,3219
1772,3224
1773,1717
1773,1720
1773,1733
1773,1738
1773,1759
1773,1766
1773,1776
1773,1779
1773,1785
1773,1791
1773,1795
1773,1798
1773,3196
1773,3223
1774,1706
1774,1708
1774,1725
1774,1728
1774,1737
1774,1751
1774,1752
1774,1754
1774,1755
1774,1756
1774,1757
1774,1769
1774,1771
1774,1780
1774,1781
1774,1784
1774,1787
1774,1788
1774,1797
1774,3228
1774,3234
1775,1703
1775,1706
1775,1709
1775,1713
1775,1715
1775,1724
1775,1726
1775,1736
1775,1739
1775,1740
1775,1741
1775,1744
1775,1747
1775,1750
1775,1763
1775,1780
1775,1781
1775,1787
1775,1788
1775,1789
1775,1794
1775,1796
1775,3197
1775,3200
1775,3204
1775,3209
1775,3213
1775,3215
1775,3218
1775,3219
1775,3234
1776,1705
1776,1717
1776,1721
1776,1722
1776,1723
1776,1733
1776,1766
1776,1773
1776,1779
1776,1785
1776,1791
1776,1798
1776,3196
1776,3208
1776,3231
1777,1701
1777,1704
1777,1718
1777,1729
1777,1749
1777,1753
1777,1762
1777,1765
1777,1767
1777,1772
1777,1783
1777,1786
1777,2430
1777,3210
1777,3211
1777,3212
1777,3216
1777,3220
1777,3224
1777,3225
1777,3226
1777,3233
1778,1703
1778,1713
1778,1720
1778,1721
1778,1727
1778,1739
1778,1740
1778,1750
1778,1758
1778,1759
1778,1764
1778,1766
1778,1780
1778,3199
1778,3204
1778,3215
1778,3232
1779,1705
1779,1717
1779,1722
1779,1733
1779,1764
1779,1773
1779,1776
1779,1791
1779,1798
1779,3196
1779,3199
1779,3223
1779,3231
1779,3232
1780,1703
1780,1724
1780,1726
1780,1727
1780,1737
1780,1739
1780,1740
1780,1741
1780,1744
1780,1751
1780,1756
1780,1774
1780,1775
1780,1778
1780,1788
1780,2383
1780,3204
1780,3209
1780,3210
1780,3215
1780,3234
1781,1706
1781,1709
1781,1710
1781,1711
1781,1725
1781,1735
1781,1740
1781,1744
1781,1751
1781,1756
1781,1757
1781,1763
1781,1768
1781,1769
1781,1774
1781,1775
1781,1787
1781,1788
1781,1794
1781,3197
1781,3219
1781,3227
1781,3228
1782,1710
1782,1711
1782,1719
1782,1725
1782,1746
1782,1747
1782,1758
1782,1768
1782,1788
1782,1794
1782,3197
1782,3200
1782,3201
1782,3203
1782,3217
1782,3218
1782,3219
1782,3221
1782,3229
1782,3232
1783,1701
1783,1704
1783,1708
1783,1718
1783,1728
1783,1729
1783,1749
1783,1751
1783,1752
1783,1753
1783,1756
1783,1762
1783,1765
1783,1767
1783,1771
1783,1777
1783,1784
1783,1786
1783,1797
1783,3205
1783,3211
1783,3212
1783,3216
1783,3220
1783,3224
1784,1700
1784,1701
1784,1704
1784,1708
1784,1728
1784,1732
1784,1752
1784,1756
1784,1765
1784,1767
1784,1771
1784,1772
1784,1774
1784,1783
1784,1794
1784,1797
1784,3205
1784,3211
1784,3216
1784,3222
1784,3225
1785,1705
1785,1714
1785,1716
1785,1717
1785,1722
1785,1723
1785,1733
1785,1734
1785,1766
1785,1773
1785,1776
1785,1793
1785,1798
1785,1799
1785,3208
1785,3231
1786,1701
1786,1713
1786,1726
1786,1741
1786,1744
1786,1749
1786,1753
1786,1756
1786,1759
1786,1760
1786,1777
1786,1783
1786,2383
1786,3205
1786,3209
1786,3210
1786,3212
1786,3213
1786,3216
1786,3224
1787,1706
1787,1709
1787,1710
1787,1719
1787,1735
1787,1737
1787,1747
1787,1748
1787,1755
1787,1761
1787,1763
1787,1769
1787,1774
1787,1775
1787,1781
1787,1789
1787,1790
1787,1796
1787,3197
1787,3200
1787,3201
1787,3213
1787,3218
1787,3219
1787,3221
1787,3227
1787,3229
1787,3233
1788,1706
1788,1709
1788,1711
1788,1715
1788,1725
1788,1737
1788,1739
1788,1740
1788,1744
1788,1750
1788,1756
1788,1772
1788,1774
1788,1775
1788,1780
1788,1781
1788,1782
1788,1794
1788,3197
1788,3209
1788,3215
1788,3219
1788,3221
1788,3228
1788,3234
1789,1709
1789,1719
1789,1747
1789,1761
1789,1775
1789,1787
1789,1790
1789,1796
1789,3197
1789,3200
1789,3213
1789,3214
1789,3218
1789,3221
1789,3230
1790,1709
1790,1719
1790,1724
1790,1729
1790,1732
1790,1735
1790,1741
1790,1747
1790,1748
1790,1761
1790,1763
1790,1769
1790,1787
1790,1789
1790,3197
1790,3200
1790,3201
1790,3213
1790,3218
1790,3219
1790,3220
1790,3229
1790,3233
1791,190
1791,1697
1791,1716
1791,1717
1791,1721
1791,1722
1791,1723
1791,1766
1791,1773
1791,1776
1791,1779
1791,1792
1791,1795
1791,1798
1791,3196
1791,3198
1791,3208
1791,3223
1791,3305
1792,391
1792,516
1792,530
1792,548
1792,563
1792,583
1792,584
1792,587
1792,900
1792,905
1792,976
1792,1661
1792,1697
1792,1714
1792,1723
1792,1791
1792,2483
1792,2733
1792,2741
1792,3192
1792,3305
1793,548
1793,570
1793,1351
1793,1414
1793,1416
1793,1425
1793,1443
1793,1445
1793,1485
1793,1488
1793,1644
1793,1723
1793,1785
1793,1799
1793,2751
1793,3092
1793,3107
1794,1706
1794,1708
1794,1709
1794,1711
1794,1737
1794,1739
1794,1740
1794,1745
1794,1751
1794,1756
1794,1757
1794,1763
1794,1775
1794,1781
1794,1782
1794,1784
1794,1788
1794,3209
1794,3213
1794,3217
1794,3227
1794,3234
1795,127
1795,1605
1795,1614
1795,1619
1795,1622
1795,1653
1795,1681
1795,1707
1795,1721
1795,1723
1795,1738
1795,1764
1795,1766
1795,1773
1795,1791
1795,2576
1795,3171
1795,3198
1795,3206
1795,3223
1796,1706
1796,1709
1796,1735
1796,1747
1796,1755
1796,1763
1796,1775
1796,1787
1796,1789
1796,3197
1796,3200
1796,3221
1796,3227
1796,3230
1797,1704
1797,1708
1797,1718
1797,1728
1797,1729
1797,1732
1797,1752
1797,1756
1797,1762
1797,1765
1797,1767
1797,1771
1797,1774
1797,1783
1797,1784
1797,3205
1797,3212
1797,3216
1797,3475
1798,1705
1798,1717
1798,1720
1798,1722
1798,1733
1798,1766
1798,1773
1798,1776
1798,1779
1798,1785
1798,1791
1798,3196
1798,3199
1798,3207
1798,3223
1798,3231
1799,577
1799,582
1799,1408
1799,1409
1799,1425
1799,1443
1799,1445
1799,1477
1799,1705
1799,1785
1799,1793
1799,2720
1799,3079
1799,3089
1799,3090
1799,3107
1799,3109
1799,3112
1799,3206
1800,604
1800,615
1800,666
1800,1802
1800,1805
1800,1849
1800,1850
1800,1857
1800,1867
1800,1875
1800,1894
1800,2770
1800,3235
1800,3250
1800,3260
1801,183
1801,1005
1801,1025
1801,1058
1801,1073
1801,1084
1801,1810
1801,1819
1801,1839
1801,1841
1801,1847
1801,1866
1801,1895
1801,1984
1801,2927
1801,3239
1801,3256
1801,3272
1802,173
1802,604
1802,615
1802,1800
1802,1805
1802,1833
1802,1849
1802,1850
1802,1861
1802,1867
1802,1875
1802,1894
1802,3235
1802,3249
1802,3258
1802,3260
1803,1811
1803,1813
1803,1823
1803,1824
1803,1834
1803,1843
1803,1844
1803,1848
1803,1875
1803,1880
1803,1882
1803,1889
1803,1891
1803,2793
1803,3240
1803,3248
1803,3255
1803,3266
1804,608
1804,619
1804,1805
1804,1812
1804,1815
1804,1818
1804,1837
1804,1850
1804,1861
1804,1873
1804,1882
1804,1884
1804,1888
1804,1894
1804,1896
1804,1897
1804,1898
1804,3236
1804,3237
1804,3244
1804,3250
1804,3254
1804,3260
1805,601
1805,619
1805,682
1805,1800
1805,1802
1805,1804
1805,1849
1805,1850
1805,1854
1805,1857
1805,1861
1805,1867
1805,1875
1805,1884
1805,1894
1805,2770
1805,3235
1805,3250
1805,3260
1806,674
1806,676
1806,682
1806,1064
1806,1809
1806,1816
1806,1817
1806,1818
1806,1822
1806,1826
1806,1832
1806,1844
1806,1855
1806,1856
1806,1858
1806,1862
1806,1864
1806,1867
1806,1875
1806,1899
1806,2760
1806,2779
1806,3235
1806,3236
1806,3238
1806,3242
1806,3252
1806,3261
1806,3265
1806,3270
1806,3273
1807,131
1807,1036
1807,1049
1807,1135
1807,1139
1807,1829
1807,1830
1807,1842
1807,1847
1807,1851
1807,1854
1807,1885
1807,1890
1807,2570
1807,3239
1807,3247
1807,3264
1807,3268
1808,1811
1808,1813
1808,1817
1808,1823
1808,1824
1808,1827
1808,1844
1808,1858
1808,1868
1808,1869
1808,1892
1808,1899
1808,3253
1808,3265
1808,3271
1809,1806
1809,1814
1809,1816
1809,1817
1809,1822
1809,1825
1809,1827
1809,1828
1809,1832
1809,1837
1809,1843
1809,1844
1809,1856
1809,1858
1809,1874
1809,1879
1809,1888
1809,1892
1809,1899
1809,3237
1809,3238
1809,3251
1809,3261
1809,3265
1809,3270
1809,3271
1809,3274
1810,172
1810,1017
1810,1025
1810,1046
1810,1086
1810,1801
1810,1819
1810,1835
1810,1840
1810,1841
1810,1847
1810,1866
1810,1890
1810,2948
1810,3239
1810,3256
1810,3264
1811,1803
1811,1808
1811,1813
1811,1817
1811,1823
1811,1826
1811,1834
1811,1844
1811,1858
1811,1864
1811,1871
1811,1874
1811,1879
1811,1886
1811,1892
1811,2788
1811,2793
1811,3240
1811,3248
1811,3255
1811,3263
1812,608
1812,1804
1812,1821
1812,1837
1812,1860
1812,1868
1812,1872
1812,1884
1812,1888
1812,1892
1812,1896
1812,1898
1812,3253
1812,3254
1812,3255
1812,3257
1813,1803
1813,1808
1813,1811
1813,1823
1813,1824
1813,1827
1813,1834
1813,1848
1813,1857
1813,1861
1813,1875
1813,1882
1813,1889
1813,1891
1813,1896
1813,2793
1813,3240
1813,3248
1813,3252
1813,3255
1813,3262
1813,3263
1813,3266
1813,3267
1813,3269
1814,1012
1814,1809
1814,1816
1814,1817
1814,1843
1814,1844
1814,1845
1814,1860
1814,1871
1814,1872
1814,1879
1814,1886
1814,2779
1814,3257
1814,3265
1814,3274
1815,608
1815,1804
1815,1837
1815,1850
1815,1854
1815,1857
1815,1861
1815,1884
1815,1888
1815,1896
1815,1898
1815,3237
1815,3241
1815,3244
1815,3250
1815,3258
1816,1012
1816,1806
1816,1809
1816,1814
1816,1817
1816,1821
1816,1825
1816,1828
1816,1832
1816,1837
1816,1844
1816,1856
1816,1858
1816,1862
1816,1864
1816,1868
1816,1879
1816,1886
1816,1899
1816,2779
1816,2788
1816,3237
1816,3238
1816,3261
1816,3265
1816,3270
1816,3273
1816,3274
1817,682
1817,1806
1817,1808
1817,1809
1817,1811
1817,1814
1817,1816
1817,1844
1817,1845
1817,1860
1817,1868
1817,1879
1817,1886
1817,1892
1817,2779
1817,2788
1817,3238
1817,3270
1817,3271
1817,3274
1818,673
1818,682
1818,1018
1818,1059
1818,1064
1818,1130
1818,1804
1818,1806
1818,1837
1818,1844
1818,1860
1818,1862
1818,1871
1818,1874
1818,1893
1818,2766
1818,2779
1818,2784
1818,2788
1818,2967
1818,3236
1818,3240
1818,3245
1818,3248
1818,3250
1818,3252
1818,3255
1819,1073
1819,1074
1819,1801
1819,1810
1819,1839
1819,1845
1819,1847
1819,1870
1819,1872
1819,1887
1819,1895
1819,2927
1819,3239
1819,3257
1819,3272
1820,172
1820,179
1820,610
1820,616
1820,631
1820,674
1820,699
1820,1100
1820,1143
1820,1165
1820,1841
1820,2756
1820,2764
1820,2777
1820,2789
1820,2969
1820,2987
1820,2990
1820,3279
1820,3296
1821,166
1821,682
1821,1812
1821,1816
1821,1827
1821,1828
1821,1839
1821,1846
1821,1855
1821,1856
1821,1862
1821,1868
1821,1870
1821,1886
1821,1888
1821,1898
1821,1899
1821,2581
1821,2594
1821,2760
1821,2779
1821,3236
1821,3243
1821,3253
1821,3258
1821,3261
1821,3271
1821,3273
1822,676
1822,1023
1822,1060
1822,1062
1822,1806
1822,1809
1822,1843
1822,1846
1822,1850
1822,1862
1822,1878
1822,1888
1822,1898
1822,2594
1822,2918
1822,2949
1822,3236
1822,3260
1822,3261
1823,698
1823,1066
1823,1803
1823,1808
1823,1811
1823,1813
1823,1824
1823,1826
1823,1827
1823,1834
1823,1848
1823,1858
1823,1861
1823,1867
1823,1869
1823,1875
1823,1880
1823,1882
1823,1888
1823,1889
1823,1891
1823,1896
1823,1899
1823,2594
1823,2793
1823,3236
1823,3240
1823,3246
1823,3248
1823,3251
1823,3252
1823,3253
1823,3255
1823,3262
1823,3265
1823,3266
1823,3271
1824,601
1824,698
1824,1803
1824,1808
1824,1813
1824,1823
1824,1833
1824,1848
1824,1849
1824,1855
1824,1857
1824,1861
1824,1867
1824,1869
1824,1875
1824,1882
1824,1891
1824,1899
1824,2760
1824,3236
1824,3240
1824,3248
1824,3255
1824,3262
1825,181
1825,1048
1825,1060
1825,1064
1825,1066
1825,1809
1825,1816
1825,1832
1825,1837
1825,1844
1825,1856
1825,1861
1825,1874
1825,1879
1825,1888
1825,2574
1825,2918
1825,2949
1825,3237
1825,3238
1825,3246
1825,3249
1825,3266
1825,3269
1826,181
1826,676
1826,1806
1826,1811
1826,1823
1826,1832
1826,1834
1826,1858
1826,1864
1826,1899
1826,3238
1826,3262
1826,3269
1826,3270
1827,1808
1827,1809
1827,1813
1827,1821
1827,1823
1827,1844
1827,1848
1827,1861
1827,1862
1827,1869
1827,1888
1827,1899
1827,3238
1827,3240
1827,3251
1827,3253
1827,3262
1827,3271
1827,3274
1828,676
1828,1012
1828,1020
1828,1809
1828,1816
1828,1821
1828,1832
1828,1846
1828,1856
1828,1864
1828,1884
1828,1899
1828,2594
1828,2949
1828,3237
1828,3238
1828,3242
1828,3243
1828,3245
1828,3258
1828,3260
1828,3261
1828,3269
1828,3270
1829,118
1829,131
1829,619
1829,1061
1829,1104
1829,1807
1829,1830
1829,1847
1829,1885
1829,1890
1829,1895
1829,1984
1829,2592
1829,2951
1830,621
1830,641
1830,1026
1830,1036
1830,1049
1830,1065
1830,1807
1830,1829
1830,1842
1830,1851
1830,1863
1830,1876
1830,1877
1830,1885
1830,1890
1830,2571
1830,2592
1830,2759
1830,2786
1830,2940
1830,2945
1830,2951
1830,3312
1831,120
1831,131
1831,621
1831,647
1831,671
1831,1000
1831,1008
1831,1031
1831,1079
1831,1847
1831,1851
1831,1853
1831,1863
1831,1890
1831,2951
1831,3239
1831,3264
1831,3268
1832,1806
1832,1809
1832,1816
1832,1825
1832,1826
1832,1828
1832,1834
1832,1843
1832,1844
1832,1856
1832,1860
1832,1861
1832,1864
1832,1874
1832,1879
1832,3269
1832,3270
1832,3273
1833,173
1833,601
1833,1802
1833,1824
1833,1849
1833,1850
1833,1857
1833,1861
1833,1867
1833,1869
1833,1875
1833,2581
1833,2793
1833,3235
1833,3236
1834,1803
1834,1811
1834,1813
1834,1823
1834,1826
1834,1832
1834,1844
1834,1848
1834,1858
1834,1864
1834,1871
1834,1892
1834,2788
1834,2793
1834,3240
1834,3248
1834,3253
1834,3255
1834,3266
1834,3269
1835,1004
1835,1013
1835,1025
1835,1035
1835,1073
1835,1115
1835,1559
1835,1810
1835,1838
1835,1841
1835,1866
1835,1870
1835,1876
1835,1885
1835,1890
1835,1984
1835,2782
1835,3243
1835,3272
1836,606
1836,1090
1836,1148
1836,1849
1836,1850
1836,1857
1836,1861
1836,1865
1836,1873
1836,1875
1836,1878
1836,1882
1836,3236
1836,3241
1836,3250
1836,3258
1836,3260
1837,1804
1837,1809
1837,1812
1837,1815
1837,1816
1837,1818
1837,1825
1837,1844
1837,1860
1837,1861
1837,1874
1837,1880
1837,1884
1837,1887
1837,1888
1837,1897
1837,1898
1837,3237
1837,3240
1837,3241
1837,3245
1837,3248
1837,3250
1837,3252
1837,3254
1837,3257
1837,3263
1837,3267
1837,3269
1837,3274
1838,108
1838,148
1838,168
1838,172
1838,192
1838,642
1838,1028
1838,1048
1838,1053
1838,1165
1838,1171
1838,1173
1838,1835
1838,1840
1838,1841
1838,1847
1838,1883
1838,1887
1838,1895
1838,2572
1838,2756
1838,3272
1839,619
1839,1073
1839,1801
1839,1819
1839,1821
1839,1850
1839,1862
1839,1872
1839,1893
1839,1895
1839,2982
1839,3239
1839,3243
1839,3245
1839,3271
1840,102
1840,120
1840,167
1840,1120
1840,1124
1840,1139
1840,1166
1840,1810
1840,1838
1840,1847
1840,1872
1840,1881
1840,1887
1840,1895
1840,2568
1840,2943
1840,3239
1840,3244
1840,3256
1840,3257
1840,3259
1841,172
1841,183
1841,610
1841,1020
1841,1801
1841,1810
1841,1820
1841,1835
1841,1838
1841,1845
1841,1856
1841,1870
1841,1872
1841,1887
1841,1895
1841,2756
1841,3257
1841,3272
1842,109
1842,172
1842,615
1842,1135
1842,1807
1842,1830
1842,1851
1842,1853
1842,1854
1842,1866
1842,1876
1842,1877
1842,1885
1842,2570
1842,2592
1842,2767
1842,2945
1842,3247
1842,3312
1843,1066
1843,1803
1843,1809
1843,1814
1843,1822
1843,1832
1843,1861
1843,1874
1843,1875
1843,1879
1843,1880
1843,1888
1843,1889
1843,1891
1843,2594
1843,3237
1843,3248
1843,3250
1843,3265
1843,3266
1843,3269
1843,3274
1844,1012
1844,1803
1844,1806
1844,1808
1844,1809
1844,1811
1844,1814
1844,1816
1844,1817
1844,1818
1844,1825
1844,1827
1844,1832
1844,1834
1844,1837
1844,1845
1844,1858
1844,1860
1844,1868
1844,1871
1844,1872
1844,1874
1844,1879
1844,1886
1844,1892
1844,2788
1844,3238
1844,3248
1844,3257
1844,3265
1844,3271
1844,3274
1845,192
1845,1018
1845,1814
1845,1817
1845,1819
1845,1841
1845,1844
1845,1860
1845,1868
1845,1871
1845,1872
1845,1886
1845,1887
1845,1895
1845,2779
1845,3257
1845,3272
1846,676
1846,1821
1846,1822
1846,1828
1846,1852
1846,1855
1846,1857
1846,1859
1846,1878
1846,1884
1846,1888
1846,1896
1846,2594
1846,2949
1846,3236
1846,3241
1846,3243
1846,3245
1846,3258
1846,3260
1846,3261
1847,172
1847,1017
1847,1028
1847,1036
1847,1046
1847,1079
1847,1801
1847,1807
1847,1810
1847,1819
1847,1829
1847,1831
1847,1838
1847,1840
1847,2917
1847,2945
1847,2951
1847,3239
1847,3264
1848,1066
1848,1803
1848,1813
1848,1823
1848,1824
1848,1827
1848,1834
1848,1855
1848,1857
1848,1861
1848,1869
1848,1874
1848,1875
1848,1880
1848,1882
1848,1888
1848,1889
1848,1891
1848,1894
1848,1896
1848,1899
1848,3237
1848,3240
1848,3241
1848,3246
1848,3248
1848,3249
1848,3251
1848,3252
1848,3253
1848,3255
1848,3258
1848,3262
1848,3266
1848,3267
1849,173
1849,604
1849,625
1849,666
1849,676
1849,698
1849,1090
1849,1800
1849,1802
1849,1805
1849,1824
1849,1833
1849,1836
1849,1850
1849,1855
1849,1857
1849,1861
1849,1865
1849,1867
1849,1873
1849,1894
1849,2581
1849,2594
1849,3235
1849,3236
1849,3260
1850,676
1850,1060
1850,1800
1850,1802
1850,1804
1850,1805
1850,1815
1850,1822
1850,1833
1850,1836
1850,1839
1850,1849
1850,1861
1850,1884
1850,1888
1850,2574
1850,2918
1850,3235
1850,3241
1850,3243
1850,3249
1850,3250
1850,3254
1850,3260
1850,3262
1850,3269
1851,134
1851,147
1851,621
1851,663
1851,1036
1851,1051
1851,1807
1851,1830
1851,1831
1851,1842
1851,1863
1851,1866
1851,1876
1851,1890
1851,2565
1851,2767
1851,2769
1851,2938
1852,1004
1852,1020
1852,1023
1852,1024
1852,1030
1852,1035
1852,1046
1852,1047
1852,1062
1852,1846
1852,2582
1852,2594
1852,3243
1852,3245
1852,3254
1852,3258
1853,120
1853,129
1853,131
1853,187
1853,198
1853,621
1853,641
1853,671
1853,1002
1853,1031
1853,1135
1853,1142
1853,1168
1853,1831
1853,1842
1853,1863
1853,2759
1853,2951
1853,2975
1853,3247
1853,3264
1853,3312
1854,1111
1854,1139
1854,1182
1854,1805
1854,1807
1854,1815
1854,1842
1854,2955
1854,3239
1854,3244
1854,3247
1854,3250
1854,3264
1854,3268
1855,166
1855,627
1855,666
1855,676
1855,1806
1855,1821
1855,1824
1855,1846
1855,1848
1855,1849
1855,1857
1855,1859
1855,1862
1855,1865
1855,1875
1855,1899
1855,2760
1855,3236
1855,3240
1855,3253
1855,3266
1856,1012
1856,1806
1856,1809
1856,1816
1856,1821
1856,1825
1856,1828
1856,1832
1856,1841
1856,1864
1856,1879
1856,1886
1856,3237
1856,3238
1856,3243
1856,3269
1856,3270
1857,601
1857,608
1857,666
1857,1800
1857,1805
1857,1813
1857,1815
1857,1824
1857,1833
1857,1836
1857,1846
1857,1848
1857,1849
1857,1855
1857,1861
1857,1873
1857,1875
1857,1878
1857,1882
1857,1896
1857,1897
1857,2770
1857,2790
1857,3235
1857,3236
1857,3240
1857,3250
1857,3254
1857,3258
1857,3266
1858,1806
1858,1808
1858,1809
1858,1811
1858,1816
1858,1823
1858,1826
1858,1834
1858,1844
1858,1864
1858,1879
1858,1892
1858,3238
1858,3269
1859,606
1859,619
1859,627
1859,662
1859,666
1859,676
1859,682
1859,1062
1859,1090
1859,1148
1859,1194
1859,1846
1859,1855
1859,1862
1859,1865
1859,1876
1859,1878
1859,2763
1859,2778
1859,3236
1859,3242
1859,3260
1860,166
1860,619
1860,682
1860,1812
1860,1814
1860,1817
1860,1818
1860,1832
1860,1837
1860,1844
1860,1845
1860,1868
1860,1871
1860,1886
1860,1898
1860,2766
1860,2788
1860,3240
1860,3245
1860,3248
1860,3253
1860,3255
1860,3257
1860,3263
1860,3274
1861,676
1861,1060
1861,1066
1861,1802
1861,1804
1861,1805
1861,1813
1861,1815
1861,1823
1861,1824
1861,1825
1861,1827
1861,1832
1861,1833
1861,1836
1861,1837
1861,1843
1861,1848
1861,1849
1861,1850
1861,1857
1861,1867
1861,1869
1861,1874
1861,1875
1861,1880
1861,1882
1861,1888
1861,1889
1861,1891
1861,1894
1861,1896
1861,2574
1861,3235
1861,3236
1861,3240
1861,3241
1861,3246
1861,3249
1861,3250
1861,3251
1861,3252
1861,3254
1861,3260
1861,3262
1861,3266
1861,3267
1861,3269
1862,166
1862,682
1862,1020
1862,1806
1862,1816
1862,1818
1862,1821
1862,1822
1862,1827
1862,1839
1862,1855
1862,1859
1862,1868
1862,1870
1862,1876
1862,1899
1862,2760
1862,2779
1862,3236
1862,3237
1862,3238
1862,3242
1862,3243
1862,3254
1862,3261
1862,3273
1863,147
1863,621
1863,641
1863,663
1863,1000
1863,1008
1863,1031
1863,1036
1863,1044
1863,1830
1863,1831
1863,1851
1863,1853
1863,2759
1863,2780
1863,2938
1863,2940
1863,2951
1863,3264
1864,166
1864,1806
1864,1811
1864,1816
1864,1826
1864,1828
1864,1832
1864,1834
1864,1856
1864,1858
1864,1886
1864,2973
1864,3263
1864,3269
1865,627
1865,664
1865,1024
1865,1062
1865,1090
1865,1148
1865,1836
1865,1849
1865,1855
1865,1859
1865,2778
1865,2918
1865,2930
1865,3258
1866,172
1866,1003
1866,1004
1866,1013
1866,1025
1866,1030
1866,1086
1866,1093
1866,1801
1866,1810
1866,1835
1866,1842
1866,1851
1866,1870
1866,1876
1866,1885
1866,1890
1866,1984
1866,2756
1866,2757
1866,2767
1867,698
1867,1800
1867,1802
1867,1805
1867,1806
1867,1823
1867,1824
1867,1833
1867,1849
1867,1861
1867,1869
1867,1899
1867,2760
1867,3236
1867,3260
1867,3262
1868,166
1868,1808
1868,1812
1868,1816
1868,1817
1868,1821
1868,1844
1868,1845
1868,1860
1868,1862
1868,1886
1868,1892
1868,1899
1868,3238
1868,3243
1868,3251
1868,3253
1868,3271
1868,3274
1869,1808
1869,1823
1869,1824
1869,1827
1869,1833
1869,1848
1869,1861
1869,1867
1869,1875
1869,1899
1869,2793
1869,3236
1869,3251
1869,3262
1869,3266
1869,3269
1870,1020
1870,1093
1870,1819
1870,1821
1870,1835
1870,1841
1870,1862
1870,1866
1870,1876
1870,1884
1870,1890
1870,1898
1870,3242
1870,3243
1870,3273
1871,119
1871,683
1871,1137
1871,1811
1871,1814
1871,1818
1871,1834
1871,1844
1871,1845
1871,1860
1871,1874
1871,1886
1871,1892
1871,2766
1871,3248
1872,183
1872,192
1872,1012
1872,1017
1872,1092
1872,1812
1872,1814
1872,1819
1872,1839
1872,1840
1872,1841
1872,1844
1872,1845
1872,1881
1872,1887
1872,1888
1872,1895
1872,3245
1872,3257
1872,3272
1873,173
1873,601
1873,604
1873,606
1873,619
1873,666
1873,1148
1873,1804
1873,1836
1873,1849
1873,1857
1873,1882
1873,1884
1873,2770
1873,2790
1873,2975
1873,3235
1873,3250
1874,1027
1874,1048
1874,1064
1874,1066
1874,1088
1874,1809
1874,1811
1874,1818
1874,1825
1874,1832
1874,1837
1874,1843
1874,1844
1874,1848
1874,1861
1874,1871
1874,1875
1874,1880
1874,1888
1874,2788
1874,3240
1874,3248
1874,3250
1874,3252
1874,3267
1875,601
1875,625
1875,698
1875,1800
1875,1802
1875,1803
1875,1805
1875,1806
1875,1813
1875,1823
1875,1824
1875,1833
1875,1836
1875,1843
1875,1848
1875,1855
1875,1857
1875,1861
1875,1869
1875,1874
1875,1880
1875,1882
1875,1889
1875,1891
1875,1894
1875,1896
1875,1899
1875,2760
1875,2793
1875,3237
1875,3240
1875,3248
1875,3249
1875,3250
1875,3252
1875,3258
1875,3266
1875,3267
1876,197
1876,606
1876,619
1876,662
1876,1004
1876,1030
1876,1036
1876,1062
1876,1090
1876,1093
1876,1148
1876,1830
1876,1835
1876,1842
1876,1851
1876,1859
1876,1862
1876,1866
1876,1870
1876,1885
1876,1890
1876,2767
1876,2778
1876,2786
1876,2930
1876,2945
1877,109
1877,125
1877,670
1877,672
1877,1139
1877,1830
1877,1842
1877,1921
1877,2592
1877,2768
1877,2786
1877,2790
1877,3247
1877,3264
1877,3268
1877,3276
1877,3294
1877,3312
1878,606
1878,619
1878,676
1878,1023
1878,1047
1878,1090
1878,1822
1878,1836
1878,1846
1878,1857
1878,1859
1878,1884
1878,1897
1878,1898
1878,2790
1878,2949
1878,3236
1878,3241
1878,3260
1879,1809
1879,1811
1879,1814
1879,1816
1879,1817
1879,1825
1879,1832
1879,1843
1879,1844
1879,1856
1879,1858
1879,1886
1879,1892
1879,3237
1879,3238
1879,3265
1879,3270
1880,1066
1880,1803
1880,1823
1880,1837
1880,1843
1880,1848
1880,1861
1880,1874
1880,1875
1880,1888
1880,3237
1880,3246
1880,3248
1880,3266
1880,3267
1880,3274
1881,111
1881,112
1881,114
1881,125
1881,153
1881,163
1881,174
1881,650
1881,1120
1881,1123
1881,1124
1881,1132
1881,1139
1881,1157
1881,1840
1881,1872
1881,1895
1881,2568
1881,2585
1881,2943
1881,2972
1881,3244
1881,3259
1882,601
1882,698
1882,1803
1882,1804
1882,1813
1882,1823
1882,1824
1882,1836
1882,1848
1882,1857
1882,1861
1882,1873
1882,1875
1882,1891
1882,3236
1882,3240
1882,3250
1882,3255
1883,116
1883,118
1883,140
1883,148
1883,150
1883,164
1883,178
1883,192
1883,600
1883,616
1883,656
1883,1153
1883,1838
1883,1895
1883,2563
1883,2588
1884,619
1884,1804
1884,1805
1884,1812
1884,1815
1884,1828
1884,1837
1884,1846
1884,1850
1884,1870
1884,1873
1884,1878
1884,1888
1884,1897
1884,1898
1884,2918
1884,2949
1884,3235
1884,3241
1884,3242
1884,3243
1884,3250
1884,3254
1884,3258
1884,3260
1885,118
1885,172
1885,1026
1885,1029
1885,1095
1885,1107
1885,1807
1885,1829
1885,1830
1885,1835
1885,1842
1885,1866
1885,1876
1885,1890
1885,1921
1885,1984
1885,2571
1885,2592
1885,2756
1885,2945
1885,2951
1885,2965
1885,3272
1885,3312
1886,1811
1886,1814
1886,1816
1886,1817
1886,1821
1886,1844
1886,1845
1886,1856
1886,1860
1886,1864
1886,1868
1886,1871
1886,1879
1886,1892
1886,1899
1886,3238
1886,3253
1886,3270
1887,167
1887,195
1887,1005
1887,1017
1887,1021
1887,1040
1887,1048
1887,1092
1887,1819
1887,1837
1887,1838
1887,1840
1887,1841
1887,1845
1887,1872
1887,1895
1887,2575
1887,2927
1887,2936
1887,2943
1887,2948
1887,3245
1887,3257
1887,3259
1888,1060
1888,1804
1888,1809
1888,1812
1888,1815
1888,1821
1888,1822
1888,1823
1888,1825
1888,1827
1888,1837
1888,1843
1888,1846
1888,1848
1888,1850
1888,1861
1888,1872
1888,1874
1888,1880
1888,1884
1888,1896
1888,1898
1888,2918
1888,3236
1888,3237
1888,3238
1888,3241
1888,3245
1888,3246
1888,3249
1888,3250
1888,3251
1888,3253
1888,3254
1888,3258
1888,3261
1888,3262
1888,3265
1888,3266
1888,3269
1888,3274
1889,625
1889,1064
1889,1803
1889,1813
1889,1823
1889,1843
1889,1848
1889,1861
1889,1875
1889,1891
1889,2594
1889,3240
1889,3246
1889,3248
1889,3249
1889,3262
1889,3266
1889,3267
1889,3269
1890,118
1890,147
1890,172
1890,619
1890,1013
1890,1025
1890,1197
1890,1807
1890,1810
1890,1829
1890,1830
1890,1831
1890,1835
1890,1851
1890,1866
1890,1870
1890,1876
1890,1885
1890,2571
1890,2786
1890,2965
1891,1803
1891,1813
1891,1823
1891,1824
1891,1843
1891,1848
1891,1861
1891,1875
1891,1882
1891,1889
1891,3240
1891,3248
1891,3255
1891,3266
1892,1018
1892,1808
1892,1809
1892,1811
1892,1812
1892,1817
1892,1834
1892,1844
1892,1858
1892,1868
1892,1871
1892,1879
1892,1886
1892,2788
1892,3238
1892,3240
1892,3248
1892,3253
1892,3255
1893,181
1893,1001
1893,1005
1893,1040
1893,1042
1893,1048
1893,1057
1893,1068
1893,1130
1893,1173
1893,1818
1893,1839
1893,2561
1893,2956
1893,3245
1894,625
1894,666
1894,676
1894,689
1894,698
1894,1060
1894,1097
1894,1800
1894,1802
1894,1804
1894,1805
1894,1848
1894,1849
1894,1861
1894,1875
1894,2770
1894,3249
1894,3260
1894,3267
1895,192
1895,1053
1895,1167
1895,1801
1895,1819
1895,1829
1895,1838
1895,1839
1895,1840
1895,1841
1895,1845
1895,1872
1895,1881
1895,1883
1895,1887
1895,2927
1895,2943
1895,3239
1895,3257
1895,3259
1895,3272
1896,608
1896,676
1896,1804
1896,1812
1896,1813
1896,1815
1896,1823
1896,1846
1896,1848
1896,1857
1896,1861
1896,1875
1896,1888
1896,3240
1896,3245
1896,3252
1896,3254
1896,3258
1896,3263
1896,3266
1896,3267
1896,3269
1897,109
1897,608
1897,619
1897,673
1897,1804
1897,1837
1897,1857
1897,1878
1897,1884
1897,1898
1897,2767
1897,2790
1897,2983
1897,3244
1897,3250
1898,619
1898,1060
1898,1804
1898,1812
1898,1815
1898,1821
1898,1822
1898,1837
1898,1860
1898,1870
1898,1878
1898,1884
1898,1888
1898,1897
1898,1899
1898,2918
1898,2949
1898,3236
1898,3237
1898,3241
1898,3250
1898,3274
1899,676
1899,1806
1899,1808
1899,1809
1899,1816
1899,1821
1899,1823
1899,1824
1899,1826
1899,1827
1899,1828
1899,1848
1899,1855
1899,1862
1899,1867
1899,1868
1899,1869
1899,1875
1899,1886
1899,1898
1899,2760
1899,3236
1899,3237
1899,3238
1899,3251
1899,3253
1899,3261
1899,3262
1899,3265
1899,3269
1899,3271
1900,120
1900,144
1900,623
1900,624
1900,679
1900,692
1900,1117
1900,1121
1900,1158
1900,1169
1900,1908
1900,1966
1900,2755
1900,2757
1900,2758
1900,2774
1900,2791
1900,2961
1900,2962
1900,2983
1900,3284
1901,603
1901,622
1901,633
1901,637
1901,639
1901,649
1901,655
1901,691
1901,1172
1901,1925
1901,1928
1901,1935
1901,1944
1901,1952
1901,1962
1901,1963
1901,1965
1901,1967
1901,1968
1901,1970
1901,1973
1901,1992
1901,1996
1901,2787
1901,3283
1901,3286
1901,3288
1901,3291
1901,3308
1902,658
1902,697
1902,1904
1902,1906
1902,1938
1902,1946
1902,1948
1902,1951
1902,1969
1902,1992
1902,1995
1902,1999
1902,3281
1902,3313
1903,649
1903,691
1903,1911
1903,1923
1903,1935
1903,1942
1903,1944
1903,1952
1903,1954
1903,1956
1903,1963
1903,1992
1903,1996
1903,2765
1903,2794
1903,3280
1903,3291
1903,3293
1903,3298
1903,3299
1903,3308
1904,658
1904,1902
1904,1906
1904,1908
1904,1938
1904,1946
1904,1948
1904,1951
1904,1983
1904,1986
1904,1995
1904,1999
1904,3281
1904,3313
1905,180
1905,620
1905,677
1905,692
1905,1603
1905,1930
1905,1949
1905,1955
1905,1960
1905,1971
1905,1985
1905,1988
1905,2755
1905,2965
1905,3174
1905,3287
1905,3302
1905,3306
1906,658
1906,1902
1906,1904
1906,1907
1906,1915
1906,1938
1906,1946
1906,1948
1906,1951
1906,1969
1906,1976
1906,1986
1906,1995
1906,1999
1906,3281
1906,3313
1907,1906
1907,1915
1907,1926
1907,1938
1907,1946
1907,1947
1907,1951
1907,1955
1907,1964
1907,1971
1907,1972
1907,1976
1907,1994
1907,1995
1907,1998
1907,1999
1907,3277
1907,3282
1907,3313
1908,616
1908,642
1908,656
1908,661
1908,686
1908,699
1908,1183
1908,1185
1908,1900
1908,1904
1908,1948
1908,1984
1908,1987
1908,2774
1908,2792
1908,3279
1908,3284
1909,613
1909,618
1909,663
1909,671
1909,681
1909,1921
1909,1931
1909,1933
1909,1941
1909,1989
1909,1993
1909,3284
1909,3294
1909,3312
1910,161
1910,165
1910,169
1910,620
1910,677
1910,1603
1910,1929
1910,1930
1910,1943
1910,1949
1910,1960
1910,1972
1910,1985
1910,2365
1910,2555
1910,3174
1910,3176
1910,3277
1910,3287
1910,3302
1910,3306
1910,3504
1911,691
1911,693
1911,1106
1911,1136
1911,1903
1911,1912
1911,1917
1911,1944
1911,1945
1911,1956
1911,1959
1911,1973
1911,1980
1911,1996
1911,2794
1911,3295
1911,3303
1911,3308
1911,3309
1912,1691
1912,1911
1912,1944
1912,1945
1912,1956
1912,1958
1912,1959
1912,1961
1912,1965
1912,1980
1912,1992
1912,1996
1912,3280
1912,3286
1912,3295
1912,3301
1913,607
1913,633
1913,634
1913,637
1913,694
1913,1919
1913,1924
1913,1932
1913,1942
1913,1958
1913,1974
1913,1977
1913,1980
1913,1982
1913,1983
1913,3275
1913,3285
1913,3299
1913,3308
1914,103
1914,137
1914,151
1914,161
1914,165
1914,169
1914,188
1914,196
1914,630
1914,651
1914,652
1914,1575
1914,1576
1914,1657
1914,1687
1914,1916
1914,1926
1914,1929
1914,1934
1914,1936
1914,1947
1914,1950
1914,1964
1914,1985
1914,1998
1914,2342
1914,2591
1914,2785
1914,3145
1914,3277
1914,3297
1914,3306
1914,3307
1914,3314
1915,130
1915,658
1915,1906
1915,1907
1915,1951
1915,1969
1915,1972
1915,1976
1915,1994
1915,1995
1915,1998
1915,1999
1915,3281
1915,3282
1916,137
1916,151
1916,165
1916,188
1916,630
1916,651
1916,652
1916,1032
1916,1914
1916,1926
1916,1934
1916,1950
1916,1964
1916,1986
1916,1994
1916,1999
1916,2489
1916,2591
1916,2785
1916,3297
1916,3307
1916,3314
1917,609
1917,612
1917,689
1917,693
1917,1172
1917,1911
1917,1923
1917,1927
1917,1956
1917,1961
1917,1963
1917,1967
1917,1973
1917,1990
1917,3283
1917,3299
1917,3300
1917,3301
1918,100
1918,137
1918,151
1918,165
1918,281
1918,1594
1918,1657
1918,1687
1918,1926
1918,1929
1918,1936
1918,1964
1918,2376
1918,2448
1918,2452
1918,2591
1918,3176
1918,3306
1918,3437
1918,3458
1919,607
1919,633
1919,643
1919,1913
1919,1922
1919,1932
1919,1940
1919,1942
1919,1958
1919,1967
1919,1970
1919,1974
1919,1977
1919,1979
1919,1982
1919,1983
1919,1990
1919,1992
1919,1997
1919,2772
1919,2776
1919,3283
1919,3293
1919,3299
1919,3308
1920,612
1920,1101
1920,1923
1920,1924
1920,1927
1920,1937
1920,1957
1920,1978
1920,1987
1920,2972
1920,2983
1920,3279
1920,3288
1920,3294
1920,3311
1921,109
1921,618
1921,663
1921,696
1921,1022
1921,1104
1921,1139
1921,1168
1921,1191
1921,1877
1921,1885
1921,1909
1921,1927
1921,1931
1921,1933
1921,1941
1921,1953
1921,1981
1921,1987
1921,1993
1921,2768
1921,2775
1921,2780
1921,2961
1921,3247
1921,3276
1921,3284
1921,3294
1921,3311
1921,3312
1922,633
1922,634
1922,1919
1922,1923
1922,1937
1922,1954
1922,1967
1922,1979
1922,1982
1922,1997
1922,2772
1922,2776
1922,2783
1922,3165
1922,3298
1922,3299
1922,3308
1923,612
1923,640
1923,678
1923,690
1923,693
1923,1903
1923,1917
1923,1920
1923,1922
1923,1924
1923,1928
1923,1937
1923,1952
1923,1956
1923,1957
1923,1975
1923,1978
1923,1991
1923,1996
1923,2783
1923,3288
1923,3289
1923,3290
1923,3291
1923,3292
1923,3298
1923,3299
1923,3308
1923,3311
1924,640
1924,690
1924,1913
1924,1920
1924,1923
1924,1932
1924,1940
1924,1957
1924,1970
1924,1979
1924,1982
1924,1983
1924,2783
1924,3278
1924,3279
1925,603
1925,622
1925,633
1925,639
1925,655
1925,1901
1925,1939
1925,1942
1925,1944
1925,1962
1925,1965
1925,1967
1925,1968
1925,1970
1925,1975
1925,1997
1925,2776
1925,2787
1925,3275
1926,103
1926,137
1926,161
1926,165
1926,605
1926,630
1926,651
1926,652
1926,1594
1926,1907
1926,1914
1926,1916
1926,1918
1926,1929
1926,1943
1926,1950
1926,1964
1926,1972
1926,1986
1926,1994
1926,1998
1926,2376
1926,3277
1926,3282
1926,3297
1926,3306
1926,3307
1926,3314
1926,3437
1926,3458
1927,609
1927,612
1927,646
1927,1101
1927,1109
1927,1140
1927,1168
1927,1191
1927,1917
1927,1920
1927,1921
1927,1945
1927,1987
1927,2972
1927,2977
1927,3276
1927,3294
1927,3311
1928,622
1928,1901
1928,1923
1928,1937
1928,1952
1928,1973
1928,1991
1928,1996
1928,3283
1928,3288
1928,3289
1928,3290
1928,3291
1928,3298
1928,3308
1929,137
1929,161
1929,165
1929,169
1929,196
1929,620
1929,1594
1929,1910
1929,1914
1929,1918
1929,1926
1929,1934
1929,1943
1929,1949
1929,1964
1929,1972
1929,1998
1929,3176
1929,3277
1929,3302
1929,3306
1929,3314
1930,154
1930,161
1930,176
1930,180
1930,506
1930,620
1930,632
1930,677
1930,992
1930,1067
1930,1600
1930,1603
1930,1905
1930,1910
1930,1933
1930,1943
1930,1949
1930,1960
1930,1966
1930,1971
1930,1989
1930,2556
1930,2560
1930,2757
1930,2761
1931,613
1931,663
1931,696
1931,1117
1931,1118
1931,1909
1931,1921
1931,1941
1931,1953
1931,1955
1931,1987
1931,2983
1931,3284
1931,3294
1931,3312
1932,607
1932,640
1932,694
1932,1913
1932,1919
1932,1924
1932,1940
1932,1970
1932,1977
1932,1982
1932,1983
1932,1991
1932,2783
1932,3285
1932,3299
1932,3304
1932,3308
1933,185
1933,613
1933,615
1933,618
1933,621
1933,663
1933,681
1933,1118
1933,1909
1933,1921
1933,1930
1933,1941
1933,1955
1933,1966
1933,1971
1933,1993
1933,2780
1933,3284
1933,3312
1934,103
1934,133
1934,152
1934,1914
1934,1916
1934,1929
1934,1938
1934,1946
1934,1947
1934,1950
1934,1972
1934,1986
1934,1999
1934,2583
1934,3306
1934,3313
1934,3314
1935,603
1935,622
1935,639
1935,1901
1935,1903
1935,1942
1935,1944
1935,1963
1935,1965
1935,1967
1935,1968
1935,1974
1935,3280
1935,3286
1935,3293
1935,3300
1936,137
1936,151
1936,161
1936,267
1936,341
1936,1519
1936,1537
1936,1575
1936,1657
1936,1687
1936,1914
1936,1918
1936,1950
1936,2448
1936,2591
1936,2599
1936,2624
1936,3145
1936,3176
1937,612
1937,1920
1937,1922
1937,1923
1937,1928
1937,1956
1937,1979
1937,1991
1937,2783
1937,3288
1937,3289
1937,3298
1937,3299
1937,3308
1938,658
1938,1902
1938,1904
1938,1906
1938,1907
1938,1934
1938,1946
1938,1947
1938,1948
1938,1951
1938,1986
1938,1995
1938,1999
1938,3313
1939,639
1939,640
1939,655
1939,697
1939,1925
1939,1942
1939,1962
1939,1967
1939,1968
1939,1977
1939,1992
1939,3275
1939,3280
1939,3281
1939,3304
1940,643
1940,1919
1940,1924
1940,1932
1940,1952
1940,1956
1940,1968
1940,1970
1940,1979
1940,1982
1940,1983
1940,1991
1940,1997
1940,2783
1940,2787
1941,185
1941,618
1941,663
1941,671
1941,1615
1941,1909
1941,1921
1941,1931
1941,1933
1941,1981
1941,1989
1941,1993
1941,2983
1941,3284
1941,3312
1942,622
1942,633
1942,1903
1942,1913
1942,1919
1942,1925
1942,1935
1942,1939
1942,1944
1942,1954
1942,1958
1942,1961
1942,1962
1942,1963
1942,1965
1942,1967
1942,1968
1942,1974
1942,1977
1942,1980
1942,1982
1942,1992
1942,1997
1942,3275
1942,3280
1942,3283
1942,3286
1942,3293
1942,3295
1942,3300
1942,3301
1942,3304
1942,3308
1943,161
1943,165
1943,620
1943,651
1943,677
1943,1603
1943,1694
1943,1910
1943,1926
1943,1929
1943,1930
1943,1949
1943,1960
1943,1964
1943,1971
1943,3169
1943,3277
1943,3302
1944,603
1944,622
1944,633
1944,639
1944,1901
1944,1903
1944,1911
1944,1912
1944,1925
1944,1935
1944,1942
1944,1956
1944,1958
1944,1962
1944,1963
1944,1965
1944,1967
1944,1975
1944,1980
1944,1992
1944,1996
1944,2794
1944,3165
1944,3280
1944,3283
1944,3286
1944,3293
1944,3308
1945,678
1945,1911
1945,1912
1945,1927
1945,1957
1945,1958
1945,1959
1945,1961
1945,1977
1945,1980
1945,1996
1945,3276
1945,3286
1945,3289
1945,3294
1945,3295
1945,3301
1946,133
1946,152
1946,658
1946,1075
1946,1902
1946,1904
1946,1906
1946,1907
1946,1934
1946,1938
1946,1947
1946,1948
1946,1951
1946,1972
1946,1976
1946,1986
1946,1995
1946,1999
1946,2583
1946,3313
1947,1907
1947,1914
1947,1934
1947,1938
1947,1946
1947,1951
1947,1972
1947,1976
1947,1985
1947,1999
1947,2785
1947,3277
1947,3282
1947,3306
1947,3313
1947,3314
1948,640
1948,658
1948,694
1948,697
1948,1129
1948,1902
1948,1904
1948,1906
1948,1908
1948,1938
1948,1946
1948,1951
1948,1969
1948,1976
1948,1983
1948,1995
1948,3281
1948,3304
1949,154
1949,155
1949,161
1949,165
1949,620
1949,677
1949,1603
1949,1905
1949,1910
1949,1929
1949,1930
1949,1943
1949,1960
1949,1971
1949,1988
1949,2580
1949,3174
1949,3277
1949,3287
1949,3302
1950,137
1950,151
1950,188
1950,630
1950,651
1950,652
1950,1657
1950,1687
1950,1914
1950,1916
1950,1926
1950,1934
1950,1936
1950,1964
1950,1998
1950,2448
1950,2591
1950,2785
1950,3145
1950,3307
1950,3314
1951,133
1951,152
1951,658
1951,1902
1951,1904
1951,1906
1951,1907
1951,1915
1951,1938
1951,1946
1951,1947
1951,1948
1951,1969
1951,1976
1951,1985
1951,1995
1951,1999
1951,2583
1951,3281
1951,3313
1952,649
1952,678
1952,1901
1952,1903
1952,1923
1952,1928
1952,1940
1952,1962
1952,1968
1952,1977
1952,1979
1952,1982
1952,1991
1952,1992
1952,1996
1952,2776
1952,2783
1952,2784
1952,3288
1952,3289
1952,3290
1952,3291
1952,3308
1953,663
1953,666
1953,1168
1953,1921
1953,1931
1953,1955
1953,1966
1953,1981
1953,1987
1953,2769
1953,2780
1953,3294
1953,3296
1953,3312
1954,649
1954,1128
1954,1903
1954,1922
1954,1942
1954,1963
1954,1967
1954,1974
1954,1990
1954,1991
1954,1997
1954,2772
1954,3293
1954,3299
1955,613
1955,1905
1955,1907
1955,1931
1955,1933
1955,1953
1955,1960
1955,1971
1955,1987
1955,2755
1955,2780
1955,2965
1955,3279
1955,3284
1955,3312
1956,622
1956,633
1956,637
1956,649
1956,690
1956,691
1956,694
1956,1172
1956,1691
1956,1903
1956,1911
1956,1912
1956,1917
1956,1923
1956,1937
1956,1940
1956,1944
1956,1957
1956,1959
1956,1961
1956,1965
1956,1975
1956,1978
1956,1980
1956,1991
1956,1996
1956,2783
1956,2784
1956,3165
1956,3283
1956,3285
1956,3286
1956,3288
1956,3289
1956,3298
1956,3308
1956,3309
1957,631
1957,640
1957,646
1957,690
1957,691
1957,1920
1957,1923
1957,1924
1957,1945
1957,1956
1957,1991
1957,2774
1957,2969
1957,2983
1957,3278
1957,3279
1957,3288
1957,3289
1957,3290
1957,3292
1957,3296
1957,3308
1957,3311
1958,607
1958,622
1958,633
1958,634
1958,637
1958,639
1958,689
1958,1912
1958,1913
1958,1919
1958,1942
1958,1944
1958,1945
1958,1961
1958,1963
1958,1965
1958,1967
1958,1977
1958,1980
1958,3280
1958,3283
1958,3286
1958,3295
1958,3300
1958,3301
1958,3308
1959,649
1959,672
1959,678
1959,1911
1959,1912
1959,1945
1959,1956
1959,1980
1959,1992
1959,1996
1959,2794
1959,3280
1959,3289
1959,3291
1960,176
1960,632
1960,663
1960,677
1960,1905
1960,1910
1960,1930
1960,1943
1960,1949
1960,1955
1960,1971
1960,1988
1960,1993
1960,2556
1960,3302
1960,3305
1961,1172
1961,1912
1961,1917
1961,1942
1961,1945
1961,1956
1961,1958
1961,1963
1961,1965
1961,3275
1961,3283
1961,3285
1961,3286
1961,3295
1961,3300
1961,3301
1962,622
1962,633
1962,655
1962,1901
1962,1925
1962,1939
1962,1942
1962,1944
1962,1952
1962,1963
1962,1965
1962,1967
1962,1968
1962,1970
1962,1973
1962,1974
1962,1977
1962,2787
1962,3275
1962,3283
1962,3301
1963,607
1963,609
1963,622
1963,633
1963,1172
1963,1901
1963,1903
1963,1917
1963,1935
1963,1942
1963,1944
1963,1954
1963,1958
1963,1961
1963,1962
1963,1973
1963,1974
1963,1980
1963,1991
1963,1992
1963,1997
1963,3280
1963,3283
1963,3286
1963,3293
1963,3300
1963,3301
1963,3308
1964,137
1964,605
1964,630
1964,651
1964,652
1964,1537
1964,1657
1964,1907
1964,1914
1964,1916
1964,1918
1964,1926
1964,1929
1964,1943
1964,1950
1964,1972
1964,1986
1964,1994
1964,1998
1964,2332
1964,2342
1964,2489
1964,3169
1964,3277
1964,3306
1964,3307
1964,3314
1965,603
1965,622
1965,633
1965,637
1965,639
1965,1901
1965,1912
1965,1925
1965,1935
1965,1942
1965,1944
1965,1956
1965,1958
1965,1961
1965,1962
1965,1967
1965,1970
1965,1980
1965,2787
1965,3280
1965,3283
1965,3286
1965,3295
1965,3300
1965,3301
1965,3308
1966,185
1966,663
1966,677
1966,1031
1966,1121
1966,1900
1966,1930
1966,1933
1966,1953
1966,1971
1966,1981
1966,1989
1966,1993
1966,2780
1966,3282
1966,3310
1966,3312
1967,603
1967,622
1967,633
1967,1901
1967,1917
1967,1919
1967,1922
1967,1925
1967,1935
1967,1939
1967,1942
1967,1944
1967,1954
1967,1958
1967,1962
1967,1965
1967,1968
1967,1970
1967,1974
1967,1977
1967,1979
1967,1982
1967,1990
1967,1997
1967,2772
1967,2776
1967,2783
1967,2787
1967,3165
1967,3275
1967,3283
1967,3293
1967,3299
1967,3300
1967,3308
1968,603
1968,622
1968,633
1968,639
1968,655
1968,689
1968,1901
1968,1925
1968,1935
1968,1939
1968,1940
1968,1942
1968,1952
1968,1962
1968,1967
1968,1970
1968,1974
1968,1979
1968,1982
1968,1990
1968,1991
1968,1997
1968,2772
1968,2776
1968,2787
1968,3275
1968,3283
1968,3293
1968,3300
1969,130
1969,640
1969,658
1969,694
1969,697
1969,1096
1969,1902
1969,1906
1969,1915
1969,1948
1969,1951
1969,1994
1969,1995
1969,3281
1969,3304
1970,622
1970,633
1970,643
1970,655
1970,689
1970,1901
1970,1919
1970,1924
1970,1925
1970,1932
1970,1940
1970,1962
1970,1965
1970,1967
1970,1968
1970,1975
1970,1979
1970,1983
1970,1997
1970,2787
1971,613
1971,618
1971,620
1971,1905
1971,1907
1971,1930
1971,1933
1971,1943
1971,1949
1971,1955
1971,1960
1971,1966
1971,3277
1971,3284
1972,133
1972,152
1972,165
1972,627
1972,658
1972,1015
1972,1907
1972,1910
1972,1915
1972,1926
1972,1929
1972,1934
1972,1946
1972,1947
1972,1964
1972,1976
1972,1985
1972,1986
1972,1994
1972,1998
1972,1999
1972,2376
1972,3174
1972,3277
1972,3282
1972,3306
1972,3313
1972,3314
1973,609
1973,612
1973,622
1973,672
1973,689
1973,1172
1973,1901
1973,1911
1973,1917
1973,1928
1973,1962
1973,1963
1973,1975
1973,1991
1973,2784
1973,3285
1973,3286
1973,3288
1973,3308
1973,3309
1974,622
1974,633
1974,1913
1974,1919
1974,1935
1974,1942
1974,1954
1974,1962
1974,1963
1974,1967
1974,1968
1974,1982
1974,1990
1974,3275
1974,3293
1974,3299
1974,3308
1975,622
1975,633
1975,1923
1975,1925
1975,1944
1975,1956
1975,1970
1975,1973
1975,1979
1975,1991
1975,1997
1975,2772
1975,3165
1975,3308
1976,130
1976,627
1976,658
1976,664
1976,1906
1976,1907
1976,1915
1976,1946
1976,1947
1976,1948
1976,1951
1976,1972
1976,1985
1976,1986
1976,1989
1976,1994
1976,1995
1976,1999
1976,2931
1976,3174
1976,3282
1976,3297
1976,3306
1976,3313
1976,3314
1977,607
1977,633
1977,640
1977,1913
1977,1919
1977,1932
1977,1939
1977,1942
1977,1945
1977,1952
1977,1958
1977,1962
1977,1967
1977,1982
1977,1991
1977,2783
1977,3293
1977,3295
1978,690
1978,693
1978,1106
1978,1920
1978,1923
1978,1956
1978,2969
1978,2972
1978,3289
1978,3290
1978,3291
1978,3296
1978,3303
1978,3308
1979,633
1979,643
1979,1919
1979,1922
1979,1924
1979,1937
1979,1940
1979,1952
1979,1967
1979,1968
1979,1970
1979,1975
1979,1982
1979,1983
1979,1991
1979,1997
1979,2772
1979,2783
1979,2784
1979,2787
1980,607
1980,633
1980,634
1980,1911
1980,1912
1980,1913
1980,1942
1980,1944
1980,1945
1980,1956
1980,1958
1980,1959
1980,1963
1980,1965
1980,1996
1980,3280
1980,3295
1981,641
1981,663
1981,1168
1981,1921
1981,1941
1981,1953
1981,1966
1981,2571
1981,2759
1981,2780
1981,3276
1981,3294
1981,3296
1981,3312
1982,1913
1982,1919
1982,1922
1982,1924
1982,1932
1982,1940
1982,1942
1982,1952
1982,1967
1982,1968
1982,1974
1982,1977
1982,1979
1982,1983
1982,1990
1982,2772
1982,2776
1982,2783
1982,3275
1982,3293
1982,3299
1982,3308
1983,607
1983,634
1983,640
1983,694
1983,1904
1983,1913
1983,1919
1983,1924
1983,1932
1983,1940
1983,1948
1983,1970
1983,1979
1983,1982
1983,2772
1983,2783
1983,3278
1983,3299
1983,3304
1983,3308
1984,118
1984,172
1984,626
1984,650
1984,686
1984,1171
1984,1197
1984,1801
1984,1829
1984,1835
1984,1866
1984,1885
1984,1908
1984,1988
1984,2782
1984,2791
1984,2983
1984,2988
1984,3256
1984,3279
1984,3284
1984,3296
1985,103
1985,130
1985,155
1985,161
1985,165
1985,169
1985,196
1985,620
1985,651
1985,677
1985,1594
1985,1905
1985,1910
1985,1914
1985,1947
1985,1951
1985,1972
1985,1976
1985,1986
1985,1989
1985,2555
1985,2785
1985,3277
1985,3282
1985,3287
1985,3297
1985,3302
1985,3306
1985,3310
1985,3314
1986,152
1986,620
1986,1032
1986,1096
1986,1904
1986,1906
1986,1916
1986,1926
1986,1934
1986,1938
1986,1946
1986,1964
1986,1972
1986,1976
1986,1985
1986,1994
1986,1999
1986,2489
1986,2931
1986,3174
1986,3282
1986,3297
1986,3306
1986,3313
1986,3314
1987,640
1987,1908
1987,1920
1987,1921
1987,1927
1987,1931
1987,1953
1987,1955
1987,3276
1987,3279
1987,3284
1987,3294
1987,3311
1987,3312
1988,613
1988,618
1988,679
1988,692
1988,1197
1988,1905
1988,1949
1988,1960
1988,1984
1988,1993
1988,2569
1988,2580
1988,2755
1988,2757
1988,2965
1989,176
1989,185
1989,605
1989,630
1989,632
1989,651
1989,663
1989,664
1989,1909
1989,1930
1989,1941
1989,1966
1989,1976
1989,1985
1989,2556
1989,2761
1989,3282
1989,3310
1990,633
1990,691
1990,1072
1990,1917
1990,1919
1990,1954
1990,1967
1990,1968
1990,1974
1990,1982
1990,1991
1990,2772
1990,2776
1990,3259
1990,3291
1990,3293
1990,3298
1990,3299
1990,3308
1991,607
1991,609
1991,612
1991,622
1991,643
1991,1172
1991,1923
1991,1928
1991,1932
1991,1937
1991,1940
1991,1952
1991,1954
1991,1956
1991,1957
1991,1963
1991,1968
1991,1973
1991,1975
1991,1977
1991,1979
1991,1990
1991,1997
1991,2772
1991,2776
1991,2783
1991,2784
1991,2986
1991,3288
1991,3290
1991,3291
1991,3298
1991,3299
1991,3308
1992,633
1992,1901
1992,1902
1992,1903
1992,1912
1992,1919
1992,1939
1992,1942
1992,1944
1992,1952
1992,1959
1992,1963
1992,1996
1992,3280
1992,3286
1992,3293
1992,3304
1992,3308
1993,132
1993,139
1993,193
1993,602
1993,613
1993,618
1993,621
1993,629
1993,632
1993,647
1993,663
1993,681
1993,1615
1993,1909
1993,1921
1993,1933
1993,1941
1993,1960
1993,1966
1993,1988
1993,2573
1993,2576
1993,2584
1993,2755
1993,2771
1993,2775
1993,2781
1993,2965
1993,3284
1993,3305
1993,3310
1993,3312
1994,130
1994,658
1994,1907
1994,1915
1994,1916
1994,1926
1994,1964
1994,1969
1994,1972
1994,1976
1994,1986
1994,1999
1994,3282
1994,3297
1995,640
1995,658
1995,697
1995,1129
1995,1902
1995,1904
1995,1906
1995,1907
1995,1915
1995,1938
1995,1946
1995,1948
1995,1951
1995,1969
1995,1976
1995,1999
1995,3281
1995,3304
1995,3313
1996,649
1996,678
1996,691
1996,1901
1996,1903
1996,1911
1996,1912
1996,1923
1996,1928
1996,1944
1996,1945
1996,1952
1996,1956
1996,1959
1996,1980
1996,1992
1996,3286
1996,3288
1996,3289
1996,3290
1996,3291
1996,3292
1996,3308
1997,603
1997,607
1997,622
1997,633
1997,643
1997,655
1997,1919
1997,1922
1997,1925
1997,1940
1997,1942
1997,1954
1997,1963
1997,1967
1997,1968
1997,1970
1997,1975
1997,1979
1997,1991
1997,2776
1997,2787
1997,3165
1997,3293
1998,630
1998,651
1998,1501
1998,1907
1998,1914
1998,1915
1998,1926
1998,1929
1998,1950
1998,1964
1998,1972
1998,1999
1998,2785
1998,3282
1998,3306
1998,3314
1999,133
1999,152
1999,652
1999,658
1999,1075
1999,1902
1999,1904
1999,1906
1999,1907
1999,1915
1999,1916
1999,1934
1999,1938
1999,1946
1999,1947
1999,1951
1999,1972
1999,1976
1999,1986
1999,1994
1999,1995
1999,1998
1999,2583
1999,3297
1999,3313
1999,3314
2000,217
2000,231
2000,2008
2000,2021
2000,2030
2000,2040
2000,2047
2000,2087
2000,2098
2000,2099
2000,2112
2000,3317
2000,3321
2000,3322
2000,3328
2000,3377
2001,263
2001,906
2001,2004
2001,2043
2001,2047
2001,2049
2001,2080
2001,2089
2001,2090
2001,2097
2001,2625
2001,3320
2001,3327
2001,3329
2001,3346
2002,2016
2002,2022
2002,2030
2002,2037
2002,2046
2002,2052
2002,2057
2002,2075
2002,2076
2002,2083
2002,2096
2002,2107
2002,3317
2002,3322
2002,3391
2003,231
2003,2013
2003,2014
2003,2020
2003,2036
2003,2040
2003,2044
2003,2046
2003,2066
2003,2076
2003,2078
2003,2080
2003,2081
2003,2082
2003,3317
2003,3321
2003,3334
2003,3335
2003,3341
2003,3354
2004,272
2004,2001
2004,2041
2004,2043
2004,2049
2004,2063
2004,2080
2004,2089
2004,2090
2004,2095
2004,2097
2004,3320
2004,3327
2004,3329
2004,3334
2004,3340
2004,3346
2004,3349
2005,207
2005,212
2005,236
2005,237
2005,238
2005,239
2005,257
2005,272
2005,298
2005,302
2005,375
2005,853
2005,2008
2005,2010
2005,2011
2005,2015
2005,2017
2005,2048
2005,2086
2005,2088
2005,2091
2005,2094
2005,2096
2005,2097
2005,2098
2005,2612
2005,2616
2005,3319
2005,3321
2005,3324
2005,3328
2005,3339
2005,3340
2006,236
2006,2008
2006,2009
2006,2021
2006,2041
2006,2058
2006,2065
2006,2070
2006,2099
2006,3320
2006,3321
2006,3324
2006,3328
2006,3329
2007,278
2007,2029
2007,2057
2007,2058
2007,2092
2007,2112
2007,2115
2007,2116
2007,2135
2007,2140
2007,2154
2007,2157
2007,2163
2007,2184
2007,2625
2007,3377
2007,3387
2008,207
2008,217
2008,231
2008,236
2008,237
2008,249
2008,257
2008,278
2008,298
2008,302
2008,2000
2008,2005
2008,2006
2008,2009
2008,2010
2008,2011
2008,2015
2008,2017
2008,2021
2008,2028
2008,2033
2008,2034
2008,2040
2008,2041
2008,2058
2008,2059
2008,2063
2008,2067
2008,2082
2008,2084
2008,2088
2008,2090
2008,2095
2008,2098
2008,2099
2008,2616
2008,2633
2008,3319
2008,3321
2008,3324
2008,3328
2008,3333
2008,3340
2008,3354
2009,2006
2009,2008
2009,2010
2009,2021
2009,2033
2009,2041
2009,2049
2009,2064
2009,2065
2009,2070
2009,2099
2009,3320
2009,3324
2009,3328
2009,3329
2009,3347
2010,207
2010,2005
2010,2008
2010,2009
2010,2011
2010,2015
2010,2017
2010,2028
2010,2041
2010,2064
2010,2072
2010,2084
2010,2616
2010,2633
2010,3324
2011,257
2011,258
2011,302
2011,375
2011,2005
2011,2008
2011,2010
2011,2015
2011,2017
2011,2022
2011,2027
2011,2039
2011,2040
2011,2048
2011,2053
2011,2069
2011,2082
2011,2085
2011,2086
2011,2087
2011,2088
2011,2091
2011,2098
2011,3319
2011,3331
2011,3333
2011,3341
2011,3348
2012,246
2012,277
2012,448
2012,2014
2012,2022
2012,2044
2012,2047
2012,2048
2012,2075
2012,2076
2012,2082
2012,2086
2012,2093
2012,2692
2012,3317
2012,3322
2012,3331
2012,3341
2012,3350
2013,2003
2013,2020
2013,2040
2013,2049
2013,2052
2013,2063
2013,2076
2013,2080
2013,2082
2013,2095
2013,2135
2013,3317
2013,3320
2013,3324
2013,3325
2013,3334
2013,3335
2013,3341
2013,3354
2014,219
2014,272
2014,2003
2014,2012
2014,2044
2014,2047
2014,2076
2014,2080
2014,2081
2014,2082
2014,2091
2014,2093
2014,2603
2014,3321
2014,3322
2014,3334
2014,3335
2014,3341
2014,3346
2015,236
2015,237
2015,239
2015,298
2015,302
2015,375
2015,853
2015,2005
2015,2008
2015,2010
2015,2011
2015,2017
2015,2039
2015,2040
2015,2041
2015,2048
2015,2063
2015,2066
2015,2082
2015,2086
2015,2088
2015,2090
2015,2091
2015,2094
2015,2095
2015,2097
2015,2098
2015,2616
2015,3319
2015,3324
2015,3340
2015,3348
2016,212
2016,214
2016,268
2016,2002
2016,2022
2016,2037
2016,2038
2016,2046
2016,2071
2016,2075
2016,2083
2016,2088
2016,2107
2016,2197
2016,3317
2016,3338
2016,3350
2017,207
2017,212
2017,217
2017,231
2017,239
2017,257
2017,298
2017,2005
2017,2008
2017,2010
2017,2011
2017,2015
2017,2039
2017,2097
2017,2098
2017,2622
2017,3321
2017,3324
2017,3328
2017,3340
2018,2021
2018,2028
2018,2033
2018,2041
2018,2049
2018,2051
2018,2059
2018,2060
2018,2082
2018,2086
2018,2087
2018,2132
2018,3320
2018,3341
2018,3344
2018,3347
2018,3354
2018,3360
2019,329
2019,356
2019,383
2019,391
2019,395
2019,399
2019,859
2019,2032
2019,2035
2019,2079
2019,2108
2019,2141
2019,2170
2019,2641
2019,2706
2019,3316
2019,3323
2019,3408
2020,214
2020,2003
2020,2013
2020,2022
2020,2036
2020,2044
2020,2076
2020,2078
2020,2080
2020,2093
2020,2135
2020,2159
2020,2197
2020,2603
2020,3317
2020,3321
2020,3334
2020,3335
2020,3367
2020,3378
2021,219
2021,231
2021,245
2021,263
2021,2000
2021,2006
2021,2008
2021,2009
2021,2018
2021,2033
2021,2040
2021,2047
2021,2049
2021,2051
2021,2059
2021,2063
2021,2064
2021,2067
2021,2070
2021,2072
2021,2095
2021,2099
2021,2616
2021,3320
2021,3321
2021,3328
2021,3329
2021,3337
2021,3345
2021,3347
2021,3352
2021,3354
2022,219
2022,290
2022,2002
2022,2011
2022,2012
2022,2016
2022,2020
2022,2027
2022,2030
2022,2039
2022,2040
2022,2046
2022,2048
2022,2050
2022,2052
2022,2053
2022,2057
2022,2073
2022,2075
2022,2076
2022,2082
2022,2083
2022,2086
2022,2088
2022,2091
2022,2096
2022,2098
2022,2622
2022,3322
2022,3325
2022,3331
2022,3333
2022,3335
2022,3341
2022,3348
2023,203
2023,210
2023,265
2023,276
2023,295
2023,299
2023,324
2023,2035
2023,2059
2023,2064
2023,2065
2023,2092
2023,2596
2023,3318
2024,399
2024,2028
2024,2029
2024,2035
2024,2054
2024,2060
2024,2064
2024,2065
2024,2110
2024,2132
2024,2140
2024,2141
2024,2163
2024,2602
2024,2625
2024,3318
2024,3344
2024,3360
2024,3366
2024,3377
2024,3380
2025,208
2025,223
2025,252
2025,280
2025,314
2025,452
2025,491
2025,2031
2025,2038
2025,2045
2025,2061
2025,2071
2025,2077
2025,2607
2025,2619
2025,2634
2025,3326
2025,3350
2025,3351
2026,2037
2026,2046
2026,2052
2026,2066
2026,2073
2026,2076
2026,2080
2026,2081
2026,2135
2026,2197
2026,3317
2026,3322
2026,3332
2026,3335
2026,3338
2026,3339
2026,3341
2026,3346
2026,3349
2026,3388
2026,3391
2027,219
2027,2011
2027,2022
2027,2028
2027,2029
2027,2030
2027,2067
2027,2069
2027,2084
2027,2085
2027,2086
2027,2087
2027,2096
2027,2098
2027,3318
2027,3342
2028,302
2028,2008
2028,2010
2028,2018
2028,2024
2028,2027
2028,2029
2028,2033
2028,2041
2028,2053
2028,2057
2028,2058
2028,2060
2028,2064
2028,2065
2028,2067
2028,2072
2028,2084
2028,2087
2028,2098
2028,2633
2028,3318
2028,3323
2028,3333
2028,3344
2029,278
2029,2007
2029,2024
2029,2027
2029,2028
2029,2057
2029,2059
2029,2064
2029,2065
2029,2067
2029,2084
2029,2086
2029,2087
2029,2098
2029,2140
2029,2163
2029,3318
2029,3319
2029,3324
2029,3325
2029,3342
2029,3390
2030,2000
2030,2002
2030,2022
2030,2027
2030,2034
2030,2050
2030,2057
2030,2058
2030,2075
2030,2082
2030,2083
2030,2084
2030,2087
2030,2092
2030,2094
2030,2096
2030,2098
2030,3318
2030,3319
2030,3322
2030,3342
2031,208
2031,223
2031,229
2031,230
2031,272
2031,279
2031,280
2031,283
2031,452
2031,889
2031,2025
2031,2038
2031,2045
2031,2061
2031,2071
2031,2077
2031,2607
2031,2634
2031,2692
2031,3326
2031,3350
2031,3351
2032,139
2032,2019
2032,2101
2032,2108
2032,2141
2032,2155
2032,2160
2032,2170
2032,2560
2032,2733
2032,2741
2032,3336
2032,3386
2032,3390
2033,217
2033,234
2033,443
2033,2008
2033,2009
2033,2018
2033,2021
2033,2028
2033,2035
2033,2041
2033,2049
2033,2054
2033,2059
2033,2065
2033,2070
2033,2090
2033,2099
2033,2132
2033,2615
2033,2616
2033,3320
2033,3324
2033,3329
2033,3337
2033,3344
2033,3345
2033,3347
2034,231
2034,2008
2034,2030
2034,2039
2034,2057
2034,2067
2034,2082
2034,2084
2034,2087
2034,2098
2034,3323
2034,3324
2034,3325
2034,3341
2035,203
2035,265
2035,336
2035,434
2035,2019
2035,2023
2035,2024
2035,2033
2035,2054
2035,2059
2035,2060
2035,2065
2035,2600
2035,2615
2035,2636
2035,2641
2035,3318
2035,3323
2035,3336
2035,3344
2035,3347
2036,2003
2036,2020
2036,2044
2036,2046
2036,2071
2036,2076
2036,2078
2036,2093
2036,2122
2036,2159
2036,2181
2036,2197
2036,2603
2036,3317
2036,3332
2036,3335
2036,3338
2036,3343
2036,3391
2037,2002
2037,2016
2037,2026
2037,2046
2037,2053
2037,2062
2037,2071
2037,2073
2037,2083
2037,2133
2037,2176
2037,2197
2037,3322
2037,3326
2037,3330
2037,3332
2037,3339
2037,3351
2037,3377
2037,3391
2038,212
2038,223
2038,229
2038,246
2038,268
2038,279
2038,283
2038,452
2038,878
2038,2016
2038,2025
2038,2031
2038,2045
2038,2061
2038,2062
2038,2071
2038,2075
2038,2077
2038,2083
2038,2176
2038,2607
2038,2634
2038,2692
2038,3326
2038,3330
2038,3338
2038,3350
2039,212
2039,219
2039,277
2039,2011
2039,2015
2039,2017
2039,2022
2039,2034
2039,2044
2039,2046
2039,2086
2039,2098
2039,3326
2039,3331
2039,3341
2039,3350
2039,3354
2040,2000
2040,2003
2040,2008
2040,2011
2040,2013
2040,2015
2040,2021
2040,2022
2040,2052
2040,2063
2040,2072
2040,2080
2040,2082
2040,2095
2040,2098
2040,3324
2040,3325
2040,3341
2040,3354
2041,221
2041,245
2041,302
2041,2004
2041,2006
2041,2008
2041,2009
2041,2010
2041,2015
2041,2018
2041,2028
2041,2033
2041,2049
2041,2054
2041,2059
2041,2063
2041,2064
2041,2065
2041,2067
2041,2070
2041,2090
2041,2099
2041,2616
2041,2625
2041,3320
2041,3324
2041,3328
2041,3329
2041,3337
2041,3345
2041,3347
2042,375
2042,428
2042,448
2042,958
2042,996
2042,2074
2042,2075
2042,2084
2042,2085
2042,2087
2042,2091
2042,2092
2042,2094
2042,2655
2042,2667
2042,3318
2042,3323
2043,228
2043,245
2043,263
2043,275
2043,2001
2043,2004
2043,2049
2043,2089
2043,2149
2043,2597
2043,3320
2043,3327
2043,3329
2043,3337
2043,3347
2043,3352
2044,2003
2044,2012
2044,2014
2044,2020
2044,2036
2044,2039
2044,2046
2044,2071
2044,2073
2044,2076
2044,2078
2044,2081
2044,2093
2044,2122
2044,2176
2044,2603
2044,3326
2044,3330
2044,3331
2044,3332
2044,3335
2044,3338
2044,3343
2044,3351
2045,223
2045,280
2045,452
2045,2025
2045,2031
2045,2038
2045,2061
2045,2062
2045,2071
2045,2077
2045,2634
2045,3326
2045,3330
2045,3338
2045,3343
2045,3350
2045,3351
2046,290
2046,2002
2046,2003
2046,2016
2046,2022
2046,2026
2046,2036
2046,2037
2046,2039
2046,2044
2046,2066
2046,2071
2046,2073
2046,2076
2046,2078
2046,2081
2046,2083
2046,2135
2046,2197
2046,3317
2046,3326
2046,3331
2046,3332
2046,3335
2046,3338
2046,3339
2046,3349
2046,3350
2046,3388
2046,3391
2047,298
2047,2000
2047,2001
2047,2012
2047,2014
2047,2021
2047,2063
2047,2070
2047,2080
2047,2082
2047,2093
2047,2098
2047,2099
2047,3317
2047,3320
2047,3322
2047,3324
2047,3334
2047,3346
2047,3347
2048,2005
2048,2011
2048,2012
2048,2015
2048,2022
2048,2073
2048,2076
2048,2082
2048,2086
2048,2088
2048,2093
2048,3331
2048,3341
2048,3349
2048,3350
2048,3388
2049,245
2049,443
2049,2001
2049,2004
2049,2009
2049,2013
2049,2018
2049,2021
2049,2033
2049,2041
2049,2043
2049,2051
2049,2054
2049,2059
2049,2063
2049,2065
2049,2070
2049,2072
2049,2089
2049,2090
2049,2095
2049,2099
2049,2138
2049,2149
2049,3320
2049,3324
2049,3329
2049,3337
2049,3345
2049,3347
2049,3352
2049,3354
2049,3365
2050,212
2050,428
2050,431
2050,2022
2050,2030
2050,2068
2050,2074
2050,2075
2050,2083
2050,2085
2050,2086
2050,2087
2050,3331
2050,3348
2050,3353
2050,3386
2051,231
2051,263
2051,2018
2051,2021
2051,2049
2051,2054
2051,2059
2051,2060
2051,2063
2051,2070
2051,2072
2051,2099
2051,2149
2051,3320
2051,3329
2051,3347
2051,3352
2051,3354
2052,2002
2052,2013
2052,2022
2052,2026
2052,2040
2052,2053
2052,2063
2052,2064
2052,2066
2052,2069
2052,2082
2052,2088
2052,2092
2052,2098
2052,3317
2052,3322
2052,3324
2052,3325
2052,3341
2053,2011
2053,2022
2053,2028
2053,2037
2053,2052
2053,2084
2053,2087
2053,2098
2053,2633
2053,3319
2053,3324
2053,3331
2053,3341
2053,3348
2054,265
2054,2024
2054,2033
2054,2035
2054,2041
2054,2049
2054,2051
2054,2059
2054,2060
2054,2064
2054,2067
2054,2072
2054,2149
2054,3344
2054,3345
2054,3347
2054,3360
2055,406
2055,431
2055,433
2055,438
2055,451
2055,473
2055,958
2055,2056
2055,2068
2055,2074
2055,2085
2055,2086
2055,2101
2055,2646
2055,2706
2055,2708
2055,3315
2055,3336
2055,3353
2055,3386
2056,127
2056,323
2056,333
2056,376
2056,395
2056,406
2056,424
2056,431
2056,445
2056,2055
2056,2068
2056,2677
2056,2706
2056,3353
2057,2002
2057,2007
2057,2022
2057,2028
2057,2029
2057,2030
2057,2034
2057,2064
2057,2075
2057,2082
2057,2084
2057,2086
2057,2092
2057,2094
2057,2098
2057,2140
2057,3318
2057,3319
2057,3322
2057,3324
2057,3325
2057,3333
2058,217
2058,278
2058,2006
2058,2007
2058,2008
2058,2028
2058,2030
2058,2064
2058,2065
2058,2087
2058,2092
2058,2098
2058,2111
2058,2112
2058,2138
2058,3318
2058,3342
2058,3365
2058,3367
2058,3377
2059,217
2059,245
2059,443
2059,2008
2059,2018
2059,2021
2059,2023
2059,2029
2059,2033
2059,2035
2059,2041
2059,2049
2059,2051
2059,2054
2059,2060
2059,2064
2059,2067
2059,2069
2059,2070
2059,2072
2059,2084
2059,2087
2059,2099
2059,3318
2059,3323
2059,3344
2059,3345
2059,3347
2060,2018
2060,2024
2060,2028
2060,2035
2060,2051
2060,2054
2060,2059
2060,2072
2060,2079
2060,2087
2060,2104
2060,2108
2060,2132
2060,2141
2060,2149
2060,2155
2060,2160
2060,3318
2060,3323
2060,3344
2060,3347
2060,3352
2060,3360
2060,3366
2060,3390
2060,3408
2061,208
2061,223
2061,280
2061,288
2061,452
2061,2025
2061,2031
2061,2038
2061,2045
2061,2062
2061,2071
2061,2077
2061,2607
2061,2634
2061,2692
2061,3330
2061,3343
2061,3351
2062,2037
2062,2038
2062,2045
2062,2061
2062,2071
2062,2077
2062,2125
2062,2165
2062,2176
2062,3330
2062,3338
2062,3343
2062,3351
2062,3383
2062,3384
2062,3391
2063,443
2063,2004
2063,2008
2063,2013
2063,2015
2063,2021
2063,2040
2063,2041
2063,2047
2063,2049
2063,2051
2063,2052
2063,2066
2063,2067
2063,2070
2063,2080
2063,2089
2063,2090
2063,2095
2063,2099
2063,3317
2063,3320
2063,3321
2063,3327
2063,3329
2063,3333
2063,3334
2063,3346
2063,3349
2064,2009
2064,2010
2064,2021
2064,2023
2064,2024
2064,2028
2064,2029
2064,2041
2064,2052
2064,2054
2064,2057
2064,2058
2064,2059
2064,2084
2064,2092
2064,2099
2064,3318
2064,3324
2065,265
2065,2006
2065,2009
2065,2023
2065,2024
2065,2028
2065,2029
2065,2033
2065,2035
2065,2041
2065,2049
2065,2058
2065,2070
2065,2105
2065,2110
2065,2111
2065,2138
2065,2180
2065,2615
2065,3329
2065,3368
2066,231
2066,272
2066,2003
2066,2015
2066,2026
2066,2046
2066,2052
2066,2063
2066,2080
2066,2081
2066,2088
2066,2090
2066,2095
2066,2098
2066,2135
2066,3321
2066,3339
2066,3340
2066,3341
2066,3346
2066,3349
2066,3388
2067,263
2067,2008
2067,2021
2067,2027
2067,2028
2067,2029
2067,2034
2067,2041
2067,2054
2067,2059
2067,2063
2067,2072
2067,2082
2067,2084
2067,2094
2067,2098
2067,2099
2067,3318
2067,3324
2067,3329
2067,3345
2067,3347
2068,396
2068,424
2068,431
2068,451
2068,487
2068,2050
2068,2055
2068,2056
2068,2239
2068,2700
2068,2706
2068,3315
2068,3353
2068,3386
2069,257
2069,2011
2069,2027
2069,2052
2069,2059
2069,2082
2069,2084
2069,2085
2069,2086
2069,2087
2069,2092
2069,2098
2069,3318
2069,3341
2069,3342
2070,2006
2070,2009
2070,2021
2070,2033
2070,2041
2070,2047
2070,2049
2070,2051
2070,2059
2070,2063
2070,2065
2070,2084
2070,2099
2070,3320
2070,3324
2070,3329
2070,3345
2070,3347
2070,3352
2071,283
2071,2016
2071,2025
2071,2031
2071,2036
2071,2037
2071,2038
2071,2044
2071,2045
2071,2046
2071,2061
2071,2062
2071,2073
2071,2076
2071,2077
2071,2078
2071,2081
2071,2083
2071,2607
2071,3326
2071,3330
2071,3331
2071,3332
2071,3335
2071,3338
2071,3339
2071,3350
2071,3351
2071,3391
2072,263
2072,2010
2072,2021
2072,2028
2072,2040
2072,2049
2072,2051
2072,2054
2072,2059
2072,2060
2072,2067
2072,3320
2072,3344
2072,3347
2072,3352
2073,2022
2073,2026
2073,2037
2073,2044
2073,2046
2073,2048
2073,2071
2073,2076
2073,2078
2073,2083
2073,3326
2073,3331
2073,3332
2073,3335
2073,3338
2073,3339
2073,3341
2073,3391
2074,258
2074,406
2074,473
2074,958
2074,2042
2074,2050
2074,2055
2074,2075
2074,2084
2074,2085
2074,2086
2074,2087
2074,2655
2074,2706
2074,3323
2074,3331
2074,3348
2075,214
2075,268
2075,277
2075,448
2075,2002
2075,2012
2075,2016
2075,2022
2075,2030
2075,2038
2075,2042
2075,2050
2075,2057
2075,2074
2075,2082
2075,2083
2075,2086
2075,2094
2075,2096
2075,3331
2075,3348
2075,3350
2076,2002
2076,2003
2076,2012
2076,2013
2076,2014
2076,2020
2076,2022
2076,2026
2076,2036
2076,2044
2076,2046
2076,2048
2076,2071
2076,2073
2076,2078
2076,2080
2076,2081
2076,2093
2076,2135
2076,2197
2076,3317
2076,3322
2076,3332
2076,3334
2076,3335
2076,3338
2076,3339
2076,3341
2076,3349
2076,3388
2076,3391
2077,223
2077,280
2077,452
2077,2025
2077,2031
2077,2038
2077,2045
2077,2061
2077,2062
2077,2071
2077,2634
2077,3326
2077,3330
2077,3338
2077,3343
2077,3351
2078,2003
2078,2020
2078,2036
2078,2044
2078,2046
2078,2071
2078,2073
2078,2076
2078,2122
2078,3332
2078,3335
2078,3338
2078,3341
2078,3343
2078,3391
2079,333
2079,2019
2079,2060
2079,2101
2079,2104
2079,2141
2079,2155
2079,2160
2079,2169
2079,2170
2079,3316
2079,3366
2079,3386
2079,3390
2080,246
2080,272
2080,2001
2080,2003
2080,2004
2080,2013
2080,2014
2080,2020
2080,2026
2080,2040
2080,2047
2080,2063
2080,2066
2080,2076
2080,2081
2080,2089
2080,2090
2080,2093
2080,2095
2080,2097
2080,2135
2080,3317
2080,3320
2080,3321
2080,3327
2080,3334
2080,3335
2080,3341
2080,3346
2080,3349
2080,3354
2081,246
2081,272
2081,2003
2081,2014
2081,2026
2081,2044
2081,2046
2081,2066
2081,2071
2081,2076
2081,2080
2081,2089
2081,2097
2081,3327
2081,3332
2081,3334
2081,3335
2081,3339
2081,3349
2081,3350
2082,219
2082,231
2082,257
2082,290
2082,2003
2082,2008
2082,2011
2082,2012
2082,2013
2082,2014
2082,2015
2082,2018
2082,2022
2082,2030
2082,2034
2082,2040
2082,2047
2082,2048
2082,2052
2082,2057
2082,2067
2082,2069
2082,2075
2082,2084
2082,2085
2082,2086
2082,2087
2082,2088
2082,2091
2082,2093
2082,2096
2082,2098
2082,2622
2082,2633
2082,3321
2082,3322
2082,3324
2082,3325
2082,3333
2082,3340
2082,3341
2083,212
2083,214
2083,257
2083,268
2083,2002
2083,2016
2083,2022
2083,2030
2083,2037
2083,2038
2083,2046
2083,2050
2083,2071
2083,2073
2083,2075
2083,2093
2083,2176
2083,3322
2083,3330
2084,217
2084,2008
2084,2010
2084,2027
2084,2028
2084,2029
2084,2030
2084,2034
2084,2042
2084,2053
2084,2057
2084,2059
2084,2064
2084,2067
2084,2069
2084,2070
2084,2074
2084,2082
2084,2085
2084,2087
2084,2092
2084,2094
2084,2098
2084,3318
2084,3323
2084,3324
2084,3333
2084,3341
2084,3348
2085,381
2085,958
2085,2011
2085,2027
2085,2042
2085,2050
2085,2055
2085,2069
2085,2074
2085,2082
2085,2084
2085,2086
2085,2087
2085,2091
2085,2096
2085,2706
2085,3323
2086,2005
2086,2011
2086,2012
2086,2015
2086,2018
2086,2022
2086,2027
2086,2029
2086,2039
2086,2048
2086,2050
2086,2055
2086,2057
2086,2069
2086,2074
2086,2075
2086,2082
2086,2085
2086,2087
2086,2096
2086,2098
2086,3319
2086,3325
2086,3331
2086,3341
2086,3348
2087,219
2087,2000
2087,2011
2087,2018
2087,2027
2087,2028
2087,2029
2087,2030
2087,2034
2087,2042
2087,2050
2087,2053
2087,2058
2087,2059
2087,2060
2087,2069
2087,2074
2087,2082
2087,2084
2087,2085
2087,2086
2087,2091
2087,2096
2087,2098
2087,2706
2087,3318
2087,3323
2087,3342
2087,3348
2087,3408
2088,2005
2088,2008
2088,2011
2088,2015
2088,2016
2088,2022
2088,2048
2088,2052
2088,2066
2088,2082
2088,2098
2088,3319
2088,3324
2088,3333
2088,3340
2088,3341
2088,3348
2089,443
2089,906
2089,2001
2089,2004
2089,2043
2089,2049
2089,2063
2089,2080
2089,2081
2089,2090
2089,2097
2089,3320
2089,3327
2089,3329
2089,3334
2090,2001
2090,2004
2090,2008
2090,2015
2090,2033
2090,2041
2090,2049
2090,2063
2090,2066
2090,2080
2090,2089
2090,2095
2090,3320
2090,3327
2090,3329
2091,277
2091,2005
2091,2011
2091,2014
2091,2015
2091,2022
2091,2042
2091,2082
2091,2085
2091,2087
2091,2094
2091,2096
2091,2098
2091,2616
2091,2655
2091,3321
2091,3323
2092,217
2092,237
2092,278
2092,2007
2092,2023
2092,2030
2092,2042
2092,2052
2092,2057
2092,2058
2092,2064
2092,2069
2092,2084
2092,3318
2092,3322
2092,3324
2092,3328
2092,3342
2092,3387
2093,246
2093,272
2093,448
2093,2012
2093,2014
2093,2020
2093,2036
2093,2044
2093,2047
2093,2048
2093,2076
2093,2080
2093,2082
2093,2083
2093,2159
2093,2603
2093,3317
2093,3322
2093,3346
2093,3350
2093,3388
2094,239
2094,375
2094,2005
2094,2015
2094,2030
2094,2042
2094,2057
2094,2067
2094,2075
2094,2084
2094,2091
2094,2096
2094,2098
2094,2655
2094,3318
2095,2004
2095,2008
2095,2013
2095,2015
2095,2021
2095,2040
2095,2049
2095,2063
2095,2066
2095,2080
2095,2090
2095,3320
2095,3324
2095,3327
2096,219
2096,257
2096,290
2096,2002
2096,2005
2096,2022
2096,2027
2096,2030
2096,2075
2096,2082
2096,2085
2096,2086
2096,2087
2096,2091
2096,2094
2096,2098
2096,2622
2096,3321
2096,3339
2096,3348
2097,230
2097,272
2097,853
2097,906
2097,2001
2097,2004
2097,2005
2097,2015
2097,2017
2097,2080
2097,2081
2097,2089
2097,3327
2097,3340
2097,3349
2098,217
2098,219
2098,231
2098,237
2098,257
2098,2000
2098,2005
2098,2008
2098,2011
2098,2015
2098,2017
2098,2022
2098,2027
2098,2028
2098,2029
2098,2030
2098,2034
2098,2039
2098,2040
2098,2047
2098,2052
2098,2053
2098,2057
2098,2058
2098,2066
2098,2067
2098,2069
2098,2082
2098,2084
2098,2086
2098,2087
2098,2088
2098,2091
2098,2094
2098,2096
2098,2099
2098,2622
2098,2633
2098,3318
2098,3319
2098,3322
2098,3323
2098,3324
2098,3325
2098,3331
2098,3333
2098,3341
2098,3348
2099,217
2099,2000
2099,2006
2099,2008
2099,2009
2099,2021
2099,2033
2099,2041
2099,2047
2099,2049
2099,2051
2099,2059
2099,2063
2099,2064
2099,2067
2099,2070
2099,2098
2099,3318
2099,3320
2099,3322
2099,3324
2099,3328
2099,3329
2099,3333
2099,3345
2099,3347
2099,3352
2100,2102
2100,2123
2100,2126
2100,2130
2100,2137
2100,2151
2100,2153
2100,2158
2100,2161
2100,2168
2100,2174
2100,2192
2100,3355
2100,3356
2100,3359
2100,3361
2100,3364
2100,3375
2100,3379
2100,3381
2101,333
2101,340
2101,488
2101,530
2101,976
2101,2032
2101,2055
2101,2079
2101,2155
2101,2170
2101,2284
2101,3316
2101,3336
2101,3353
2101,3386
2101,3390
2102,2100
2102,2106
2102,2119
2102,2126
2102,2127
2102,2128
2102,2130
2102,2134
2102,2136
2102,2142
2102,2145
2102,2161
2102,2162
2102,2165
2102,2166
2102,2167
2102,2168
2102,2171
2102,2174
2102,2175
2102,2177
2102,2178
2102,2181
2102,2182
2102,2183
2102,2191
2102,2192
2102,2196
2102,2198
2102,3356
2102,3357
2102,3359
2102,3361
2102,3363
2102,3364
2102,3369
2102,3370
2102,3374
2102,3375
2102,3376
2102,3379
2102,3385
2102,3389
2102,3393
2102,3394
2103,2112
2103,2117
2103,2118
2103,2120
2103,2138
2103,2139
2103,2143
2103,2146
2103,2150
2103,2157
2103,2159
2103,2164
2103,2167
2103,2172
2103,2173
2103,2186
2103,2189
2103,2190
2103,2603
2103,3358
2103,3367
2103,3378
2103,3382
2103,3384
2103,3387
2104,2060
2104,2079
2104,2110
2104,2141
2104,2148
2104,2155
2104,2160
2104,2169
2104,2170
2104,3360
2104,3366
2104,3386
2104,3390
2104,3392
2105,2065
2105,2110
2105,2111
2105,2115
2105,2146
2105,2160
2105,2169
2105,2173
2105,2180
2105,3342
2105,3360
2105,3368
2105,3380
2105,3392
2106,2102
2106,2109
2106,2114
2106,2134
2106,2142
2106,2158
2106,2162
2106,2168
2106,2191
2106,2192
2106,3359
2106,3364
2106,3370
2106,3374
2106,3376
2106,3381
2107,214
2107,2002
2107,2016
2107,2121
2107,2126
2107,2144
2107,2147
2107,2152
2107,2176
2107,2181
2107,2187
2107,2193
2107,2634
2107,3369
2108,1
2108,15
2108,33
2108,42
2108,62
2108,79
2108,399
2108,976
2108,2019
2108,2032
2108,2060
2108,2141
2108,2531
2108,2536
2108,2550
2109,2106
2109,2114
2109,2124
2109,2131
2109,2136
2109,2142
2109,2145
2109,2158
2109,2168
2109,2171
2109,2177
2109,2178
2109,2179
2109,2185
2109,2195
2109,2199
2109,3359
2109,3361
2109,3362
2109,3364
2109,3373
2109,3374
2109,3393
2110,2024
2110,2065
2110,2104
2110,2105
2110,2111
2110,2115
2110,2132
2110,2146
2110,2160
2110,2169
2110,2180
2110,3360
2110,3368
2110,3380
2110,3392
2111,222
2111,262
2111,265
2111,270
2111,276
2111,299
2111,2058
2111,2065
2111,2105
2111,2110
2111,2115
2111,2132
2111,2138
2111,2149
2111,2180
2111,2280
2111,2614
2111,3337
2111,3344
2111,3365
2111,3380
2112,231
2112,2000
2112,2007
2112,2058
2112,2103
2112,2115
2112,2118
2112,2138
2112,2146
2112,2154
2112,2156
2112,2157
2112,2163
2112,2164
2112,2173
2112,2184
2112,3320
2112,3352
2112,3365
2112,3367
2112,3377
2112,3387
2113,214
2113,2117
2113,2126
2113,2128
2113,2143
2113,2144
2113,2147
2113,2148
2113,2156
2113,2159
2113,2181
2113,2182
2113,2183
2113,2186
2113,2188
2113,2194
2113,3371
2113,3385
2113,3394
2114,2106
2114,2109
2114,2134
2114,2142
2114,2158
2114,2162
2114,2166
2114,2168
2114,2177
2114,2191
2114,2192
2114,3361
2114,3364
2114,3374
2115,2007
2115,2105
2115,2110
2115,2111
2115,2112
2115,2132
2115,2140
2115,2146
2115,2157
2115,2163
2115,2173
2115,2180
2115,3365
2115,3368
2115,3380
2115,3387
2115,3392
2116,2007
2116,2135
2116,2140
2116,2144
2116,2147
2116,2154
2116,2163
2116,2184
2116,2189
2116,3371
2116,3377
2116,3384
2116,3387
2116,3394
2117,226
2117,2103
2117,2113
2117,2118
2117,2120
2117,2130
2117,2144
2117,2150
2117,2151
2117,2156
2117,2161
2117,2167
2117,2175
2117,2182
2117,2183
2117,2188
2117,2190
2117,3357
2117,3358
2117,3371
2117,3382
2117,3385
2117,3394
2118,226
2118,2103
2118,2112
2118,2117
2118,2120
2118,2138
2118,2139
2118,2144
2118,2146
2118,2150
2118,2151
2118,2154
2118,2156
2118,2157
2118,2164
2118,2172
2118,2173
2118,2182
2118,2189
2118,3358
2118,3365
2118,3367
2118,3372
2118,3375
2118,3382
2118,3394
2119,2102
2119,2162
2119,2166
2119,2167
2119,2174
2119,2177
2119,2181
2119,2182
2119,2193
2119,2198
2119,3356
2119,3369
2119,3370
2119,3376
2120,2103
2120,2117
2120,2118
2120,2130
2120,2139
2120,2143
2120,2146
2120,2150
2120,2151
2120,2167
2120,2172
2120,2182
2120,2189
2120,2190
2120,3358
2120,3375
2120,3382
2120,3389
2121,214
2121,2107
2121,2125
2121,2127
2121,2129
2121,2144
2121,2147
2121,2174
2121,2176
2121,2178
2121,2187
2121,2188
2121,2193
2121,2196
2121,2198
2121,3357
2121,3371
2122,2036
2122,2044
2122,2078
2122,2127
2122,2165
2122,2176
2122,2179
2122,2181
2122,2185
2122,2193
2122,2199
2122,3330
2122,3343
2122,3369
2123,2100
2123,2126
2123,2127
2123,2147
2123,2152
2123,2178
2123,2187
2123,2196
2123,2552
2123,3356
2123,3357
2123,3361
2123,3385
2123,3393
2124,2109
2124,2131
2124,2137
2124,2145
2124,2171
2124,2178
2124,2187
2124,2195
2124,3355
2124,3359
2124,3362
2124,3373
2124,3374
2124,3379
2124,3381
2124,3389
2125,2062
2125,2121
2125,2131
2125,2165
2125,2174
2125,2176
2125,2178
2125,2179
2125,2196
2125,2198
2125,3330
2125,3361
2125,3374
2125,3383
2125,3384
2126,226
2126,2100
2126,2102
2126,2107
2126,2113
2126,2123
2126,2127
2126,2128
2126,2144
2126,2147
2126,2154
2126,2178
2126,2182
2126,2187
2126,2196
2126,2198
2126,3356
2126,3361
2126,3375
2126,3384
2126,3393
2127,2102
2127,2121
2127,2122
2127,2123
2127,2126
2127,2128
2127,2133
2127,2144
2127,2147
2127,2151
2127,2152
2127,2161
2127,2176
2127,2181
2127,2185
2127,2193
2127,2194
2127,2196
2127,3356
2127,3357
2127,3361
2127,3369
2127,3371
2127,3375
2127,3378
2127,3385
2128,2102
2128,2113
2128,2126
2128,2127
2128,2134
2128,2139
2128,2144
2128,2154
2128,2159
2128,2165
2128,2171
2128,2181
2128,2182
2128,2189
2128,3355
2128,3361
2128,3365
2128,3369
2128,3384
2128,3394
2129,226
2129,285
2129,288
2129,2121
2129,2133
2129,2144
2129,2147
2129,2151
2129,2152
2129,2161
2129,2178
2129,2187
2129,2188
2129,2196
2129,3357
2129,3363
2129,3371
2130,2100
2130,2102
2130,2117
2130,2120
2130,2167
2130,2171
2130,2172
2130,2182
2130,2189
2130,2190
2130,2191
2130,2192
2130,3355
2130,3358
2130,3359
2130,3375
2130,3376
2130,3381
2130,3389
2131,2109
2131,2124
2131,2125
2131,2137
2131,2178
2131,2179
2131,2185
2131,2187
2131,2195
2131,2196
2131,3355
2131,3357
2131,3361
2131,3362
2131,3373
2131,3374
2132,265
2132,287
2132,305
2132,2018
2132,2024
2132,2033
2132,2060
2132,2110
2132,2111
2132,2115
2132,2141
2132,2149
2132,2170
2132,2602
2132,3344
2132,3352
2132,3360
2132,3368
2132,3380
2133,214
2133,2037
2133,2127
2133,2129
2133,2137
2133,2144
2133,2151
2133,2152
2133,2156
2133,2176
2133,2187
2133,2193
2133,3367
2133,3371
2133,3375
2133,3378
2134,2102
2134,2106
2134,2114
2134,2128
2134,2162
2134,2168
2134,2177
2134,2182
2134,2191
2134,2192
2134,3359
2134,3361
2134,3364
2134,3376
2135,231
2135,2007
2135,2013
2135,2020
2135,2026
2135,2046
2135,2066
2135,2076
2135,2080
2135,2116
2135,2154
2135,2157
2135,2163
2135,2184
2135,2197
2135,3317
2135,3322
2135,3365
2135,3367
2135,3377
2135,3384
2135,3388
2135,3391
2136,2102
2136,2109
2136,2142
2136,2145
2136,2168
2136,2171
2136,2177
2136,2195
2136,3357
2136,3359
2136,3361
2136,3362
2136,3364
2136,3373
2136,3374
2136,3379
2137,2100
2137,2124
2137,2131
2137,2133
2137,2139
2137,2151
2137,2153
2137,2154
2137,2178
2137,2187
2137,3355
2137,3361
2137,3371
2137,3372
2137,3375
2137,3389
2137,3394
2138,231
2138,2049
2138,2058
2138,2065
2138,2103
2138,2111
2138,2112
2138,2118
2138,2146
2138,2148
2138,2150
2138,2164
2138,2173
2138,2614
2138,3320
2138,3321
2138,3328
2138,3342
2138,3365
2138,3367
2138,3378
2138,3387
2139,2103
2139,2118
2139,2120
2139,2128
2139,2137
2139,2143
2139,2146
2139,2151
2139,2154
2139,2157
2139,2164
2139,2172
2139,2173
2139,2186
2139,2189
2139,2190
2139,3372
2139,3382
2139,3389
2139,3394
2140,2007
2140,2024
2140,2029
2140,2057
2140,2115
2140,2116
2140,2154
2140,2163
2140,2184
2140,2625
2140,3365
2140,3372
2140,3377
2140,3387
2140,3392
2141,287
2141,291
2141,399
2141,859
2141,2019
2141,2024
2141,2032
2141,2060
2141,2079
2141,2104
2141,2108
2141,2132
2141,2155
2141,2160
2141,2170
2141,3344
2141,3366
2141,3390
2142,2102
2142,2106
2142,2109
2142,2114
2142,2136
2142,2145
2142,2158
2142,2168
2142,2171
2142,2192
2142,3359
2142,3361
2142,3364
2142,3370
2142,3374
2142,3379
2142,3381
2143,2103
2143,2113
2143,2120
2143,2139
2143,2146
2143,2148
2143,2150
2143,2157
2143,2164
2143,2172
2143,2173
2143,2183
2143,2186
2143,2190
2143,3358
2143,3365
2143,3372
2143,3382
2143,3392
2144,214
2144,226
2144,2107
2144,2113
2144,2116
2144,2117
2144,2118
2144,2121
2144,2126
2144,2127
2144,2128
2144,2129
2144,2133
2144,2147
2144,2151
2144,2154
2144,2156
2144,2181
2144,2182
2144,2184
2144,2188
2144,2196
2144,2603
2144,3369
2144,3371
2144,3372
2144,3377
2144,3384
2144,3394
2145,2102
2145,2109
2145,2124
2145,2136
2145,2142
2145,2152
2145,2171
2145,2175
2145,2177
2145,2178
2145,2195
2145,3357
2145,3359
2145,3362
2145,3363
2145,3373
2145,3379
2145,3385
2146,2103
2146,2105
2146,2110
2146,2112
2146,2115
2146,2118
2146,2120
2146,2138
2146,2139
2146,2143
2146,2148
2146,2150
2146,2156
2146,2157
2146,2164
2146,2172
2146,2173
2146,2180
2146,2186
2146,2189
2146,3358
2146,3365
2146,3367
2146,3368
2146,3372
2146,3380
2146,3382
2146,3387
2146,3392
2147,214
2147,226
2147,2107
2147,2113
2147,2116
2147,2121
2147,2123
2147,2126
2147,2127
2147,2129
2147,2144
2147,2152
2147,2154
2147,2174
2147,2176
2147,2187
2147,2188
2147,2193
2147,2196
2147,2198
2147,3357
2147,3371
2147,3384
2147,3394
2148,2104
2148,2113
2148,2138
2148,2143
2148,2146
2148,2155
2148,2160
2148,2169
2148,2180
2148,2186
2148,3342
2148,3366
2148,3378
2148,3390
2148,3392
2149,275
2149,341
2149,368
2149,389
2149,2043
2149,2049
2149,2051
2149,2054
2149,2060
2149,2111
2149,2132
2149,2599
2149,3352
2149,3360
2149,3368
2150,2103
2150,2117
2150,2118
2150,2120
2150,2138
2150,2143
2150,2146
2150,2164
2150,2172
2150,2173
2150,2186
2150,2189
2150,2614
2150,3358
2150,3382
2151,226
2151,2100
2151,2117
2151,2118
2151,2120
2151,2127
2151,2129
2151,2133
2151,2137
2151,2139
2151,2144
2151,2153
2151,2154
2151,2156
2151,2161
2151,2171
2151,2175
2151,2187
2151,2190
2151,2196
2151,3355
2151,3361
2151,3371
2151,3372
2151,3375
2151,3394
2152,288
2152,2107
2152,2123
2152,2127
2152,2129
2152,2133
2152,2145
2152,2147
2152,2161
2152,2175
2152,2178
2152,2187
2152,2188
2152,2194
2152,2195
2152,2196
2152,3357
2152,3363
2152,3371
2152,3373
2152,3385
2153,2100
2153,2137
2153,2151
2153,2161
2153,2167
2153,2175
2153,2178
2153,3355
2153,3356
2153,3359
2153,3361
2153,3364
2153,3373
2153,3375
2153,3379
2153,3381
2154,2007
2154,2112
2154,2116
2154,2118
2154,2126
2154,2128
2154,2135
2154,2137
2154,2139
2154,2140
2154,2144
2154,2147
2154,2151
2154,2157
2154,2159
2154,2163
2154,2184
2154,3367
2154,3371
2154,3372
2154,3377
2154,3384
2154,3387
2154,3394
2155,2032
2155,2060
2155,2079
2155,2101
2155,2104
2155,2141
2155,2148
2155,2160
2155,2169
2155,2170
2155,2180
2155,3342
2155,3360
2155,3366
2155,3380
2155,3386
2155,3390
2155,3392
2156,2112
2156,2113
2156,2117
2156,2118
2156,2133
2156,2144
2156,2146
2156,2151
2156,2188
2156,2190
2156,3367
2156,3371
2156,3372
2156,3378
2156,3394
2157,2007
2157,2103
2157,2112
2157,2115
2157,2118
2157,2135
2157,2139
2157,2143
2157,2146
2157,2154
2157,2164
2157,2189
2157,3377
2157,3382
2158,2100
2158,2106
2158,2109
2158,2114
2158,2142
2158,2168
2158,2174
2158,2192
2158,2198
2158,3355
2158,3356
2158,3359
2158,3364
2158,3381
2159,214
2159,2020
2159,2036
2159,2093
2159,2103
2159,2113
2159,2128
2159,2154
2159,2174
2159,2181
2159,3317
2159,3356
2159,3369
2159,3384
2160,2032
2160,2060
2160,2079
2160,2104
2160,2105
2160,2110
2160,2141
2160,2148
2160,2155
2160,2169
2160,2170
2160,2180
2160,3360
2160,3366
2160,3380
2160,3386
2160,3390
2160,3392
2161,2100
2161,2102
2161,2117
2161,2127
2161,2129
2161,2151
2161,2152
2161,2153
2161,2167
2161,2175
2161,2178
2161,2181
2161,2182
2161,2190
2161,2196
2161,3355
2161,3356
2161,3357
2161,3359
2161,3361
2161,3369
2161,3375
2161,3379
2161,3394
2162,2102
2162,2106
2162,2114
2162,2119
2162,2134
2162,2166
2162,2168
2162,2172
2162,2177
2162,2182
2162,2191
2162,2192
2162,3361
2162,3370
2162,3376
2163,2007
2163,2024
2163,2029
2163,2112
2163,2115
2163,2116
2163,2135
2163,2140
2163,2154
2163,2184
2163,2625
2163,3377
2163,3384
2163,3387
2164,2103
2164,2112
2164,2118
2164,2138
2164,2139
2164,2143
2164,2146
2164,2150
2164,2157
2164,2173
2164,2189
2164,3365
2164,3368
2164,3382
2165,2062
2165,2102
2165,2122
2165,2125
2165,2128
2165,2177
2165,2181
2165,2182
2165,2185
2165,2194
2165,2196
2165,2198
2165,2199
2165,3343
2165,3351
2165,3356
2165,3361
2165,3369
2165,3383
2165,3384
2166,2102
2166,2114
2166,2119
2166,2162
2166,2168
2166,2174
2166,2177
2166,2181
2166,2182
2166,2192
2166,2193
2166,2198
2166,2199
2166,3356
2166,3359
2166,3369
2166,3370
2167,2102
2167,2103
2167,2117
2167,2119
2167,2120
2167,2130
2167,2153
2167,2161
2167,2172
2167,2174
2167,2175
2167,2182
2167,2190
2167,2198
2167,3356
2167,3358
2167,3359
2167,3370
2167,3375
2167,3376
2167,3389
2168,2100
2168,2102
2168,2106
2168,2109
2168,2114
2168,2134
2168,2136
2168,2142
2168,2158
2168,2162
2168,2166
2168,2171
2168,2174
2168,2177
2168,2191
2168,2192
2168,2198
2168,3355
2168,3356
2168,3359
2168,3361
2168,3362
2168,3363
2168,3364
2168,3373
2168,3374
2168,3376
2168,3381
2169,2079
2169,2104
2169,2105
2169,2110
2169,2148
2169,2155
2169,2160
2169,2170
2169,2180
2169,3342
2169,3366
2169,3380
2169,3386
2169,3390
2169,3392
2170,391
2170,2019
2170,2032
2170,2079
2170,2101
2170,2104
2170,2132
2170,2141
2170,2155
2170,2160
2170,2169
2170,3316
2170,3360
2170,3366
2170,3386
2170,3390
2171,2102
2171,2109
2171,2124
2171,2128
2171,2130
2171,2136
2171,2142
2171,2145
2171,2151
2171,2168
2171,2178
2171,2182
2171,2192
2171,2195
2171,2196
2171,3355
2171,3357
2171,3359
2171,3361
2171,3362
2171,3363
2171,3371
2171,3374
2171,3376
2171,3379
2171,3385
2171,3389
2171,3394
2172,2103
2172,2118
2172,2120
2172,2130
2172,2139
2172,2143
2172,2146
2172,2150
2172,2162
2172,2167
2172,2186
2172,2190
2172,2191
2172,3358
2172,3370
2173,2103
2173,2105
2173,2112
2173,2115
2173,2118
2173,2138
2173,2139
2173,2143
2173,2146
2173,2150
2173,2164
2173,2186
2173,3365
2173,3368
2173,3382
2174,2100
2174,2102
2174,2119
2174,2121
2174,2125
2174,2147
2174,2158
2174,2159
2174,2166
2174,2167
2174,2168
2174,2177
2174,2178
2174,2182
2174,2193
2174,2196
2174,2198
2174,2199
2174,3356
2174,3357
2174,3361
2174,3369
2174,3383
2175,2102
2175,2117
2175,2145
2175,2151
2175,2152
2175,2153
2175,2161
2175,2167
2175,2182
2175,2183
2175,2188
2175,2190
2175,2194
2175,2195
2175,3357
2175,3359
2175,3361
2175,3363
2175,3379
2175,3385
2176,2037
2176,2038
2176,2044
2176,2062
2176,2083
2176,2107
2176,2121
2176,2122
2176,2125
2176,2127
2176,2133
2176,2147
2176,2193
2176,2194
2176,3330
2176,3351
2176,3371
2177,2102
2177,2109
2177,2114
2177,2119
2177,2134
2177,2136
2177,2145
2177,2162
2177,2165
2177,2166
2177,2168
2177,2174
2177,2185
2177,2198
2177,2199
2177,3356
2177,3359
2177,3361
2177,3364
2177,3374
2177,3393
2178,2102
2178,2109
2178,2121
2178,2123
2178,2124
2178,2125
2178,2126
2178,2129
2178,2131
2178,2137
2178,2145
2178,2152
2178,2153
2178,2161
2178,2171
2178,2174
2178,2179
2178,2187
2178,2195
2178,2196
2178,2198
2178,3355
2178,3357
2178,3361
2178,3362
2178,3363
2178,3371
2178,3373
2178,3374
2178,3393
2179,280
2179,288
2179,2109
2179,2122
2179,2125
2179,2131
2179,2178
2179,2185
2179,2193
2179,2196
2179,2198
2179,2199
2179,3369
2179,3373
2179,3383
2180,2065
2180,2105
2180,2110
2180,2111
2180,2115
2180,2146
2180,2148
2180,2155
2180,2160
2180,2169
2180,3342
2180,3360
2180,3368
2180,3380
2180,3392
2181,288
2181,2036
2181,2102
2181,2107
2181,2113
2181,2119
2181,2122
2181,2127
2181,2128
2181,2144
2181,2159
2181,2161
2181,2165
2181,2166
2181,2182
2181,2183
2181,2193
2181,2194
2181,2603
2181,3356
2181,3369
2182,226
2182,2102
2182,2113
2182,2117
2182,2118
2182,2119
2182,2120
2182,2126
2182,2128
2182,2130
2182,2134
2182,2144
2182,2161
2182,2162
2182,2165
2182,2166
2182,2167
2182,2171
2182,2174
2182,2175
2182,2181
2182,2183
2182,2188
2182,2189
2182,2196
2182,2198
2182,3356
2182,3357
2182,3358
2182,3361
2182,3363
2182,3369
2182,3371
2182,3375
2182,3376
2182,3384
2182,3389
2182,3394
2183,226
2183,2102
2183,2113
2183,2117
2183,2143
2183,2175
2183,2181
2183,2182
2183,2186
2183,2188
2183,2190
2183,2194
2183,3358
2183,3361
2183,3369
2183,3385
2184,2007
2184,2112
2184,2116
2184,2135
2184,2140
2184,2144
2184,2154
2184,2163
2184,3322
2184,3372
2184,3377
2184,3384
2184,3387
2184,3394
2185,280
2185,288
2185,2109
2185,2122
2185,2127
2185,2131
2185,2165
2185,2177
2185,2179
2185,2193
2185,2199
2185,3356
2185,3361
2185,3369
2185,3373
2185,3383
2185,3393
2186,2103
2186,2113
2186,2139
2186,2143
2186,2146
2186,2148
2186,2150
2186,2172
2186,2173
2186,2183
2186,2190
2186,3358
2186,3365
2186,3392
2187,2107
2187,2121
2187,2123
2187,2124
2187,2126
2187,2129
2187,2131
2187,2133
2187,2137
2187,2147
2187,2151
2187,2152
2187,2178
2187,2196
2187,2634
2187,3371
2188,226
2188,2113
2188,2117
2188,2121
2188,2129
2188,2144
2188,2147
2188,2152
2188,2156
2188,2175
2188,2182
2188,2183
2188,2190
2188,2194
2188,2196
2188,2603
2188,3357
2188,3358
2188,3363
2188,3371
2188,3385
2188,3394
2189,2103
2189,2116
2189,2118
2189,2120
2189,2128
2189,2130
2189,2139
2189,2146
2189,2150
2189,2157
2189,2164
2189,2182
2189,3355
2189,3377
2189,3382
2189,3384
2189,3394
2190,2103
2190,2117
2190,2120
2190,2130
2190,2139
2190,2143
2190,2151
2190,2156
2190,2161
2190,2167
2190,2172
2190,2175
2190,2183
2190,2186
2190,2188
2190,3358
2190,3370
2190,3371
2190,3372
2190,3375
2190,3378
2190,3389
2191,2102
2191,2106
2191,2114
2191,2130
2191,2134
2191,2162
2191,2168
2191,2172
2191,2192
2191,3359
2191,3364
2191,3370
2191,3376
2191,3381
2191,3389
2192,2100
2192,2102
2192,2106
2192,2114
2192,2130
2192,2134
2192,2142
2192,2158
2192,2162
2192,2166
2192,2168
2192,2171
2192,2191
2192,3355
2192,3359
2192,3364
2192,3370
2192,3376
2192,3379
2192,3381
2192,3389
2193,214
2193,288
2193,2107
2193,2119
2193,2121
2193,2122
2193,2127
2193,2133
2193,2147
2193,2166
2193,2174
2193,2176
2193,2179
2193,2181
2193,2185
2193,2198
2193,2199
2193,3330
2193,3356
2193,3369
2193,3383
2194,226
2194,288
2194,2113
2194,2127
2194,2152
2194,2165
2194,2175
2194,2176
2194,2181
2194,2183
2194,2188
2194,2603
2194,3369
2194,3385
2195,2109
2195,2124
2195,2131
2195,2136
2195,2145
2195,2152
2195,2171
2195,2175
2195,2178
2195,2196
2195,3357
2195,3359
2195,3362
2195,3363
2195,3373
2195,3379
2195,3385
2196,226
2196,288
2196,2102
2196,2121
2196,2123
2196,2125
2196,2126
2196,2127
2196,2129
2196,2131
2196,2144
2196,2147
2196,2151
2196,2152
2196,2161
2196,2165
2196,2171
2196,2174
2196,2178
2196,2179
2196,2182
2196,2187
2196,2188
2196,2195
2196,2198
2196,3355
2196,3356
2196,3357
2196,3361
2196,3363
2196,3371
2196,3373
2196,3383
2196,3384
2196,3385
2196,3393
2197,2016
2197,2020
2197,2026
2197,2036
2197,2037
2197,2046
2197,2076
2197,2135
2197,3317
2197,3322
2197,3335
2197,3384
2197,3388
2197,3391
2198,2102
2198,2119
2198,2121
2198,2125
2198,2126
2198,2147
2198,2158
2198,2165
2198,2166
2198,2167
2198,2168
2198,2174
2198,2177
2198,2178
2198,2179
2198,2182
2198,2193
2198,2196
2198,2199
2198,3356
2198,3357
2198,3361
2198,3369
2198,3383
2198,3393
2199,280
2199,288
2199,2109
2199,2122
2199,2165
2199,2166
2199,2174
2199,2177
2199,2179
2199,2185
2199,2193
2199,2198
2199,3356
2199,3362
2199,3369
2199,3383
2200,2217
2200,2225
2200,2226
2200,2228
2200,2240
2200,2241
2200,2253
2200,2256
2200,2257
2200,2265
2200,2277
2200,2280
2200,2291
2200,2293
2200,2294
2200,3410
2200,3417
2200,3428
2200,3430
2201,220
2201,2224
2201,2242
2201,2247
2201,2254
2201,2263
2201,2274
2201,2294
2201,2297
2201,2299
2201,3397
2201,3398
2201,3407
2201,3408
2201,3409
2201,3412
2201,3413
2201,3426
2201,3427
2202,224
2202,273
2202,820
2202,859
2202,2205
2202,2207
2202,2217
2202,2228
2202,2232
2202,2235
2202,2241
2202,2246
2202,2251
2202,2252
2202,2257
2202,2258
2202,2262
2202,2269
2202,2282
2202,2285
2202,2856
2202,3398
2202,3411
2202,3417
2202,3419
2202,3422
2202,3424
2202,3430
2202,3431
2203,2204
2203,2214
2203,2229
2203,2230
2203,2248
2203,2249
2203,2250
2203,2271
2203,2276
2203,2289
2203,3396
2203,3414
2203,3416
2203,3429
2204,2203
2204,2211
2204,2229
2204,2230
2204,2248
2204,2249
2204,2250
2204,2271
2204,2276
2204,2289
2204,2652
2204,3396
2204,3414
2204,3416
2204,3429
2205,202
2205,247
2205,305
2205,308
2205,325
2205,334
2205,377
2205,387
2205,832
2205,833
2205,836
2205,844
2205,859
2205,899
2205,2202
2205,2217
2205,2218
2205,2228
2205,2233
2205,2251
2205,2269
2205,2270
2205,2282
2205,2596
2205,2624
2205,2647
2205,2648
2205,2651
2205,2856
2205,2863
2205,2866
2205,3424
2205,3425
2206,891
2206,2208
2206,2210
2206,2219
2206,2234
2206,2243
2206,2245
2206,2264
2206,2266
2206,2285
2206,2299
2206,3420
2206,3422
2206,3432
2207,2202
2207,2217
2207,2232
2207,2235
2207,2241
2207,2246
2207,2251
2207,2252
2207,2261
2207,2274
2207,2856
2207,3398
2207,3409
2207,3411
2207,3419
2207,3422
2207,3426
2207,3430
2207,3431
2208,891
2208,2206
2208,2209
2208,2210
2208,2216
2208,2234
2208,2243
2208,2246
2208,2259
2208,2264
2208,2266
2208,2299
2208,2870
2208,3397
2208,3409
2208,3422
2209,2208
2209,2210
2209,2217
2209,2233
2209,2246
2209,2251
2209,2252
2209,2259
2209,2262
2209,2266
2209,2278
2209,2285
2209,2287
2209,2299
2209,2873
2209,3397
2209,3398
2209,3403
2209,3409
2209,3411
2209,3419
2209,3424
2209,3431
2210,862
2210,891
2210,2206
2210,2208
2210,2209
2210,2234
2210,2241
2210,2275
2210,2285
2210,2843
2210,2850
2210,2851
2210,2858
2210,2870
2210,3410
2210,3431
2211,208
2211,223
2211,283
2211,311
2211,852
2211,878
2211,889
2211,2204
2211,2219
2211,2276
2211,2297
2211,2607
2211,2652
2211,3400
2211,3416
2211,3420
2211,3429
2212,225
2212,387
2212,2218
2212,2223
2212,2225
2212,2233
2212,2237
2212,2258
2212,2268
2212,2293
2212,3395
2212,3404
2212,3406
2212,3411
2212,3428
2213,271
2213,839
2213,2242
2213,2260
2213,2274
2213,2296
2213,2847
2213,2855
2213,2860
2213,3398
2213,3413
2213,3426
2213,3431
2213,3434
2214,2203
2214,2229
2214,2230
2214,2239
2214,2248
2214,2249
2214,2250
2214,2264
2214,2272
2214,2288
2214,2289
2214,2298
2214,3315
2214,3396
2214,3400
2214,3402
2214,3412
2214,3418
2214,3427
2214,3429
2214,3432
2215,809
2215,864
2215,893
2215,2220
2215,2221
2215,2241
2215,2258
2215,2293
2215,2296
2215,2858
2215,3406
2215,3410
2215,3415
2215,3431
2216,201
2216,805
2216,842
2216,851
2216,887
2216,888
2216,970
2216,2208
2216,2231
2216,2259
2216,2263
2216,2272
2216,2274
2216,2847
2216,2859
2216,3409
2216,3413
2217,248
2217,326
2217,434
2217,859
2217,2200
2217,2202
2217,2205
2217,2207
2217,2209
2217,2228
2217,2235
2217,2240
2217,2243
2217,2246
2217,2251
2217,2252
2217,2255
2217,2256
2217,2261
2217,2262
2217,2265
2217,2282
2217,2285
2217,2287
2217,2290
2217,2856
2217,3411
2217,3417
2217,3423
2217,3424
2217,3430
2218,308
2218,2205
2218,2212
2218,2223
2218,2225
2218,2228
2218,2233
2218,2240
2218,2290
2218,2648
2218,2651
2218,3395
2218,3404
2218,3417
2218,3423
2219,2206
2219,2211
2219,2234
2219,2239
2219,2245
2219,2264
2219,2276
2219,2288
2219,2297
2219,2298
2219,2652
2219,3400
2219,3420
2219,3432
2220,215
2220,806
2220,807
2220,809
2220,864
2220,892
2220,893
2220,2215
2220,2236
2220,2283
2220,2661
2220,2858
2220,3401
2220,3415
2221,273
2221,818
2221,893
2221,2215
2221,2238
2221,2241
2221,2253
2221,2257
2221,2258
2221,2280
2221,2282
2221,2292
2221,2293
2221,2296
2221,2856
2221,3411
2221,3415
2221,3430
2221,3431
2222,211
2222,2231
2222,2232
2222,2244
2222,2252
2222,2254
2222,2260
2222,2274
2222,2279
2222,2286
2222,2287
2222,3412
2222,3413
2222,3421
2222,3422
2222,3426
2222,3434
2223,265
2223,267
2223,2212
2223,2218
2223,2225
2223,2237
2223,2253
2223,2256
2223,2268
2223,2280
2223,2282
2223,2291
2223,2293
2223,3395
2223,3406
2223,3411
2223,3423
2224,2201
2224,2242
2224,2244
2224,2260
2224,2272
2224,2274
2224,2281
2224,2298
2224,2299
2224,2847
2224,3398
2224,3412
2224,3413
2224,3419
2224,3421
2224,3434
2225,225
2225,265
2225,267
2225,378
2225,412
2225,2200
2225,2212
2225,2218
2225,2223
2225,2226
2225,2237
2225,2256
2225,2268
2225,2277
2225,2280
2225,2291
2225,2293
2225,3395
2225,3404
2225,3411
2225,3417
2225,3423
2226,2200
2226,2225
2226,2228
2226,2253
2226,2256
2226,2265
2226,2277
2226,2280
2226,2291
2226,2293
2226,3410
2226,3423
2226,3428
2226,3430
2227,273
2227,384
2227,806
2227,818
2227,826
2227,849
2227,892
2227,2236
2227,2296
2227,2856
2227,2858
2227,2860
2227,3431
2227,3433
2228,326
2228,2200
2228,2202
2228,2205
2228,2217
2228,2218
2228,2226
2228,2235
2228,2240
2228,2246
2228,2256
2228,2265
2228,2277
2228,2282
2228,2285
2228,2290
2228,3403
2228,3404
2228,3417
2228,3430
2229,252
2229,285
2229,852
2229,878
2229,2203
2229,2204
2229,2214
2229,2230
2229,2248
2229,2249
2229,2271
2229,2289
2229,2634
2229,3396
2229,3414
2229,3418
2229,3429
2230,2203
2230,2204
2230,2214
2230,2229
2230,2248
2230,2249
2230,2250
2230,2271
2230,2276
2230,2289
2230,3396
2230,3414
2230,3416
2230,3429
2231,211
2231,271
2231,437
2231,847
2231,2216
2231,2222
2231,2247
2231,2254
2231,2263
2231,2274
2231,2279
2231,2613
2231,2847
2231,3413
2231,3426
2232,250
2232,360
2232,367
2232,464
2232,826
2232,2202
2232,2207
2232,2222
2232,2235
2232,2244
2232,2246
2232,2252
2232,2279
2232,2611
2232,2620
2233,274
2233,387
2233,823
2233,844
2233,2205
2233,2209
2233,2212
2233,2218
2233,2237
2233,2251
2233,2258
2233,2269
2233,2293
2233,3403
2233,3404
2233,3406
2233,3411
2233,3424
2233,3433
2234,891
2234,2206
2234,2208
2234,2210
2234,2219
2234,2235
2234,2243
2234,2245
2234,2264
2234,2284
2234,2285
2234,2299
2234,3403
2234,3420
2234,3422
2235,220
2235,273
2235,859
2235,2202
2235,2207
2235,2217
2235,2228
2235,2232
2235,2234
2235,2241
2235,2243
2235,2246
2235,2252
2235,2261
2235,2267
2235,2278
2235,2279
2235,2285
2235,2287
2235,3403
2235,3419
2235,3422
2235,3424
2236,213
2236,215
2236,216
2236,273
2236,282
2236,806
2236,807
2236,809
2236,857
2236,864
2236,892
2236,893
2236,2220
2236,2227
2236,2238
2236,2258
2236,2283
2236,2597
2236,2661
2236,3401
2236,3415
2236,3433
2237,2212
2237,2223
2237,2225
2237,2233
2237,2265
2237,2266
2237,2291
2237,2293
2237,3395
2237,3404
2237,3406
2237,3411
2237,3423
2237,3424
2237,3428
2238,209
2238,213
2238,216
2238,232
2238,273
2238,274
2238,275
2238,316
2238,387
2238,453
2238,806
2238,807
2238,809
2238,818
2238,823
2238,857
2238,892
2238,990
2238,2221
2238,2236
2238,2257
2238,2258
2238,2282
2238,2605
2238,2615
2238,2620
2238,2621
2238,2661
2238,2856
2238,2890
2238,3401
2238,3415
2238,3433
2239,2068
2239,2214
2239,2219
2239,2245
2239,2249
2239,2264
2239,2272
2239,2288
2239,2289
2239,2298
2239,3315
2239,3400
2239,3412
2239,3418
2239,3420
2239,3427
2239,3429
2239,3432
2239,3434
2240,365
2240,929
2240,2200
2240,2217
2240,2218
2240,2228
2240,2246
2240,2256
2240,2257
2240,2290
2240,3399
2240,3417
2240,3423
2240,3430
2241,862
2241,2200
2241,2202
2241,2207
2241,2210
2241,2215
2241,2221
2241,2235
2241,2242
2241,2257
2241,2258
2241,2267
2241,2275
2241,2285
2241,2292
2241,2294
2241,2296
2241,2843
2241,3398
2241,3407
2241,3410
2241,3428
2241,3431
2242,220
2242,805
2242,842
2242,2201
2242,2213
2242,2224
2242,2241
2242,2247
2242,2263
2242,2275
2242,2292
2242,2294
2242,2296
2242,2297
2242,2612
2242,2627
2242,2847
2242,3398
2242,3405
2242,3407
2242,3413
2242,3426
2242,3431
2243,891
2243,2206
2243,2208
2243,2217
2243,2234
2243,2235
2243,2255
2243,2284
2243,2287
2243,2299
2243,2646
2243,2854
2243,2870
2243,3422
2244,211
2244,367
2244,804
2244,867
2244,872
2244,898
2244,2222
2244,2224
2244,2232
2244,2254
2244,2260
2244,2269
2244,2279
2244,2286
2244,2846
2244,2852
2244,2869
2244,3412
2244,3413
2244,3421
2244,3434
2245,888
2245,891
2245,2206
2245,2219
2245,2234
2245,2239
2245,2264
2245,2272
2245,2284
2245,2288
2245,2598
2245,3400
2245,3420
2245,3432
2246,820
2246,2202
2246,2207
2246,2208
2246,2209
2246,2217
2246,2228
2246,2232
2246,2235
2246,2240
2246,2251
2246,2252
2246,2255
2246,2261
2246,2262
2246,2265
2246,2285
2246,2287
2246,2290
2246,2299
2246,3411
2246,3417
2246,3422
2246,3430
2246,3431
2247,220
2247,2201
2247,2231
2247,2242
2247,2254
2247,2263
2247,2294
2247,2297
2247,2612
2247,2627
2247,2847
2247,3398
2247,3407
2247,3409
2247,3410
2247,3413
2247,3426
2247,3427
2247,3431
2248,392
2248,2203
2248,2204
2248,2214
2248,2229
2248,2230
2248,2250
2248,2271
2248,2276
2248,2289
2248,3396
2248,3414
2248,3416
2248,3429
2249,786
2249,2203
2249,2204
2249,2214
2249,2229
2249,2230
2249,2239
2249,2250
2249,2288
2249,2289
2249,2298
2249,2652
2249,3396
2249,3400
2249,3414
2249,3416
2249,3429
2249,3432
2250,2203
2250,2204
2250,2214
2250,2230
2250,2248
2250,2249
2250,2271
2250,2276
2250,2289
2250,3396
2250,3400
2250,3414
2250,3416
2250,3418
2250,3429
2251,325
2251,859
2251,2202
2251,2205
2251,2207
2251,2209
2251,2217
2251,2233
2251,2246
2251,2269
2251,2282
2251,2856
2251,3411
2251,3419
2251,3424
2252,250
2252,2202
2252,2207
2252,2209
2252,2217
2252,2222
2252,2232
2252,2235
2252,2246
2252,2262
2252,2269
2252,2278
2252,2279
2252,2281
2252,2285
2252,3398
2252,3403
2252,3419
2252,3424
2252,3426
2252,3431
2253,2200
2253,2221
2253,2223
2253,2226
2253,2256
2253,2257
2253,2265
2253,2277
2253,2280
2253,2291
2253,2596
2253,2856
2253,3411
2253,3430
2254,220
2254,2201
2254,2222
2254,2231
2254,2244
2254,2247
2254,2263
2254,2279
2254,2286
2254,3412
2254,3413
2254,3418
2254,3426
2254,3427
2255,378
2255,820
2255,859
2255,891
2255,899
2255,2217
2255,2243
2255,2246
2255,2282
2255,2285
2255,2293
2255,2295
2255,2850
2255,2854
2255,3417
2255,3423
2255,3424
2256,2200
2256,2217
2256,2223
2256,2225
2256,2226
2256,2228
2256,2240
2256,2253
2256,2265
2256,2277
2256,2280
2256,2290
2256,2291
2256,3399
2256,3423
2257,273
2257,2200
2257,2202
2257,2221
2257,2238
2257,2240
2257,2241
2257,2253
2257,2258
2257,2282
2257,2292
2257,2596
2257,2856
2257,3428
2257,3430
2257,3431
2258,238
2258,273
2258,862
2258,2202
2258,2212
2258,2215
2258,2221
2258,2233
2258,2236
2258,2238
2258,2241
2258,2257
2258,2296
2258,2856
2258,3406
2258,3415
2258,3428
2258,3430
2258,3431
2258,3433
2259,468
2259,2208
2259,2209
2259,2216
2259,2263
2259,2266
2259,2281
2259,2287
2259,2298
2259,3397
2259,3403
2259,3409
2259,3419
2259,3421
2260,803
2260,854
2260,2213
2260,2222
2260,2224
2260,2244
2260,2272
2260,2274
2260,2279
2260,2846
2260,3398
2260,3402
2260,3412
2260,3413
2260,3418
2260,3421
2260,3434
2261,862
2261,2207
2261,2217
2261,2235
2261,2246
2261,2265
2261,2275
2261,2291
2261,2292
2261,3406
2261,3409
2261,3411
2261,3423
2261,3431
2262,202
2262,250
2262,844
2262,2202
2262,2209
2262,2217
2262,2246
2262,2252
2262,2269
2262,2278
2262,2279
2262,2281
2262,2299
2262,3417
2262,3419
2262,3425
2263,2201
2263,2216
2263,2231
2263,2242
2263,2247
2263,2254
2263,2259
2263,2274
2263,2294
2263,2297
2263,2298
2263,2859
2263,3397
2263,3407
2263,3409
2263,3412
2263,3413
2263,3426
2264,2206
2264,2208
2264,2214
2264,2219
2264,2234
2264,2239
2264,2245
2264,2272
2264,2279
2264,2284
2264,2288
2264,2299
2264,3397
2264,3400
2264,3407
2264,3412
2264,3418
2264,3420
2264,3427
2264,3432
2265,457
2265,2200
2265,2217
2265,2226
2265,2228
2265,2237
2265,2246
2265,2253
2265,2256
2265,2261
2265,2266
2265,2291
2265,2614
2265,3409
2265,3411
2265,3423
2265,3428
2266,2206
2266,2208
2266,2209
2266,2237
2266,2259
2266,2265
2266,2291
2266,2293
2266,2294
2266,3398
2266,3406
2266,3409
2266,3410
2266,3411
2266,3419
2266,3423
2266,3424
2267,249
2267,278
2267,860
2267,891
2267,2235
2267,2241
2267,2275
2267,2285
2267,2626
2267,2627
2267,2666
2267,2843
2267,2851
2267,2870
2267,2901
2267,3408
2268,225
2268,267
2268,357
2268,387
2268,868
2268,2212
2268,2223
2268,2225
2268,2273
2268,2280
2268,2599
2268,2910
2268,3395
2268,3399
2269,844
2269,2202
2269,2205
2269,2233
2269,2244
2269,2251
2269,2252
2269,2262
2269,2270
2269,2278
2269,2281
2269,2867
2269,3403
2269,3408
2269,3419
2269,3421
2269,3424
2270,200
2270,202
2270,244
2270,260
2270,274
2270,305
2270,332
2270,333
2270,336
2270,337
2270,413
2270,453
2270,833
2270,840
2270,844
2270,2205
2270,2269
2270,2282
2270,2854
2270,2855
2270,2863
2270,2867
2270,3419
2270,3425
2271,314
2271,392
2271,491
2271,2203
2271,2204
2271,2229
2271,2230
2271,2248
2271,2250
2271,2276
2271,2289
2271,2619
2271,3396
2271,3414
2271,3416
2272,2214
2272,2216
2272,2224
2272,2239
2272,2245
2272,2260
2272,2264
2272,2279
2272,2288
2272,2298
2272,2299
2272,2846
2272,3412
2272,3413
2272,3418
2272,3420
2272,3427
2272,3429
2272,3432
2272,3434
2273,27
2273,286
2273,306
2273,322
2273,334
2273,345
2273,352
2273,368
2273,377
2273,412
2273,435
2273,454
2273,482
2273,945
2273,1513
2273,2268
2273,2553
2273,2600
2273,2624
2273,2635
2273,2636
2273,2651
2273,2841
2273,2910
2273,3122
2273,3404
2274,2201
2274,2207
2274,2213
2274,2216
2274,2222
2274,2224
2274,2231
2274,2260
2274,2263
2274,2279
2274,2847
2274,3398
2274,3409
2274,3413
2274,3426
2274,3431
2274,3434
2275,241
2275,805
2275,820
2275,849
2275,862
2275,2210
2275,2241
2275,2242
2275,2261
2275,2267
2275,2292
2275,2296
2275,2297
2275,2845
2275,3398
2275,3405
2275,3407
2275,3413
2275,3426
2275,3431
2276,208
2276,285
2276,491
2276,2203
2276,2204
2276,2211
2276,2219
2276,2230
2276,2248
2276,2250
2276,2271
2276,2289
2276,2652
2276,2698
2276,3396
2276,3400
2276,3414
2276,3416
2276,3429
2276,3432
2277,345
2277,2200
2277,2225
2277,2226
2277,2228
2277,2253
2277,2256
2277,2280
2277,2282
2277,2596
2277,3395
2277,3399
2277,3428
2277,3430
2278,2209
2278,2235
2278,2252
2278,2262
2278,2269
2278,2279
2278,2281
2278,2284
2278,2287
2278,2299
2278,3403
2278,3419
2278,3421
2278,3424
2279,211
2279,367
2279,867
2279,898
2279,2222
2279,2231
2279,2232
2279,2235
2279,2244
2279,2252
2279,2254
2279,2260
2279,2262
2279,2264
2279,2272
2279,2274
2279,2278
2279,2281
2279,2284
2279,2286
2279,2287
2279,2299
2279,2650
2279,2836
2279,3403
2279,3412
2279,3413
2279,3418
2279,3421
2279,3422
2279,3434
2280,262
2280,267
2280,2111
2280,2200
2280,2221
2280,2223
2280,2225
2280,2226
2280,2253
2280,2256
2280,2268
2280,2277
2280,2596
2280,3395
2280,3399
2280,3430
2281,337
2281,364
2281,383
2281,420
2281,2224
2281,2252
2281,2259
2281,2262
2281,2269
2281,2278
2281,2279
2281,2287
2281,2836
2281,3403
2281,3419
2281,3421
2281,3424
2281,3434
2282,200
2282,210
2282,216
2282,225
2282,248
2282,254
2282,269
2282,273
2282,292
2282,296
2282,316
2282,342
2282,365
2282,378
2282,379
2282,384
2282,387
2282,453
2282,817
2282,818
2282,820
2282,836
2282,859
2282,862
2282,883
2282,893
2282,899
2282,929
2282,950
2282,957
2282,990
2282,2202
2282,2205
2282,2217
2282,2221
2282,2223
2282,2228
2282,2238
2282,2251
2282,2255
2282,2257
2282,2270
2282,2277
2282,2596
2282,2631
2282,2644
2282,2694
2282,2841
2282,2850
2282,2854
2282,2856
2282,2863
2282,2866
2282,2895
2282,3395
2282,3417
2282,3423
2282,3430
2283,200
2283,274
2283,339
2283,386
2283,806
2283,807
2283,809
2283,823
2283,892
2283,2220
2283,2236
2283,2661
2283,3401
2283,3433
2284,202
2284,371
2284,376
2284,863
2284,891
2284,921
2284,2101
2284,2234
2284,2243
2284,2245
2284,2264
2284,2278
2284,2279
2284,2287
2284,2299
2284,2598
2284,2836
2284,3403
2285,862
2285,891
2285,2202
2285,2206
2285,2209
2285,2210
2285,2217
2285,2228
2285,2234
2285,2235
2285,2241
2285,2246
2285,2252
2285,2255
2285,2267
2285,2850
2285,3424
2286,258
2286,310
2286,804
2286,842
2286,847
2286,866
2286,872
2286,898
2286,2222
2286,2244
2286,2254
2286,2279
2286,2613
2286,2650
2286,2655
2286,2660
2286,2664
2286,2852
2286,2869
2286,3413
2287,395
2287,2209
2287,2217
2287,2222
2287,2235
2287,2243
2287,2246
2287,2259
2287,2278
2287,2279
2287,2281
2287,2284
2287,2299
2287,3397
2287,3403
2287,3421
2287,3422
2288,2214
2288,2219
2288,2239
2288,2245
2288,2249
2288,2264
2288,2272
2288,2289
2288,2298
2288,2299
2288,3400
2288,3412
2288,3418
2288,3420
2288,3427
2288,3432
2288,3434
2289,2203
2289,2204
2289,2214
2289,2229
2289,2230
2289,2239
2289,2248
2289,2249
2289,2250
2289,2271
2289,2276
2289,2288
2289,2298
2289,3396
2289,3400
2289,3414
2289,3416
2289,3429
2290,297
2290,326
2290,365
2290,378
2290,990
2290,2217
2290,2218
2290,2228
2290,2240
2290,2246
2290,2256
2290,2600
2290,2636
2290,3399
2290,3417
2291,2200
2291,2223
2291,2225
2291,2226
2291,2237
2291,2253
2291,2256
2291,2261
2291,2265
2291,2266
2291,3406
2291,3409
2291,3411
2291,3423
2291,3428
2292,220
2292,241
2292,820
2292,862
2292,2221
2292,2241
2292,2242
2292,2257
2292,2261
2292,2275
2292,2296
2292,2611
2292,2612
2292,3398
2292,3405
2292,3407
2292,3413
2292,3426
2292,3431
2293,387
2293,2200
2293,2212
2293,2215
2293,2221
2293,2223
2293,2225
2293,2226
2293,2233
2293,2237
2293,2255
2293,2266
2293,3395
2293,3406
2293,3410
2293,3411
2293,3424
2293,3428
2294,2200
2294,2201
2294,2241
2294,2242
2294,2247
2294,2263
2294,2266
2294,2297
2294,3397
2294,3398
2294,3406
2294,3409
2294,3410
2294,3431
2295,202
2295,247
2295,342
2295,833
2295,844
2295,859
2295,882
2295,899
2295,2255
2295,2844
2295,2850
2295,2854
2295,2866
2295,3424
2296,826
2296,862
2296,2213
2296,2215
2296,2221
2296,2227
2296,2241
2296,2242
2296,2258
2296,2275
2296,2292
2296,2858
2296,2860
2296,3398
2296,3405
2296,3407
2296,3426
2296,3431
2296,3433
2297,830
2297,842
2297,2201
2297,2211
2297,2219
2297,2242
2297,2247
2297,2263
2297,2275
2297,2294
2297,3407
2297,3420
2297,3426
2297,3427
2297,3431
2298,2214
2298,2219
2298,2224
2298,2239
2298,2249
2298,2259
2298,2263
2298,2272
2298,2288
2298,2289
2298,3397
2298,3400
2298,3402
2298,3412
2298,3432
2298,3434
2299,2201
2299,2206
2299,2208
2299,2209
2299,2224
2299,2234
2299,2243
2299,2246
2299,2262
2299,2264
2299,2272
2299,2278
2299,2279
2299,2284
2299,2287
2299,2288
2299,3397
2299,3403
2299,3421
2299,3434
2300,2312
2300,2318
2300,2321
2300,2331
2300,2334
2300,2345
2300,2347
2300,2361
2300,2362
2300,2366
2300,2367
2300,2369
2300,2371
2300,2372
2300,2379
2300,3446
2300,3447
2300,3451
2300,3462
2300,3465
2300,3466
2301,2303
2301,2314
2301,2317
2301,2319
2301,2320
2301,2322
2301,2326
2301,2335
2301,2339
2301,2346
2301,2349
2301,2351
2301,2353
2301,2356
2301,2363
2301,2370
2301,2373
2301,2374
2301,2375
2301,2377
2301,3435
2301,3439
2301,3455
2301,3461
2301,3466
2302,2303
2302,2304
2302,2309
2302,2314
2302,2319
2302,2322
2302,2323
2302,2326
2302,2327
2302,2336
2302,2339
2302,2340
2302,2349
2302,2358
2302,2359
2302,2363
2302,2371
2302,3435
2302,3459
2302,3461
2303,2301
2303,2302
2303,2306
2303,2309
2303,2314
2303,2320
2303,2322
2303,2335
2303,2340
2303,2349
2303,2353
2303,2358
2303,2370
2303,2373
2303,2374
2303,3448
2303,3455
2303,3461
2303,3467
2304,2302
2304,2315
2304,2319
2304,2324
2304,2326
2304,2327
2304,2336
2304,2339
2304,2356
2304,2359
2304,2371
2304,2372
2304,2378
2304,3435
2304,3459
2304,3460
2304,3461
2304,3466
2305,2310
2305,2316
2305,2317
2305,2333
2305,2337
2305,2350
2305,2356
2305,2359
2305,2360
2305,2362
2305,2370
2305,2378
2305,3440
2305,3444
2305,3449
2305,3453
2305,3468
2306,1392
2306,2303
2306,2320
2306,2324
2306,2341
2306,2351
2306,2353
2306,2354
2306,2370
2306,3439
2306,3442
2306,3448
2306,3463
2306,3464
2307,1327
2307,1341
2307,1350
2307,1360
2307,1382
2307,1390
2307,1544
2307,1584
2307,2313
2307,2318
2307,2338
2307,2380
2307,2747
2307,3036
2307,3047
2308,2315
2308,2317
2308,2318
2308,2325
2308,2330
2308,2333
2308,2336
2308,2337
2308,2350
2308,2355
2308,2362
2308,2367
2308,2368
2308,2371
2308,2378
2308,2381
2308,3438
2308,3440
2308,3441
2308,3443
2308,3449
2308,3450
2308,3451
2308,3453
2308,3457
2308,3459
2308,3465
2308,3468
2308,3469
2309,2302
2309,2303
2309,2313
2309,2314
2309,2319
2309,2322
2309,2326
2309,2327
2309,2329
2309,2330
2309,2335
2309,2336
2309,2340
2309,2349
2309,2353
2309,2358
2309,2363
2309,2373
2309,2375
2309,2378
2309,3435
2309,3438
2309,3444
2309,3447
2309,3456
2309,3459
2309,3460
2309,3461
2309,3463
2309,3467
2309,3469
2310,2305
2310,2315
2310,2317
2310,2323
2310,2326
2310,2336
2310,2339
2310,2352
2310,2355
2310,2359
2310,2378
2310,2381
2310,3438
2310,3440
2310,3444
2310,3453
2310,3459
2310,3460
2310,3469
2311,506
2311,1295
2311,1352
2311,1598
2311,2321
2311,2332
2311,2342
2311,2347
2311,2361
2311,2365
2311,2723
2311,3436
2311,3437
2311,3446
2311,3462
2312,2300
2312,2321
2312,2334
2312,2345
2312,2366
2312,2367
2312,2369
2312,2372
2312,2375
2312,2379
2312,3445
2312,3446
2312,3447
2312,3451
2312,3454
2312,3463
2312,3464
2312,3466
2312,3470
2313,1303
2313,1368
2313,1371
2313,1379
2313,1387
2313,2307
2313,2309
2313,2329
2313,2330
2313,2334
2313,2348
2313,2369
2313,3050
2313,3070
2313,3117
2313,3443
2313,3447
2313,3454
2313,3463
2313,3467
2314,2301
2314,2302
2314,2303
2314,2309
2314,2319
2314,2320
2314,2322
2314,2326
2314,2329
2314,2330
2314,2335
2314,2340
2314,2349
2314,2353
2314,2358
2314,2363
2314,2370
2314,2373
2314,2374
2314,2375
2314,3435
2314,3447
2314,3454
2314,3455
2314,3459
2314,3461
2314,3467
2315,1302
2315,1359
2315,2304
2315,2308
2315,2310
2315,2323
2315,2328
2315,2336
2315,2352
2315,2354
2315,2355
2315,2359
2315,2364
2315,2371
2315,2381
2315,3123
2315,3439
2315,3442
2315,3452
2315,3453
2315,3457
2315,3460
2316,2305
2316,2333
2316,2337
2316,2350
2316,2356
2316,2360
2316,2361
2316,2362
2316,2367
2316,2368
2316,3036
2316,3449
2316,3450
2316,3453
2316,3462
2316,3465
2316,3468
2317,2301
2317,2305
2317,2308
2317,2310
2317,2324
2317,2326
2317,2330
2317,2333
2317,2337
2317,2344
2317,2346
2317,2349
2317,2350
2317,2356
2317,2359
2317,2362
2317,2367
2317,2370
2317,2371
2317,2374
2317,2377
2317,2378
2317,3440
2317,3441
2317,3450
2317,3453
2317,3459
2317,3465
2318,2300
2318,2307
2318,2308
2318,2321
2318,2325
2318,2331
2318,2347
2318,2361
2318,2362
2318,2367
2318,2368
2318,2372
2318,2375
2318,3436
2318,3443
2318,3446
2318,3449
2318,3451
2318,3457
2318,3465
2318,3468
2319,2301
2319,2302
2319,2304
2319,2309
2319,2314
2319,2320
2319,2322
2319,2325
2319,2327
2319,2339
2319,2340
2319,2353
2319,2356
2319,2358
2319,2363
2319,2370
2319,2372
2319,2374
2319,3435
2319,3444
2319,3447
2319,3461
2319,3466
2319,3467
2320,2301
2320,2303
2320,2306
2320,2314
2320,2319
2320,2322
2320,2335
2320,2346
2320,2351
2320,2353
2320,2370
2320,2372
2320,2373
2320,2374
2320,2375
2320,2377
2320,2379
2320,3445
2320,3447
2320,3448
2320,3464
2320,3466
2320,3470
2321,2300
2321,2311
2321,2312
2321,2318
2321,2331
2321,2345
2321,2347
2321,2348
2321,2361
2321,2362
2321,2366
2321,2367
2321,2372
2321,3436
2321,3446
2321,3451
2321,3462
2321,3468
2321,3483
2322,2301
2322,2302
2322,2303
2322,2309
2322,2314
2322,2319
2322,2320
2322,2326
2322,2329
2322,2346
2322,2349
2322,2351
2322,2353
2322,2370
2322,2373
2322,2374
2322,2375
2322,2377
2322,3448
2322,3455
2323,2302
2323,2310
2323,2315
2323,2325
2323,2327
2323,2328
2323,2336
2323,2339
2323,2341
2323,2343
2323,2352
2323,2354
2323,2355
2323,2358
2323,2359
2323,2364
2323,2370
2323,2371
2323,2378
2323,2381
2323,3438
2323,3439
2323,3440
2323,3442
2323,3444
2323,3456
2323,3459
2323,3460
2323,3461
2323,3469
2324,2304
2324,2306
2324,2317
2324,2333
2324,2344
2324,2346
2324,2350
2324,2351
2324,2356
2324,2366
2324,2367
2324,2368
2324,2370
2324,2372
2324,2374
2324,2377
2324,3441
2324,3448
2324,3466
2325,2308
2325,2318
2325,2319
2325,2323
2325,2336
2325,2340
2325,2341
2325,2353
2325,2355
2325,2358
2325,2368
2325,2370
2325,2371
2325,2372
2325,2375
2325,3440
2325,3459
2325,3461
2325,3469
2326,2301
2326,2302
2326,2304
2326,2309
2326,2310
2326,2314
2326,2317
2326,2322
2326,2327
2326,2329
2326,2330
2326,2339
2326,2346
2326,2349
2326,2353
2326,2359
2326,2363
2326,2370
2326,2373
2326,2375
2326,2378
2326,2381
2326,3435
2326,3438
2326,3444
2326,3455
2326,3459
2326,3460
2326,3461
2326,3465
2326,3469
2327,1359
2327,1392
2327,2302
2327,2304
2327,2309
2327,2319
2327,2323
2327,2326
2327,2339
2327,2341
2327,2343
2327,2352
2327,2359
2327,2370
2327,3435
2327,3442
2327,3444
2327,3455
2327,3461
2327,3469
2328,2315
2328,2323
2328,2341
2328,2343
2328,2354
2328,2355
2328,2359
2328,2371
2328,2381
2328,3123
2328,3439
2328,3442
2328,3449
2328,3452
2328,3456
2328,3457
2329,2309
2329,2313
2329,2314
2329,2322
2329,2326
2329,2330
2329,2334
2329,2336
2329,2349
2329,2353
2329,2363
2329,2369
2329,2375
2329,3454
2329,3459
2329,3463
2329,3467
2329,3469
2330,2308
2330,2309
2330,2313
2330,2314
2330,2317
2330,2326
2330,2329
2330,2335
2330,2336
2330,2346
2330,2349
2330,2353
2330,2363
2330,3440
2330,3443
2330,3454
2330,3459
2330,3461
2330,3463
2331,2300
2331,2318
2331,2321
2331,2345
2331,2347
2331,2357
2331,2366
2331,2368
2331,2372
2331,2379
2331,3436
2331,3446
2331,3448
2331,3451
2331,3470
2332,506
2332,1202
2332,1314
2332,1501
2332,1527
2332,1964
2332,2311
2332,2342
2332,2365
2332,2376
2332,2404
2332,3141
2332,3437
2332,3458
2333,2305
2333,2308
2333,2316
2333,2317
2333,2324
2333,2337
2333,2344
2333,2346
2333,2350
2333,2351
2333,2356
2333,2359
2333,2362
2333,2367
2333,2368
2333,2370
2333,2377
2333,2378
2333,3440
2333,3441
2333,3450
2333,3453
2333,3466
2333,3468
2334,2300
2334,2312
2334,2313
2334,2329
2334,2347
2334,2348
2334,2369
2334,2375
2334,3443
2334,3447
2334,3454
2334,3463
2334,3465
2334,3467
2335,2301
2335,2303
2335,2309
2335,2314
2335,2320
2335,2330
2335,2346
2335,2349
2335,2353
2335,2363
2335,2373
2335,2374
2335,3445
2335,3447
2335,3454
2335,3459
2335,3461
2335,3463
2335,3467
2336,2302
2336,2304
2336,2308
2336,2309
2336,2310
2336,2315
2336,2323
2336,2325
2336,2329
2336,2330
2336,2349
2336,2355
2336,2363
2336,2364
2336,2371
2336,2378
2336,2381
2336,3438
2336,3440
2336,3443
2336,3452
2336,3456
2336,3459
2336,3460
2336,3463
2336,3465
2336,3467
2336,3469
2337,2305
2337,2308
2337,2316
2337,2317
2337,2333
2337,2344
2337,2350
2337,2360
2337,2362
2337,2367
2337,2368
2337,2377
2337,3440
2337,3441
2337,3449
2337,3450
2337,3453
2337,3457
2337,3468
2338,1535
2338,1551
2338,1554
2338,1596
2338,2307
2338,2341
2338,2343
2338,2354
2338,2381
2338,2410
2338,2435
2338,3129
2338,3136
2338,3442
2338,3452
2338,3456
2339,2301
2339,2302
2339,2304
2339,2310
2339,2319
2339,2323
2339,2326
2339,2327
2339,2356
2339,2358
2339,2359
2339,2363
2339,2371
2339,2378
2339,3435
2339,3459
2339,3460
2339,3461
2340,2302
2340,2303
2340,2309
2340,2314
2340,2319
2340,2325
2340,2349
2340,2353
2340,2354
2340,2358
2340,2371
2340,2372
2340,2375
2340,3442
2340,3445
2340,3459
2340,3461
2341,2306
2341,2323
2341,2325
2341,2327
2341,2328
2341,2338
2341,2343
2341,2354
2341,2355
2341,2381
2341,3438
2341,3439
2341,3442
2341,3452
2341,3456
2341,3457
2341,3469
2342,482
2342,506
2342,630
2342,651
2342,1501
2342,1657
2342,1687
2342,1914
2342,1964
2342,2311
2342,2332
2342,2365
2342,2376
2342,2723
2342,3169
2342,3437
2342,3458
2343,1551
2343,2323
2343,2327
2343,2328
2343,2338
2343,2341
2343,2354
2343,2355
2343,2381
2343,3435
2343,3439
2343,3442
2343,3452
2343,3456
2343,3460
2344,2317
2344,2324
2344,2333
2344,2337
2344,2346
2344,2350
2344,2353
2344,2356
2344,2366
2344,2367
2344,2368
2344,2370
2344,2371
2344,2374
2344,2377
2344,3441
2344,3450
2345,1355
2345,1381
2345,2300
2345,2312
2345,2321
2345,2331
2345,2348
2345,2357
2345,2366
2345,2379
2345,3068
2345,3436
2345,3446
2345,3451
2345,3464
2345,3470
2346,2301
2346,2317
2346,2320
2346,2322
2346,2324
2346,2326
2346,2330
2346,2333
2346,2335
2346,2344
2346,2349
2346,2350
2346,2351
2346,2353
2346,2367
2346,2370
2346,2373
2346,2374
2346,2375
2346,2377
2346,3440
2346,3455
2346,3459
2347,2300
2347,2311
2347,2318
2347,2321
2347,2331
2347,2334
2347,2348
2347,2361
2347,2366
2347,2367
2347,2369
2347,2372
2347,3436
2347,3443
2347,3446
2347,3451
2347,3454
2347,3462
2347,3465
2348,1304
2348,2313
2348,2321
2348,2334
2348,2345
2348,2347
2348,2361
2348,2369
2348,3070
2348,3436
2348,3443
2348,3451
2348,3454
2348,3462
2349,2301
2349,2302
2349,2303
2349,2309
2349,2314
2349,2317
2349,2322
2349,2326
2349,2329
2349,2330
2349,2335
2349,2336
2349,2340
2349,2346
2349,2353
2349,2363
2349,2370
2349,2373
2349,2374
2349,2375
2349,2378
2349,3447
2349,3454
2349,3455
2349,3459
2349,3461
2349,3463
2349,3465
2349,3467
2350,2305
2350,2308
2350,2316
2350,2317
2350,2324
2350,2333
2350,2337
2350,2344
2350,2346
2350,2360
2350,2362
2350,2366
2350,2367
2350,2368
2350,2377
2350,3440
2350,3441
2350,3443
2350,3450
2350,3451
2350,3453
2350,3465
2350,3468
2351,1392
2351,2301
2351,2306
2351,2320
2351,2322
2351,2324
2351,2333
2351,2346
2351,2353
2351,2370
2351,2373
2351,2374
2351,2377
2351,2379
2351,2386
2351,3448
2351,3455
2351,3464
2351,3466
2351,3470
2352,1302
2352,1307
2352,1359
2352,1392
2352,1551
2352,2310
2352,2315
2352,2323
2352,2327
2352,2359
2352,2364
2352,2381
2352,2433
2352,2441
2352,3118
2352,3435
2352,3456
2352,3460
2353,2301
2353,2303
2353,2306
2353,2309
2353,2314
2353,2319
2353,2320
2353,2322
2353,2325
2353,2326
2353,2329
2353,2330
2353,2335
2353,2340
2353,2344
2353,2346
2353,2349
2353,2351
2353,2363
2353,2370
2353,2373
2353,2374
2353,2375
2353,2377
2353,3439
2353,3447
2353,3448
2353,3455
2353,3463
2353,3467
2354,1551
2354,1554
2354,2306
2354,2315
2354,2323
2354,2328
2354,2338
2354,2340
2354,2341
2354,2343
2354,2355
2354,2358
2354,2371
2354,3123
2354,3439
2354,3442
2354,3452
2354,3456
2354,3457
2355,2308
2355,2310
2355,2315
2355,2323
2355,2325
2355,2328
2355,2336
2355,2341
2355,2343
2355,2354
2355,2364
2355,2371
2355,2378
2355,2381
2355,3438
2355,3440
2355,3442
2355,3452
2355,3456
2355,3459
2355,3465
2355,3469
2356,2301
2356,2304
2356,2305
2356,2316
2356,2317
2356,2319
2356,2324
2356,2333
2356,2339
2356,2344
2356,2362
2356,2367
2356,2370
2356,2371
2356,2372
2356,2374
2356,2377
2356,2378
2356,3439
2356,3450
2356,3459
2356,3465
2356,3466
2357,1339
2357,1343
2357,1357
2357,1364
2357,1370
2357,1382
2357,1578
2357,1598
2357,2331
2357,2345
2357,2366
2357,3051
2357,3059
2357,3062
2357,3065
2357,3073
2358,2302
2358,2303
2358,2309
2358,2314
2358,2319
2358,2323
2358,2325
2358,2339
2358,2340
2358,2354
2358,2371
2358,3435
2358,3442
2358,3459
2358,3461
2359,1359
2359,1363
2359,1393
2359,2302
2359,2304
2359,2305
2359,2310
2359,2315
2359,2317
2359,2323
2359,2326
2359,2327
2359,2328
2359,2333
2359,2339
2359,2352
2359,2370
2359,2371
2359,2377
2359,2378
2359,3439
2359,3453
2359,3459
2359,3469
2360,2305
2360,2316
2360,2337
2360,2350
2360,2361
2360,2362
2360,2367
2360,3036
2360,3449
2360,3450
2360,3451
2360,3453
2360,3462
2360,3468
2361,2300
2361,2311
2361,2316
2361,2318
2361,2321
2361,2347
2361,2348
2361,2360
2361,2362
2361,2366
2361,2367
2361,3436
2361,3446
2361,3451
2361,3462
2361,3465
2361,3468
2362,2300
2362,2305
2362,2308
2362,2316
2362,2317
2362,2318
2362,2321
2362,2333
2362,2337
2362,2350
2362,2356
2362,2360
2362,2361
2362,2366
2362,2367
2362,2368
2362,3036
2362,3440
2362,3441
2362,3443
2362,3449
2362,3450
2362,3451
2362,3453
2362,3457
2362,3462
2362,3465
2362,3468
2363,2301
2363,2302
2363,2309
2363,2314
2363,2319
2363,2326
2363,2329
2363,2330
2363,2335
2363,2336
2363,2339
2363,2349
2363,2353
2363,2370
2363,2375
2363,2378
2363,3435
2363,3438
2363,3447
2363,3459
2363,3461
2363,3465
2363,3467
2363,3469
2364,1514
2364,1551
2364,2315
2364,2323
2364,2336
2364,2352
2364,2355
2364,2381
2364,3118
2364,3132
2364,3438
2364,3442
2364,3452
2364,3456
2364,3460
2364,3469
2365,506
2365,1308
2365,1325
2365,1660
2365,1694
2365,1910
2365,2311
2365,2332
2365,2342
2365,2376
2365,2404
2365,2723
2365,3169
2365,3174
2365,3437
2365,3446
2366,1311
2366,1381
2366,1391
2366,1396
2366,2300
2366,2312
2366,2321
2366,2324
2366,2331
2366,2344
2366,2345
2366,2347
2366,2350
2366,2357
2366,2361
2366,2362
2366,2367
2366,2372
2366,2379
2366,2380
2366,3446
2366,3451
2366,3462
2366,3463
2366,3464
2366,3466
2366,3468
2366,3470
2367,2300
2367,2308
2367,2312
2367,2316
2367,2317
2367,2318
2367,2321
2367,2324
2367,2333
2367,2337
2367,2344
2367,2346
2367,2347
2367,2350
2367,2356
2367,2360
2367,2361
2367,2362
2367,2366
2367,2372
2367,2375
2367,2377
2367,2378
2367,3441
2367,3443
2367,3447
2367,3450
2367,3451
2367,3454
2367,3459
2367,3463
2367,3465
2367,3466
2367,3468
2368,2308
2368,2316
2368,2318
2368,2324
2368,2325
2368,2331
2368,2333
2368,2337
2368,2344
2368,2350
2368,2362
2368,3441
2368,3449
2368,3450
2368,3457
2368,3468
2369,2300
2369,2312
2369,2313
2369,2329
2369,2334
2369,2347
2369,2348
2369,2372
2369,2375
2369,3443
2369,3447
2369,3454
2369,3463
2369,3467
2370,2301
2370,2303
2370,2305
2370,2306
2370,2314
2370,2317
2370,2319
2370,2320
2370,2322
2370,2323
2370,2324
2370,2325
2370,2326
2370,2327
2370,2333
2370,2344
2370,2346
2370,2349
2370,2351
2370,2353
2370,2356
2370,2359
2370,2363
2370,2373
2370,2374
2370,2375
2370,2377
2370,2378
2370,3435
2370,3439
2370,3444
2370,3455
2370,3459
2370,3469
2371,2300
2371,2302
2371,2304
2371,2308
2371,2315
2371,2317
2371,2323
2371,2325
2371,2328
2371,2336
2371,2339
2371,2340
2371,2344
2371,2354
2371,2355
2371,2356
2371,2358
2371,2359
2371,2372
2371,3435
2371,3439
2371,3459
2371,3461
2371,3466
2372,1332
2372,2300
2372,2304
2372,2312
2372,2318
2372,2319
2372,2320
2372,2321
2372,2324
2372,2325
2372,2331
2372,2340
2372,2347
2372,2356
2372,2366
2372,2367
2372,2369
2372,2371
2372,2375
2372,2379
2372,3445
2372,3446
2372,3447
2372,3448
2372,3454
2372,3464
2372,3466
2372,3470
2373,2301
2373,2303
2373,2309
2373,2314
2373,2320
2373,2322
2373,2326
2373,2335
2373,2346
2373,2349
2373,2351
2373,2353
2373,2370
2373,2374
2373,3448
2373,3455
2373,3463
2374,2301
2374,2303
2374,2314
2374,2317
2374,2319
2374,2320
2374,2322
2374,2324
2374,2335
2374,2344
2374,2346
2374,2349
2374,2351
2374,2353
2374,2356
2374,2370
2374,2373
2374,2377
2374,3439
2374,3441
2374,3445
2374,3455
2374,3459
2374,3466
2375,2301
2375,2309
2375,2312
2375,2314
2375,2318
2375,2320
2375,2322
2375,2325
2375,2326
2375,2329
2375,2334
2375,2340
2375,2346
2375,2349
2375,2353
2375,2363
2375,2367
2375,2369
2375,2370
2375,2372
2375,2379
2375,3443
2375,3447
2375,3448
2375,3454
2375,3459
2375,3463
2375,3465
2375,3466
2376,100
2376,165
2376,506
2376,1252
2376,1594
2376,1687
2376,1918
2376,1926
2376,1972
2376,2332
2376,2342
2376,2365
2376,2404
2376,3437
2376,3458
2377,2301
2377,2317
2377,2320
2377,2322
2377,2324
2377,2333
2377,2337
2377,2344
2377,2346
2377,2350
2377,2351
2377,2353
2377,2356
2377,2359
2377,2367
2377,2370
2377,2374
2377,2378
2377,3439
2377,3441
2377,3444
2377,3459
2378,2304
2378,2305
2378,2308
2378,2309
2378,2310
2378,2317
2378,2323
2378,2326
2378,2333
2378,2336
2378,2339
2378,2349
2378,2355
2378,2356
2378,2359
2378,2363
2378,2367
2378,2370
2378,2377
2378,2381
2378,3438
2378,3440
2378,3443
2378,3444
2378,3452
2378,3453
2378,3459
2378,3460
2378,3465
2378,3469
2379,1308
2379,1332
2379,1377
2379,2300
2379,2312
2379,2320
2379,2331
2379,2345
2379,2351
2379,2366
2379,2372
2379,2375
2379,3436
2379,3445
2379,3446
2379,3448
2379,3454
2379,3464
2379,3466
2379,3470
2380,112
2380,1152
2380,1350
2380,1382
2380,1390
2380,2307
2380,2366
2380,2964
2380,2972
2380,3036
2380,3046
2380,3047
2380,3063
2380,3087
2380,3451
2381,1359
2381,2308
2381,2310
2381,2315
2381,2323
2381,2326
2381,2328
2381,2336
2381,2338
2381,2341
2381,2343
2381,2352
2381,2355
2381,2364
2381,2378
2381,3435
2381,3438
2381,3442
2381,3452
2381,3456
2381,3459
2381,3460
2381,3469
2382,1761
2382,2392
2382,2397
2382,2399
2382,2404
2382,2407
2382,2408
2382,2416
2382,2418
2382,2426
2382,2443
2382,2444
2382,2447
2382,3472
2382,3479
2382,3482
2383,1701
2383,1727
2383,1753
2383,1756
2383,1759
2383,1780
2383,1786
2383,2393
2383,2396
2383,2413
2383,2427
2383,2442
2383,3210
2383,3484
2383,3493
2384,1375
2384,1387
2384,1389
2384,1509
2384,1529
2384,2386
2384,2388
2384,2389
2384,2416
2384,2420
2384,2422
2384,2443
2384,2446
2384,3151
2384,3479
2384,3494
2384,3497
2385,2390
2385,2398
2385,2407
2385,2413
2385,2414
2385,2415
2385,2421
2385,2424
2385,2426
2385,2427
2385,2430
2385,2434
2385,2442
2385,2444
2385,3214
2385,3471
2385,3472
2385,3480
2385,3482
2385,3493
2386,1363
2386,1366
2386,1376
2386,1392
2386,2351
2386,2384
2386,2388
2386,2392
2386,2394
2386,2398
2386,2399
2386,2401
2386,2406
2386,2407
2386,2408
2386,2414
2386,2418
2386,2420
2386,2422
2386,2425
2386,2428
2386,2436
2386,2438
2386,2440
2386,2443
2386,2447
2386,3477
2386,3478
2386,3479
2386,3487
2386,3496
2387,1319
2387,1363
2387,1376
2387,2390
2387,2398
2387,2401
2387,2407
2387,2425
2387,2438
2387,2441
2387,2447
2387,3472
2387,3477
2387,3487
2388,1307
2388,2384
2388,2386
2388,2394
2388,2402
2388,2409
2388,2420
2388,2422
2388,2424
2388,2431
2388,2438
2388,2440
2388,2441
2388,3481
2388,3485
2389,1561
2389,2384
2389,2391
2389,2395
2389,2408
2389,2409
2389,2422
2389,2429
2389,2436
2389,2437
2389,2446
2389,3475
2389,3479
2389,3485
2389,3490
2389,3494
2389,3499
2390,1319
2390,2385
2390,2387
2390,2398
2390,2401
2390,2405
2390,2409
2390,2413
2390,2414
2390,2419
2390,2421
2390,2424
2390,2425
2390,2427
2390,2430
2390,2441
2390,2444
2390,2447
2390,3472
2390,3473
2390,3474
2390,3477
2390,3482
2390,3485
2390,3491
2390,3493
2390,3495
2391,1718
2391,2389
2391,2395
2391,2400
2391,2409
2391,2412
2391,2423
2391,2428
2391,2429
2391,2435
2391,2436
2391,2437
2391,3477
2391,3478
2391,3485
2391,3486
2391,3499
2392,1366
2392,2382
2392,2386
2392,2399
2392,2401
2392,2406
2392,2407
2392,2408
2392,2415
2392,2416
2392,2417
2392,2428
2392,2436
2392,3478
2392,3482
2392,3486
2392,3487
2392,3496
2393,2383
2393,2396
2393,2419
2393,2421
2393,2427
2393,2432
2393,2442
2393,3471
2393,3473
2393,3480
2393,3484
2393,3489
2393,3493
2393,3495
2393,3498
2394,2386
2394,2388
2394,2398
2394,2399
2394,2401
2394,2403
2394,2406
2394,2418
2394,2420
2394,2422
2394,2425
2394,2439
2394,2440
2394,2443
2394,2447
2394,3474
2394,3477
2394,3481
2394,3486
2394,3488
2394,3492
2394,3494
2395,2389
2395,2391
2395,2400
2395,2403
2395,2408
2395,2409
2395,2410
2395,2412
2395,2423
2395,2429
2395,2435
2395,2437
2395,2439
2395,2446
2395,3474
2395,3475
2395,3477
2395,3485
2395,3486
2395,3488
2395,3490
2395,3491
2395,3494
2395,3499
2396,2383
2396,2393
2396,2402
2396,2405
2396,2411
2396,2413
2396,2415
2396,2419
2396,2421
2396,2424
2396,2427
2396,2432
2396,2434
2396,2442
2396,2445
2396,3471
2396,3473
2396,3476
2396,3480
2396,3484
2396,3485
2396,3489
2396,3493
2396,3498
2397,1709
2397,1715
2397,1744
2397,1761
2397,2382
2397,2407
2397,2430
2397,2444
2397,3213
2397,3214
2397,3224
2397,3472
2397,3482
2397,3487
2397,3491
2398,1319
2398,1366
2398,1376
2398,2385
2398,2386
2398,2387
2398,2390
2398,2394
2398,2399
2398,2401
2398,2406
2398,2407
2398,2417
2398,2425
2398,2426
2398,2430
2398,2436
2398,2438
2398,2444
2398,2447
2398,3472
2398,3474
2398,3477
2398,3478
2398,3482
2398,3487
2398,3491
2398,3496
2399,1366
2399,1392
2399,2382
2399,2386
2399,2392
2399,2394
2399,2398
2399,2401
2399,2406
2399,2407
2399,2408
2399,2417
2399,2425
2399,2426
2399,2428
2399,2436
2399,2444
2399,3214
2399,3477
2399,3478
2399,3482
2399,3487
2399,3488
2399,3496
2400,2391
2400,2395
2400,2409
2400,2410
2400,2412
2400,2419
2400,2423
2400,2429
2400,2433
2400,2435
2400,2437
2400,2439
2400,3118
2400,3129
2400,3474
2400,3476
2400,3485
2401,1366
2401,2386
2401,2387
2401,2390
2401,2392
2401,2394
2401,2398
2401,2399
2401,2406
2401,2407
2401,2423
2401,2425
2401,2428
2401,2438
2401,2440
2401,2441
2401,2447
2401,3472
2401,3474
2401,3477
2401,3478
2401,3487
2401,3491
2401,3496
2402,2388
2402,2396
2402,2405
2402,2411
2402,2419
2402,2422
2402,2424
2402,2427
2402,2431
2402,3052
2402,3476
2402,3481
2402,3485
2402,3490
2403,2394
2403,2395
2403,2406
2403,2418
2403,2422
2403,2428
2403,2439
2403,2440
2403,2443
2403,2447
2403,3479
2403,3481
2403,3485
2403,3486
2403,3488
2403,3494
2404,1202
2404,1314
2404,1325
2404,1334
2404,1377
2404,1712
2404,2332
2404,2365
2404,2376
2404,2382
2404,3014
2404,3035
2404,3044
2404,3064
2404,3228
2404,3437
2405,2390
2405,2396
2405,2402
2405,2409
2405,2411
2405,2413
2405,2419
2405,2422
2405,2424
2405,2425
2405,2427
2405,2434
2405,2435
2405,2441
2405,3473
2405,3476
2405,3485
2405,3490
2405,3498
2406,1366
2406,2386
2406,2392
2406,2394
2406,2398
2406,2399
2406,2401
2406,2403
2406,2408
2406,2422
2406,2425
2406,2440
2406,2447
2406,3477
2406,3478
2406,3496
2407,1366
2407,2382
2407,2385
2407,2386
2407,2387
2407,2392
2407,2397
2407,2398
2407,2399
2407,2401
2407,2408
2407,2413
2407,2417
2407,2426
2407,2430
2407,2436
2407,2444
2407,2447
2407,3214
2407,3472
2407,3482
2407,3487
2407,3491
2407,3496
2408,1366
2408,2382
2408,2386
2408,2389
2408,2392
2408,2395
2408,2399
2408,2406
2408,2407
2408,2416
2408,2417
2408,2418
2408,2426
2408,2428
2408,2436
2408,2443
2408,3475
2408,3478
2408,3479
2408,3482
2408,3486
2408,3487
2408,3488
2408,3496
2409,1359
2409,2388
2409,2389
2409,2390
2409,2391
2409,2395
2409,2400
2409,2405
2409,2412
2409,2419
2409,2423
2409,2424
2409,2426
2409,2427
2409,2429
2409,2430
2409,2433
2409,2437
2409,2439
2409,2440
2409,2441
2409,2446
2409,3472
2409,3473
2409,3474
2409,3475
2409,3477
2409,3479
2409,3485
2409,3490
2409,3491
2409,3495
2409,3497
2409,3499
2410,1535
2410,1538
2410,1554
2410,1596
2410,1597
2410,2338
2410,2395
2410,2400
2410,2412
2410,2423
2410,2429
2410,2435
2410,2439
2410,2446
2410,3053
2410,3129
2410,3136
2410,3474
2410,3490
2410,3492
2410,3494
2411,2396
2411,2402
2411,2405
2411,2414
2411,2422
2411,2424
2411,2427
2411,2432
2411,2445
2411,3473
2411,3476
2411,3481
2411,3483
2411,3484
2411,3489
2411,3490
2411,3498
2412,1535
2412,1577
2412,2391
2412,2395
2412,2400
2412,2409
2412,2410
2412,2419
2412,2423
2412,2429
2412,2435
2412,2437
2412,2439
2412,3129
2412,3485
2412,3490
2412,3499
2413,2383
2413,2385
2413,2390
2413,2396
2413,2405
2413,2407
2413,2415
2413,2417
2413,2421
2413,2427
2413,2432
2413,2434
2413,2442
2413,2444
2413,3476
2413,3480
2413,3493
2413,3498
2414,2385
2414,2386
2414,2390
2414,2411
2414,2419
2414,2421
2414,2424
2414,2427
2414,2430
2414,2440
2414,2442
2414,2447
2414,3471
2414,3472
2414,3473
2414,3482
2414,3495
2414,3498
2415,2385
2415,2392
2415,2396
2415,2413
2415,2427
2415,2432
2415,2434
2415,2442
2415,2444
2415,2445
2415,3214
2415,3476
2415,3480
2415,3483
2415,3498
2416,1326
2416,1332
2416,1377
2416,1387
2416,1770
2416,2382
2416,2384
2416,2392
2416,2408
2416,2417
2416,2436
2416,2443
2416,3045
2416,3064
2416,3496
2417,1366
2417,1761
2417,2392
2417,2398
2417,2399
2417,2407
2417,2408
2417,2413
2417,2416
2417,2426
2417,2436
2417,3478
2417,3482
2417,3487
2417,3496
2418,2382
2418,2386
2418,2394
2418,2403
2418,2408
2418,2420
2418,2422
2418,2428
2418,2439
2418,2440
2418,2443
2418,2447
2418,3472
2418,3475
2418,3479
2418,3486
2418,3492
2418,3494
2418,3497
2419,2390
2419,2393
2419,2396
2419,2400
2419,2402
2419,2405
2419,2409
2419,2412
2419,2414
2419,2421
2419,2427
2419,2429
2419,2435
2419,2437
2419,3473
2419,3476
2419,3477
2419,3485
2419,3489
2419,3495
2420,1375
2420,1387
2420,1389
2420,2384
2420,2386
2420,2388
2420,2394
2420,2418
2420,2422
2420,2439
2420,2446
2420,3151
2420,3479
2420,3481
2420,3490
2420,3492
2420,3497
2421,2385
2421,2390
2421,2393
2421,2396
2421,2413
2421,2414
2421,2419
2421,2424
2421,2427
2421,2432
2421,2434
2421,2441
2421,2442
2421,3471
2421,3472
2421,3473
2421,3480
2421,3495
2421,3498
2422,2384
2422,2386
2422,2388
2422,2389
2422,2394
2422,2402
2422,2403
2422,2405
2422,2406
2422,2411
2422,2418
2422,2420
2422,2424
2422,2439
2422,2443
2422,3476
2422,3481
2422,3485
2422,3486
2422,3488
2422,3490
2422,3492
2422,3494
2423,2391
2423,2395
2423,2400
2423,2401
2423,2409
2423,2410
2423,2412
2423,2428
2423,2429
2423,2433
2423,2437
2423,2439
2423,2440
2423,2446
2423,3474
2423,3477
2423,3478
2423,3485
2423,3486
2423,3491
2423,3494
2423,3499
2424,2385
2424,2388
2424,2390
2424,2396
2424,2402
2424,2405
2424,2409
2424,2411
2424,2414
2424,2421
2424,2422
2424,2427
2424,2431
2424,2440
2424,3471
2424,3481
2424,3485
2424,3488
2425,1319
2425,1321
2425,1363
2425,1366
2425,1376
2425,1380
2425,2386
2425,2387
2425,2390
2425,2394
2425,2398
2425,2399
2425,2401
2425,2405
2425,2406
2425,2438
2425,2441
2425,3474
2425,3477
2425,3478
2425,3490
2425,3492
2426,1718
2426,1770
2426,2382
2426,2385
2426,2398
2426,2399
2426,2407
2426,2408
2426,2409
2426,2417
2426,2430
2426,2436
2426,3214
2426,3472
2426,3475
2426,3477
2426,3482
2426,3487
2426,3491
2427,1376
2427,2383
2427,2385
2427,2390
2427,2393
2427,2396
2427,2402
2427,2405
2427,2409
2427,2411
2427,2413
2427,2414
2427,2415
2427,2419
2427,2421
2427,2424
2427,2432
2427,2434
2427,2442
2427,2444
2427,3471
2427,3473
2427,3476
2427,3480
2427,3484
2427,3489
2427,3493
2427,3495
2427,3498
2428,2386
2428,2391
2428,2392
2428,2399
2428,2401
2428,2403
2428,2408
2428,2418
2428,2423
2428,2440
2428,3475
2428,3477
2428,3478
2428,3479
2428,3486
2428,3487
2428,3496
2428,3499
2429,1359
2429,1392
2429,2389
2429,2391
2429,2395
2429,2400
2429,2409
2429,2410
2429,2412
2429,2419
2429,2423
2429,2433
2429,2435
2429,2437
2429,2439
2429,2441
2429,2446
2429,3474
2429,3477
2429,3478
2429,3485
2429,3490
2429,3491
2429,3499
2430,1753
2430,1777
2430,2385
2430,2390
2430,2397
2430,2398
2430,2407
2430,2409
2430,2414
2430,2426
2430,2437
2430,3224
2430,3472
2430,3482
2430,3487
2430,3491
2431,1307
2431,1309
2431,1319
2431,1336
2431,1342
2431,1362
2431,2388
2431,2402
2431,2424
2431,2438
2431,2441
2431,2995
2431,3040
2431,3041
2431,3048
2431,3481
2432,2393
2432,2396
2432,2411
2432,2413
2432,2415
2432,2421
2432,2427
2432,2434
2432,2442
2432,2445
2432,3471
2432,3473
2432,3476
2432,3480
2432,3483
2432,3484
2432,3489
2432,3495
2432,3498
2433,2352
2433,2400
2433,2409
2433,2423
2433,2429
2433,2437
2433,2438
2433,2439
2433,2441
2433,2446
2433,3474
2433,3478
2433,3485
2433,3491
2433,3492
2434,1376
2434,2385
2434,2396
2434,2405
2434,2413
2434,2415
2434,2421
2434,2427
2434,2432
2434,2442
2434,2444
2434,2445
2434,3480
2434,3493
2434,3498
2435,1577
2435,1596
2435,2338
2435,2391
2435,2395
2435,2400
2435,2405
2435,2410
2435,2412
2435,2419
2435,2429
2435,2437
2435,2439
2435,3129
2435,3476
2435,3485
2435,3486
2435,3490
2435,3499
2436,1761
2436,1770
2436,2386
2436,2389
2436,2391
2436,2392
2436,2398
2436,2399
2436,2407
2436,2408
2436,2416
2436,2417
2436,2426
2436,2446
2436,3478
2436,3487
2437,1718
2437,2389
2437,2391
2437,2395
2437,2400
2437,2409
2437,2412
2437,2419
2437,2423
2437,2429
2437,2430
2437,2433
2437,2435
2437,2439
2437,3477
2437,3485
2437,3486
2437,3491
2437,3499
2438,1307
2438,1319
2438,1321
2438,1363
2438,1367
2438,1369
2438,1376
2438,1380
2438,1386
2438,1392
2438,1393
2438,2386
2438,2387
2438,2388
2438,2398
2438,2401
2438,2425
2438,2431
2438,2433
2438,2441
2438,2447
2438,3041
2438,3067
2438,3474
2438,3477
2438,3492
2439,2394
2439,2395
2439,2400
2439,2403
2439,2409
2439,2410
2439,2412
2439,2418
2439,2420
2439,2422
2439,2423
2439,2429
2439,2433
2439,2435
2439,2437
2439,2440
2439,2443
2439,2446
2439,3474
2439,3485
2439,3486
2439,3488
2439,3494
2439,3499
2440,2386
2440,2388
2440,2394
2440,2401
2440,2403
2440,2406
2440,2409
2440,2414
2440,2418
2440,2423
2440,2424
2440,2428
2440,2439
2440,2441
2440,2443
2440,2447
2440,3472
2440,3477
2440,3481
2440,3486
2440,3495
2440,3496
2441,1302
2441,1307
2441,1319
2441,1359
2441,1363
2441,1386
2441,2352
2441,2387
2441,2388
2441,2390
2441,2401
2441,2405
2441,2409
2441,2421
2441,2425
2441,2429
2441,2431
2441,2433
2441,2438
2441,2440
2441,3041
2441,3473
2441,3474
2441,3477
2441,3481
2441,3495
2442,1727
2442,2383
2442,2385
2442,2393
2442,2396
2442,2413
2442,2414
2442,2415
2442,2421
2442,2427
2442,2432
2442,2434
2442,3471
2442,3473
2442,3480
2442,3484
2442,3489
2442,3493
2442,3498
2443,2382
2443,2384
2443,2386
2443,2394
2443,2403
2443,2408
2443,2416
2443,2418
2443,2422
2443,2439
2443,2440
2443,2447
2443,3475
2443,3486
2443,3488
2443,3494
2443,3496
2444,1761
2444,2382
2444,2385
2444,2390
2444,2397
2444,2398
2444,2399
2444,2407
2444,2413
2444,2415
2444,2427
2444,2434
2444,3214
2444,3472
2444,3482
2444,3487
2444,3491
2444,3493
2445,1311
2445,1355
2445,1396
2445,2396
2445,2411
2445,2415
2445,2432
2445,2434
2445,3473
2445,3476
2445,3480
2445,3483
2445,3489
2445,3495
2446,1596
2446,2384
2446,2389
2446,2395
2446,2409
2446,2410
2446,2420
2446,2423
2446,2429
2446,2433
2446,2436
2446,2439
2446,3136
2446,3474
2446,3477
2446,3478
2446,3490
2446,3492
2446,3494
2446,3499
2447,2382
2447,2386
2447,2387
2447,2390
2447,2394
2447,2398
2447,2401
2447,2403
2447,2406
2447,2407
2447,2414
2447,2418
2447,2438
2447,2440
2447,2443
2447,3472
2447,3477
2447,3479
2447,3482
2447,3488
2448,137
2448,151
2448,188
2448,341
2448,368
2448,937
2448,1657
2448,1687
2448,1918
2448,1936
2448,1950
2448,2452
2448,2475
2448,2489
2448,2591
2448,2910
2448,3181
2448,3504
2449,2462
2449,2464
2449,2467
2449,2470
2449,2475
2449,2476
2449,2477
2449,2478
2449,2479
2449,2488
2449,2491
2449,3500
2449,3504
2449,3505
2449,3507
2449,3508
2450,2451
2450,2458
2450,2459
2450,2466
2450,2469
2450,2473
2450,2482
2450,2485
2450,3502
2450,3506
2450,3511
2450,3512
2450,3513
2450,3519
2451,2450
2451,2453
2451,2454
2451,2455
2451,2457
2451,2458
2451,2460
2451,2461
2451,2463
2451,2466
2451,2468
2451,2473
2451,2480
2451,2481
2451,2482
2451,2484
2451,2485
2451,2487
2451,2490
2451,3502
2451,3506
2451,3511
2451,3512
2451,3513
2451,3514
2451,3515
2451,3517
2451,3518
2451,3519
2452,103
2452,137
2452,161
2452,196
2452,1519
2452,1550
2452,1918
2452,2448
2452,2464
2452,2475
2452,2476
2452,2477
2452,2491
2452,3504
2453,2451
2453,2454
2453,2458
2453,2460
2453,2461
2453,2463
2453,2471
2453,2474
2453,2480
2453,2487
2453,3501
2453,3502
2453,3503
2453,3506
2453,3512
2453,3518
2454,2451
2454,2453
2454,2455
2454,2460
2454,2461
2454,2466
2454,2468
2454,2471
2454,2472
2454,2487
2454,2488
2454,2490
2454,3502
2454,3506
2454,3507
2454,3510
2454,3512
2454,3514
2454,3515
2454,3518
2455,2451
2455,2454
2455,2462
2455,2463
2455,2468
2455,2471
2455,2478
2455,2479
2455,2480
2455,2484
2455,2487
2455,2488
2455,2490
2455,3502
2455,3506
2455,3507
2455,3510
2455,3514
2455,3515
2455,3517
2455,3518
2456,127
2456,184
2456,537
2456,570
2456,584
2456,660
2456,1619
2456,1622
2456,1679
2456,1697
2456,2472
2456,2483
2456,3198
2456,3505
2457,2451
2457,2459
2457,2463
2457,2465
2457,2466
2457,2468
2457,2474
2457,2481
2457,2486
2457,2487
2457,3501
2457,3502
2457,3506
2457,3513
2457,3516
2457,3517
2457,3519
2458,2450
2458,2451
2458,2453
2458,2459
2458,2461
2458,2466
2458,2480
2458,2481
2458,2482
2458,2485
2458,2486
2458,2487
2458,3501
2458,3503
2458,3506
2458,3513
2458,3517
2459,2450
2459,2457
2459,2458
2459,2460
2459,2466
2459,2481
2459,2485
2459,2486
2459,3502
2459,3503
2459,3509
2459,3512
2459,3513
2459,3516
2459,3517
2459,3519
2460,2451
2460,2453
2460,2454
2460,2459
2460,2463
2460,2466
2460,2484
2460,3502
2460,3506
2460,3509
2460,3511
2460,3512
2460,3513
2460,3516
2461,2451
2461,2453
2461,2454
2461,2458
2461,2462
2461,2465
2461,2471
2461,2480
2461,2481
2461,2486
2461,2487
2461,3501
2461,3503
2461,3506
2461,3517
2462,2449
2462,2455
2462,2461
2462,2464
2462,2467
2462,2470
2462,2471
2462,2472
2462,2476
2462,2478
2462,2479
2462,2484
2462,2488
2462,2490
2462,2491
2462,3500
2462,3505
2462,3507
2462,3508
2462,3510
2462,3514
2462,3515
2462,3518
2463,2451
2463,2453
2463,2455
2463,2457
2463,2460
2463,2465
2463,2469
2463,2473
2463,2474
2463,2480
2463,2486
2463,2487
2463,3501
2463,3502
2463,3506
2463,3509
2463,3511
2463,3512
2463,3513
2463,3516
2463,3517
2463,3518
2464,2449
2464,2452
2464,2462
2464,2471
2464,2475
2464,2476
2464,2477
2464,2478
2464,2480
2464,2484
2464,2491
2464,3500
2464,3504
2464,3508
2465,2457
2465,2461
2465,2463
2465,2468
2465,2469
2465,2473
2465,2474
2465,2480
2465,2481
2465,2486
2465,2487
2465,3501
2465,3502
2465,3509
2465,3516
2465,3517
2466,2450
2466,2451
2466,2454
2466,2457
2466,2458
2466,2459
2466,2460
2466,2468
2466,2473
2466,2482
2466,2484
2466,2485
2466,3501
2466,3502
2466,3506
2466,3511
2466,3512
2466,3513
2466,3516
2466,3517
2466,3519
2467,2449
2467,2462
2467,2470
2467,2472
2467,2475
2467,2476
2467,2477
2467,2478
2467,2479
2467,2483
2467,2488
2467,2490
2467,2491
2467,3500
2467,3504
2467,3505
2467,3508
2468,2451
2468,2454
2468,2455
2468,2457
2468,2465
2468,2466
2468,2473
2468,2481
2468,2482
2468,2485
2468,2487
2468,3501
2468,3502
2468,3506
2468,3511
2468,3512
2468,3513
2468,3517
2469,2450
2469,2463
2469,2465
2469,2473
2469,2474
2469,2480
2469,2481
2469,2486
2469,2487
2469,3501
2469,3502
2469,3503
2469,3509
2469,3512
2469,3513
2469,3516
2470,2449
2470,2462
2470,2467
2470,2471
2470,2472
2470,2479
2470,2483
2470,2484
2470,2488
2470,2490
2470,3500
2470,3505
2470,3507
2470,3508
2470,3510
2470,3515
2471,2453
2471,2454
2471,2455
2471,2461
2471,2462
2471,2464
2471,2470
2471,2480
2471,2488
2471,2490
2471,2491
2471,3507
2471,3510
2471,3515
2471,3518
2472,2454
2472,2456
2472,2462
2472,2467
2472,2470
2472,2479
2472,2483
2472,2488
2472,2490
2472,3505
2472,3507
2472,3510
2472,3514
2472,3515
2473,2450
2473,2451
2473,2463
2473,2465
2473,2466
2473,2468
2473,2469
2473,2482
2473,2485
2473,2487
2473,3501
2473,3502
2473,3506
2473,3509
2473,3511
2473,3512
2473,3513
2473,3516
2473,3519
2474,2453
2474,2457
2474,2463
2474,2465
2474,2469
2474,2480
2474,2481
2474,2486
2474,2487
2474,3501
2474,3502
2474,3509
2474,3516
2474,3517
2475,138
2475,454
2475,2448
2475,2449
2475,2452
2475,2464
2475,2467
2475,2476
2475,2477
2475,2478
2475,2489
2475,2491
2475,3504
2475,3505
2475,3508
2476,2449
2476,2452
2476,2462
2476,2464
2476,2467
2476,2475
2476,2477
2476,2478
2476,2479
2476,2488
2476,2491
2476,3500
2476,3505
2476,3507
2476,3508
2477,2449
2477,2452
2477,2464
2477,2467
2477,2475
2477,2476
2477,2478
2477,2479
2477,2491
2477,3500
2477,3504
2477,3505
2477,3507
2477,3508
2478,2449
2478,2455
2478,2462
2478,2464
2478,2467
2478,2475
2478,2476
2478,2477
2478,2479
2478,2488
2478,2490
2478,2491
2478,3500
2478,3505
2478,3507
2478,3508
2478,3510
2479,2449
2479,2455
2479,2462
2479,2467
2479,2470
2479,2472
2479,2476
2479,2477
2479,2478
2479,2484
2479,2488
2479,2490
2479,2491
2479,3500
2479,3507
2479,3508
2479,3510
2479,3514
2479,3515
2480,2451
2480,2453
2480,2455
2480,2458
2480,2461
2480,2463
2480,2464
2480,2465
2480,2469
2480,2471
2480,2474
2480,2487
2480,3501
2480,3502
2480,3503
2480,3506
2480,3512
2480,3516
2480,3518
2481,2451
2481,2457
2481,2458
2481,2459
2481,2461
2481,2465
2481,2468
2481,2469
2481,2474
2481,2485
2481,2486
2481,2487
2481,3501
2481,3503
2481,3516
2481,3517
2482,2450
2482,2451
2482,2458
2482,2466
2482,2468
2482,2473
2482,2485
2482,3501
2482,3502
2482,3503
2482,3506
2482,3511
2482,3512
2482,3513
2482,3519
2483,190
2483,521
2483,548
2483,660
2483,1503
2483,1619
2483,1622
2483,1792
2483,2456
2483,2467
2483,2470
2483,2472
2483,2751
2483,3505
2484,2451
2484,2455
2484,2460
2484,2462
2484,2464
2484,2466
2484,2470
2484,2479
2484,2485
2484,2487
2484,2488
2484,2490
2484,3500
2484,3502
2484,3506
2484,3507
2484,3510
2484,3518
2485,2450
2485,2451
2485,2458
2485,2459
2485,2466
2485,2468
2485,2473
2485,2481
2485,2482
2485,2484
2485,3502
2485,3506
2485,3512
2485,3513
2485,3519
2486,2457
2486,2458
2486,2459
2486,2461
2486,2463
2486,2465
2486,2469
2486,2474
2486,2481
2486,3501
2486,3503
2486,3512
2486,3513
2486,3516
2487,2451
2487,2453
2487,2454
2487,2455
2487,2457
2487,2458
2487,2461
2487,2463
2487,2465
2487,2468
2487,2469
2487,2473
2487,2474
2487,2480
2487,2481
2487,2484
2487,2490
2487,3501
2487,3502
2487,3506
2487,3507
2487,3511
2487,3512
2487,3513
2487,3514
2487,3517
2487,3518
2488,2449
2488,2454
2488,2455
2488,2462
2488,2467
2488,2470
2488,2471
2488,2472
2488,2476
2488,2478
2488,2479
2488,2484
2488,2490
2488,2491
2488,3500
2488,3505
2488,3507
2488,3508
2488,3510
2488,3514
2488,3515
2488,3518
2489,188
2489,291
2489,482
2489,630
2489,651
2489,945
2489,1519
2489,1657
2489,1694
2489,1916
2489,1964
2489,1986
2489,2448
2489,2475
2490,2451
2490,2454
2490,2455
2490,2462
2490,2467
2490,2470
2490,2471
2490,2472
2490,2478
2490,2479
2490,2484
2490,2487
2490,2488
2490,3507
2490,3510
2490,3514
2490,3515
2490,3518
2491,2449
2491,2452
2491,2462
2491,2464
2491,2467
2491,2471
2491,2475
2491,2476
2491,2477
2491,2478
2491,2479
2491,2488
2491,3500
2491,3504
2491,3508
2491,3510
2492,2495
2492,2498
2492,2501
2492,2503
2492,2505
2492,2510
2492,2511
2492,2513
2492,3521
2492,3522
2492,3525
2492,3526
2492,3527
2492,3528
2492,3529
2493,2494
2493,2496
2493,2497
2493,2499
2493,2500
2493,2502
2493,2504
2493,2506
2493,2508
2493,2509
2493,2512
2493,2514
2493,3524
2493,3530
2494,2493
2494,2495
2494,2496
2494,2497
2494,2498
2494,2499
2494,2500
2494,2502
2494,2503
2494,2504
2494,2505
2494,2506
2494,2507
2494,2508
2494,2509
2494,2513
2494,2514
2494,3520
2494,3523
2494,3524
2494,3528
2494,3530
2495,2492
2495,2494
2495,2496
2495,2497
2495,2498
2495,2499
2495,2501
2495,2503
2495,2504
2495,2505
2495,2506
2495,2507
2495,2509
2495,2510
2495,2511
2495,2513
2495,3520
2495,3522
2495,3523
2495,3525
2495,3526
2495,3527
2495,3528
2495,3529
2496,2493
2496,2494
2496,2495
2496,2497
2496,2499
2496,2500
2496,2502
2496,2503
2496,2504
2496,2505
2496,2506
2496,2507
2496,2509
2496,3520
2496,3524
2496,3525
2496,3528
2496,3530
2497,2493
2497,2494
2497,2495
2497,2496
2497,2498
2497,2499
2497,2502
2497,2503
2497,2504
2497,2506
2497,2507
2497,2508
2497,2509
2497,2510
2497,3520
2497,3524
2497,3530
2498,2492
2498,2494
2498,2495
2498,2497
2498,2503
2498,2505
2498,2506
2498,2507
2498,2508
2498,2509
2498,2510
2498,2511
2498,2513
2498,3521
2498,3522
2498,3523
2498,3526
2498,3528
2498,3529
2499,2493
2499,2494
2499,2495
2499,2496
2499,2497
2499,2502
2499,2503
2499,2504
2499,2505
2499,2506
2499,2507
2499,2509
2499,3520
2499,3524
2499,3525
2499,3528
2499,3530
2500,2493
2500,2494
2500,2496
2500,2502
2500,2504
2500,2505
2500,2506
2500,2509
2500,2513
2500,2514
2500,2652
2500,3523
2500,3524
2500,3530
2501,2492
2501,2495
2501,2505
2501,2510
2501,2511
2501,2513
2501,3521
2501,3522
2501,3523
2501,3525
2501,3526
2501,3527
2501,3528
2501,3529
2502,2493
2502,2494
2502,2496
2502,2497
2502,2499
2502,2500
2502,2503
2502,2504
2502,2506
2502,2507
2502,2508
2502,2509
2502,2514
2502,3524
2502,3530
2503,2492
2503,2494
2503,2495
2503,2496
2503,2497
2503,2498
2503,2499
2503,2502
2503,2504
2503,2505
2503,2506
2503,2507
2503,2508
2503,2509
2503,2510
2503,2511
2503,2514
2503,3520
2503,3521
2503,3523
2503,3528
2504,2493
2504,2494
2504,2495
2504,2496
2504,2497
2504,2499
2504,2500
2504,2502
2504,2503
2504,2505
2504,2506
2504,2507
2504,2508
2504,2509
2504,3520
2504,3524
2504,3525
2504,3528
2504,3530
2505,2492
2505,2494
2505,2495
2505,2496
2505,2498
2505,2499
2505,2500
2505,2501
2505,2503
2505,2504
2505,2506
2505,2507
2505,2510
2505,2511
2505,2512
2505,2513
2505,3520
2505,3521
2505,3522
2505,3523
2505,3524
2505,3525
2505,3526
2505,3527
2505,3528
2505,3529
2506,2493
2506,2494
2506,2495
2506,2496
2506,2497
2506,2498
2506,2499
2506,2500
2506,2502
2506,2503
2506,2504
2506,2505
2506,2507
2506,2508
2506,2509
2506,2513
2506,2514
2506,3520
2506,3523
2506,3524
2506,3525
2506,3526
2506,3527
2506,3528
2506,3530
2507,2494
2507,2495
2507,2496
2507,2497
2507,2498
2507,2499
2507,2502
2507,2503
2507,2504
2507,2505
2507,2506
2507,2508
2507,2509
2507,2510
2507,2511
2507,2513
2507,3520
2507,3521
2507,3523
2507,3524
2507,3525
2507,3526
2507,3528
2508,2493
2508,2494
2508,2497
2508,2498
2508,2502
2508,2503
2508,2504
2508,2506
2508,2507
2508,2509
2508,3524
2508,3525
2508,3526
2508,3530
2509,2493
2509,2494
2509,2495
2509,2496
2509,2497
2509,2498
2509,2499
2509,2500
2509,2502
2509,2503
2509,2504
2509,2506
2509,2507
2509,2508
2509,2514
2509,3520
2509,3524
2509,3530
2510,2492
2510,2495
2510,2497
2510,2498
2510,2501
2510,2503
2510,2505
2510,2507
2510,2511
2510,2513
2510,3521
2510,3522
2510,3523
2510,3525
2510,3526
2510,3527
2510,3528
2510,3529
2511,2492
2511,2495
2511,2498
2511,2501
2511,2503
2511,2505
2511,2507
2511,2510
2511,3521
2511,3522
2511,3523
2511,3526
2511,3527
2511,3528
2511,3529
2512,323
2512,442
2512,472
2512,497
2512,718
2512,760
2512,785
2512,786
2512,2493
2512,2505
2512,2817
2512,2826
2512,2829
2512,2832
2512,3418
2512,3530
2513,2492
2513,2494
2513,2495
2513,2498
2513,2500
2513,2501
2513,2505
2513,2506
2513,2507
2513,2510
2513,2514
2513,3522
2513,3525
2513,3526
2513,3527
2513,3528
2513,3529
2514,465
2514,472
2514,2493
2514,2494
2514,2500
2514,2502
2514,2503
2514,2506
2514,2509
2514,2513
2514,2652
2514,3523
2514,3524
2514,3530
2515,1
2515,5
2515,6
2515,12
2515,14
2515,22
2515,23
2515,28
2515,30
2515,42
2515,51
2515,52
2515,58
2515,59
2515,63
2515,66
2515,68
2515,93
2515,2531
2515,2536
2515,2898
2516,4
2516,16
2516,18
2516,31
2516,37
2516,39
2516,45
2516,46
2516,57
2516,64
2516,74
2516,86
2516,88
2516,2517
2516,2524
2516,2526
2516,2530
2516,2538
2516,2539
2516,2545
2516,2552
2516,2554
2517,6
2517,18
2517,30
2517,31
2517,34
2517,39
2517,44
2517,46
2517,50
2517,55
2517,57
2517,63
2517,64
2517,67
2517,68
2517,85
2517,86
2517,88
2517,96
2517,98
2517,99
2517,2516
2517,2524
2517,2543
2517,2545
2517,2554
2518,0
2518,20
2518,24
2518,35
2518,38
2518,48
2518,60
2518,61
2518,73
2518,75
2518,78
2518,87
2518,91
2518,95
2518,920
2518,946
2518,985
2518,2523
2518,2533
2518,2534
2518,2549
2518,2883
2518,2897
2518,2905
2519,9
2519,12
2519,14
2519,33
2519,52
2519,62
2519,66
2519,81
2519,89
2519,2520
2519,2535
2519,2536
2519,2539
2519,2548
2520,0
2520,1
2520,8
2520,9
2520,12
2520,14
2520,23
2520,24
2520,28
2520,29
2520,33
2520,52
2520,58
2520,62
2520,66
2520,70
2520,76
2520,78
2520,79
2520,81
2520,89
2520,94
2520,97
2520,981
2520,2519
2520,2531
2520,2535
2520,2540
2520,2548
2520,2550
2520,2551
2520,2898
2521,7
2521,20
2521,35
2521,38
2521,43
2521,54
2521,60
2521,72
2521,75
2521,80
2521,83
2521,87
2521,909
2521,920
2521,2529
2521,2534
2521,2549
2521,2553
2521,2905
2522,3
2522,11
2522,17
2522,25
2522,37
2522,39
2522,47
2522,49
2522,55
2522,57
2522,63
2522,64
2522,67
2522,68
2522,69
2522,77
2522,88
2522,92
2522,93
2522,96
2522,2532
2522,2538
2522,2543
2522,2545
2522,2554
2523,2
2523,20
2523,24
2523,41
2523,56
2523,60
2523,61
2523,73
2523,90
2523,95
2523,946
2523,2518
2523,2533
2523,2534
2523,2551
2524,4
2524,16
2524,18
2524,31
2524,36
2524,37
2524,39
2524,46
2524,50
2524,57
2524,59
2524,68
2524,86
2524,98
2524,99
2524,2516
2524,2517
2524,2539
2524,2554
2525,4
2525,11
2525,16
2525,17
2525,25
2525,31
2525,44
2525,50
2525,65
2525,74
2525,82
2525,96
2525,2526
2525,2538
2526,4
2526,10
2526,11
2526,13
2526,16
2526,32
2526,37
2526,40
2526,50
2526,64
2526,65
2526,71
2526,74
2526,84
2526,88
2526,2516
2526,2525
2526,2527
2526,2530
2526,2537
2526,2538
2526,2542
2526,2544
2526,2546
2526,2547
2526,2884
2527,10
2527,13
2527,32
2527,40
2527,65
2527,71
2527,74
2527,84
2527,2526
2527,2537
2527,2538
2527,2542
2527,2544
2527,2546
2527,2547
2527,2884
2528,24
2528,45
2528,58
2528,79
2528,90
2528,91
2528,97
2528,906
2528,966
2528,978
2528,2552
2528,2877
2528,2886
2528,2897
2529,7
2529,35
2529,43
2529,54
2529,72
2529,204
2529,909
2529,912
2529,937
2529,985
2529,986
2529,2521
2529,2534
2529,2553
2529,2905
2529,3399
2530,4
2530,32
2530,37
2530,40
2530,47
2530,64
2530,65
2530,88
2530,2516
2530,2526
2530,2537
2530,2538
2530,2541
2530,2547
2531,8
2531,14
2531,22
2531,23
2531,28
2531,33
2531,52
2531,58
2531,62
2531,66
2531,79
2531,81
2531,89
2531,97
2531,2108
2531,2515
2531,2520
2532,15
2532,47
2532,49
2532,55
2532,57
2532,67
2532,69
2532,85
2532,86
2532,89
2532,92
2532,93
2532,2522
2532,2543
2532,2545
2533,0
2533,2
2533,20
2533,21
2533,24
2533,41
2533,48
2533,56
2533,60
2533,61
2533,78
2533,80
2533,90
2533,95
2533,946
2533,2518
2533,2523
2533,2535
2533,2540
2533,2550
2533,2551
2534,2
2534,20
2534,35
2534,38
2534,54
2534,60
2534,72
2534,73
2534,75
2534,87
2534,95
2534,920
2534,985
2534,2518
2534,2521
2534,2523
2534,2529
2534,2905
2535,0
2535,9
2535,21
2535,24
2535,61
2535,76
2535,80
2535,908
2535,939
2535,2519
2535,2520
2535,2533
2535,2536
2535,2540
2535,2548
2535,2550
2536,1
2536,14
2536,15
2536,21
2536,29
2536,33
2536,42
2536,51
2536,58
2536,62
2536,92
2536,94
2536,2108
2536,2515
2536,2519
2536,2535
2537,3
2537,4
2537,10
2537,13
2537,32
2537,40
2537,47
2537,49
2537,50
2537,53
2537,64
2537,65
2537,71
2537,74
2537,84
2537,88
2537,2526
2537,2527
2537,2530
2537,2538
2537,2541
2537,2542
2537,2544
2537,2546
2537,2547
2537,2884
2538,4
2538,11
2538,16
2538,17
2538,25
2538,37
2538,40
2538,44
2538,50
2538,53
2538,65
2538,71
2538,74
2538,82
2538,84
2538,88
2538,96
2538,2516
2538,2522
2538,2525
2538,2526
2538,2527
2538,2530
2538,2537
2538,2543
2538,2544
2539,5
2539,11
2539,17
2539,25
2539,31
2539,39
2539,44
2539,68
2539,77
2539,86
2539,96
2539,2516
2539,2519
2539,2524
2539,2545
2540,0
2540,8
2540,9
2540,19
2540,21
2540,24
2540,52
2540,61
2540,70
2540,75
2540,76
2540,78
2540,80
2540,908
2540,939
2540,946
2540,981
2540,2520
2540,2533
2540,2535
2540,2548
2540,2549
2540,2550
2540,2883
2541,3
2541,10
2541,13
2541,32
2541,34
2541,37
2541,40
2541,47
2541,49
2541,57
2541,64
2541,88
2541,2530
2541,2537
2541,2543
2541,2545
2541,2546
2541,2547
2542,4
2542,10
2542,13
2542,32
2542,40
2542,65
2542,71
2542,74
2542,84
2542,2526
2542,2527
2542,2537
2542,2544
2542,2546
2542,2547
2542,2884
2543,3
2543,11
2543,30
2543,34
2543,37
2543,40
2543,44
2543,47
2543,49
2543,50
2543,53
2543,57
2543,64
2543,67
2543,68
2543,69
2543,77
2543,82
2543,85
2543,88
2543,92
2543,93
2543,98
2543,99
2543,2517
2543,2522
2543,2532
2543,2538
2543,2541
2543,2545
2543,2547
2543,2554
2544,4
2544,10
2544,13
2544,31
2544,64
2544,65
2544,71
2544,84
2544,2526
2544,2527
2544,2537
2544,2538
2544,2542
2544,2546
2544,2884
2545,11
2545,31
2545,34
2545,37
2545,40
2545,47
2545,49
2545,53
2545,55
2545,57
2545,64
2545,67
2545,68
2545,77
2545,88
2545,92
2545,93
2545,98
2545,99
2545,2516
2545,2517
2545,2522
2545,2532
2545,2539
2545,2541
2545,2543
2545,2554
2546,10
2546,13
2546,32
2546,40
2546,65
2546,71
2546,84
2546,88
2546,2526
2546,2527
2546,2537
2546,2541
2546,2542
2546,2544
2546,2547
2547,3
2547,10
2547,13
2547,32
2547,34
2547,37
2547,40
2547,47
2547,49
2547,53
2547,64
2547,65
2547,88
2547,2526
2547,2527
2547,2530
2547,2537
2547,2541
2547,2542
2547,2543
2547,2546
2548,0
2548,9
2548,21
2548,24
2548,28
2548,48
2548,62
2548,70
2548,83
2548,94
2548,939
2548,2519
2548,2520
2548,2535
2548,2540
2548,2550
2548,2551
2549,35
2549,73
2549,75
2549,95
2549,909
2549,920
2549,933
2549,967
2549,985
2549,992
2549,2518
2549,2521
2549,2540
2549,2883
2549,2905
2550,0
2550,21
2550,27
2550,62
2550,76
2550,78
2550,80
2550,908
2550,976
2550,985
2550,2108
2550,2520
2550,2533
2550,2535
2550,2540
2550,2548
2551,0
2551,2
2551,9
2551,22
2551,24
2551,28
2551,41
2551,42
2551,48
2551,56
2551,81
2551,90
2551,95
2551,2520
2551,2523
2551,2533
2551,2548
2552,31
2552,39
2552,45
2552,46
2552,58
2552,59
2552,63
2552,79
2552,82
2552,91
2552,97
2552,966
2552,978
2552,2123
2552,2516
2552,2528
2553,7
2553,27
2553,35
2553,38
2553,43
2553,54
2553,61
2553,72
2553,83
2553,87
2553,188
2553,377
2553,945
2553,985
2553,992
2553,2273
2553,2521
2553,2529
2553,2905
2553,2910
2554,6
2554,11
2554,30
2554,31
2554,34
2554,36
2554,37
2554,39
2554,44
2554,55
2554,57
2554,63
2554,64
2554,67
2554,68
2554,77
2554,82
2554,85
2554,86
2554,88
2554,92
2554,93
2554,96
2554,98
2554,99
2554,2516
2554,2517
2554,2522
2554,2524
2554,2543
2554,2545
2555,103
2555,133
2555,137
2555,152
2555,155
2555,165
2555,169
2555,196
2555,620
2555,1015
2555,1032
2555,1075
2555,1086
2555,1096
2555,1334
2555,1910
2555,1985
2555,2583
2555,3287
2555,3297
2556,115
2556,134
2556,138
2556,139
2556,154
2556,159
2556,176
2556,180
2556,190
2556,193
2556,605
2556,632
2556,1065
2556,1930
2556,1960
2556,1989
2556,2560
2556,2771
2556,3192
2557,108
2557,110
2557,117
2557,150
2557,614
2557,642
2557,657
2557,661
2557,692
2557,1153
2557,2559
2557,2580
2557,2590
2557,2593
2557,2774
2558,157
2558,170
2558,189
2558,660
2558,688
2558,1605
2558,1619
2558,1661
2558,1679
2558,2560
2558,2573
2558,2576
2558,2579
2558,2584
2559,110
2559,124
2559,126
2559,135
2559,145
2559,146
2559,148
2559,150
2559,164
2559,168
2559,178
2559,183
2559,194
2559,614
2559,1033
2559,1053
2559,2557
2559,2577
2559,2588
2559,2590
2559,2593
2560,139
2560,154
2560,159
2560,184
2560,516
2560,524
2560,530
2560,568
2560,628
2560,632
2560,660
2560,1528
2560,1581
2560,1600
2560,1661
2560,1697
2560,1930
2560,2032
2560,2556
2560,2558
2560,2573
2560,2584
2560,3192
2560,3305
2560,3336
2561,146
2561,171
2561,181
2561,616
2561,644
2561,648
2561,1127
2561,1130
2561,1153
2561,1158
2561,1160
2561,1173
2561,1176
2561,1187
2561,1893
2561,2992
2562,116
2562,117
2562,124
2562,126
2562,140
2562,141
2562,145
2562,164
2562,171
2562,175
2562,178
2562,179
2562,616
2562,668
2562,1009
2562,2572
2562,2588
2562,2589
2562,2593
2562,2762
2562,2946
2563,119
2563,126
2563,140
2563,148
2563,179
2563,191
2563,192
2563,199
2563,616
2563,617
2563,638
2563,648
2563,667
2563,675
2563,693
2563,1159
2563,1162
2563,1173
2563,1183
2563,1883
2563,2564
2563,2572
2563,2593
2563,2765
2563,2984
2564,116
2564,126
2564,136
2564,140
2564,142
2564,145
2564,191
2564,194
2564,616
2564,617
2564,648
2564,668
2564,1057
2564,1077
2564,2563
2564,2587
2564,2589
2564,2593
2565,131
2565,132
2565,182
2565,621
2565,1000
2565,1002
2565,1049
2565,1051
2565,1851
2565,2566
2565,2570
2565,2571
2565,2945
2565,3256
2565,3268
2566,109
2566,112
2566,125
2566,131
2566,157
2566,174
2566,187
2566,621
2566,647
2566,1102
2566,1156
2566,1163
2566,2565
2566,2592
2566,2917
2566,2961
2567,105
2567,108
2567,110
2567,116
2567,126
2567,135
2567,148
2567,150
2567,158
2567,162
2567,167
2567,175
2567,195
2567,636
2567,656
2567,1014
2567,2577
2567,2782
2568,120
2568,144
2568,162
2568,163
2568,626
2568,671
2568,1017
2568,1120
2568,1840
2568,1881
2568,2575
2568,2586
2568,2782
2568,2917
2568,2943
2568,2948
2568,3239
2569,123
2569,146
2569,148
2569,172
2569,657
2569,679
2569,692
2569,1005
2569,1013
2569,1025
2569,1053
2569,1067
2569,1074
2569,1086
2569,1197
2569,1988
2569,2580
2569,2590
2569,2755
2569,2757
2569,2782
2569,3174
2570,109
2570,111
2570,120
2570,131
2570,143
2570,144
2570,149
2570,615
2570,1124
2570,1132
2570,1178
2570,1807
2570,1842
2570,2565
2570,2586
2570,2768
2570,3256
2571,144
2571,172
2571,182
2571,641
2571,650
2571,1000
2571,1099
2571,1615
2571,1830
2571,1885
2571,1890
2571,1981
2571,2565
2571,2592
2571,2768
2571,2951
2571,2965
2572,101
2572,108
2572,116
2572,126
2572,140
2572,141
2572,148
2572,178
2572,179
2572,191
2572,1021
2572,1048
2572,1838
2572,2562
2572,2563
2572,2577
2572,2593
2573,104
2573,132
2573,139
2573,154
2573,184
2573,189
2573,621
2573,660
2573,1065
2573,1607
2573,1615
2573,1661
2573,1679
2573,1697
2573,1993
2573,2558
2573,2560
2573,2576
2573,2579
2573,3192
2573,3305
2574,101
2574,173
2574,186
2574,197
2574,1024
2574,1148
2574,1194
2574,1825
2574,1850
2574,1861
2574,2582
2574,2594
2574,3235
2574,3245
2574,3246
2574,3249
2575,105
2575,106
2575,128
2575,167
2575,195
2575,199
2575,1014
2575,1040
2575,1054
2575,1887
2575,2568
2575,2936
2575,2943
2575,2948
2576,104
2576,127
2576,132
2576,170
2576,189
2576,688
2576,1619
2576,1621
2576,1622
2576,1697
2576,1795
2576,1993
2576,2558
2576,2573
2576,2579
2577,105
2577,106
2577,140
2577,141
2577,168
2577,175
2577,178
2577,194
2577,1005
2577,1009
2577,1021
2577,1033
2577,1054
2577,1057
2577,1077
2577,1173
2577,2559
2577,2567
2577,2572
2577,2578
2577,2587
2577,2590
2577,2593
2577,2946
2578,105
2578,106
2578,107
2578,119
2578,140
2578,156
2578,175
2578,194
2578,199
2578,1173
2578,2577
2578,2587
2578,2589
2578,2593
2578,2762
2579,127
2579,132
2579,157
2579,170
2579,184
2579,189
2579,660
2579,688
2579,1605
2579,1614
2579,1619
2579,1679
2579,1690
2579,2558
2579,2573
2579,2576
2579,2584
2580,123
2580,144
2580,168
2580,172
2580,657
2580,679
2580,692
2580,1949
2580,1988
2580,2557
2580,2569
2580,2590
2580,2757
2580,2965
2581,172
2581,610
2581,615
2581,619
2581,674
2581,682
2581,1148
2581,1149
2581,1821
2581,1833
2581,1849
2581,2756
2581,2763
2581,2967
2581,3235
2581,3242
2582,109
2582,149
2582,163
2582,173
2582,186
2582,197
2582,619
2582,1024
2582,1139
2582,1148
2582,1194
2582,1852
2582,2574
2582,2768
2582,2960
2582,2966
2582,2972
2582,3244
2583,130
2583,133
2583,146
2583,152
2583,171
2583,658
2583,1075
2583,1096
2583,1934
2583,1946
2583,1951
2583,1999
2583,2555
2583,3297
2584,139
2584,170
2584,182
2584,641
2584,660
2584,688
2584,1605
2584,1619
2584,1661
2584,1679
2584,1697
2584,1993
2584,2558
2584,2560
2584,2579
2584,3305
2584,3312
2585,112
2585,1088
2585,1106
2585,1112
2585,1120
2585,1124
2585,1132
2585,1136
2585,1157
2585,1161
2585,1172
2585,1180
2585,1184
2585,1881
2585,2977
2586,109
2586,111
2586,120
2586,125
2586,131
2586,143
2586,144
2586,149
2586,157
2586,163
2586,174
2586,198
2586,671
2586,696
2586,1120
2586,1132
2586,1139
2586,1151
2586,2568
2586,2570
2586,2768
2586,2955
2587,105
2587,106
2587,107
2587,126
2587,140
2587,142
2587,168
2587,175
2587,191
2587,194
2587,199
2587,1072
2587,2564
2587,2577
2587,2578
2587,2593
2587,2762
2588,110
2588,124
2588,126
2588,135
2588,145
2588,146
2588,175
2588,178
2588,183
2588,600
2588,616
2588,661
2588,665
2588,684
2588,1173
2588,1883
2588,2559
2588,2562
2588,2590
2588,2593
2588,2963
2589,105
2589,107
2589,113
2589,116
2589,126
2589,135
2589,140
2589,142
2589,145
2589,158
2589,164
2589,167
2589,178
2589,191
2589,195
2589,616
2589,667
2589,668
2589,683
2589,684
2589,1072
2589,2562
2589,2564
2589,2578
2589,2593
2590,110
2590,124
2590,141
2590,146
2590,148
2590,150
2590,168
2590,175
2590,178
2590,642
2590,657
2590,661
2590,679
2590,692
2590,1033
2590,1153
2590,2557
2590,2559
2590,2569
2590,2577
2590,2580
2590,2588
2591,7
2591,100
2591,137
2591,151
2591,188
2591,368
2591,630
2591,651
2591,652
2591,1519
2591,1657
2591,1687
2591,1914
2591,1916
2591,1918
2591,1936
2591,1950
2591,2448
2591,2785
2591,3169
2591,3181
2591,3307
2591,3314
2592,157
2592,182
2592,618
2592,621
2592,629
2592,641
2592,1095
2592,1099
2592,1107
2592,1615
2592,1829
2592,1830
2592,1842
2592,1877
2592,1885
2592,2566
2592,2571
2592,2951
2592,3294
2592,3312
2593,101
2593,110
2593,116
2593,117
2593,126
2593,135
2593,140
2593,145
2593,148
2593,150
2593,156
2593,164
2593,171
2593,175
2593,178
2593,179
2593,191
2593,614
2593,616
2593,636
2593,1153
2593,2557
2593,2559
2593,2562
2593,2563
2593,2564
2593,2572
2593,2577
2593,2578
2593,2587
2593,2588
2593,2589
2594,181
2594,625
2594,1148
2594,1821
2594,1822
2594,1823
2594,1828
2594,1843
2594,1846
2594,1849
2594,1852
2594,1889
2594,2574
2594,3243
2594,3245
2594,3258
2594,3266
2595,264
2595,277
2595,414
2595,423
2595,429
2595,430
2595,449
2595,471
2595,493
2595,2603
2595,2612
2595,2614
2595,2712
2595,3378
2596,210
2596,216
2596,218
2596,225
2596,262
2596,267
2596,276
2596,281
2596,292
2596,294
2596,295
2596,306
2596,319
2596,324
2596,345
2596,818
2596,929
2596,950
2596,965
2596,2023
2596,2205
2596,2253
2596,2257
2596,2277
2596,2280
2596,2282
2596,2602
2596,2644
2596,2647
2596,2856
2597,200
2597,209
2597,213
2597,215
2597,216
2597,225
2597,228
2597,275
2597,282
2597,292
2597,387
2597,389
2597,806
2597,2043
2597,2236
2597,2605
2597,2621
2597,2628
2597,2631
2597,2643
2597,2647
2597,3401
2598,258
2598,313
2598,328
2598,464
2598,834
2598,843
2598,866
2598,891
2598,898
2598,921
2598,2245
2598,2284
2598,2646
2598,2677
2598,2835
2599,27
2599,204
2599,267
2599,281
2599,286
2599,294
2599,341
2599,357
2599,368
2599,856
2599,868
2599,965
2599,1936
2599,2149
2599,2268
2599,2624
2599,2647
2599,2841
2599,2910
2600,43
2600,248
2600,262
2600,286
2600,287
2600,291
2600,294
2600,295
2600,297
2600,352
2600,365
2600,378
2600,929
2600,965
2600,984
2600,990
2600,2035
2600,2273
2600,2290
2600,2630
2600,2636
2601,243
2601,332
2601,350
2601,810
2601,822
2601,826
2601,827
2601,839
2601,858
2601,875
2601,2609
2601,2667
2601,2839
2601,2840
2601,2845
2601,2852
2601,2860
2602,210
2602,247
2602,248
2602,254
2602,269
2602,282
2602,284
2602,287
2602,291
2602,292
2602,295
2602,296
2602,334
2602,336
2602,342
2602,384
2602,399
2602,817
2602,832
2602,836
2602,899
2602,957
2602,984
2602,2024
2602,2132
2602,2596
2602,2630
2602,2656
2602,2841
2602,2844
2602,2866
2603,226
2603,290
2603,2014
2603,2020
2603,2036
2603,2044
2603,2093
2603,2103
2603,2144
2603,2181
2603,2188
2603,2194
2603,2595
2603,3321
2603,3339
2603,3369
2603,3378
2604,201
2604,229
2604,230
2604,256
2604,271
2604,279
2604,804
2604,813
2604,842
2604,848
2604,850
2604,852
2604,873
2604,876
2604,878
2604,879
2604,889
2604,982
2604,2607
2604,2617
2604,2874
2605,209
2605,213
2605,215
2605,216
2605,221
2605,228
2605,234
2605,238
2605,242
2605,245
2605,253
2605,255
2605,275
2605,299
2605,324
2605,379
2605,384
2605,453
2605,806
2605,818
2605,2238
2605,2597
2605,2615
2605,2616
2605,2623
2605,2625
2605,2626
2605,3337
2606,220
2606,232
2606,332
2606,333
2606,351
2606,385
2606,898
2606,958
2606,996
2606,2650
2606,2666
2606,2852
2606,2903
2606,3419
2607,201
2607,208
2607,212
2607,229
2607,230
2607,246
2607,268
2607,277
2607,279
2607,283
2607,290
2607,492
2607,853
2607,878
2607,2025
2607,2031
2607,2038
2607,2061
2607,2071
2607,2211
2607,2604
2607,2617
2607,2692
2607,3326
2607,3350
2608,219
2608,222
2608,227
2608,243
2608,253
2608,260
2608,263
2608,266
2608,316
2608,319
2608,906
2608,2610
2608,2625
2608,2627
2609,205
2609,239
2609,243
2609,271
2609,293
2609,813
2609,826
2609,838
2609,846
2609,847
2609,858
2609,872
2609,874
2609,875
2609,2601
2609,2613
2609,2632
2609,2667
2609,2839
2609,2840
2609,2845
2609,2848
2609,2860
2609,2862
2609,3405
2610,222
2610,227
2610,234
2610,238
2610,253
2610,255
2610,262
2610,264
2610,265
2610,266
2610,270
2610,384
2610,2608
2610,2614
2610,2615
2610,2618
2611,205
2611,241
2611,250
2611,260
2611,269
2611,293
2611,296
2611,384
2611,820
2611,826
2611,2232
2611,2292
2611,2629
2611,2630
2611,2641
2612,205
2612,233
2612,264
2612,271
2612,805
2612,847
2612,996
2612,2005
2612,2242
2612,2247
2612,2292
2612,2595
2612,2632
2612,2847
2612,3328
2613,211
2613,212
2613,239
2613,251
2613,271
2613,375
2613,381
2613,437
2613,492
2613,829
2613,846
2613,852
2613,872
2613,898
2613,2231
2613,2286
2613,2609
2613,2655
2613,2660
2613,2667
2613,2848
2614,222
2614,264
2614,266
2614,270
2614,414
2614,457
2614,467
2614,477
2614,705
2614,2111
2614,2138
2614,2150
2614,2265
2614,2595
2614,2610
2614,3382
2615,216
2615,224
2615,227
2615,228
2615,232
2615,235
2615,253
2615,255
2615,263
2615,264
2615,265
2615,266
2615,305
2615,319
2615,324
2615,379
2615,384
2615,429
2615,453
2615,2033
2615,2035
2615,2065
2615,2238
2615,2605
2615,2610
2615,2616
2615,2618
2615,2625
2615,2644
2615,3344
2616,236
2616,238
2616,245
2616,255
2616,263
2616,264
2616,298
2616,302
2616,375
2616,443
2616,996
2616,2005
2616,2008
2616,2010
2616,2015
2616,2021
2616,2033
2616,2041
2616,2091
2616,2605
2616,2615
2616,2618
2616,2662
2616,3323
2616,3328
2616,3329
2616,3340
2616,3345
2616,3347
2617,201
2617,229
2617,230
2617,252
2617,285
2617,437
2617,803
2617,811
2617,850
2617,852
2617,873
2617,876
2617,877
2617,889
2617,2604
2617,2607
2617,2837
2617,2874
2618,205
2618,222
2618,232
2618,233
2618,238
2618,241
2618,253
2618,255
2618,264
2618,266
2618,319
2618,375
2618,384
2618,429
2618,453
2618,923
2618,929
2618,996
2618,998
2618,2610
2618,2615
2618,2616
2618,2662
2618,2687
2618,2694
2618,2903
2619,252
2619,314
2619,392
2619,415
2619,422
2619,447
2619,491
2619,879
2619,2025
2619,2271
2619,2634
2619,2698
2619,2710
2619,2714
2620,807
2620,826
2620,838
2620,839
2620,846
2620,2232
2620,2238
2620,2666
2620,2838
2620,2839
2620,2855
2620,2857
2620,2860
2620,2867
2620,3433
2621,200
2621,213
2621,215
2621,216
2621,225
2621,274
2621,306
2621,387
2621,817
2621,818
2621,883
2621,2238
2621,2597
2621,2628
2621,2631
2621,2643
2622,206
2622,212
2622,219
2622,237
2622,246
2622,257
2622,290
2622,2017
2622,2022
2622,2082
2622,2096
2622,2098
2622,2667
2622,3321
2622,3322
2622,3328
2623,207
2623,221
2623,234
2623,236
2623,299
2623,384
2623,816
2623,849
2623,2605
2623,2625
2623,2626
2623,2843
2623,2858
2623,3328
2624,27
2624,267
2624,286
2624,291
2624,308
2624,334
2624,341
2624,347
2624,377
2624,412
2624,482
2624,868
2624,1657
2624,1936
2624,2205
2624,2273
2624,2599
2624,2635
2624,2644
2624,2647
2624,2648
2624,2651
2624,2696
2625,227
2625,236
2625,243
2625,299
2625,384
2625,806
2625,2001
2625,2007
2625,2024
2625,2041
2625,2140
2625,2163
2625,2605
2625,2608
2625,2615
2625,2623
2625,3328
2625,3329
2625,3337
2625,3377
2626,207
2626,236
2626,293
2626,338
2626,816
2626,826
2626,828
2626,835
2626,862
2626,967
2626,2267
2626,2605
2626,2623
2626,2656
2626,2843
2626,2851
2626,2853
2626,2858
2627,201
2627,220
2627,243
2627,298
2627,805
2627,875
2627,2242
2627,2247
2627,2267
2627,2608
2627,2667
2627,2847
2627,3405
2627,3408
2628,200
2628,209
2628,213
2628,215
2628,216
2628,218
2628,225
2628,274
2628,387
2628,389
2628,883
2628,2597
2628,2621
2628,2631
2628,2635
2628,2643
2629,203
2629,205
2629,210
2629,250
2629,260
2629,293
2629,297
2629,312
2629,318
2629,328
2629,329
2629,360
2629,399
2629,464
2629,826
2629,843
2629,2611
2629,2630
2629,2641
2629,2659
2629,2666
2629,2857
2629,3425
2630,210
2630,241
2630,260
2630,262
2630,287
2630,291
2630,295
2630,296
2630,342
2630,947
2630,957
2630,2600
2630,2602
2630,2611
2630,2629
2631,200
2631,209
2631,215
2631,218
2631,225
2631,254
2631,265
2631,267
2631,275
2631,282
2631,284
2631,292
2631,306
2631,345
2631,387
2631,389
2631,817
2631,818
2631,836
2631,883
2631,990
2631,2282
2631,2597
2631,2621
2631,2628
2631,2643
2631,2647
2631,2841
2632,207
2632,239
2632,249
2632,293
2632,813
2632,816
2632,826
2632,828
2632,846
2632,847
2632,849
2632,2609
2632,2612
2632,2842
2632,2845
2632,2860
2633,206
2633,207
2633,217
2633,231
2633,236
2633,249
2633,278
2633,2008
2633,2010
2633,2028
2633,2053
2633,2082
2633,2098
2633,3318
2633,3341
2633,3354
2634,214
2634,252
2634,268
2634,279
2634,285
2634,311
2634,314
2634,852
2634,2025
2634,2031
2634,2038
2634,2045
2634,2061
2634,2077
2634,2107
2634,2187
2634,2229
2634,2619
2634,3326
2635,188
2635,267
2635,341
2635,345
2635,352
2635,366
2635,368
2635,377
2635,393
2635,435
2635,454
2635,461
2635,482
2635,2273
2635,2624
2635,2628
2635,2651
2635,2674
2635,2910
2636,224
2636,294
2636,295
2636,306
2636,325
2636,326
2636,345
2636,352
2636,365
2636,393
2636,796
2636,965
2636,2035
2636,2273
2636,2290
2636,2600
2637,307
2637,309
2637,317
2637,320
2637,321
2637,327
2637,348
2637,353
2637,355
2637,364
2637,390
2637,411
2637,456
2637,493
2637,2653
2637,2669
2637,2672
2637,2673
2637,2681
2638,304
2638,307
2638,309
2638,321
2638,330
2638,355
2638,363
2638,364
2638,373
2638,380
2638,388
2638,396
2638,409
2638,459
2638,470
2639,304
2639,315
2639,353
2639,359
2639,380
2639,388
2639,396
2639,410
2639,417
2639,451
2639,459
2639,468
2639,487
2639,870
2639,2665
2639,2668
2639,2671
2639,2678
2639,2701
2640,230
2640,239
2640,331
2640,804
2640,810
2640,813
2640,821
2640,822
2640,850
2640,853
2640,869
2640,876
2640,877
2640,885
2640,897
2640,982
2640,2845
2640,2868
2640,2874
2641,203
2641,227
2641,238
2641,247
2641,250
2641,255
2641,260
2641,269
2641,287
2641,295
2641,302
2641,312
2641,319
2641,336
2641,384
2641,399
2641,859
2641,2019
2641,2035
2641,2611
2641,2629
2641,3344
2642,303
2642,317
2642,320
2642,372
2642,390
2642,396
2642,409
2642,417
2642,442
2642,446
2642,459
2642,460
2642,470
2642,471
2642,487
2642,2668
2642,2676
2642,2679
2643,200
2643,209
2643,213
2643,215
2643,216
2643,274
2643,275
2643,306
2643,361
2643,387
2643,389
2643,2597
2643,2621
2643,2628
2643,2631
2643,2674
2644,210
2644,216
2644,232
2644,235
2644,248
2644,254
2644,265
2644,269
2644,291
2644,305
2644,306
2644,308
2644,319
2644,345
2644,346
2644,379
2644,384
2644,397
2644,412
2644,453
2644,929
2644,990
2644,2282
2644,2596
2644,2615
2644,2624
2644,2648
2644,2651
2644,2696
2645,211
2645,261
2645,315
2645,344
2645,374
2645,380
2645,396
2645,410
2645,422
2645,447
2645,459
2645,485
2645,487
2645,800
2645,803
2645,824
2645,829
2645,870
2645,873
2645,2676
2645,2678
2645,2693
2646,307
2646,309
2646,312
2646,330
2646,337
2646,360
2646,398
2646,438
2646,464
2646,843
2646,860
2646,2055
2646,2243
2646,2598
2646,2650
2646,2654
2646,2664
2646,2666
2646,2677
2646,2708
2646,3422
2647,200
2647,267
2647,286
2647,292
2647,334
2647,341
2647,965
2647,2205
2647,2596
2647,2597
2647,2599
2647,2624
2647,2631
2647,2648
2648,289
2648,291
2648,308
2648,322
2648,334
2648,341
2648,347
2648,352
2648,358
2648,377
2648,413
2648,454
2648,455
2648,482
2648,496
2648,2205
2648,2218
2648,2624
2648,2644
2648,2647
2648,2651
2648,2673
2648,2690
2648,2702
2649,202
2649,321
2649,329
2649,330
2649,333
2649,340
2649,356
2649,358
2649,362
2649,364
2649,371
2649,391
2649,420
2649,444
2649,895
2649,2663
2649,2670
2649,2701
2649,2861
2649,3316
2650,220
2650,232
2650,250
2650,312
2650,318
2650,332
2650,337
2650,355
2650,381
2650,385
2650,464
2650,801
2650,839
2650,863
2650,884
2650,898
2650,2279
2650,2286
2650,2606
2650,2646
2650,2660
2650,2664
2650,2666
2650,2667
2650,2671
2650,2848
2650,2852
2650,2886
2650,3413
2651,27
2651,224
2651,235
2651,300
2651,308
2651,322
2651,325
2651,326
2651,334
2651,343
2651,346
2651,349
2651,352
2651,361
2651,366
2651,369
2651,370
2651,377
2651,393
2651,397
2651,412
2651,413
2651,435
2651,454
2651,482
2651,760
2651,2205
2651,2218
2651,2273
2651,2624
2651,2635
2651,2644
2651,2648
2651,2690
2651,2696
2651,2713
2651,3122
2651,3404
2651,3417
2651,3425
2652,208
2652,431
2652,452
2652,473
2652,2204
2652,2211
2652,2219
2652,2249
2652,2276
2652,2500
2652,2514
2652,2698
2652,3400
2652,3416
2652,3420
2652,3429
2652,3432
2653,303
2653,310
2653,317
2653,320
2653,327
2653,338
2653,339
2653,355
2653,386
2653,390
2653,456
2653,471
2653,493
2653,822
2653,2637
2653,2658
2653,2669
2653,2683
2654,293
2654,312
2654,318
2654,814
2654,826
2654,827
2654,838
2654,839
2654,843
2654,870
2654,881
2654,882
2654,2646
2654,2659
2654,2857
2654,2861
2655,239
2655,375
2655,381
2655,406
2655,428
2655,492
2655,804
2655,813
2655,847
2655,866
2655,921
2655,958
2655,996
2655,998
2655,2042
2655,2074
2655,2091
2655,2094
2655,2286
2655,2613
2655,2666
2655,2886
2656,216
2656,247
2656,254
2656,282
2656,338
2656,384
2656,398
2656,818
2656,883
2656,957
2656,2602
2656,2626
2656,2843
2656,2851
2657,343
2657,347
2657,361
2657,366
2657,394
2657,397
2657,402
2657,403
2657,477
2657,486
2657,2658
2657,2669
2657,2674
2657,2680
2657,2688
2657,2696
2658,327
2658,339
2658,343
2658,361
2658,390
2658,394
2658,402
2658,403
2658,430
2658,455
2658,456
2658,471
2658,474
2658,477
2658,486
2658,493
2658,2653
2658,2657
2658,2669
2658,2672
2658,2680
2658,2682
2658,2683
2658,2688
2658,2689
2658,2702
2658,2713
2659,244
2659,247
2659,254
2659,330
2659,332
2659,336
2659,337
2659,395
2659,814
2659,826
2659,839
2659,882
2659,886
2659,2629
2659,2654
2659,2666
2659,2857
2659,2867
2660,271
2660,332
2660,350
2660,437
2660,492
2660,803
2660,839
2660,847
2660,2286
2660,2613
2660,2650
2660,2664
2660,2667
2660,2840
2661,339
2661,806
2661,807
2661,809
2661,810
2661,823
2661,892
2661,2220
2661,2236
2661,2238
2661,2283
2661,3401
2661,3415
2661,3433
2662,222
2662,224
2662,235
2662,247
2662,255
2662,259
2662,312
2662,337
2662,350
2662,429
2662,2616
2662,2618
2662,2686
2662,3425
2663,321
2663,340
2663,348
2663,351
2663,358
2663,364
2663,371
2663,376
2663,391
2663,420
2663,421
2663,444
2663,463
2663,2649
2664,211
2664,303
2664,310
2664,330
2664,332
2664,335
2664,800
2664,867
2664,870
2664,2286
2664,2646
2664,2650
2664,2660
2664,2666
2664,2668
2665,211
2665,315
2665,321
2665,330
2665,353
2665,359
2665,380
2665,396
2665,800
2665,867
2665,870
2665,884
2665,2639
2665,2668
2665,2861
2666,203
2666,205
2666,232
2666,244
2666,249
2666,293
2666,302
2666,312
2666,323
2666,330
2666,332
2666,337
2666,350
2666,355
2666,360
2666,375
2666,385
2666,395
2666,406
2666,826
2666,838
2666,843
2666,886
2666,921
2666,958
2666,2267
2666,2606
2666,2620
2666,2629
2666,2646
2666,2650
2666,2655
2666,2659
2666,2664
2666,2667
2666,2671
2666,2840
2666,2852
2666,2855
2666,2860
2666,2886
2666,2903
2666,3323
2666,3408
2667,201
2667,203
2667,205
2667,206
2667,237
2667,239
2667,243
2667,257
2667,258
2667,290
2667,293
2667,318
2667,350
2667,381
2667,398
2667,406
2667,492
2667,813
2667,826
2667,858
2667,2042
2667,2601
2667,2609
2667,2613
2667,2622
2667,2627
2667,2650
2667,2660
2667,2666
2667,2847
2667,2848
2667,2860
2667,2886
2667,3405
2668,303
2668,304
2668,307
2668,315
2668,320
2668,323
2668,353
2668,359
2668,364
2668,372
2668,396
2668,409
2668,417
2668,438
2668,487
2668,495
2668,870
2668,2639
2668,2642
2668,2664
2668,2665
2668,2670
2668,2671
2668,2678
2668,2679
2669,289
2669,307
2669,317
2669,320
2669,327
2669,339
2669,343
2669,348
2669,361
2669,372
2669,390
2669,400
2669,402
2669,430
2669,456
2669,493
2669,760
2669,2637
2669,2653
2669,2657
2669,2658
2669,2672
2669,2673
2669,2682
2669,2683
2670,307
2670,356
2670,362
2670,364
2670,382
2670,390
2670,404
2670,410
2670,411
2670,420
2670,429
2670,438
2670,439
2670,445
2670,449
2670,468
2670,475
2670,495
2670,499
2670,2649
2670,2668
2670,2695
2670,2708
2670,2711
2671,320
2671,330
2671,337
2671,351
2671,353
2671,355
2671,364
2671,372
2671,380
2671,2639
2671,2650
2671,2666
2671,2668
2671,2708
2672,317
2672,327
2672,348
2672,369
2672,390
2672,400
2672,402
2672,418
2672,430
2672,439
2672,456
2672,474
2672,489
2672,493
2672,760
2672,2637
2672,2658
2672,2669
2672,2673
2672,2682
2672,2683
2672,2684
2672,2689
2672,2702
2672,2707
2673,289
2673,300
2673,317
2673,325
2673,343
2673,348
2673,370
2673,397
2673,418
2673,480
2673,496
2673,2637
2673,2648
2673,2669
2673,2672
2673,2681
2673,2686
2673,2690
2673,2704
2674,200
2674,300
2674,322
2674,343
2674,346
2674,347
2674,349
2674,361
2674,366
2674,393
2674,394
2674,397
2674,403
2674,435
2674,461
2674,477
2674,486
2674,2635
2674,2643
2674,2657
2674,2680
2674,2688
2674,2696
2675,334
2675,340
2675,356
2675,362
2675,369
2675,377
2675,383
2675,391
2675,418
2675,441
2675,478
2675,489
2675,496
2675,2699
2675,2704
2676,415
2676,422
2676,442
2676,446
2676,447
2676,452
2676,460
2676,473
2676,485
2676,491
2676,2642
2676,2645
2676,2693
2676,2698
2676,2710
2676,2714
2677,309
2677,328
2677,330
2677,395
2677,406
2677,428
2677,431
2677,438
2677,473
2677,898
2677,903
2677,921
2677,958
2677,980
2677,2056
2677,2598
2677,2646
2677,2706
2678,304
2678,374
2678,380
2678,388
2678,396
2678,405
2678,409
2678,410
2678,417
2678,425
2678,426
2678,446
2678,451
2678,458
2678,460
2678,466
2678,483
2678,487
2678,2639
2678,2645
2678,2668
2678,2679
2678,2685
2678,2693
2678,2701
2678,2705
2678,2709
2679,315
2679,373
2679,374
2679,388
2679,396
2679,409
2679,417
2679,422
2679,459
2679,470
2679,487
2679,2642
2679,2668
2679,2678
2680,349
2680,361
2680,366
2680,394
2680,397
2680,403
2680,408
2680,450
2680,461
2680,467
2680,477
2680,486
2680,2657
2680,2658
2680,2674
2680,2688
2680,2697
2680,2702
2681,356
2681,362
2681,404
2681,411
2681,441
2681,475
2681,478
2681,496
2681,2637
2681,2673
2681,2686
2681,2689
2681,2695
2681,2708
2682,390
2682,402
2682,414
2682,430
2682,439
2682,449
2682,455
2682,471
2682,474
2682,484
2682,493
2682,499
2682,2658
2682,2669
2682,2672
2682,2684
2682,2688
2682,2689
2682,2711
2683,317
2683,320
2683,327
2683,390
2683,402
2683,404
2683,419
2683,439
2683,474
2683,493
2683,760
2683,2653
2683,2658
2683,2669
2683,2672
2683,2689
2684,259
2684,382
2684,390
2684,400
2684,409
2684,414
2684,423
2684,430
2684,438
2684,439
2684,468
2684,471
2684,474
2684,483
2684,498
2684,499
2684,2672
2684,2682
2684,2695
2684,2707
2684,2711
2684,2712
2685,405
2685,416
2685,424
2685,425
2685,426
2685,436
2685,440
2685,458
2685,460
2685,465
2685,466
2685,472
2685,476
2685,479
2685,497
2685,2678
2685,2700
2685,2705
2685,2709
2686,224
2686,235
2686,259
2686,266
2686,305
2686,337
2686,343
2686,346
2686,351
2686,356
2686,362
2686,383
2686,411
2686,429
2686,439
2686,441
2686,475
2686,489
2686,496
2686,2662
2686,2673
2686,2681
2686,2689
2686,2695
2686,2711
2687,332
2687,406
2687,428
2687,448
2687,958
2687,980
2687,982
2687,996
2687,998
2687,2618
2687,2694
2687,2845
2687,2852
2687,2886
2687,2903
2688,339
2688,346
2688,347
2688,349
2688,361
2688,366
2688,394
2688,397
2688,402
2688,403
2688,408
2688,419
2688,449
2688,450
2688,461
2688,467
2688,477
2688,484
2688,486
2688,493
2688,705
2688,2657
2688,2658
2688,2674
2688,2680
2688,2682
2688,2690
2688,2696
2688,2697
2688,2702
2688,2713
2689,402
2689,419
2689,427
2689,455
2689,467
2689,474
2689,484
2689,490
2689,493
2689,498
2689,2658
2689,2672
2689,2681
2689,2682
2689,2683
2689,2686
2689,2690
2689,2702
2690,308
2690,322
2690,347
2690,361
2690,366
2690,393
2690,394
2690,397
2690,403
2690,408
2690,419
2690,450
2690,455
2690,457
2690,467
2690,484
2690,486
2690,2648
2690,2651
2690,2673
2690,2688
2690,2689
2690,2697
2690,2702
2690,2704
2691,401
2691,427
2691,432
2691,444
2691,463
2691,478
2691,480
2691,481
2691,488
2691,489
2691,490
2691,497
2691,2699
2691,2705
2692,212
2692,229
2692,230
2692,268
2692,277
2692,279
2692,280
2692,448
2692,452
2692,2012
2692,2031
2692,2038
2692,2061
2692,2607
2692,3326
2692,3330
2692,3350
2693,304
2693,315
2693,359
2693,374
2693,380
2693,388
2693,396
2693,410
2693,415
2693,442
2693,447
2693,459
2693,483
2693,485
2693,487
2693,2645
2693,2676
2693,2678
2693,2710
2694,203
2694,241
2694,293
2694,826
2694,903
2694,921
2694,940
2694,958
2694,964
2694,990
2694,996
2694,2282
2694,2618
2694,2687
2694,2860
2694,2886
2694,2901
2694,2903
2695,259
2695,289
2695,348
2695,351
2695,356
2695,362
2695,382
2695,383
2695,404
2695,411
2695,420
2695,421
2695,439
2695,445
2695,462
2695,468
2695,475
2695,490
2695,498
2695,499
2695,2670
2695,2681
2695,2684
2695,2686
2695,2703
2695,2708
2695,2711
2695,2712
2696,361
2696,366
2696,370
2696,393
2696,413
2696,435
2696,461
2696,482
2696,486
2696,2624
2696,2644
2696,2651
2696,2657
2696,2674
2696,2688
2697,196
2697,349
2697,408
2697,419
2697,450
2697,455
2697,457
2697,461
2697,467
2697,477
2697,484
2697,486
2697,705
2697,2680
2697,2688
2697,2690
2698,208
2698,252
2698,261
2698,301
2698,314
2698,344
2698,392
2698,415
2698,431
2698,452
2698,491
2698,824
2698,848
2698,873
2698,879
2698,2276
2698,2619
2698,2652
2698,2676
2698,2714
2699,340
2699,348
2699,351
2699,356
2699,362
2699,391
2699,427
2699,441
2699,478
2699,480
2699,488
2699,489
2699,2675
2699,2691
2699,2704
2700,405
2700,424
2700,425
2700,432
2700,436
2700,440
2700,458
2700,463
2700,465
2700,472
2700,479
2700,497
2700,2068
2700,2685
2700,2705
2700,3353
2701,304
2701,307
2701,364
2701,376
2701,380
2701,420
2701,444
2701,451
2701,462
2701,495
2701,2639
2701,2649
2701,2678
2701,2705
2701,3316
2701,3353
2702,343
2702,402
2702,403
2702,408
2702,413
2702,419
2702,450
2702,455
2702,456
2702,467
2702,486
2702,496
2702,2648
2702,2658
2702,2672
2702,2680
2702,2688
2702,2689
2702,2690
2702,2713
2703,259
2703,289
2703,326
2703,330
2703,348
2703,351
2703,358
2703,369
2703,404
2703,411
2703,421
2703,456
2703,2695
2703,2704
2703,3336
2704,289
2704,326
2704,348
2704,418
2704,421
2704,427
2704,478
2704,480
2704,481
2704,496
2704,2673
2704,2675
2704,2690
2704,2699
2704,2703
2705,376
2705,401
2705,405
2705,424
2705,432
2705,440
2705,463
2705,481
2705,497
2705,2678
2705,2685
2705,2691
2705,2700
2705,2701
2706,323
2706,360
2706,385
2706,395
2706,406
2706,428
2706,431
2706,434
2706,903
2706,958
2706,998
2706,2019
2706,2055
2706,2056
2706,2068
2706,2074
2706,2085
2706,2087
2706,2677
2706,2911
2706,3315
2706,3323
2706,3336
2706,3342
2706,3353
2706,3386
2707,418
2707,427
2707,432
2707,433
2707,440
2707,441
2707,463
2707,478
2707,480
2707,489
2707,497
2707,2672
2707,2684
2707,2709
2708,259
2708,297
2708,307
2708,309
2708,323
2708,330
2708,337
2708,355
2708,360
2708,383
2708,385
2708,404
2708,429
2708,438
2708,441
2708,445
2708,464
2708,475
2708,760
2708,2055
2708,2646
2708,2670
2708,2671
2708,2681
2708,2695
2708,3336
2709,401
2709,405
2709,407
2709,424
2709,425
2709,432
2709,433
2709,436
2709,440
2709,458
2709,463
2709,465
2709,466
2709,469
2709,472
2709,476
2709,479
2709,481
2709,2678
2709,2685
2709,2707
2710,314
2710,374
2710,392
2710,415
2710,422
2710,442
2710,447
2710,485
2710,487
2710,491
2710,2619
2710,2676
2710,2693
2710,2714
2711,259
2711,351
2711,370
2711,403
2711,414
2711,423
2711,429
2711,438
2711,439
2711,445
2711,475
2711,499
2711,2670
2711,2682
2711,2684
2711,2686
2711,2695
2712,400
2712,410
2712,414
2712,423
2712,439
2712,449
2712,468
2712,469
2712,474
2712,483
2712,494
2712,498
2712,499
2712,2595
2712,2684
2712,2695
2713,369
2713,403
2713,408
2713,419
2713,441
2713,455
2713,477
2713,486
2713,493
2713,760
2713,2651
2713,2658
2713,2688
2713,2702
2714,314
2714,374
2714,392
2714,415
2714,422
2714,442
2714,447
2714,452
2714,460
2714,485
2714,491
2714,2619
2714,2676
2714,2698
2714,2710
2715,532
2715,534
2715,543
2715,555
2715,566
2715,572
2715,585
2715,589
2715,592
2715,597
2715,1495
2715,2732
2715,2742
2715,3083
2715,3112
2716,508
2716,543
2716,544
2716,557
2716,580
2716,596
2716,598
2716,1406
2716,1408
2716,1409
2716,1415
2716,1427
2716,1430
2716,1437
2716,1443
2716,1475
2716,1483
2716,1488
2716,1490
2716,1493
2716,2727
2716,2728
2716,2732
2716,2742
2716,2752
2716,3089
2716,3110
2717,504
2717,510
2717,521
2717,528
2717,541
2717,552
2717,565
2717,567
2717,571
2717,583
2717,596
2717,598
2717,1412
2717,1450
2717,1458
2717,1471
2717,1477
2717,1483
2717,1492
2717,1494
2717,2719
2717,2746
2717,2750
2717,3080
2718,500
2718,503
2718,508
2718,509
2718,513
2718,517
2718,529
2718,535
2718,536
2718,542
2718,545
2718,561
2718,575
2718,579
2718,590
2718,2722
2718,2735
2718,2737
2718,2739
2718,2746
2718,2748
2719,517
2719,521
2719,542
2719,552
2719,563
2719,565
2719,578
2719,588
2719,596
2719,1450
2719,1483
2719,1661
2719,2717
2719,2722
2719,2746
2719,3080
2720,504
2720,582
2720,1409
2720,1412
2720,1430
2720,1437
2720,1443
2720,1445
2720,1465
2720,1477
2720,1485
2720,1494
2720,1799
2720,3112
2721,527
2721,540
2721,558
2721,560
2721,1313
2721,1329
2721,1388
2721,1398
2721,1413
2721,1474
2721,1497
2721,2744
2721,3038
2721,3094
2721,3134
2721,3143
2722,500
2722,503
2722,508
2722,513
2722,517
2722,534
2722,539
2722,541
2722,542
2722,545
2722,551
2722,552
2722,561
2722,565
2722,574
2722,575
2722,579
2722,595
2722,1428
2722,2718
2722,2719
2722,2733
2722,2735
2722,2739
2722,2746
2722,2748
2723,176
2723,506
2723,548
2723,587
2723,588
2723,595
2723,1325
2723,1428
2723,1444
2723,1600
2723,1660
2723,1694
2723,2311
2723,2342
2723,2365
2723,3082
2723,3162
2723,3169
2723,3192
2724,514
2724,519
2724,537
2724,548
2724,570
2724,599
2724,1356
2724,1412
2724,1416
2724,1421
2724,1422
2724,1444
2724,1465
2724,1484
2724,1485
2724,1502
2724,1503
2724,1566
2724,1583
2724,1592
2724,1595
2724,2734
2724,2751
2724,3049
2724,3107
2725,525
2725,527
2725,558
2725,574
2725,594
2725,1233
2725,1254
2725,1431
2725,1555
2725,1707
2725,2744
2725,2745
2725,2747
2725,2754
2725,3078
2725,3112
2726,1224
2726,1237
2726,1261
2726,1276
2726,1277
2726,1281
2726,1296
2726,1299
2726,1396
2726,3004
2726,3015
2726,3017
2726,3021
2726,3071
2727,501
2727,519
2727,533
2727,550
2727,556
2727,582
2727,596
2727,1412
2727,1425
2727,1430
2727,1452
2727,1459
2727,1462
2727,1465
2727,1483
2727,1485
2727,1496
2727,1707
2727,2716
2727,2753
2727,3098
2727,3206
2728,515
2728,530
2728,554
2728,578
2728,584
2728,596
2728,1324
2728,1400
2728,1421
2728,1430
2728,1483
2728,2716
2728,2730
2728,2732
2728,2744
2728,2746
2728,2754
2729,139
2729,505
2729,506
2729,522
2729,524
2729,538
2729,542
2729,551
2729,564
2729,575
2729,581
2729,1331
2729,1600
2729,1661
2729,1690
2729,2748
2729,3149
2730,546
2730,554
2730,576
2730,582
2730,1324
2730,1328
2730,1339
2730,1344
2730,1357
2730,1370
2730,1373
2730,1402
2730,1406
2730,1409
2730,1421
2730,1425
2730,1434
2730,1438
2730,1443
2730,1449
2730,1460
2730,1464
2730,1475
2730,1490
2730,1493
2730,1498
2730,1570
2730,1643
2730,1734
2730,2728
2730,2744
2730,3061
2730,3074
2730,3091
2731,508
2731,520
2731,528
2731,596
2731,598
2731,1471
2731,1476
2731,1477
2731,1482
2731,2732
2731,2746
2731,2752
2731,3101
2731,3112
2732,515
2732,520
2732,528
2732,529
2732,535
2732,536
2732,541
2732,543
2732,544
2732,547
2732,553
2732,554
2732,556
2732,557
2732,569
2732,574
2732,580
2732,585
2732,589
2732,592
2732,596
2732,597
2732,598
2732,1408
2732,1430
2732,1438
2732,1440
2732,1443
2732,1487
2732,2715
2732,2716
2732,2728
2732,2731
2732,2740
2732,2742
2732,2754
2732,3093
2732,3112
2733,139
2733,503
2733,516
2733,517
2733,530
2733,563
2733,568
2733,578
2733,595
2733,1428
2733,1661
2733,1792
2733,2032
2733,2722
2733,2748
2733,3192
2734,519
2734,546
2734,577
2734,582
2734,586
2734,599
2734,1412
2734,1416
2734,1421
2734,1425
2734,1439
2734,1441
2734,1465
2734,1467
2734,1472
2734,1485
2734,1503
2734,1606
2734,1714
2734,2724
2734,3049
2734,3107
2734,3111
2735,507
2735,513
2735,517
2735,518
2735,529
2735,551
2735,561
2735,564
2735,575
2735,590
2735,1530
2735,2718
2735,2722
2735,2739
2735,2748
2735,3142
2736,514
2736,548
2736,550
2736,562
2736,569
2736,570
2736,593
2736,599
2736,1233
2736,1428
2736,1440
2736,1442
2736,1474
2736,1496
2736,1497
2736,1517
2736,2741
2736,2751
2736,3094
2736,3112
2737,500
2737,503
2737,509
2737,513
2737,517
2737,520
2737,529
2737,535
2737,536
2737,545
2737,555
2737,561
2737,590
2737,2718
2737,2739
2738,547
2738,1409
2738,1424
2738,1425
2738,1439
2738,1443
2738,1445
2738,1450
2738,1471
2738,1477
2738,1492
2738,1493
2738,1494
2738,3079
2738,3089
2738,3095
2738,3097
2739,503
2739,509
2739,513
2739,517
2739,536
2739,545
2739,561
2739,579
2739,590
2739,2718
2739,2722
2739,2735
2739,2737
2739,2748
2740,512
2740,523
2740,538
2740,548
2740,562
2740,563
2740,569
2740,576
2740,580
2740,591
2740,593
2740,1479
2740,1490
2740,1517
2740,1707
2740,2732
2740,2744
2740,2745
2740,2751
2740,2754
2741,139
2741,503
2741,530
2741,538
2741,539
2741,563
2741,564
2741,568
2741,1504
2741,1517
2741,1661
2741,1792
2741,2032
2741,2736
2741,2746
2742,520
2742,536
2742,543
2742,553
2742,580
2742,589
2742,592
2742,597
2742,1433
2742,1437
2742,1443
2742,1461
2742,1488
2742,2715
2742,2716
2742,2732
2742,3090
2742,3109
2742,3110
2742,3112
2743,540
2743,558
2743,1355
2743,1401
2743,1403
2743,1433
2743,1434
2743,1447
2743,1461
2743,1473
2743,1486
2743,1488
2743,3103
2743,3109
2743,3110
2744,512
2744,514
2744,522
2744,527
2744,548
2744,550
2744,554
2744,562
2744,563
2744,569
2744,574
2744,576
2744,581
2744,593
2744,599
2744,1317
2744,1331
2744,1338
2744,1345
2744,1373
2744,1403
2744,1415
2744,1416
2744,1441
2744,1443
2744,1447
2744,1485
2744,1490
2744,1517
2744,1523
2744,1589
2744,1606
2744,1681
2744,1707
2744,2721
2744,2725
2744,2728
2744,2730
2744,2740
2744,2745
2744,2751
2744,3038
2744,3096
2744,3143
2744,3153
2744,3168
2745,505
2745,512
2745,522
2745,523
2745,527
2745,538
2745,550
2745,558
2745,593
2745,1254
2745,1546
2745,1589
2745,2725
2745,2740
2745,2744
2745,2747
2745,2754
2745,3103
2745,3153
2746,503
2746,508
2746,515
2746,518
2746,520
2746,528
2746,529
2746,535
2746,536
2746,541
2746,542
2746,545
2746,552
2746,555
2746,557
2746,563
2746,565
2746,573
2746,574
2746,588
2746,596
2746,598
2746,1450
2746,1458
2746,2717
2746,2718
2746,2719
2746,2722
2746,2728
2746,2731
2746,2741
2746,2748
2746,3080
2747,507
2747,525
2747,1316
2747,1350
2747,1390
2747,1530
2747,1544
2747,1546
2747,1555
2747,1584
2747,2307
2747,2725
2747,2745
2747,2754
2747,3078
2747,3134
2747,3142
2747,3484
2748,505
2748,507
2748,508
2748,517
2748,538
2748,551
2748,564
2748,568
2748,575
2748,590
2748,595
2748,1661
2748,2718
2748,2722
2748,2729
2748,2733
2748,2735
2748,2739
2748,2746
2749,501
2749,504
2749,544
2749,546
2749,554
2749,577
2749,1345
2749,1406
2749,1410
2749,1439
2749,1443
2749,1453
2749,1462
2749,1475
2749,1494
2749,1499
2749,1734
2749,3074
2749,3079
2749,3086
2749,3089
2749,3095
2750,510
2750,553
2750,580
2750,596
2750,1402
2750,1412
2750,1430
2750,1437
2750,1443
2750,1445
2750,1461
2750,1483
2750,1492
2750,1494
2750,2717
2750,3086
2750,3089
2750,3105
2751,514
2751,519
2751,533
2751,537
2751,548
2751,570
2751,577
2751,582
2751,586
2751,591
2751,593
2751,599
2751,1401
2751,1483
2751,1494
2751,1504
2751,1517
2751,1583
2751,1592
2751,1622
2751,1636
2751,1644
2751,1793
2751,2483
2751,2724
2751,2736
2751,2740
2751,2744
2751,3107
2751,3171
2752,503
2752,508
2752,520
2752,521
2752,526
2752,528
2752,535
2752,547
2752,548
2752,557
2752,587
2752,595
2752,598
2752,1427
2752,1471
2752,1477
2752,1482
2752,1488
2752,2716
2752,2731
2752,3101
2752,3107
2752,3131
2753,504
2753,567
2753,571
2753,582
2753,1422
2753,1425
2753,1441
2753,1452
2753,1458
2753,1475
2753,1486
2753,1488
2753,1558
2753,1664
2753,2727
2754,522
2754,529
2754,538
2754,551
2754,555
2754,556
2754,563
2754,564
2754,574
2754,575
2754,592
2754,1517
2754,2725
2754,2728
2754,2732
2754,2740
2754,2745
2754,2747
2754,3112
2755,613
2755,618
2755,679
2755,692
2755,1026
2755,1900
2755,1905
2755,1955
2755,1988
2755,1993
2755,2569
2755,2757
2755,2965
2755,3284
2756,150
2756,172
2756,179
2756,610
2756,631
2756,673
2756,674
2756,1003
2756,1093
2756,1820
2756,1838
2756,1841
2756,1866
2756,1885
2756,2581
2756,2789
2756,3242
2756,3272
2757,123
2757,144
2757,635
2757,657
2757,679
2757,692
2757,1013
2757,1026
2757,1067
2757,1197
2757,1559
2757,1866
2757,1900
2757,1930
2757,1988
2757,2569
2757,2580
2757,2755
2757,2758
2757,2781
2757,2965
2758,120
2758,144
2758,613
2758,624
2758,626
2758,656
2758,669
2758,679
2758,686
2758,1103
2758,1111
2758,1124
2758,1154
2758,1900
2758,2757
2758,2775
2758,2965
2758,2990
2759,147
2759,185
2759,602
2759,621
2759,628
2759,629
2759,641
2759,647
2759,663
2759,1026
2759,1031
2759,1135
2759,1142
2759,1163
2759,1168
2759,1830
2759,1853
2759,1863
2759,1981
2759,2768
2759,2771
2759,2961
2759,2975
2759,3312
2760,674
2760,676
2760,682
2760,698
2760,1806
2760,1821
2760,1824
2760,1855
2760,1862
2760,1867
2760,1875
2760,1899
2760,2779
2760,3236
2760,3262
2761,123
2761,130
2761,134
2761,193
2761,627
2761,664
2761,681
2761,1129
2761,1930
2761,1989
2761,2768
2761,2775
2761,2781
2761,2931
2761,3282
2761,3310
2762,107
2762,126
2762,140
2762,158
2762,171
2762,175
2762,191
2762,638
2762,648
2762,1082
2762,1128
2762,1137
2762,1159
2762,1170
2762,1173
2762,2562
2762,2578
2762,2587
2762,2765
2762,2922
2762,2993
2763,147
2763,604
2763,606
2763,662
2763,664
2763,1658
2763,1699
2763,1859
2763,2581
2763,2767
2763,2769
2763,2778
2763,2780
2763,2786
2763,2790
2763,3242
2764,117
2764,610
2764,614
2764,661
2764,665
2764,679
2764,1130
2764,1131
2764,1137
2764,1143
2764,1153
2764,1165
2764,1173
2764,1188
2764,1195
2764,1197
2764,1820
2764,2789
2764,2969
2764,2990
2765,191
2765,617
2765,638
2765,644
2765,645
2765,648
2765,675
2765,678
2765,680
2765,687
2765,1128
2765,1159
2765,1170
2765,1173
2765,1174
2765,1188
2765,1903
2765,2563
2765,2762
2765,2794
2765,2984
2765,2993
2766,119
2766,683
2766,693
2766,1111
2766,1137
2766,1162
2766,1165
2766,1167
2766,1188
2766,1818
2766,1860
2766,1871
2766,3240
2766,3248
2767,606
2767,615
2767,619
2767,662
2767,664
2767,673
2767,1062
2767,1148
2767,1842
2767,1851
2767,1866
2767,1876
2767,1897
2767,2763
2767,2769
2767,2778
2767,2780
2767,2786
2767,3235
2767,3242
2768,109
2768,111
2768,120
2768,123
2768,131
2768,143
2768,144
2768,149
2768,185
2768,635
2768,647
2768,671
2768,681
2768,696
2768,1008
2768,1099
2768,1107
2768,1129
2768,1135
2768,1139
2768,1151
2768,1161
2768,1877
2768,1921
2768,2570
2768,2571
2768,2582
2768,2586
2768,2759
2768,2761
2768,2775
2768,2781
2768,2975
2768,2979
2768,3247
2768,3312
2769,134
2769,147
2769,604
2769,606
2769,615
2769,627
2769,662
2769,663
2769,664
2769,1658
2769,1851
2769,1953
2769,2763
2769,2767
2769,2778
2769,2780
2769,2790
2770,186
2770,601
2770,604
2770,619
2770,666
2770,672
2770,682
2770,689
2770,698
2770,1179
2770,1196
2770,1800
2770,1805
2770,1857
2770,1873
2770,1894
2770,2784
2770,2967
2770,2974
2770,3240
2770,3250
2771,134
2771,180
2771,193
2771,602
2771,605
2771,618
2771,628
2771,632
2771,663
2771,677
2771,681
2771,1615
2771,1993
2771,2556
2771,2759
2772,607
2772,633
2772,643
2772,689
2772,1919
2772,1922
2772,1954
2772,1967
2772,1968
2772,1975
2772,1979
2772,1982
2772,1983
2772,1990
2772,1991
2772,2776
2772,2783
2772,2784
2772,2986
2772,3275
2772,3278
2772,3293
2772,3299
2773,626
2773,642
2773,648
2773,653
2773,659
2773,1100
2773,1101
2773,1116
2773,1123
2773,1138
2773,1160
2773,1166
2773,1167
2773,1171
2773,1173
2773,1185
2773,1189
2773,2777
2773,2792
2773,2984
2773,2985
2774,108
2774,150
2774,162
2774,614
2774,624
2774,640
2774,642
2774,644
2774,653
2774,654
2774,656
2774,661
2774,680
2774,685
2774,1103
2774,1158
2774,1188
2774,1193
2774,1900
2774,1908
2774,1957
2774,2557
2774,2777
2774,2782
2774,2792
2774,2984
2774,2987
2774,3279
2774,3303
2775,120
2775,123
2775,130
2775,144
2775,185
2775,613
2775,635
2775,671
2775,681
2775,1921
2775,1993
2775,2758
2775,2761
2775,2768
2775,2781
2775,3310
2776,622
2776,625
2776,643
2776,655
2776,1919
2776,1922
2776,1925
2776,1952
2776,1967
2776,1968
2776,1982
2776,1990
2776,1991
2776,1997
2776,2772
2776,3275
2777,614
2777,624
2777,644
2777,680
2777,1100
2777,1106
2777,1114
2777,1125
2777,1137
2777,1146
2777,1154
2777,1173
2777,1182
2777,1188
2777,1198
2777,1820
2777,2773
2777,2774
2777,2962
2777,2971
2777,2973
2777,2980
2777,2984
2777,2987
2778,606
2778,615
2778,627
2778,662
2778,664
2778,1658
2778,1859
2778,1865
2778,1876
2778,2763
2778,2767
2778,2769
2778,2780
2778,2786
2778,2790
2778,2930
2779,166
2779,610
2779,674
2779,682
2779,699
2779,1806
2779,1814
2779,1816
2779,1817
2779,1818
2779,1821
2779,1845
2779,1862
2779,2760
2779,2788
2780,147
2780,615
2780,662
2780,663
2780,664
2780,1168
2780,1658
2780,1863
2780,1921
2780,1933
2780,1953
2780,1955
2780,1966
2780,1981
2780,2763
2780,2767
2780,2769
2780,2778
2780,2786
2780,2790
2780,3279
2780,3312
2781,111
2781,120
2781,123
2781,130
2781,144
2781,613
2781,629
2781,656
2781,679
2781,681
2781,1107
2781,1129
2781,1993
2781,2757
2781,2761
2781,2768
2781,2775
2782,110
2782,118
2782,120
2782,150
2782,162
2782,626
2782,642
2782,656
2782,692
2782,1171
2782,1197
2782,1835
2782,1984
2782,2567
2782,2568
2782,2569
2782,2774
2783,622
2783,633
2783,643
2783,1922
2783,1923
2783,1924
2783,1932
2783,1937
2783,1940
2783,1952
2783,1956
2783,1967
2783,1977
2783,1979
2783,1982
2783,1983
2783,1991
2783,2772
2783,3298
2783,3308
2784,607
2784,633
2784,643
2784,689
2784,698
2784,1196
2784,1818
2784,1952
2784,1956
2784,1973
2784,1979
2784,1991
2784,2770
2784,2772
2784,2974
2784,2986
2785,137
2785,188
2785,627
2785,630
2785,651
2785,652
2785,1032
2785,1914
2785,1916
2785,1947
2785,1950
2785,1985
2785,1998
2785,2591
2785,3282
2785,3313
2785,3314
2786,147
2786,604
2786,606
2786,619
2786,662
2786,673
2786,1830
2786,1876
2786,1877
2786,1890
2786,2763
2786,2767
2786,2778
2786,2780
2786,2790
2786,2983
2787,603
2787,622
2787,625
2787,633
2787,639
2787,655
2787,1901
2787,1925
2787,1940
2787,1962
2787,1965
2787,1967
2787,1968
2787,1970
2787,1979
2787,1997
2788,1811
2788,1816
2788,1817
2788,1818
2788,1834
2788,1844
2788,1860
2788,1874
2788,1892
2788,2779
2788,3240
2788,3248
2788,3252
2788,3255
2789,610
2789,631
2789,679
2789,695
2789,1105
2789,1108
2789,1113
2789,1115
2789,1121
2789,1131
2789,1141
2789,1143
2789,1147
2789,1155
2789,1171
2789,1188
2789,1197
2789,1820
2789,2756
2789,2764
2789,2956
2789,2963
2789,2969
2789,2987
2789,2989
2789,2990
2789,2991
2789,3272
2789,3303
2790,604
2790,606
2790,608
2790,619
2790,662
2790,666
2790,673
2790,682
2790,1168
2790,1857
2790,1873
2790,1877
2790,1878
2790,1897
2790,2763
2790,2769
2790,2778
2790,2780
2790,2786
2790,2983
2791,646
2791,686
2791,1118
2791,1171
2791,1185
2791,1197
2791,1900
2791,1984
2791,2965
2791,2983
2791,2988
2791,3279
2791,3284
2791,3292
2792,616
2792,626
2792,642
2792,656
2792,661
2792,686
2792,693
2792,1101
2792,1111
2792,1138
2792,1160
2792,1908
2792,2773
2792,2774
2792,2973
2793,601
2793,698
2793,1803
2793,1811
2793,1813
2793,1823
2793,1833
2793,1834
2793,1869
2793,1875
2793,3240
2793,3252
2793,3253
2793,3255
2793,3266
2794,191
2794,633
2794,649
2794,683
2794,691
2794,1126
2794,1150
2794,1159
2794,1174
2794,1177
2794,1903
2794,1911
2794,1944
2794,1959
2794,2765
2795,712
2795,722
2795,729
2795,733
2795,735
2795,746
2795,767
2795,770
2795,787
2795,792
2795,2798
2795,2803
2795,2825
2795,2828
2795,2831
2796,704
2796,713
2796,716
2796,717
2796,724
2796,732
2796,745
2796,753
2796,761
2796,772
2796,774
2796,777
2796,794
2796,2815
2796,2834
2797,710
2797,715
2797,718
2797,720
2797,726
2797,728
2797,747
2797,748
2797,759
2797,762
2797,771
2797,778
2797,785
2797,786
2797,789
2797,2806
2797,2809
2797,2812
2797,2817
2797,2819
2797,2821
2797,2822
2797,2823
2797,2826
2797,2832
2798,701
2798,709
2798,711
2798,724
2798,730
2798,731
2798,735
2798,746
2798,750
2798,792
2798,794
2798,2795
2798,2801
2798,2802
2798,2813
2798,2815
2798,2816
2798,2828
2798,2831
2798,2834
2799,701
2799,706
2799,707
2799,713
2799,717
2799,721
2799,741
2799,751
2799,754
2799,758
2799,763
2799,768
2799,773
2799,777
2799,779
2799,783
2799,795
2799,796
2799,797
2799,2800
2799,2805
2799,2807
2799,2813
2799,2820
2799,2827
2799,2831
2800,700
2800,702
2800,704
2800,705
2800,713
2800,741
2800,752
2800,753
2800,758
2800,772
2800,777
2800,781
2800,783
2800,2799
2800,2807
2800,2827
2801,709
2801,710
2801,711
2801,724
2801,725
2801,727
2801,730
2801,732
2801,735
2801,736
2801,740
2801,744
2801,750
2801,755
2801,761
2801,771
2801,780
2801,784
2801,787
2801,792
2801,793
2801,794
2801,2798
2801,2803
2801,2804
2801,2812
2801,2813
2801,2815
2801,2816
2801,2828
2801,2831
2801,2834
2802,708
2802,738
2802,739
2802,767
2802,769
2802,773
2802,776
2802,781
2802,798
2802,2798
2802,2807
2802,2808
2802,2810
2802,2813
2802,2828
2802,2833
2802,2834
2803,711
2803,712
2803,715
2803,729
2803,732
2803,735
2803,748
2803,759
2803,762
2803,770
2803,787
2803,790
2803,792
2803,793
2803,2795
2803,2801
2803,2806
2803,2809
2803,2814
2803,2825
2803,2828
2803,2830
2804,702
2804,709
2804,710
2804,722
2804,725
2804,732
2804,735
2804,736
2804,744
2804,747
2804,748
2804,750
2804,752
2804,755
2804,771
2804,784
2804,787
2804,790
2804,794
2804,2801
2804,2812
2804,2822
2804,2828
2804,2834
2805,717
2805,721
2805,734
2805,738
2805,742
2805,751
2805,754
2805,756
2805,758
2805,763
2805,765
2805,768
2805,775
2805,779
2805,782
2805,788
2805,795
2805,796
2805,797
2805,798
2805,2799
2805,2818
2805,2820
2805,2833
2806,715
2806,723
2806,726
2806,728
2806,747
2806,748
2806,759
2806,762
2806,764
2806,771
2806,778
2806,785
2806,786
2806,789
2806,790
2806,799
2806,2797
2806,2803
2806,2809
2806,2812
2806,2817
2806,2819
2806,2821
2806,2822
2806,2823
2806,2826
2806,2832
2807,700
2807,701
2807,706
2807,707
2807,714
2807,734
2807,741
2807,743
2807,754
2807,777
2807,781
2807,795
2807,2799
2807,2800
2807,2802
2807,2808
2807,2820
2807,2824
2807,2827
2807,2833
2808,700
2808,701
2808,703
2808,704
2808,706
2808,707
2808,714
2808,716
2808,724
2808,743
2808,745
2808,753
2808,758
2808,766
2808,769
2808,772
2808,774
2808,777
2808,2802
2808,2807
2808,2810
2808,2824
2808,2827
2808,2834
2809,710
2809,727
2809,728
2809,748
2809,759
2809,761
2809,764
2809,771
2809,778
2809,791
2809,792
2809,793
2809,799
2809,2797
2809,2803
2809,2806
2809,2811
2809,2812
2809,2816
2809,2821
2809,2822
2809,2830
2810,706
2810,708
2810,724
2810,725
2810,738
2810,739
2810,743
2810,745
2810,754
2810,765
2810,766
2810,767
2810,769
2810,773
2810,776
2810,777
2810,2802
2810,2808
2810,2813
2810,2831
2811,710
2811,712
2811,719
2811,722
2811,723
2811,727
2811,729
2811,731
2811,737
2811,740
2811,748
2811,757
2811,764
2811,770
2811,780
2811,787
2811,791
2811,792
2811,793
2811,799
2811,2809
2811,2814
2811,2816
2811,2830
2812,710
2812,722
2812,726
2812,727
2812,728
2812,736
2812,747
2812,748
2812,755
2812,761
2812,762
2812,770
2812,771
2812,778
2812,780
2812,790
2812,792
2812,793
2812,794
2812,2797
2812,2801
2812,2804
2812,2806
2812,2809
2812,2821
2812,2822
2812,2823
2812,2830
2812,2834
2813,713
2813,724
2813,730
2813,731
2813,739
2813,767
2813,773
2813,776
2813,777
2813,783
2813,798
2813,2798
2813,2799
2813,2801
2813,2802
2813,2810
2813,2828
2813,2831
2813,2834
2814,712
2814,719
2814,723
2814,729
2814,737
2814,740
2814,757
2814,759
2814,764
2814,770
2814,787
2814,792
2814,799
2814,2803
2814,2811
2814,2816
2815,701
2815,702
2815,703
2815,704
2815,709
2815,711
2815,713
2815,724
2815,725
2815,732
2815,736
2815,744
2815,746
2815,750
2815,752
2815,753
2815,761
2815,772
2815,774
2815,792
2815,794
2815,2796
2815,2798
2815,2801
2815,2831
2816,709
2816,712
2816,719
2816,727
2816,731
2816,737
2816,740
2816,757
2816,764
2816,780
2816,791
2816,792
2816,793
2816,2798
2816,2801
2816,2809
2816,2811
2816,2814
2817,715
2817,718
2817,720
2817,726
2817,762
2817,778
2817,785
2817,786
2817,791
2817,2512
2817,2797
2817,2806
2817,2819
2817,2821
2817,2826
2817,2829
2817,2832
2818,708
2818,742
2818,743
2818,749
2818,754
2818,756
2818,765
2818,768
2818,776
2818,781
2818,782
2818,788
2818,795
2818,798
2818,2805
2818,2820
2818,2833
2819,715
2819,718
2819,720
2819,726
2819,728
2819,759
2819,762
2819,778
2819,785
2819,786
2819,799
2819,2797
2819,2806
2819,2817
2819,2821
2819,2823
2819,2826
2819,2829
2819,2832
2820,705
2820,707
2820,708
2820,721
2820,734
2820,738
2820,741
2820,742
2820,743
2820,749
2820,754
2820,756
2820,758
2820,763
2820,765
2820,768
2820,769
2820,775
2820,776
2820,777
2820,779
2820,781
2820,782
2820,788
2820,795
2820,796
2820,797
2820,798
2820,2799
2820,2805
2820,2807
2820,2818
2820,2827
2820,2833
2821,710
2821,715
2821,718
2821,720
2821,726
2821,728
2821,747
2821,748
2821,757
2821,762
2821,778
2821,785
2821,789
2821,791
2821,2797
2821,2806
2821,2809
2821,2812
2821,2817
2821,2819
2821,2822
2821,2823
2821,2826
2821,2829
2821,2830
2821,2832
2822,702
2822,710
2822,747
2822,748
2822,771
2822,778
2822,2797
2822,2804
2822,2806
2822,2809
2822,2812
2822,2821
2822,2823
2822,2830
2823,715
2823,720
2823,726
2823,748
2823,759
2823,762
2823,770
2823,778
2823,789
2823,790
2823,791
2823,799
2823,2797
2823,2806
2823,2812
2823,2819
2823,2821
2823,2822
2823,2826
2823,2829
2824,700
2824,703
2824,706
2824,707
2824,714
2824,743
2824,753
2824,754
2824,766
2824,777
2824,781
2824,795
2824,2807
2824,2808
2824,2827
2825,711
2825,712
2825,722
2825,724
2825,729
2825,733
2825,735
2825,736
2825,739
2825,740
2825,744
2825,746
2825,767
2825,784
2825,2795
2825,2803
2825,2828
2825,2831
2825,2834
2826,715
2826,718
2826,720
2826,762
2826,785
2826,786
2826,789
2826,791
2826,2512
2826,2797
2826,2806
2826,2817
2826,2819
2826,2821
2826,2823
2826,2829
2826,2832
2827,700
2827,706
2827,707
2827,714
2827,734
2827,741
2827,758
2827,777
2827,781
2827,795
2827,2799
2827,2800
2827,2807
2827,2808
2827,2820
2827,2824
2827,2833
2828,711
2828,722
2828,724
2828,729
2828,733
2828,735
2828,736
2828,739
2828,744
2828,755
2828,767
2828,770
2828,773
2828,780
2828,784
2828,793
2828,2795
2828,2798
2828,2801
2828,2802
2828,2803
2828,2804
2828,2813
2828,2825
2828,2831
2828,2834
2829,715
2829,718
2829,720
2829,723
2829,759
2829,762
2829,764
2829,785
2829,786
2829,789
2829,791
2829,799
2829,2512
2829,2817
2829,2819
2829,2821
2829,2823
2829,2826
2829,2832
2830,710
2830,727
2830,728
2830,736
2830,748
2830,759
2830,762
2830,778
2830,787
2830,793
2830,2803
2830,2809
2830,2811
2830,2812
2830,2821
2830,2822
2831,709
2831,711
2831,713
2831,717
2831,722
2831,724
2831,729
2831,730
2831,731
2831,733
2831,739
2831,740
2831,744
2831,746
2831,750
2831,751
2831,752
2831,755
2831,767
2831,773
2831,780
2831,784
2831,792
2831,2795
2831,2798
2831,2799
2831,2801
2831,2810
2831,2813
2831,2815
2831,2825
2831,2828
2831,2834
2832,715
2832,718
2832,720
2832,747
2832,778
2832,785
2832,786
2832,2512
2832,2797
2832,2806
2832,2817
2832,2819
2832,2821
2832,2826
2832,2829
2833,705
2833,721
2833,734
2833,738
2833,742
2833,743
2833,749
2833,754
2833,756
2833,758
2833,765
2833,768
2833,769
2833,775
2833,776
2833,779
2833,781
2833,782
2833,788
2833,795
2833,796
2833,797
2833,798
2833,2802
2833,2805
2833,2807
2833,2818
2833,2820
2833,2827
2834,701
2834,702
2834,703
2834,709
2834,711
2834,716
2834,722
2834,724
2834,725
2834,730
2834,732
2834,736
2834,739
2834,745
2834,752
2834,753
2834,755
2834,761
2834,766
2834,772
2834,773
2834,774
2834,784
2834,794
2834,2796
2834,2798
2834,2801
2834,2802
2834,2804
2834,2808
2834,2812
2834,2813
2834,2825
2834,2828
2834,2831
2835,367
2835,802
2835,804
2835,813
2835,834
2835,837
2835,855
2835,866
2835,871
2835,872
2835,881
2835,894
2835,896
2835,2598
2835,2853
2835,2857
2835,2862
2835,2868
2836,240
2836,313
2836,328
2836,333
2836,336
2836,395
2836,863
2836,872
2836,891
2836,895
2836,2279
2836,2281
2836,2284
2836,2854
2837,261
2837,802
2837,812
2837,824
2837,854
2837,861
2837,871
2837,873
2837,876
2837,879
2837,896
2837,897
2837,2617
2837,2874
2838,332
2838,810
2838,819
2838,823
2838,825
2838,827
2838,831
2838,838
2838,839
2838,845
2838,858
2838,865
2838,875
2838,882
2838,886
2838,2620
2838,2839
2838,2842
2838,2846
2838,2853
2838,2855
2838,2857
2838,2867
2838,2871
2838,2873
2839,282
2839,336
2839,350
2839,384
2839,807
2839,819
2839,826
2839,827
2839,831
2839,839
2839,845
2839,857
2839,865
2839,2601
2839,2609
2839,2620
2839,2838
2839,2840
2839,2855
2839,2860
2839,2865
2839,2867
2840,239
2840,293
2840,332
2840,350
2840,386
2840,826
2840,827
2840,839
2840,857
2840,865
2840,2601
2840,2609
2840,2660
2840,2666
2840,2839
2840,2845
2840,2860
2841,204
2841,281
2841,286
2841,291
2841,342
2841,357
2841,378
2841,387
2841,817
2841,832
2841,836
2841,856
2841,868
2841,883
2841,945
2841,2273
2841,2282
2841,2599
2841,2602
2841,2631
2841,2844
2841,2866
2841,2895
2842,239
2842,271
2842,293
2842,813
2842,826
2842,828
2842,838
2842,847
2842,866
2842,875
2842,2632
2842,2838
2842,2853
2842,2872
2843,207
2843,807
2843,816
2843,828
2843,830
2843,831
2843,835
2843,862
2843,864
2843,874
2843,2210
2843,2241
2843,2267
2843,2623
2843,2626
2843,2656
2843,2851
2843,2853
2843,2858
2843,2864
2843,2872
2844,202
2844,225
2844,247
2844,254
2844,287
2844,336
2844,378
2844,833
2844,844
2844,883
2844,899
2844,2295
2844,2602
2844,2841
2844,2866
2844,2871
2845,206
2845,207
2845,239
2845,249
2845,811
2845,813
2845,816
2845,819
2845,826
2845,828
2845,830
2845,841
2845,842
2845,847
2845,849
2845,853
2845,858
2845,874
2845,2275
2845,2601
2845,2609
2845,2632
2845,2640
2845,2687
2845,2840
2845,2853
2845,2860
2845,3405
2846,367
2846,805
2846,827
2846,837
2846,839
2846,846
2846,875
2846,880
2846,884
2846,885
2846,887
2846,891
2846,894
2846,2244
2846,2260
2846,2272
2846,2838
2846,2847
2846,2849
2846,2855
2846,2860
2846,2867
2846,2869
2846,2870
2846,2872
2846,2873
2846,3434
2847,201
2847,206
2847,220
2847,240
2847,256
2847,437
2847,805
2847,839
2847,842
2847,851
2847,875
2847,880
2847,887
2847,891
2847,2213
2847,2216
2847,2224
2847,2231
2847,2242
2847,2247
2847,2274
2847,2612
2847,2627
2847,2667
2847,2846
2847,2852
2847,2859
2847,2860
2847,2870
2847,2886
2847,3408
2847,3413
2847,3419
2847,3426
2847,3427
2847,3434
2848,240
2848,293
2848,318
2848,336
2848,350
2848,822
2848,826
2848,838
2848,839
2848,872
2848,875
2848,2609
2848,2613
2848,2650
2848,2667
2849,211
2849,271
2849,803
2849,804
2849,808
2849,811
2849,815
2849,837
2849,850
2849,851
2849,854
2849,863
2849,866
2849,867
2849,875
2849,876
2849,887
2849,2846
2849,2857
2849,2874
2849,3402
2850,826
2850,862
2850,882
2850,891
2850,899
2850,2210
2850,2255
2850,2282
2850,2285
2850,2295
2850,2854
2850,2863
2850,2871
2850,2873
2850,3424
2851,816
2851,819
2851,825
2851,826
2851,827
2851,828
2851,830
2851,831
2851,835
2851,860
2851,862
2851,864
2851,880
2851,2210
2851,2267
2851,2626
2851,2656
2851,2843
2851,2858
2851,2860
2851,2864
2851,2865
2851,2870
2851,2872
2852,211
2852,240
2852,251
2852,256
2852,332
2852,335
2852,350
2852,354
2852,367
2852,385
2852,398
2852,406
2852,428
2852,437
2852,808
2852,822
2852,827
2852,845
2852,872
2852,875
2852,880
2852,884
2852,885
2852,894
2852,898
2852,958
2852,970
2852,996
2852,2244
2852,2286
2852,2601
2852,2606
2852,2650
2852,2666
2852,2687
2852,2847
2852,2855
2852,2867
2852,2869
2852,2886
2852,3408
2853,293
2853,811
2853,812
2853,813
2853,825
2853,826
2853,828
2853,830
2853,835
2853,837
2853,838
2853,841
2853,847
2853,858
2853,866
2853,874
2853,881
2853,890
2853,897
2853,2626
2853,2835
2853,2838
2853,2842
2853,2843
2853,2845
2853,2857
2853,2860
2853,2862
2853,2868
2853,2872
2854,202
2854,274
2854,287
2854,336
2854,378
2854,814
2854,827
2854,833
2854,840
2854,844
2854,862
2854,880
2854,882
2854,886
2854,891
2854,899
2854,2243
2854,2255
2854,2270
2854,2282
2854,2295
2854,2836
2854,2850
2854,2863
2854,2867
2854,2871
2854,2873
2854,3424
2855,316
2855,332
2855,826
2855,827
2855,839
2855,865
2855,2213
2855,2270
2855,2620
2855,2666
2855,2838
2855,2839
2855,2846
2855,2852
2855,2860
2855,2867
2855,2871
2855,2873
2855,3431
2856,224
2856,225
2856,254
2856,273
2856,378
2856,818
2856,820
2856,857
2856,859
2856,950
2856,2202
2856,2205
2856,2207
2856,2217
2856,2221
2856,2227
2856,2238
2856,2251
2856,2253
2856,2257
2856,2258
2856,2282
2856,2596
2856,3417
2856,3430
2857,310
2857,313
2857,332
2857,367
2857,464
2857,814
2857,826
2857,837
2857,838
2857,843
2857,846
2857,863
2857,865
2857,867
2857,872
2857,881
2857,882
2857,886
2857,2620
2857,2629
2857,2654
2857,2659
2857,2835
2857,2838
2857,2849
2857,2853
2857,2860
2857,2862
2857,2867
2858,806
2858,807
2858,809
2858,816
2858,830
2858,835
2858,862
2858,864
2858,892
2858,893
2858,2210
2858,2215
2858,2220
2858,2227
2858,2296
2858,2623
2858,2626
2858,2843
2858,2851
2859,211
2859,261
2859,800
2859,851
2859,852
2859,869
2859,875
2859,887
2859,888
2859,890
2859,2216
2859,2263
2859,2847
2859,3429
2860,239
2860,249
2860,293
2860,312
2860,316
2860,318
2860,350
2860,811
2860,819
2860,825
2860,826
2860,827
2860,828
2860,839
2860,845
2860,846
2860,849
2860,857
2860,858
2860,887
2860,2213
2860,2227
2860,2296
2860,2601
2860,2609
2860,2620
2860,2632
2860,2666
2860,2667
2860,2694
2860,2839
2860,2840
2860,2845
2860,2846
2860,2847
2860,2851
2860,2853
2860,2855
2860,2857
2860,2865
2860,2872
2860,2886
2860,3431
2861,240
2861,318
2861,328
2861,371
2861,399
2861,801
2861,815
2861,863
2861,884
2861,895
2861,970
2861,2649
2861,2654
2861,2665
2862,802
2862,804
2862,813
2862,838
2862,841
2862,855
2862,866
2862,871
2862,881
2862,2609
2862,2835
2862,2853
2862,2857
2862,2868
2863,202
2863,817
2863,831
2863,833
2863,844
2863,859
2863,2205
2863,2270
2863,2282
2863,2850
2863,2854
2863,2867
2863,2871
2863,3424
2864,278
2864,816
2864,825
2864,826
2864,830
2864,831
2864,835
2864,860
2864,874
2864,891
2864,2843
2864,2851
2864,2865
2864,2870
2864,2872
2865,206
2865,318
2865,805
2865,819
2865,825
2865,826
2865,846
2865,860
2865,862
2865,880
2865,887
2865,2839
2865,2851
2865,2860
2865,2864
2866,225
2866,342
2866,817
2866,818
2866,832
2866,836
2866,883
2866,893
2866,899
2866,2205
2866,2282
2866,2295
2866,2602
2866,2841
2866,2844
2867,313
2867,332
2867,386
2867,814
2867,819
2867,827
2867,831
2867,833
2867,839
2867,840
2867,865
2867,880
2867,882
2867,884
2867,886
2867,2269
2867,2270
2867,2620
2867,2659
2867,2838
2867,2839
2867,2846
2867,2852
2867,2854
2867,2855
2867,2857
2867,2863
2867,2871
2867,2873
2868,808
2868,811
2868,812
2868,814
2868,822
2868,837
2868,838
2868,855
2868,867
2868,869
2868,875
2868,876
2868,885
2868,886
2868,897
2868,2640
2868,2835
2868,2853
2868,2862
2868,2869
2868,2872
2868,2875
2869,211
2869,251
2869,313
2869,335
2869,354
2869,800
2869,801
2869,804
2869,808
2869,822
2869,829
2869,837
2869,838
2869,855
2869,863
2869,867
2869,872
2869,875
2869,884
2869,885
2869,894
2869,898
2869,2244
2869,2286
2869,2846
2869,2852
2869,2868
2870,398
2870,805
2870,814
2870,826
2870,831
2870,846
2870,860
2870,862
2870,880
2870,882
2870,891
2870,2208
2870,2210
2870,2243
2870,2267
2870,2846
2870,2847
2870,2851
2870,2864
2870,2872
2870,2873
2870,3408
2870,3431
2871,202
2871,336
2871,399
2871,827
2871,833
2871,839
2871,840
2871,844
2871,882
2871,884
2871,886
2871,2838
2871,2844
2871,2850
2871,2854
2871,2855
2871,2863
2871,2867
2872,318
2872,813
2872,825
2872,826
2872,828
2872,831
2872,835
2872,843
2872,846
2872,847
2872,855
2872,874
2872,887
2872,890
2872,891
2872,2842
2872,2843
2872,2846
2872,2851
2872,2853
2872,2860
2872,2864
2872,2868
2872,2870
2873,805
2873,827
2873,880
2873,882
2873,886
2873,2209
2873,2838
2873,2846
2873,2850
2873,2854
2873,2855
2873,2867
2873,2870
2873,3424
2873,3431
2873,3434
2874,230
2874,301
2874,311
2874,314
2874,802
2874,804
2874,810
2874,821
2874,824
2874,848
2874,850
2874,854
2874,873
2874,876
2874,877
2874,879
2874,885
2874,889
2874,2604
2874,2617
2874,2640
2874,2837
2874,2849
2874,3402
2874,3429
2875,903
2875,921
2875,931
2875,964
2875,978
2875,980
2875,982
2875,998
2875,999
2875,2868
2875,2877
2875,2886
2875,2901
2875,2908
2876,900
2876,902
2876,916
2876,917
2876,919
2876,927
2876,934
2876,943
2876,955
2876,956
2876,960
2876,962
2876,971
2876,974
2876,977
2876,979
2876,993
2876,995
2876,2899
2876,2909
2877,448
2877,906
2877,923
2877,932
2877,938
2877,940
2877,943
2877,958
2877,979
2877,983
2877,998
2877,2528
2877,2875
2877,2886
2877,2896
2877,2897
2877,2903
2877,2913
2878,902
2878,911
2878,916
2878,917
2878,927
2878,928
2878,931
2878,933
2878,934
2878,938
2878,941
2878,948
2878,967
2878,977
2878,983
2878,999
2878,2879
2878,2882
2878,2883
2878,2891
2878,2896
2878,2899
2879,904
2879,907
2879,915
2879,928
2879,933
2879,934
2879,961
2879,962
2879,963
2879,967
2879,988
2879,994
2879,2878
2879,2880
2879,2885
2879,2892
2879,2894
2879,2900
2880,904
2880,907
2880,908
2880,914
2880,915
2880,928
2880,961
2880,962
2880,974
2880,977
2880,988
2880,991
2880,995
2880,2879
2880,2885
2880,2900
2880,2914
2881,907
2881,909
2881,912
2881,918
2881,922
2881,924
2881,925
2881,947
2881,951
2881,952
2881,963
2881,969
2881,986
2881,987
2881,994
2881,2887
2881,2900
2881,2907
2882,907
2882,915
2882,916
2882,923
2882,953
2882,961
2882,972
2882,983
2882,988
2882,994
2882,997
2882,2878
2882,2887
2882,2890
2882,2891
2882,2892
2882,2902
2883,0
2883,19
2883,48
2883,73
2883,91
2883,908
2883,914
2883,920
2883,926
2883,933
2883,939
2883,943
2883,946
2883,967
2883,977
2883,979
2883,981
2883,992
2883,2518
2883,2540
2883,2549
2883,2878
2883,2896
2883,2897
2883,2912
2884,10
2884,13
2884,65
2884,71
2884,84
2884,968
2884,993
2884,999
2884,2526
2884,2527
2884,2537
2884,2542
2884,2544
2884,2913
2885,904
2885,907
2885,915
2885,934
2885,942
2885,952
2885,960
2885,961
2885,962
2885,974
2885,991
2885,994
2885,2879
2885,2880
2885,2887
2885,2894
2885,2900
2885,2914
2886,350
2886,375
2886,385
2886,827
2886,839
2886,906
2886,940
2886,958
2886,970
2886,980
2886,982
2886,996
2886,998
2886,2528
2886,2650
2886,2655
2886,2666
2886,2667
2886,2687
2886,2694
2886,2847
2886,2852
2886,2860
2886,2875
2886,2877
2886,2903
2886,3408
2887,901
2887,904
2887,907
2887,909
2887,912
2887,915
2887,918
2887,925
2887,937
2887,942
2887,949
2887,952
2887,963
2887,969
2887,973
2887,986
2887,987
2887,988
2887,994
2887,997
2887,2881
2887,2882
2887,2885
2887,2893
2887,2894
2887,2900
2887,2902
2887,2904
2887,2907
2887,2914
2888,196
2888,904
2888,909
2888,912
2888,914
2888,925
2888,954
2888,963
2888,984
2888,985
2888,992
2888,2889
2888,2893
2888,2900
2889,176
2889,900
2889,901
2889,909
2889,910
2889,914
2889,944
2889,963
2889,977
2889,985
2889,986
2889,987
2889,992
2889,2888
2889,2893
2889,2900
2889,2914
2890,209
2890,255
2890,276
2890,324
2890,906
2890,909
2890,923
2890,924
2890,929
2890,972
2890,990
2890,2238
2890,2882
2890,2902
2890,2907
2891,907
2891,915
2891,916
2891,917
2891,924
2891,927
2891,934
2891,936
2891,938
2891,944
2891,960
2891,961
2891,962
2891,974
2891,975
2891,977
2891,983
2891,988
2891,994
2891,997
2891,2878
2891,2882
2891,2892
2891,2893
2891,2896
2891,2899
2891,2914
2892,907
2892,915
2892,928
2892,934
2892,953
2892,962
2892,974
2892,983
2892,988
2892,991
2892,994
2892,997
2892,2879
2892,2882
2892,2891
2893,904
2893,907
2893,909
2893,914
2893,915
2893,918
2893,925
2893,942
2893,944
2893,949
2893,952
2893,953
2893,956
2893,960
2893,961
2893,963
2893,969
2893,973
2893,985
2893,987
2893,988
2893,992
2893,994
2893,2887
2893,2888
2893,2889
2893,2891
2893,2894
2893,2900
2893,2902
2893,2904
2893,2914
2894,909
2894,918
2894,925
2894,928
2894,944
2894,952
2894,963
2894,972
2894,994
2894,2879
2894,2885
2894,2887
2894,2893
2894,2900
2894,2907
2895,218
2895,286
2895,324
2895,909
2895,918
2895,922
2895,925
2895,929
2895,940
2895,947
2895,950
2895,957
2895,959
2895,963
2895,965
2895,984
2895,986
2895,990
2895,2282
2895,2841
2896,91
2896,914
2896,917
2896,919
2896,923
2896,926
2896,927
2896,932
2896,938
2896,939
2896,943
2896,946
2896,955
2896,959
2896,960
2896,967
2896,972
2896,977
2896,979
2896,981
2896,983
2896,992
2896,995
2896,2877
2896,2878
2896,2883
2896,2891
2896,2912
2897,24
2897,73
2897,91
2897,906
2897,914
2897,920
2897,923
2897,924
2897,943
2897,946
2897,967
2897,972
2897,977
2897,2518
2897,2528
2897,2877
2897,2883
2897,2912
2898,5
2898,8
2898,9
2898,14
2898,28
2898,29
2898,58
2898,79
2898,81
2898,900
2898,930
2898,939
2898,966
2898,968
2898,981
2898,993
2898,2515
2898,2520
2898,2912
2899,913
2899,916
2899,919
2899,927
2899,934
2899,938
2899,944
2899,960
2899,975
2899,977
2899,983
2899,995
2899,999
2899,2876
2899,2878
2899,2891
2899,2908
2899,2909
2899,2914
2900,907
2900,910
2900,912
2900,918
2900,925
2900,928
2900,942
2900,952
2900,959
2900,963
2900,986
2900,987
2900,994
2900,2879
2900,2880
2900,2881
2900,2885
2900,2887
2900,2888
2900,2889
2900,2893
2900,2894
2900,2904
2900,2907
2900,2914
2901,866
2901,903
2901,913
2901,921
2901,958
2901,964
2901,980
2901,982
2901,998
2901,2267
2901,2694
2901,2875
2901,2908
2901,2911
2902,907
2902,915
2902,918
2902,924
2902,942
2902,945
2902,949
2902,953
2902,969
2902,973
2902,988
2902,992
2902,997
2902,2882
2902,2887
2902,2890
2902,2893
2902,2907
2903,336
2903,337
2903,385
2903,395
2903,434
2903,903
2903,905
2903,913
2903,958
2903,980
2903,996
2903,998
2903,2606
2903,2618
2903,2666
2903,2687
2903,2694
2903,2877
2903,2886
2903,2908
2903,2911
2904,904
2904,907
2904,910
2904,915
2904,918
2904,925
2904,937
2904,942
2904,949
2904,951
2904,953
2904,954
2904,969
2904,973
2904,988
2904,989
2904,991
2904,994
2904,2887
2904,2893
2904,2900
2905,20
2905,35
2905,43
2905,54
2905,60
2905,72
2905,83
2905,95
2905,909
2905,920
2905,946
2905,985
2905,2518
2905,2521
2905,2529
2905,2534
2905,2549
2905,2553
2906,267
2906,457
2906,909
2906,910
2906,912
2906,922
2906,924
2906,925
2906,947
2906,965
2906,972
2906,984
2906,986
2906,987
2906,990
2907,907
2907,909
2907,912
2907,918
2907,924
2907,925
2907,942
2907,947
2907,951
2907,952
2907,954
2907,959
2907,963
2907,969
2907,972
2907,986
2907,987
2907,989
2907,994
2907,2881
2907,2887
2907,2890
2907,2894
2907,2900
2907,2902
2908,434
2908,903
2908,905
2908,913
2908,916
2908,919
2908,938
2908,964
2908,975
2908,976
2908,980
2908,998
2908,999
2908,2875
2908,2899
2908,2901
2908,2903
2908,2911
2909,902
2909,911
2909,916
2909,927
2909,930
2909,931
2909,932
2909,934
2909,935
2909,936
2909,941
2909,948
2909,960
2909,971
2909,974
2909,977
2909,983
2909,993
2909,2876
2909,2899
2909,2913
2910,151
2910,188
2910,341
2910,368
2910,435
2910,454
2910,482
2910,775
2910,922
2910,937
2910,945
2910,2268
2910,2273
2910,2448
2910,2553
2910,2599
2910,2635
2911,395
2911,434
2911,901
2911,903
2911,905
2911,913
2911,958
2911,964
2911,975
2911,976
2911,980
2911,998
2911,2706
2911,2901
2911,2903
2911,2908
2912,908
2912,914
2912,926
2912,927
2912,932
2912,933
2912,938
2912,939
2912,943
2912,946
2912,966
2912,968
2912,971
2912,977
2912,979
2912,981
2912,999
2912,2883
2912,2896
2912,2897
2912,2898
2912,2913
2913,902
2913,911
2913,930
2913,931
2913,932
2913,935
2913,938
2913,941
2913,966
2913,968
2913,971
2913,978
2913,993
2913,999
2913,2877
2913,2884
2913,2909
2913,2912
2914,901
2914,907
2914,914
2914,915
2914,916
2914,927
2914,934
2914,942
2914,944
2914,956
2914,960
2914,961
2914,962
2914,974
2914,975
2914,977
2914,991
2914,994
2914,995
2914,997
2914,2880
2914,2885
2914,2887
2914,2889
2914,2891
2914,2893
2914,2899
2914,2900
2915,136
2915,661
2915,675
2915,1003
2915,1009
2915,1018
2915,1029
2915,1037
2915,1038
2915,1045
2915,1052
2915,1078
2915,1085
2915,1165
2915,1195
2915,2922
2915,2924
2915,2925
2915,2953
2916,1010
2916,1027
2916,1043
2916,1052
2916,1055
2916,1076
2916,1078
2916,1085
2916,1091
2916,1094
2916,1098
2916,2923
2916,2929
2916,2932
2916,2935
2916,2941
2916,2942
2916,2950
2916,2953
2917,111
2917,112
2917,125
2917,131
2917,160
2917,187
2917,1046
2917,1847
2917,2566
2917,2568
2917,2943
2917,2951
2917,3239
2917,3264
2918,1004
2918,1019
2918,1023
2918,1024
2918,1030
2918,1042
2918,1047
2918,1060
2918,1064
2918,1066
2918,1080
2918,1090
2918,1097
2918,1822
2918,1825
2918,1850
2918,1865
2918,1884
2918,1888
2918,1898
2918,2930
2918,2939
2918,2949
2918,3241
2918,3260
2919,1001
2919,1009
2919,1039
2919,1043
2919,1059
2919,1063
2919,1064
2919,1068
2919,1087
2919,1089
2919,1094
2919,2921
2919,2923
2919,2924
2919,2925
2919,2926
2919,2941
2919,2942
2920,167
2920,1005
2920,1007
2920,1014
2920,1045
2920,1046
2920,1052
2920,1056
2920,1069
2920,1070
2920,1079
2920,1085
2920,2923
2920,2926
2920,2927
2920,2932
2920,2934
2920,2935
2920,2947
2920,2952
2920,2953
2921,177
2921,1003
2921,1006
2921,1007
2921,1009
2921,1037
2921,1052
2921,1058
2921,1074
2921,1081
2921,1084
2921,1086
2921,1087
2921,2919
2921,2924
2921,2925
2921,2933
2921,2946
2921,2947
2922,1009
2922,1016
2922,1038
2922,1043
2922,1052
2922,1056
2922,1071
2922,1082
2922,1159
2922,2762
2922,2915
2922,2923
2922,2932
2922,2950
2923,1014
2923,1016
2923,1019
2923,1027
2923,1039
2923,1042
2923,1043
2923,1052
2923,1056
2923,1059
2923,1063
2923,1068
2923,1070
2923,1078
2923,1080
2923,1085
2923,1089
2923,1092
2923,1094
2923,2916
2923,2919
2923,2920
2923,2922
2923,2925
2923,2926
2923,2927
2923,2932
2923,2936
2923,2941
2923,2942
2923,2947
2923,2950
2924,674
2924,1003
2924,1009
2924,1018
2924,1052
2924,1058
2924,1059
2924,1063
2924,1064
2924,1084
2924,1087
2924,1093
2924,1094
2924,2915
2924,2919
2924,2921
2924,2926
2924,2933
2924,2941
2925,1003
2925,1005
2925,1006
2925,1007
2925,1016
2925,1045
2925,1052
2925,1058
2925,1068
2925,1074
2925,1080
2925,1081
2925,1084
2925,1085
2925,1087
2925,1089
2925,1094
2925,2915
2925,2919
2925,2921
2925,2923
2925,2927
2925,2933
2925,2942
2925,2946
2925,2947
2926,175
2926,177
2926,1001
2926,1009
2926,1016
2926,1018
2926,1019
2926,1021
2926,1033
2926,1037
2926,1043
2926,1045
2926,1056
2926,1058
2926,1059
2926,1063
2926,1068
2926,1071
2926,1077
2926,1082
2926,1085
2926,1087
2926,1089
2926,1092
2926,1094
2926,1098
2926,2919
2926,2920
2926,2923
2926,2924
2926,2932
2926,2936
2926,2942
2926,2946
2926,2947
2927,1006
2927,1012
2927,1041
2927,1046
2927,1052
2927,1073
2927,1080
2927,1083
2927,1084
2927,1085
2927,1801
2927,1819
2927,1887
2927,1895
2927,2920
2927,2923
2927,2925
2927,2934
2927,2937
2927,2953
2927,3257
2928,109
2928,111
2928,112
2928,125
2928,167
2928,1011
2928,1014
2928,1061
2928,1076
2928,1083
2928,1088
2928,1091
2928,2935
2928,2936
2928,2952
2928,2953
2928,2954
2929,1019
2929,1027
2929,1042
2929,1055
2929,1066
2929,1076
2929,1080
2929,1083
2929,1085
2929,1091
2929,1094
2929,1097
2929,1098
2929,2916
2929,2934
2929,2935
2929,2939
2930,1008
2930,1023
2930,1024
2930,1030
2930,1035
2930,1036
2930,1050
2930,1062
2930,1090
2930,1865
2930,1876
2930,2778
2930,2918
2930,2938
2930,2940
2930,2944
2931,130
2931,152
2931,193
2931,630
2931,635
2931,671
2931,1030
2931,1032
2931,1034
2931,1129
2931,1976
2931,1986
2931,2761
2931,2952
2931,3282
2932,113
2932,175
2932,177
2932,1009
2932,1014
2932,1016
2932,1021
2932,1028
2932,1043
2932,1045
2932,1052
2932,1056
2932,1070
2932,1071
2932,1082
2932,1085
2932,1092
2932,1094
2932,1173
2932,2916
2932,2920
2932,2922
2932,2923
2932,2926
2932,2936
2932,2942
2932,2947
2932,2950
2933,148
2933,1001
2933,1003
2933,1005
2933,1009
2933,1028
2933,1037
2933,1058
2933,1063
2933,1081
2933,1087
2933,2921
2933,2924
2933,2925
2933,2941
2933,2946
2933,2947
2934,1010
2934,1011
2934,1041
2934,1046
2934,1061
2934,1069
2934,1076
2934,1079
2934,1080
2934,1083
2934,1091
2934,1097
2934,2920
2934,2927
2934,2929
2934,2935
2934,2937
2934,2952
2934,2953
2935,1010
2935,1011
2935,1043
2935,1052
2935,1055
2935,1056
2935,1069
2935,1076
2935,1083
2935,1088
2935,1091
2935,1097
2935,2916
2935,2920
2935,2928
2935,2929
2935,2934
2935,2936
2935,2937
2935,2952
2935,2953
2936,121
2936,167
2936,1014
2936,1027
2936,1040
2936,1043
2936,1054
2936,1056
2936,1072
2936,1088
2936,1092
2936,1094
2936,1887
2936,2575
2936,2923
2936,2926
2936,2928
2936,2932
2936,2935
2936,2939
2936,2953
2936,3259
2937,125
2937,1011
2937,1041
2937,1061
2937,1069
2937,1076
2937,1079
2937,1080
2937,1083
2937,1091
2937,2927
2937,2934
2937,2935
2937,2952
2937,2954
2938,134
2938,147
2938,159
2938,180
2938,1000
2938,1022
2938,1034
2938,1036
2938,1050
2938,1051
2938,1065
2938,1079
2938,1851
2938,1863
2938,2930
2938,2940
2939,121
2939,1055
2939,1059
2939,1080
2939,1091
2939,1097
2939,1098
2939,1198
2939,2918
2939,2929
2939,2936
2939,2953
2939,3235
2939,3245
2940,134
2940,641
2940,1000
2940,1008
2940,1024
2940,1030
2940,1034
2940,1035
2940,1036
2940,1044
2940,1047
2940,1049
2940,1050
2940,1051
2940,1090
2940,1830
2940,1863
2940,2930
2940,2938
2940,2944
2940,2954
2941,136
2941,1001
2941,1016
2941,1018
2941,1042
2941,1055
2941,1056
2941,1059
2941,1078
2941,1085
2941,1094
2941,2916
2941,2919
2941,2923
2941,2924
2941,2933
2941,2942
2941,2950
2942,1019
2942,1039
2942,1042
2942,1043
2942,1052
2942,1055
2942,1056
2942,1059
2942,1078
2942,1080
2942,1085
2942,1089
2942,1094
2942,1098
2942,2916
2942,2919
2942,2923
2942,2925
2942,2926
2942,2932
2942,2941
2942,2950
2943,174
2943,1017
2943,1040
2943,1046
2943,1171
2943,1840
2943,1881
2943,1887
2943,1895
2943,2568
2943,2575
2943,2917
2943,2948
2943,3239
2943,3259
2944,615
2944,1011
2944,1013
2944,1025
2944,1030
2944,1035
2944,1036
2944,1041
2944,1044
2944,1049
2944,1051
2944,1055
2944,1067
2944,1079
2944,1083
2944,2930
2944,2940
2944,2952
2944,2954
2945,1003
2945,1011
2945,1029
2945,1044
2945,1049
2945,1061
2945,1069
2945,1095
2945,1830
2945,1842
2945,1847
2945,1876
2945,1885
2945,2565
2946,175
2946,177
2946,1001
2946,1009
2946,1021
2946,1028
2946,1037
2946,1089
2946,2562
2946,2577
2946,2921
2946,2925
2946,2926
2946,2933
2946,2947
2947,1005
2947,1006
2947,1007
2947,1016
2947,1021
2947,1028
2947,1033
2947,1037
2947,1045
2947,1053
2947,1056
2947,1058
2947,1068
2947,1070
2947,1074
2947,1081
2947,1084
2947,1085
2947,1087
2947,1089
2947,1092
2947,1094
2947,1098
2947,2920
2947,2921
2947,2923
2947,2925
2947,2926
2947,2932
2947,2933
2947,2946
2948,106
2948,148
2948,1005
2948,1006
2948,1017
2948,1021
2948,1028
2948,1040
2948,1048
2948,1053
2948,1054
2948,1057
2948,1058
2948,1077
2948,1810
2948,1887
2948,2568
2948,2575
2948,2943
2948,3239
2949,676
2949,1004
2949,1023
2949,1047
2949,1090
2949,1822
2949,1825
2949,1828
2949,1846
2949,1878
2949,1884
2949,1898
2949,2918
2949,3241
2949,3245
2949,3260
2950,136
2950,1010
2950,1016
2950,1027
2950,1038
2950,1043
2950,1056
2950,1071
2950,1078
2950,1082
2950,1085
2950,2916
2950,2922
2950,2923
2950,2932
2950,2941
2950,2942
2951,621
2951,1000
2951,1008
2951,1011
2951,1049
2951,1061
2951,1079
2951,1099
2951,1829
2951,1830
2951,1831
2951,1847
2951,1853
2951,1863
2951,1885
2951,2571
2951,2592
2951,2917
2951,2954
2951,3239
2951,3264
2951,3268
2952,125
2952,1011
2952,1030
2952,1034
2952,1041
2952,1046
2952,1061
2952,1069
2952,1076
2952,1079
2952,1083
2952,1091
2952,2920
2952,2928
2952,2931
2952,2934
2952,2935
2952,2937
2952,2944
2952,2953
2953,1010
2953,1011
2953,1029
2953,1045
2953,1046
2953,1052
2953,1055
2953,1076
2953,1079
2953,1080
2953,1083
2953,1085
2953,1091
2953,2915
2953,2916
2953,2920
2953,2927
2953,2928
2953,2934
2953,2935
2953,2936
2953,2939
2953,2952
2954,109
2954,111
2954,125
2954,1000
2954,1011
2954,1046
2954,1049
2954,1050
2954,1079
2954,2928
2954,2937
2954,2940
2954,2944
2954,2951
2954,3239
2955,114
2955,120
2955,163
2955,1111
2955,1117
2955,1118
2955,1120
2955,1123
2955,1124
2955,1132
2955,1139
2955,1151
2955,1166
2955,1178
2955,1186
2955,1189
2955,1854
2955,2586
2955,2962
2955,3244
2956,1119
2956,1122
2956,1125
2956,1134
2956,1137
2956,1143
2956,1144
2956,1145
2956,1158
2956,1173
2956,1176
2956,1187
2956,1188
2956,1190
2956,1893
2956,2789
2956,2963
2956,2991
2956,2994
2957,680
2957,695
2957,1113
2957,1126
2957,1130
2957,1138
2957,1143
2957,1145
2957,1174
2957,1175
2957,1177
2957,1193
2957,1196
2957,1199
2957,2958
2957,2969
2957,2974
2957,2976
2957,2984
2957,2987
2958,1113
2958,1122
2958,1125
2958,1134
2958,1138
2958,1144
2958,1164
2958,1174
2958,1175
2958,1177
2958,1188
2958,2957
2958,2959
2958,2968
2958,2994
2958,3303
2959,1113
2959,1122
2959,1126
2959,1127
2959,1134
2959,1136
2959,1138
2959,1141
2959,1144
2959,1147
2959,1158
2959,1175
2959,1177
2959,1181
2959,1187
2959,1196
2959,2958
2959,2968
2959,2976
2959,2991
2959,2992
2959,2994
2960,120
2960,144
2960,197
2960,626
2960,635
2960,650
2960,669
2960,1108
2960,1121
2960,1142
2960,1151
2960,1182
2960,1194
2960,2582
2960,2966
2960,2970
2960,2982
2961,144
2961,629
2961,669
2961,670
2961,672
2961,1029
2961,1095
2961,1103
2961,1104
2961,1106
2961,1112
2961,1124
2961,1131
2961,1135
2961,1139
2961,1142
2961,1151
2961,1154
2961,1157
2961,1161
2961,1168
2961,1191
2961,1192
2961,1900
2961,1921
2961,2566
2961,2759
2961,2970
2961,2979
2961,2983
2961,2989
2961,3276
2961,3312
2962,163
2962,623
2962,659
2962,1106
2962,1111
2962,1124
2962,1164
2962,1166
2962,1169
2962,1182
2962,1186
2962,1900
2962,2777
2962,2955
2962,2981
2963,183
2963,616
2963,1018
2963,1108
2963,1119
2963,1134
2963,1143
2963,1144
2963,1145
2963,1176
2963,1181
2963,1187
2963,2588
2963,2789
2963,2956
2963,2985
2963,2990
2963,2991
2964,102
2964,153
2964,609
2964,680
2964,1124
2964,1136
2964,1138
2964,1146
2964,1152
2964,1166
2964,1178
2964,1180
2964,1186
2964,1189
2964,1193
2964,2380
2964,2972
2965,144
2965,613
2965,629
2965,679
2965,692
2965,1013
2965,1026
2965,1115
2965,1197
2965,1615
2965,1885
2965,1890
2965,1905
2965,1955
2965,1988
2965,1993
2965,2571
2965,2580
2965,2755
2965,2757
2965,2758
2965,2791
2966,173
2966,186
2966,1105
2966,1110
2966,1132
2966,1139
2966,1142
2966,1148
2966,1151
2966,1154
2966,1156
2966,1168
2966,1178
2966,1194
2966,1198
2966,2582
2966,2960
2966,2972
2966,2975
2967,601
2967,610
2967,631
2967,673
2967,675
2967,1149
2967,1159
2967,1175
2967,1176
2967,1187
2967,1196
2967,1818
2967,2581
2967,2770
2967,2994
2968,1112
2968,1113
2968,1138
2968,1143
2968,1144
2968,1174
2968,1175
2968,1177
2968,1179
2968,1193
2968,1196
2968,2958
2968,2959
2968,2974
2968,2990
2969,631
2969,654
2969,680
2969,690
2969,691
2969,695
2969,699
2969,1104
2969,1105
2969,1106
2969,1113
2969,1130
2969,1136
2969,1143
2969,1149
2969,1183
2969,1188
2969,1199
2969,1820
2969,1957
2969,1978
2969,2764
2969,2789
2969,2957
2969,2974
2969,2987
2969,2990
2969,3278
2969,3303
2970,654
2970,669
2970,1103
2970,1124
2970,1132
2970,1139
2970,1151
2970,1166
2970,1167
2970,1169
2970,1182
2970,1192
2970,1194
2970,2960
2970,2961
2970,2987
2971,623
2971,1106
2971,1113
2971,1124
2971,1125
2971,1136
2971,1146
2971,1154
2971,1164
2971,1167
2971,1169
2971,1178
2971,1182
2971,2777
2971,2989
2972,114
2972,153
2972,160
2972,173
2972,174
2972,186
2972,650
2972,1101
2972,1109
2972,1120
2972,1124
2972,1132
2972,1140
2972,1156
2972,1157
2972,1178
2972,1179
2972,1198
2972,1881
2972,1920
2972,1927
2972,1978
2972,2380
2972,2582
2972,2964
2972,2966
2972,2983
2972,3244
2973,101
2973,119
2973,616
2973,683
2973,693
2973,1105
2973,1127
2973,1130
2973,1138
2973,1160
2973,1174
2973,1198
2973,1864
2973,2777
2973,2792
2973,2984
2973,2993
2973,3263
2974,609
2974,695
2974,1105
2974,1106
2974,1112
2974,1113
2974,1136
2974,1138
2974,1157
2974,1172
2974,1174
2974,1179
2974,1193
2974,1196
2974,1198
2974,1199
2974,2770
2974,2784
2974,2957
2974,2968
2974,2969
2974,2986
2974,3309
2975,129
2975,186
2975,1109
2975,1142
2975,1148
2975,1151
2975,1156
2975,1163
2975,1168
2975,1194
2975,1853
2975,1873
2975,2759
2975,2768
2975,2966
2976,1113
2976,1126
2976,1143
2976,1144
2976,1145
2976,1150
2976,1171
2976,1179
2976,1181
2976,1187
2976,2957
2976,2959
2976,2985
2976,2991
2977,114
2977,129
2977,143
2977,160
2977,609
2977,1102
2977,1109
2977,1110
2977,1120
2977,1132
2977,1140
2977,1156
2977,1161
2977,1189
2977,1191
2977,1927
2977,2585
2978,117
2978,642
2978,644
2978,648
2978,661
2978,680
2978,685
2978,1137
2978,1147
2978,1153
2978,1158
2978,1164
2978,1188
2978,2990
2979,120
2979,198
2979,1107
2979,1120
2979,1124
2979,1139
2979,1140
2979,1151
2979,1152
2979,1154
2979,1161
2979,1163
2979,1169
2979,1191
2979,2768
2979,2961
2980,616
2980,631
2980,644
2980,646
2980,654
2980,675
2980,680
2980,1103
2980,1111
2980,1125
2980,1143
2980,1158
2980,2777
2980,2983
2980,2984
2980,2987
2981,120
2981,163
2981,650
2981,686
2981,1111
2981,1124
2981,1129
2981,1132
2981,1139
2981,1155
2981,1161
2981,1166
2981,1169
2981,1178
2981,1182
2981,1186
2981,2962
2982,174
2982,192
2982,650
2982,1108
2982,1133
2982,1151
2982,1166
2982,1167
2982,1171
2982,1181
2982,1194
2982,1839
2982,2960
2982,2989
2982,2991
2983,163
2983,608
2983,612
2983,619
2983,631
2983,640
2983,646
2983,654
2983,670
2983,672
2983,673
2983,686
2983,1099
2983,1101
2983,1103
2983,1104
2983,1105
2983,1117
2983,1124
2983,1132
2983,1168
2983,1179
2983,1897
2983,1900
2983,1920
2983,1931
2983,1941
2983,1957
2983,1984
2983,2786
2983,2790
2983,2791
2983,2961
2983,2972
2983,2980
2983,2987
2983,2988
2983,3279
2983,3284
2983,3292
2983,3294
2983,3296
2983,3311
2984,102
2984,119
2984,617
2984,638
2984,642
2984,644
2984,653
2984,654
2984,659
2984,667
2984,675
2984,680
2984,687
2984,1100
2984,1125
2984,1126
2984,1128
2984,1130
2984,1137
2984,1138
2984,1160
2984,1170
2984,1173
2984,1177
2984,1180
2984,1186
2984,2563
2984,2765
2984,2773
2984,2774
2984,2777
2984,2957
2984,2973
2984,2980
2984,2986
2984,2987
2985,192
2985,600
2985,616
2985,661
2985,665
2985,684
2985,699
2985,1116
2985,1119
2985,1125
2985,1137
2985,1143
2985,1145
2985,1150
2985,1159
2985,1160
2985,1162
2985,1165
2985,1167
2985,1173
2985,1176
2985,1181
2985,1185
2985,1187
2985,1190
2985,1195
2985,2773
2985,2963
2985,2976
2985,2990
2985,2994
2986,612
2986,693
2986,1105
2986,1106
2986,1130
2986,1138
2986,1174
2986,1991
2986,2772
2986,2784
2986,2974
2986,2984
2986,3299
2986,3308
2987,150
2987,614
2987,631
2987,644
2987,653
2987,654
2987,656
2987,659
2987,675
2987,680
2987,695
2987,1103
2987,1105
2987,1112
2987,1130
2987,1138
2987,1143
2987,1157
2987,1171
2987,1179
2987,1193
2987,1197
2987,1820
2987,2774
2987,2777
2987,2789
2987,2957
2987,2969
2987,2970
2987,2980
2987,2983
2987,2984
2987,2990
2988,118
2988,669
2988,1103
2988,1104
2988,1107
2988,1115
2988,1116
2988,1117
2988,1118
2988,1131
2988,1133
2988,1135
2988,1151
2988,1167
2988,1171
2988,1178
2988,1192
2988,1197
2988,1984
2988,2791
2988,2983
2988,2989
2989,192
2989,669
2989,1104
2989,1106
2989,1112
2989,1113
2989,1116
2989,1121
2989,1131
2989,1133
2989,1136
2989,1151
2989,1154
2989,1155
2989,1157
2989,1167
2989,1192
2989,1197
2989,2789
2989,2961
2989,2971
2989,2982
2989,2988
2989,2991
2990,610
2990,685
2990,1108
2990,1113
2990,1131
2990,1137
2990,1141
2990,1143
2990,1145
2990,1149
2990,1162
2990,1164
2990,1187
2990,1820
2990,2758
2990,2764
2990,2789
2990,2963
2990,2968
2990,2969
2990,2978
2990,2985
2990,2987
2990,2991
2991,1113
2991,1122
2991,1133
2991,1134
2991,1136
2991,1145
2991,1147
2991,1149
2991,1155
2991,1181
2991,2789
2991,2956
2991,2959
2991,2963
2991,2976
2991,2982
2991,2989
2991,2990
2991,2994
2992,1119
2992,1122
2992,1134
2992,1141
2992,1143
2992,1144
2992,1147
2992,1158
2992,1160
2992,1164
2992,1174
2992,1176
2992,1177
2992,1181
2992,1187
2992,2561
2992,2959
2992,2994
2993,171
2993,616
2993,645
2993,667
2993,687
2993,1126
2993,1127
2993,1128
2993,1137
2993,1160
2993,1170
2993,1174
2993,1176
2993,2762
2993,2765
2993,2973
2993,2994
2994,1038
2994,1113
2994,1122
2994,1125
2994,1126
2994,1127
2994,1134
2994,1137
2994,1141
2994,1144
2994,1145
2994,1150
2994,1158
2994,1159
2994,1160
2994,1164
2994,1174
2994,1175
2994,1176
2994,1177
2994,1181
2994,1187
2994,2956
2994,2958
2994,2959
2994,2967
2994,2985
2994,2991
2994,2992
2994,2993
2994,3303
2995,1215
2995,1222
2995,1242
2995,1244
2995,1250
2995,1286
2995,1306
2995,1309
2995,1336
2995,1342
2995,1361
2995,1362
2995,1386
2995,2431
2995,3006
2995,3026
2995,3029
2995,3032
2995,3040
2995,3041
2995,3048
2995,3055
2995,3057
2996,1202
2996,1210
2996,1213
2996,1216
2996,1217
2996,1223
2996,1228
2996,1232
2996,1234
2996,1252
2996,1253
2996,1257
2996,1265
2996,1267
2996,1268
2996,1270
2996,1294
2996,1295
2996,1334
2996,1550
2996,3000
2996,3012
2996,3013
2996,3016
2996,3020
2996,3025
2996,3031
2996,3044
2997,1204
2997,1218
2997,1225
2997,1237
2997,1240
2997,1247
2997,1262
2997,1271
2997,1272
2997,1276
2997,1278
2997,1281
2997,1283
2997,1290
2997,1292
2997,2998
2997,3010
2997,3015
2997,3017
2997,3021
2998,1204
2998,1218
2998,1225
2998,1237
2998,1247
2998,1262
2998,1271
2998,1281
2998,1290
2998,1292
2998,2997
2998,3010
2998,3015
2998,3017
2998,3021
2999,1206
2999,1225
2999,1235
2999,1239
2999,1240
2999,1246
2999,1266
2999,1272
2999,1285
2999,1297
2999,3002
2999,3003
2999,3005
2999,3008
3000,100
3000,1220
3000,1223
3000,1228
3000,1232
3000,1234
3000,1257
3000,1265
3000,1267
3000,1268
3000,1519
3000,1550
3000,2996
3000,3013
3000,3025
3001,1215
3001,1227
3001,1251
3001,1256
3001,1264
3001,1276
3001,1277
3001,1278
3001,1282
3001,1284
3001,1286
3001,1288
3001,1290
3001,1296
3001,3006
3001,3024
3001,3028
3001,3032
3001,3066
3002,1206
3002,1207
3002,1208
3002,1209
3002,1216
3002,1220
3002,1225
3002,1235
3002,1239
3002,1240
3002,1246
3002,1266
3002,1279
3002,1285
3002,1287
3002,1293
3002,1297
3002,2999
3002,3003
3002,3005
3002,3007
3002,3008
3002,3023
3003,1206
3003,1207
3003,1209
3003,1225
3003,1235
3003,1239
3003,1240
3003,1246
3003,1272
3003,1285
3003,1287
3003,1352
3003,2999
3003,3002
3003,3005
3003,3007
3003,3008
3003,3023
3004,1200
3004,1201
3004,1212
3004,1224
3004,1245
3004,1255
3004,1258
3004,1260
3004,1261
3004,1264
3004,1269
3004,1289
3004,2726
3004,3033
3004,3034
3005,1206
3005,1208
3005,1209
3005,1220
3005,1225
3005,1235
3005,1239
3005,1240
3005,1246
3005,1266
3005,1272
3005,1279
3005,1285
3005,1287
3005,1293
3005,1297
3005,2999
3005,3002
3005,3003
3005,3007
3005,3008
3006,1271
3006,1276
3006,1278
3006,1284
3006,1286
3006,1288
3006,1290
3006,1386
3006,2995
3006,3001
3006,3010
3006,3015
3006,3017
3006,3032
3007,1206
3007,1207
3007,1208
3007,1209
3007,1216
3007,1220
3007,1235
3007,1279
3007,1285
3007,1287
3007,1293
3007,1297
3007,3002
3007,3003
3007,3005
3008,534
3008,1206
3008,1207
3008,1209
3008,1225
3008,1235
3008,1239
3008,1240
3008,1246
3008,1266
3008,1272
3008,1285
3008,1287
3008,2999
3008,3002
3008,3003
3008,3005
3009,1203
3009,1205
3009,1219
3009,1226
3009,1230
3009,1236
3009,1238
3009,1249
3009,1263
3009,1277
3009,1280
3009,1291
3009,1298
3009,1299
3009,1312
3009,1378
3009,1383
3009,3016
3009,3018
3009,3019
3009,3023
3009,3056
3010,1215
3010,1218
3010,1237
3010,1241
3010,1247
3010,1262
3010,1271
3010,1278
3010,1281
3010,1284
3010,1286
3010,1290
3010,1292
3010,2997
3010,2998
3010,3006
3010,3015
3010,3017
3010,3021
3010,3028
3010,3032
3011,523
3011,1207
3011,1208
3011,1213
3011,1230
3011,1232
3011,1233
3011,1236
3011,1238
3011,1270
3011,1294
3011,1295
3011,3030
3011,3031
3012,1202
3012,1210
3012,1217
3012,1228
3012,1232
3012,1234
3012,1252
3012,1253
3012,1257
3012,1265
3012,1268
3012,1270
3012,1294
3012,1334
3012,1550
3012,2996
3012,3013
3012,3016
3012,3020
3012,3025
3012,3031
3012,3044
3013,1210
3013,1213
3013,1217
3013,1223
3013,1228
3013,1232
3013,1234
3013,1252
3013,1257
3013,1265
3013,1267
3013,1268
3013,1270
3013,1294
3013,1513
3013,1519
3013,1532
3013,1550
3013,1575
3013,2996
3013,3000
3013,3012
3013,3025
3013,3031
3013,3437
3014,1200
3014,1202
3014,1229
3014,1243
3014,1245
3014,1264
3014,1273
3014,1280
3014,1296
3014,1538
3014,2404
3014,3034
3014,3044
3014,3119
3015,1237
3015,1247
3015,1262
3015,1271
3015,1276
3015,1281
3015,1290
3015,1292
3015,2726
3015,2997
3015,2998
3015,3006
3015,3010
3015,3017
3015,3021
3015,3032
3016,1207
3016,1208
3016,1216
3016,1221
3016,1226
3016,1230
3016,1265
3016,1270
3016,1280
3016,1285
3016,1295
3016,1298
3016,1332
3016,1355
3016,2996
3016,3009
3016,3012
3016,3030
3016,3031
3016,3064
3017,1204
3017,1218
3017,1237
3017,1247
3017,1262
3017,1271
3017,1276
3017,1278
3017,1281
3017,1284
3017,1290
3017,1292
3017,2726
3017,2997
3017,2998
3017,3006
3017,3010
3017,3015
3017,3021
3017,3032
3018,1203
3018,1205
3018,1219
3018,1222
3018,1227
3018,1236
3018,1244
3018,1249
3018,1263
3018,1277
3018,1291
3018,1299
3018,1312
3018,1347
3018,1358
3018,1361
3018,1383
3018,3009
3018,3024
3018,3029
3019,1207
3019,1226
3019,1230
3019,1233
3019,1236
3019,1238
3019,1249
3019,1263
3019,1291
3019,1298
3019,1299
3019,1312
3019,1555
3019,3009
3019,3030
3019,3085
3020,1202
3020,1210
3020,1217
3020,1223
3020,1228
3020,1232
3020,1252
3020,1253
3020,1257
3020,1265
3020,1268
3020,1294
3020,1532
3020,2996
3020,3012
3020,3025
3021,1204
3021,1218
3021,1237
3021,1247
3021,1262
3021,1271
3021,1281
3021,1290
3021,1292
3021,2726
3021,2997
3021,2998
3021,3010
3021,3015
3021,3017
3022,1256
3022,1321
3022,1323
3022,1333
3022,1340
3022,1349
3022,1361
3022,1367
3022,1374
3022,1380
3022,1386
3022,1500
3022,3041
3022,3150
3023,1207
3023,1219
3023,1222
3023,1227
3023,1240
3023,1241
3023,1246
3023,1276
3023,1284
3023,1291
3023,3002
3023,3003
3023,3009
3023,3029
3024,1205
3024,1219
3024,1227
3024,1242
3024,1250
3024,1277
3024,1282
3024,1300
3024,1305
3024,1323
3024,1337
3024,1340
3024,1347
3024,1358
3024,1361
3024,1372
3024,1379
3024,1385
3024,1529
3024,3001
3024,3018
3024,3045
3024,3054
3024,3066
3025,1210
3025,1213
3025,1217
3025,1223
3025,1228
3025,1232
3025,1234
3025,1252
3025,1253
3025,1257
3025,1265
3025,1268
3025,1270
3025,1294
3025,1532
3025,2996
3025,3000
3025,3012
3025,3013
3025,3020
3026,1215
3026,1242
3026,1250
3026,1282
3026,1286
3026,1300
3026,1310
3026,1323
3026,1336
3026,1337
3026,1342
3026,1353
3026,1361
3026,1362
3026,1365
3026,2995
3026,3040
3026,3050
3026,3055
3026,3066
3027,1214
3027,1229
3027,1231
3027,1243
3027,1248
3027,1258
3027,1259
3027,1269
3027,1273
3027,1275
3027,1280
3027,1526
3027,1590
3027,3119
3028,1218
3028,1219
3028,1227
3028,1241
3028,1276
3028,1283
3028,1284
3028,1288
3028,1291
3028,1303
3028,1347
3028,1378
3028,3001
3028,3010
3028,3032
3029,1203
3029,1222
3029,1241
3029,1244
3029,1274
3029,1283
3029,1299
3029,1301
3029,1306
3029,1311
3029,1332
3029,1346
3029,1352
3029,1355
3029,1361
3029,1374
3029,1381
3029,1383
3029,1384
3029,1391
3029,1396
3029,1580
3029,2995
3029,3018
3029,3023
3029,3048
3029,3057
3029,3058
3030,1206
3030,1207
3030,1208
3030,1221
3030,1226
3030,1230
3030,1233
3030,1236
3030,1238
3030,1280
3030,1295
3030,1298
3030,1325
3030,1352
3030,1355
3030,3011
3030,3016
3030,3019
3030,3031
3031,506
3031,1206
3031,1208
3031,1213
3031,1216
3031,1265
3031,1279
3031,1293
3031,1295
3031,1297
3031,2996
3031,3011
3031,3012
3031,3013
3031,3016
3031,3030
3031,3169
3032,1262
3032,1271
3032,1276
3032,1278
3032,1284
3032,1286
3032,1288
3032,1290
3032,1292
3032,2995
3032,3001
3032,3006
3032,3010
3032,3015
3032,3017
3032,3028
3033,1200
3033,1201
3033,1211
3033,1212
3033,1224
3033,1231
3033,1245
3033,1255
3033,1256
3033,1258
3033,1260
3033,1261
3033,1264
3033,1269
3033,1289
3033,1296
3033,3004
3033,3034
3034,1201
3034,1212
3034,1214
3034,1224
3034,1229
3034,1231
3034,1245
3034,1248
3034,1255
3034,1258
3034,1259
3034,1269
3034,1273
3034,1289
3034,3004
3034,3014
3034,3033
3035,1274
3035,1301
3035,1308
3035,1314
3035,1315
3035,1325
3035,1332
3035,1334
3035,1346
3035,1349
3035,1367
3035,1369
3035,1377
3035,1384
3035,2404
3035,3044
3035,3058
3035,3064
3035,3067
3036,511
3036,1320
3036,1341
3036,1343
3036,1350
3036,1360
3036,1382
3036,1390
3036,2307
3036,2316
3036,2360
3036,2362
3036,2380
3036,3042
3036,3046
3036,3047
3036,3063
3036,3087
3036,3099
3036,3449
3036,3462
3037,527
3037,1313
3037,1316
3037,1318
3037,1320
3037,1327
3037,1343
3037,1344
3037,1360
3037,1364
3037,1370
3037,1373
3037,1388
3037,1398
3037,1399
3037,1402
3037,1510
3037,1541
3037,1571
3037,1578
3037,1598
3037,3051
3037,3062
3037,3065
3037,3073
3037,3134
3038,522
3038,527
3038,548
3038,550
3038,581
3038,1313
3038,1317
3038,1322
3038,1329
3038,1331
3038,1338
3038,1364
3038,1373
3038,1394
3038,1398
3038,1523
3038,1566
3038,1574
3038,1681
3038,2721
3038,2744
3038,3062
3038,3065
3038,3134
3038,3149
3039,1274
3039,1310
3039,1336
3039,1348
3039,1353
3039,1368
3039,1371
3039,1418
3039,1573
3039,3043
3039,3050
3039,3056
3039,3070
3039,3124
3040,1274
3040,1300
3040,1306
3040,1307
3040,1309
3040,1315
3040,1336
3040,1342
3040,1348
3040,1353
3040,1361
3040,1365
3040,2431
3040,2995
3040,3026
3040,3048
3040,3055
3040,3058
3041,1211
3041,1302
3041,1306
3041,1309
3041,1315
3041,1319
3041,1321
3041,1333
3041,1335
3041,1349
3041,1362
3041,1363
3041,1367
3041,1369
3041,1374
3041,1380
3041,1386
3041,1393
3041,2431
3041,2438
3041,2441
3041,2995
3041,3022
3041,3067
3041,3071
3042,1320
3042,1327
3042,1343
3042,1350
3042,1390
3042,1399
3042,1451
3042,1495
3042,3036
3042,3046
3042,3047
3042,3063
3042,3068
3042,3099
3043,1242
3043,1274
3043,1304
3043,1347
3043,1361
3043,1365
3043,1368
3043,1371
3043,1378
3043,1379
3043,1397
3043,3039
3043,3050
3043,3052
3043,3056
3043,3070
3043,3117
3044,1210
3044,1253
3044,1308
3044,1314
3044,1325
3044,1334
3044,1348
3044,1377
3044,1511
3044,2404
3044,2996
3044,3012
3044,3014
3044,3035
3044,3064
3045,1300
3045,1304
3045,1305
3045,1330
3045,1337
3045,1340
3045,1353
3045,1358
3045,1361
3045,1365
3045,1377
3045,1379
3045,1385
3045,1387
3045,1529
3045,2416
3045,3024
3045,3052
3045,3054
3045,3060
3045,3066
3045,3151
3046,1316
3046,1320
3046,1327
3046,1343
3046,1350
3046,1382
3046,1390
3046,1423
3046,2380
3046,3036
3046,3042
3046,3047
3046,3063
3046,3068
3046,3099
3047,511
3047,1320
3047,1327
3047,1341
3047,1343
3047,1350
3047,1382
3047,1390
3047,2307
3047,2380
3047,3036
3047,3042
3047,3046
3047,3063
3047,3068
3047,3087
3047,3099
3047,3462
3048,1222
3048,1244
3048,1274
3048,1286
3048,1299
3048,1301
3048,1306
3048,1307
3048,1309
3048,1342
3048,1346
3048,1348
3048,1361
3048,1362
3048,1369
3048,1384
3048,1391
3048,1396
3048,1418
3048,2431
3048,2995
3048,3029
3048,3040
3048,3058
3049,522
3049,577
3049,588
3049,1317
3049,1324
3049,1328
3049,1339
3049,1345
3049,1370
3049,1394
3049,1421
3049,1425
3049,1465
3049,1467
3049,1563
3049,1570
3049,1734
3049,2724
3049,2734
3049,3061
3049,3069
3049,3074
3049,3107
3049,3111
3050,1242
3050,1274
3050,1304
3050,1310
3050,1336
3050,1342
3050,1347
3050,1348
3050,1353
3050,1361
3050,1365
3050,1368
3050,1371
3050,1397
3050,2313
3050,3026
3050,3039
3050,3043
3050,3052
3050,3056
3050,3058
3050,3117
3050,3124
3051,1313
3051,1316
3051,1322
3051,1329
3051,1331
3051,1344
3051,1360
3051,1364
3051,1373
3051,1388
3051,1398
3051,1399
3051,1523
3051,1541
3051,1568
3051,1571
3051,1578
3051,1598
3051,2357
3051,3037
3051,3059
3051,3062
3051,3065
3051,3069
3051,3073
3052,1222
3052,1300
3052,1304
3052,1332
3052,1353
3052,1361
3052,1368
3052,1383
3052,1387
3052,1397
3052,2402
3052,3043
3052,3045
3052,3050
3052,3056
3052,3058
3053,1305
3053,1312
3053,1323
3053,1330
3053,1340
3053,1367
3053,1380
3053,1500
3053,1506
3053,1535
3053,1538
3053,1554
3053,1596
3053,1597
3053,2410
3053,3136
3053,3148
3053,3492
3054,1227
3054,1305
3054,1326
3054,1330
3054,1337
3054,1358
3054,1372
3054,1379
3054,1385
3054,1387
3054,1529
3054,3024
3054,3045
3054,3060
3054,3117
3054,3151
3055,1244
3055,1300
3055,1301
3055,1306
3055,1315
3055,1323
3055,1335
3055,1349
3055,1361
3055,1365
3055,1367
3055,1369
3055,2995
3055,3026
3055,3040
3055,3057
3056,1205
3056,1219
3056,1222
3056,1242
3056,1263
3056,1274
3056,1304
3056,1368
3056,1371
3056,1378
3056,1383
3056,1395
3056,1397
3056,1418
3056,3009
3056,3039
3056,3043
3056,3050
3056,3052
3056,3058
3056,3070
3057,1222
3057,1227
3057,1301
3057,1306
3057,1335
3057,1347
3057,1349
3057,1361
3057,1362
3057,1369
3057,1374
3057,1387
3057,1391
3057,1397
3057,2995
3057,3029
3057,3055
3057,3066
3058,1222
3058,1274
3058,1301
3058,1304
3058,1332
3058,1348
3058,1352
3058,1353
3058,1361
3058,1368
3058,1371
3058,1377
3058,3029
3058,3035
3058,3040
3058,3048
3058,3050
3058,3052
3058,3056
3058,3064
3058,3070
3059,1313
3059,1317
3059,1318
3059,1322
3059,1328
3059,1329
3059,1344
3059,1364
3059,1370
3059,1394
3059,1520
3059,1558
3059,1565
3059,1578
3059,2357
3059,3051
3059,3062
3059,3065
3059,3068
3059,3104
3060,1205
3060,1221
3060,1263
3060,1303
3060,1326
3060,1358
3060,1371
3060,1372
3060,1387
3060,1395
3060,1397
3060,1529
3060,1561
3060,3045
3060,3054
3060,3117
3061,527
3061,548
3061,578
3061,588
3061,1324
3061,1339
3061,1345
3061,1416
3061,1521
3061,1627
3061,2730
3061,3049
3061,3062
3061,3074
3061,3095
3061,3111
3062,1317
3062,1318
3062,1328
3062,1338
3062,1364
3062,1373
3062,1388
3062,1536
3062,1541
3062,1563
3062,1568
3062,1570
3062,2357
3062,3037
3062,3038
3062,3051
3062,3059
3062,3061
3062,3069
3062,3073
3062,3149
3063,511
3063,1320
3063,1327
3063,1343
3063,1350
3063,1390
3063,1489
3063,2380
3063,3036
3063,3042
3063,3046
3063,3047
3063,3078
3063,3087
3063,3099
3063,3102
3064,1221
3064,1304
3064,1308
3064,1314
3064,1332
3064,1334
3064,1355
3064,1377
3064,1770
3064,2404
3064,2416
3064,3016
3064,3035
3064,3044
3064,3058
3064,3174
3064,3190
3064,3445
3064,3464
3064,3470
3065,1313
3065,1322
3065,1329
3065,1364
3065,1398
3065,1402
3065,1481
3065,1536
3065,1555
3065,1565
3065,1578
3065,1584
3065,1598
3065,2357
3065,3037
3065,3038
3065,3051
3065,3059
3066,1250
3066,1282
3066,1288
3066,1300
3066,1305
3066,1310
3066,1323
3066,1333
3066,1336
3066,1337
3066,1347
3066,1353
3066,1358
3066,1361
3066,1375
3066,1379
3066,1385
3066,1387
3066,1389
3066,1529
3066,3001
3066,3024
3066,3026
3066,3045
3066,3057
3066,3117
3066,3151
3066,3497
3067,1301
3067,1307
3067,1315
3067,1319
3067,1321
3067,1335
3067,1346
3067,1363
3067,1367
3067,1369
3067,1376
3067,1393
3067,2438
3067,3035
3067,3041
3068,1313
3068,1318
3068,1322
3068,1343
3068,1350
3068,1364
3068,1390
3068,1495
3068,2345
3068,3042
3068,3046
3068,3047
3068,3059
3068,3073
3068,3081
3069,522
3069,1317
3069,1322
3069,1351
3069,1364
3069,1373
3069,1467
3069,1536
3069,1541
3069,1563
3069,1566
3069,1570
3069,1571
3069,1578
3069,3049
3069,3051
3069,3062
3069,3073
3069,3207
3070,1303
3070,1304
3070,1348
3070,1368
3070,1371
3070,1395
3070,1418
3070,2313
3070,2348
3070,3039
3070,3043
3070,3056
3070,3058
3070,3124
3071,1211
3071,1251
3071,1256
3071,1261
3071,1264
3071,1277
3071,1296
3071,1299
3071,1302
3071,1380
3071,1386
3071,1500
3071,1506
3071,1535
3071,1577
3071,1587
3071,2726
3071,3041
3071,3123
3071,3150
3072,504
3072,567
3072,1324
3072,1328
3072,1339
3072,1401
3072,1450
3072,1458
3072,1477
3072,1563
3072,3074
3072,3092
3072,3107
3072,3111
3072,3152
3073,1313
3073,1316
3073,1318
3073,1322
3073,1331
3073,1350
3073,1351
3073,1354
3073,1364
3073,1373
3073,1382
3073,1388
3073,1390
3073,1399
3073,1402
3073,1578
3073,2357
3073,3037
3073,3051
3073,3062
3073,3068
3073,3069
3074,546
3074,548
3074,554
3074,559
3074,577
3074,1317
3074,1324
3074,1328
3074,1339
3074,1345
3074,1370
3074,1410
3074,1421
3074,1445
3074,1508
3074,1534
3074,1563
3074,1570
3074,1589
3074,1633
3074,1643
3074,1716
3074,1722
3074,1734
3074,2730
3074,2749
3074,3049
3074,3061
3074,3072
3074,3091
3074,3095
3074,3107
3074,3111
3074,3152
3075,1356
3075,1394
3075,1419
3075,1429
3075,1445
3075,1476
3075,1481
3075,1487
3075,1502
3075,1507
3075,1508
3075,1540
3075,1557
3075,1565
3075,3088
3075,3101
3075,3131
3076,558
3076,1403
3076,1404
3076,1405
3076,1429
3076,1433
3076,1451
3076,1454
3076,1473
3076,1478
3076,1491
3076,1497
3076,3078
3076,3081
3076,3083
3076,3085
3076,3093
3076,3096
3076,3103
3076,3113
3077,532
3077,572
3077,1423
3077,1435
3077,1451
3077,1454
3077,1466
3077,1478
3077,1480
3077,1489
3077,1495
3077,3078
3077,3084
3077,3087
3077,3099
3077,3102
3077,3108
3078,511
3078,525
3078,531
3078,532
3078,540
3078,558
3078,560
3078,566
3078,585
3078,594
3078,1405
3078,1413
3078,1418
3078,1423
3078,1426
3078,1431
3078,1432
3078,1435
3078,1436
3078,1448
3078,1451
3078,1454
3078,1457
3078,1466
3078,1469
3078,1473
3078,1474
3078,1478
3078,1480
3078,1489
3078,1491
3078,1495
3078,1497
3078,1555
3078,2725
3078,2747
3078,3063
3078,3076
3078,3077
3078,3081
3078,3083
3078,3084
3078,3087
3078,3093
3078,3099
3078,3102
3078,3103
3078,3108
3079,501
3079,559
3079,565
3079,571
3079,577
3079,578
3079,596
3079,1409
3079,1410
3079,1417
3079,1422
3079,1425
3079,1439
3079,1443
3079,1445
3079,1446
3079,1450
3079,1458
3079,1460
3079,1463
3079,1471
3079,1483
3079,1490
3079,1492
3079,1493
3079,1498
3079,1799
3079,2738
3079,2749
3079,3089
3079,3090
3079,3095
3079,3097
3079,3101
3079,3112
3080,503
3080,518
3080,521
3080,530
3080,546
3080,552
3080,557
3080,565
3080,573
3080,578
3080,586
3080,587
3080,595
3080,1421
3080,1450
3080,1477
3080,1484
3080,1492
3080,1494
3080,2717
3080,2719
3080,2746
3080,3082
3081,525
3081,560
3081,1404
3081,1420
3081,1423
3081,1426
3081,1429
3081,1431
3081,1432
3081,1440
3081,1449
3081,1451
3081,1454
3081,1457
3081,1468
3081,1473
3081,1478
3081,1491
3081,1495
3081,1496
3081,1497
3081,3068
3081,3076
3081,3078
3081,3083
3081,3088
3081,3093
3081,3098
3081,3103
3081,3104
3081,3108
3081,3109
3081,3113
3082,530
3082,548
3082,565
3082,570
3082,595
3082,1424
3082,1444
3082,1484
3082,1621
3082,1636
3082,1694
3082,1697
3082,2723
3082,3080
3083,532
3083,540
3083,543
3083,555
3083,558
3083,566
3083,572
3083,585
3083,589
3083,592
3083,594
3083,597
3083,1403
3083,1420
3083,1423
3083,1431
3083,1432
3083,1436
3083,1451
3083,1456
3083,1457
3083,1466
3083,1469
3083,1489
3083,1491
3083,1495
3083,2715
3083,3076
3083,3078
3083,3081
3083,3085
3083,3099
3083,3103
3083,3108
3083,3109
3083,3113
3084,1405
3084,1413
3084,1423
3084,1435
3084,1451
3084,1469
3084,1474
3084,1478
3084,1480
3084,1497
3084,3077
3084,3078
3084,3087
3084,3099
3084,3108
3085,555
3085,597
3085,1233
3085,1238
3085,1381
3085,1403
3085,1404
3085,1405
3085,1407
3085,1408
3085,1419
3085,1420
3085,1426
3085,1440
3085,1442
3085,1447
3085,1457
3085,1469
3085,1487
3085,1490
3085,1491
3085,3019
3085,3076
3085,3083
3085,3093
3085,3110
3085,3112
3085,3113
3086,504
3086,521
3086,583
3086,586
3086,596
3086,1412
3086,1437
3086,1450
3086,1452
3086,1455
3086,1483
3086,1492
3086,1494
3086,1499
3086,2749
3086,2750
3086,3106
3087,511
3087,572
3087,1320
3087,1360
3087,1423
3087,1435
3087,1466
3087,1469
3087,1480
3087,1489
3087,2380
3087,3036
3087,3047
3087,3063
3087,3077
3087,3078
3087,3084
3087,3099
3087,3102
3088,1474
3088,1476
3088,1481
3088,1487
3088,1505
3088,1507
3088,1540
3088,1548
3088,1555
3088,1556
3088,1569
3088,3075
3088,3081
3088,3131
3088,3142
3088,3143
3089,519
3089,544
3089,580
3089,1409
3089,1414
3089,1427
3089,1430
3089,1439
3089,1443
3089,1445
3089,1461
3089,1468
3089,1479
3089,1490
3089,1493
3089,1498
3089,1799
3089,2716
3089,2738
3089,2749
3089,2750
3089,3079
3089,3090
3089,3095
3089,3100
3090,521
3090,577
3090,582
3090,1425
3090,1427
3090,1437
3090,1438
3090,1443
3090,1463
3090,1471
3090,1488
3090,1492
3090,1799
3090,2742
3090,3079
3090,3089
3090,3095
3090,3112
3090,3114
3091,1351
3091,1400
3091,1402
3091,1406
3091,1408
3091,1409
3091,1419
3091,1425
3091,1443
3091,1445
3091,1485
3091,1493
3091,1507
3091,2730
3091,3074
3091,3098
3091,3112
3091,3139
3092,570
3092,596
3092,1338
3092,1401
3092,1411
3092,1412
3092,1424
3092,1437
3092,1441
3092,1450
3092,1455
3092,1458
3092,1472
3092,1476
3092,1481
3092,1484
3092,1485
3092,1488
3092,1496
3092,1499
3092,1540
3092,1714
3092,1793
3092,3072
3092,3097
3092,3106
3092,3107
3092,3111
3093,597
3093,1404
3093,1433
3093,1436
3093,1442
3093,1448
3093,1457
3093,1474
3093,1479
3093,1487
3093,1496
3093,1497
3093,1555
3093,2732
3093,3076
3093,3078
3093,3081
3093,3085
3093,3103
3093,3112
3093,3143
3094,512
3094,514
3094,527
3094,531
3094,540
3094,549
3094,550
3094,1413
3094,1426
3094,1474
3094,1497
3094,2721
3094,2736
3094,3103
3094,3143
3095,501
3095,547
3095,577
3095,1351
3095,1406
3095,1409
3095,1410
3095,1417
3095,1438
3095,1471
3095,1475
3095,1490
3095,1493
3095,1557
3095,2738
3095,2749
3095,3061
3095,3074
3095,3079
3095,3089
3095,3090
3095,3111
3096,512
3096,550
3096,558
3096,593
3096,594
3096,1345
3096,1403
3096,1407
3096,1409
3096,1426
3096,1433
3096,1440
3096,1447
3096,1449
3096,1456
3096,1472
3096,1479
3096,1485
3096,1486
3096,1496
3096,1497
3096,1738
3096,2744
3096,3076
3096,3098
3096,3100
3096,3104
3096,3109
3096,3114
3096,3143
3097,565
3097,577
3097,596
3097,1425
3097,1438
3097,1450
3097,1483
3097,1484
3097,1494
3097,1499
3097,2738
3097,3079
3097,3092
3097,3106
3097,3111
3098,550
3098,1345
3098,1402
3098,1403
3098,1409
3098,1411
3098,1414
3098,1426
3098,1432
3098,1433
3098,1441
3098,1447
3098,1449
3098,1456
3098,1457
3098,1459
3098,1464
3098,1470
3098,1472
3098,1476
3098,1479
3098,1485
3098,1486
3098,1496
3098,1565
3098,1681
3098,2727
3098,3081
3098,3091
3098,3096
3098,3100
3098,3104
3098,3105
3098,3109
3098,3114
3099,511
3099,525
3099,532
3099,566
3099,572
3099,1423
3099,1451
3099,1454
3099,1466
3099,1469
3099,1473
3099,1480
3099,1489
3099,1495
3099,3036
3099,3042
3099,3046
3099,3047
3099,3063
3099,3077
3099,3078
3099,3083
3099,3084
3099,3087
3099,3102
3100,519
3100,550
3100,582
3100,1318
3100,1345
3100,1401
3100,1402
3100,1403
3100,1414
3100,1415
3100,1433
3100,1449
3100,1455
3100,1472
3100,1485
3100,1565
3100,3089
3100,3096
3100,3098
3100,3105
3100,3114
3101,501
3101,577
3101,1424
3101,1425
3101,1445
3101,1455
3101,1462
3101,1476
3101,1477
3101,1484
3101,1488
3101,1492
3101,1494
3101,1499
3101,1557
3101,2731
3101,2752
3101,3075
3101,3079
3101,3106
3101,3107
3101,3111
3102,532
3102,566
3102,572
3102,1423
3102,1431
3102,1451
3102,1466
3102,1491
3102,1495
3102,3063
3102,3077
3102,3078
3102,3087
3102,3099
3103,512
3103,540
3103,549
3103,558
3103,560
3103,562
3103,1423
3103,1429
3103,1432
3103,1433
3103,1448
3103,1454
3103,1473
3103,1474
3103,1486
3103,1491
3103,1497
3103,2743
3103,2745
3103,3076
3103,3078
3103,3081
3103,3083
3103,3093
3103,3094
3103,3104
3103,3109
3103,3143
3104,540
3104,550
3104,558
3104,594
3104,1403
3104,1419
3104,1429
3104,1431
3104,1432
3104,1440
3104,1451
3104,1454
3104,1457
3104,1476
3104,1478
3104,1486
3104,1496
3104,1497
3104,1558
3104,1565
3104,3059
3104,3081
3104,3096
3104,3098
3104,3103
3104,3109
3104,3143
3105,504
3105,596
3105,1402
3105,1403
3105,1430
3105,1437
3105,1449
3105,1455
3105,1485
3105,1486
3105,2750
3105,3098
3105,3100
3105,3114
3105,3206
3106,504
3106,553
3106,586
3106,596
3106,1424
3106,1450
3106,1452
3106,1455
3106,1472
3106,1476
3106,1483
3106,1484
3106,1494
3106,3086
3106,3092
3106,3097
3106,3101
3106,3111
3107,519
3107,537
3107,548
3107,567
3107,570
3107,576
3107,577
3107,582
3107,583
3107,586
3107,588
3107,1324
3107,1339
3107,1345
3107,1394
3107,1401
3107,1416
3107,1421
3107,1425
3107,1427
3107,1444
3107,1445
3107,1455
3107,1460
3107,1462
3107,1465
3107,1467
3107,1484
3107,1488
3107,1494
3107,1499
3107,1502
3107,1503
3107,1504
3107,1592
3107,1644
3107,1714
3107,1734
3107,1793
3107,1799
3107,2724
3107,2734
3107,2751
3107,2752
3107,3049
3107,3072
3107,3074
3107,3092
3107,3101
3107,3111
3107,3208
3108,532
3108,1405
3108,1420
3108,1423
3108,1435
3108,1451
3108,1457
3108,1469
3108,1478
3108,1480
3108,3077
3108,3078
3108,3081
3108,3083
3108,3084
3108,3113
3109,512
3109,540
3109,554
3109,556
3109,558
3109,1400
3109,1403
3109,1409
3109,1414
3109,1415
3109,1432
3109,1433
3109,1434
3109,1443
3109,1447
3109,1449
3109,1461
3109,1463
3109,1464
3109,1470
3109,1486
3109,1488
3109,1496
3109,1799
3109,2742
3109,2743
3109,3081
3109,3083
3109,3096
3109,3098
3109,3103
3109,3104
3110,501
3110,529
3110,543
3110,592
3110,597
3110,1403
3110,1407
3110,1408
3110,1410
3110,1417
3110,1420
3110,1429
3110,1431
3110,1433
3110,1443
3110,1446
3110,1463
3110,1468
3110,1475
3110,1486
3110,1488
3110,2716
3110,2742
3110,2743
3110,3085
3110,3112
3110,3114
3111,501
3111,528
3111,556
3111,577
3111,586
3111,596
3111,1394
3111,1412
3111,1444
3111,1445
3111,1450
3111,1455
3111,1460
3111,1462
3111,1465
3111,1482
3111,1484
3111,1499
3111,1502
3111,1504
3111,1508
3111,1557
3111,1714
3111,1722
3111,1734
3111,2734
3111,3049
3111,3061
3111,3072
3111,3074
3111,3092
3111,3095
3111,3097
3111,3101
3111,3106
3111,3107
3111,3208
3112,514
3112,515
3112,520
3112,529
3112,540
3112,555
3112,556
3112,557
3112,574
3112,576
3112,589
3112,592
3112,596
3112,597
3112,1233
3112,1238
3112,1400
3112,1404
3112,1408
3112,1409
3112,1410
3112,1417
3112,1419
3112,1420
3112,1433
3112,1438
3112,1440
3112,1443
3112,1446
3112,1448
3112,1463
3112,1468
3112,1487
3112,1490
3112,1498
3112,1707
3112,1799
3112,2715
3112,2720
3112,2725
3112,2731
3112,2732
3112,2736
3112,2742
3112,2754
3112,3079
3112,3085
3112,3090
3112,3091
3112,3093
3112,3110
3113,532
3113,543
3113,566
3113,1404
3113,1405
3113,1420
3113,1429
3113,1440
3113,1451
3113,1457
3113,1487
3113,1491
3113,3076
3113,3081
3113,3083
3113,3085
3113,3108
3114,1407
3114,1433
3114,1438
3114,1449
3114,1463
3114,1468
3114,1486
3114,1498
3114,3090
3114,3096
3114,3098
3114,3100
3114,3105
3114,3110
3115,1395
3115,1516
3115,1525
3115,1531
3115,1533
3115,1542
3115,1562
3115,1564
3115,1567
3115,1569
3115,1572
3115,1573
3115,1579
3115,1582
3115,1591
3115,1593
3115,1599
3115,3116
3115,3124
3115,3137
3116,1395
3116,1531
3116,1539
3116,1542
3116,1549
3116,1552
3116,1556
3116,1560
3116,1564
3116,1567
3116,1569
3116,1572
3116,1579
3116,1588
3116,1591
3116,1593
3116,1599
3116,3115
3116,3124
3116,3125
3116,3137
3116,3147
3117,1274
3117,1303
3117,1326
3117,1347
3117,1353
3117,1371
3117,1372
3117,1375
3117,1378
3117,1379
3117,1385
3117,1387
3117,1389
3117,1397
3117,1509
3117,1529
3117,2313
3117,3043
3117,3050
3117,3054
3117,3060
3117,3066
3117,3124
3118,1302
3118,1375
3118,1514
3118,1551
3118,1561
3118,1573
3118,1577
3118,1587
3118,2352
3118,2364
3118,2400
3118,3123
3118,3129
3118,3132
3118,3452
3119,1202
3119,1229
3119,1243
3119,1245
3119,1248
3119,1259
3119,1269
3119,1273
3119,1280
3119,1289
3119,1538
3119,1590
3119,3014
3119,3027
3120,1531
3120,1539
3120,1542
3120,1543
3120,1549
3120,1556
3120,1559
3120,1560
3120,1564
3120,1591
3120,3125
3120,3128
3120,3144
3120,3147
3121,1501
3121,1511
3121,1518
3121,1522
3121,1527
3121,1537
3121,1543
3121,1559
3121,1576
3121,3126
3121,3127
3121,3130
3121,3135
3121,3141
3121,3147
3122,291
3122,651
3122,1501
3122,1513
3122,1519
3122,1527
3122,1532
3122,1537
3122,1550
3122,1575
3122,1576
3122,2273
3122,2651
3122,3126
3122,3127
3122,3135
3122,3138
3122,3141
3122,3145
3122,3307
3123,1302
3123,1363
3123,1526
3123,1535
3123,1545
3123,1577
3123,1580
3123,1587
3123,1590
3123,2315
3123,2328
3123,2354
3123,3071
3123,3118
3123,3129
3123,3457
3124,1303
3124,1368
3124,1371
3124,1395
3124,1418
3124,1516
3124,1567
3124,1572
3124,1573
3124,1579
3124,1582
3124,1599
3124,3039
3124,3050
3124,3070
3124,3115
3124,3116
3124,3117
3125,1505
3125,1531
3125,1534
3125,1542
3125,1548
3125,1549
3125,1552
3125,1556
3125,1560
3125,3116
3125,3120
3125,3131
3125,3135
3125,3139
3125,3144
3125,3146
3125,3147
3126,1511
3126,1513
3126,1519
3126,1537
3126,1543
3126,1550
3126,1559
3126,1575
3126,1576
3126,3121
3126,3122
3126,3127
3126,3135
3126,3138
3126,3141
3127,103
3127,1501
3127,1511
3127,1513
3127,1519
3127,1527
3127,1537
3127,1550
3127,1575
3127,1576
3127,1594
3127,3121
3127,3122
3127,3126
3127,3141
3128,1524
3128,1525
3128,1531
3128,1533
3128,1539
3128,1543
3128,1562
3128,1564
3128,1567
3128,1579
3128,1582
3128,1591
3128,1593
3128,1599
3128,3120
3128,3137
3128,3140
3129,1514
3129,1526
3129,1535
3129,1538
3129,1545
3129,1551
3129,1561
3129,1577
3129,1587
3129,1590
3129,1597
3129,2338
3129,2400
3129,2410
3129,2412
3129,2435
3129,3118
3129,3123
3129,3136
3130,1314
3130,1511
3130,1516
3130,1518
3130,1522
3130,1527
3130,1539
3130,1547
3130,1552
3130,1553
3130,1567
3130,1579
3130,1588
3130,3121
3130,3147
3131,515
3131,528
3131,1481
3131,1504
3131,1505
3131,1534
3131,1556
3131,1595
3131,2752
3131,3075
3131,3088
3131,3125
3131,3139
3131,3146
3132,1514
3132,1516
3132,1524
3132,1525
3132,1547
3132,1551
3132,1553
3132,1561
3132,1562
3132,1586
3132,1588
3132,2364
3132,3118
3132,3133
3132,3154
3133,1509
3133,1524
3133,1525
3133,1533
3133,1547
3133,1553
3133,1562
3133,1564
3133,1567
3133,1573
3133,1582
3133,1586
3133,1588
3133,3132
3133,3137
3133,3140
3133,3154
3134,522
3134,527
3134,1331
3134,1338
3134,1373
3134,1388
3134,1510
3134,1515
3134,1536
3134,1541
3134,1544
3134,1546
3134,1574
3134,1584
3134,1585
3134,2721
3134,2747
3134,3037
3134,3038
3134,3149
3135,1221
3135,1511
3135,1518
3135,1521
3135,1539
3135,1549
3135,1552
3135,1556
3135,1559
3135,1560
3135,1575
3135,3121
3135,3122
3135,3125
3135,3126
3135,3138
3135,3144
3135,3147
3136,1305
3136,1323
3136,1340
3136,1506
3136,1512
3136,1535
3136,1554
3136,1596
3136,1597
3136,2338
3136,2410
3136,2446
3136,3053
3136,3129
3136,3148
3136,3150
3136,3492
3136,3494
3137,1516
3137,1524
3137,1525
3137,1533
3137,1539
3137,1547
3137,1549
3137,1552
3137,1562
3137,1564
3137,1567
3137,1569
3137,1572
3137,1579
3137,1582
3137,1591
3137,1593
3137,1599
3137,3115
3137,3116
3137,3128
3137,3133
3137,3147
3137,3154
3138,297
3138,1208
3138,1221
3138,1501
3138,1513
3138,1519
3138,1537
3138,1550
3138,1559
3138,1575
3138,1576
3138,1694
3138,3122
3138,3126
3138,3135
3138,3141
3138,3144
3138,3145
3139,1504
3139,1505
3139,1510
3139,1521
3139,1530
3139,1534
3139,1536
3139,1548
3139,1556
3139,1560
3139,1574
3139,3091
3139,3125
3139,3131
3139,3142
3139,3146
3140,1509
3140,1522
3140,1524
3140,1525
3140,1533
3140,1547
3140,1562
3140,1564
3140,1567
3140,1582
3140,1586
3140,1588
3140,1591
3140,3128
3140,3133
3141,1501
3141,1511
3141,1513
3141,1527
3141,1537
3141,1559
3141,1575
3141,1576
3141,1594
3141,2332
3141,3121
3141,3122
3141,3126
3141,3127
3141,3138
3142,1431
3142,1505
3142,1530
3142,1544
3142,1546
3142,1548
3142,1555
3142,1558
3142,1568
3142,1584
3142,2735
3142,2747
3142,3088
3142,3139
3142,3207
3143,550
3143,562
3143,1433
3143,1474
3143,1486
3143,1497
3143,1536
3143,1565
3143,1738
3143,2721
3143,2744
3143,3088
3143,3093
3143,3094
3143,3096
3143,3103
3143,3104
3144,548
3144,559
3144,1221
3144,1356
3144,1503
3144,1508
3144,1534
3144,1542
3144,1549
3144,1556
3144,1557
3144,1560
3144,1566
3144,1583
3144,1592
3144,1595
3144,1636
3144,3120
3144,3125
3144,3135
3144,3138
3145,368
3145,651
3145,1501
3145,1513
3145,1519
3145,1537
3145,1550
3145,1575
3145,1576
3145,1657
3145,1914
3145,1936
3145,1950
3145,3122
3145,3138
3145,3314
3146,1502
3146,1504
3146,1505
3146,1515
3146,1521
3146,1530
3146,1534
3146,1556
3146,1560
3146,1581
3146,1595
3146,3125
3146,3131
3146,3139
3146,3207
3147,1221
3147,1395
3147,1511
3147,1518
3147,1522
3147,1531
3147,1539
3147,1542
3147,1543
3147,1549
3147,1552
3147,1556
3147,1559
3147,1560
3147,1564
3147,1591
3147,3116
3147,3120
3147,3121
3147,3125
3147,3130
3147,3135
3147,3137
3148,1340
3148,1380
3148,1500
3148,1506
3148,1512
3148,1526
3148,1535
3148,1538
3148,1545
3148,1554
3148,1587
3148,1596
3148,1597
3148,3053
3148,3136
3148,3150
3149,522
3149,524
3149,527
3149,1322
3149,1331
3149,1388
3149,1428
3149,1510
3149,1536
3149,1574
3149,1584
3149,1585
3149,2729
3149,3038
3149,3062
3149,3134
3150,1211
3150,1264
3150,1296
3150,1323
3150,1340
3150,1380
3150,1500
3150,1506
3150,1512
3150,1535
3150,1538
3150,1554
3150,1577
3150,1587
3150,1597
3150,3022
3150,3071
3150,3136
3150,3148
3151,1305
3151,1358
3151,1372
3151,1375
3151,1379
3151,1385
3151,1387
3151,1389
3151,1529
3151,2384
3151,2420
3151,3045
3151,3054
3151,3066
3151,3497
3152,522
3152,1328
3152,1394
3152,1536
3152,1541
3152,1563
3152,1568
3152,1570
3152,1571
3152,1584
3152,1585
3152,3072
3152,3074
3152,3153
3152,3207
3153,505
3153,507
3153,522
3153,523
3153,524
3153,527
3153,530
3153,542
3153,550
3153,554
3153,599
3153,1415
3153,1536
3153,1544
3153,1546
3153,1568
3153,1589
3153,2744
3153,2745
3153,3152
3153,3207
3154,1516
3154,1524
3154,1525
3154,1547
3154,1553
3154,1562
3154,1567
3154,1569
3154,1573
3154,1579
3154,1582
3154,1586
3154,1588
3154,1593
3154,1599
3154,3132
3154,3133
3154,3137
3155,1601
3155,1638
3155,1641
3155,1654
3155,1659
3155,1662
3155,1665
3155,1668
3155,1669
3155,1673
3155,1680
3155,1693
3155,1696
3155,3156
3155,3157
3155,3160
3155,3167
3155,3177
3155,3180
3155,3182
3155,3184
3156,1601
3156,1618
3156,1620
3156,1630
3156,1634
3156,1637
3156,1647
3156,1651
3156,1672
3156,3155
3156,3160
3156,3170
3156,3173
3156,3183
3156,3188
3157,1601
3157,1612
3157,1616
3157,1625
3157,1629
3157,1630
3157,1634
3157,1637
3157,1639
3157,1645
3157,1650
3157,1654
3157,1656
3157,1659
3157,1662
3157,1663
3157,1665
3157,1673
3157,1674
3157,1678
3157,1680
3157,1693
3157,1695
3157,3155
3157,3160
3157,3163
3157,3164
3157,3173
3157,3179
3157,3182
3157,3184
3157,3185
3157,3187
3157,3189
3157,3194
3158,1604
3158,1608
3158,1609
3158,1611
3158,1618
3158,1620
3158,1628
3158,1631
3158,1634
3158,1635
3158,1647
3158,1666
3158,1670
3158,1671
3158,1672
3158,1684
3158,1689
3158,3159
3158,3164
3158,3170
3158,3172
3158,3191
3159,1604
3159,1608
3159,1609
3159,1611
3159,1618
3159,1620
3159,1628
3159,1631
3159,1634
3159,1635
3159,1647
3159,1649
3159,1651
3159,1655
3159,1666
3159,1670
3159,1671
3159,1672
3159,1684
3159,1686
3159,1689
3159,3158
3159,3161
3159,3172
3159,3183
3159,3188
3159,3191
3160,1601
3160,1610
3160,1638
3160,1641
3160,1659
3160,1662
3160,1669
3160,1673
3160,1680
3160,1693
3160,1696
3160,3155
3160,3156
3160,3157
3160,3164
3160,3167
3160,3173
3160,3177
3160,3182
3160,3184
3160,3189
3161,1608
3161,1609
3161,1611
3161,1618
3161,1620
3161,1628
3161,1630
3161,1635
3161,1651
3161,1655
3161,1678
3161,3159
3161,3183
3161,3188
3161,3191
3162,1444
3162,1600
3162,1603
3162,1621
3162,1627
3162,1636
3162,1640
3162,1642
3162,1643
3162,1660
3162,1667
3162,1668
3162,1683
3162,1694
3162,2723
3162,3186
3162,3187
3163,1613
3163,1645
3163,1646
3163,1654
3163,1656
3163,1659
3163,1662
3163,1663
3163,1665
3163,1668
3163,1674
3163,1677
3163,1680
3163,1682
3163,1683
3163,1698
3163,3157
3163,3166
3163,3175
3163,3177
3163,3178
3163,3179
3163,3180
3163,3189
3163,3193
3164,1601
3164,1604
3164,1611
3164,1616
3164,1634
3164,1638
3164,1662
3164,1666
3164,3157
3164,3158
3164,3160
3164,3167
3164,3173
3164,3182
3164,3184
3164,3185
3164,3190
3165,622
3165,633
3165,1608
3165,1648
3165,1655
3165,1691
3165,1922
3165,1944
3165,1956
3165,1967
3165,1975
3165,1997
3165,3191
3165,3308
3166,1602
3166,1613
3166,1632
3166,1642
3166,1645
3166,1646
3166,1654
3166,1656
3166,1658
3166,1667
3166,1682
3166,1683
3166,1692
3166,1698
3166,1699
3166,3163
3166,3167
3166,3175
3166,3177
3166,3178
3166,3189
3166,3193
3167,1604
3167,1612
3167,1616
3167,1623
3167,1632
3167,1638
3167,1641
3167,1646
3167,1662
3167,1669
3167,1678
3167,1680
3167,1693
3167,3155
3167,3160
3167,3164
3167,3166
3167,3170
3167,3173
3167,3175
3167,3180
3167,3182
3167,3184
3167,3185
3167,3190
3167,3193
3168,502
3168,550
3168,688
3168,1605
3168,1606
3168,1614
3168,1621
3168,1626
3168,1633
3168,1640
3168,1675
3168,1679
3168,1681
3168,1697
3168,2744
3169,115
3169,137
3169,138
3169,176
3169,506
3169,605
3169,630
3169,651
3169,1603
3169,1642
3169,1660
3169,1694
3169,1943
3169,1964
3169,2342
3169,2365
3169,2591
3169,2723
3169,3031
3169,3181
3169,3307
3170,1601
3170,1609
3170,1611
3170,1618
3170,1620
3170,1628
3170,1634
3170,1637
3170,1647
3170,1649
3170,1662
3170,1666
3170,1670
3170,1672
3170,1673
3170,1678
3170,1680
3170,1686
3170,1689
3170,1695
3170,1696
3170,3156
3170,3158
3170,3167
3170,3173
3170,3183
3170,3184
3170,3188
3170,3190
3170,3194
3171,502
3171,533
3171,550
3171,591
3171,1605
3171,1614
3171,1619
3171,1621
3171,1622
3171,1633
3171,1636
3171,1640
3171,1644
3171,1664
3171,1675
3171,1679
3171,1688
3171,1723
3171,1738
3171,1795
3171,2751
3171,3186
3171,3187
3172,1601
3172,1608
3172,1612
3172,1618
3172,1631
3172,1634
3172,1635
3172,1637
3172,1639
3172,1648
3172,1655
3172,1671
3172,1672
3172,1693
3172,3158
3172,3159
3172,3180
3172,3191
3173,1601
3173,1604
3173,1609
3173,1611
3173,1616
3173,1618
3173,1628
3173,1634
3173,1637
3173,1638
3173,1647
3173,1649
3173,1662
3173,1666
3173,1669
3173,1670
3173,1684
3173,1686
3173,1689
3173,3156
3173,3157
3173,3160
3173,3164
3173,3167
3173,3170
3173,3182
3173,3183
3173,3184
3173,3185
3173,3188
3173,3190
3173,3194
3174,169
3174,620
3174,1015
3174,1308
3174,1325
3174,1334
3174,1357
3174,1559
3174,1632
3174,1905
3174,1910
3174,1949
3174,1972
3174,1976
3174,1986
3174,2365
3174,2569
3174,3064
3174,3190
3174,3287
3174,3302
3174,3306
3175,1613
3175,1632
3175,1639
3175,1641
3175,1645
3175,1656
3175,1659
3175,1680
3175,1682
3175,1695
3175,3163
3175,3166
3175,3167
3175,3177
3175,3178
3175,3180
3175,3189
3175,3193
3176,100
3176,103
3176,137
3176,165
3176,169
3176,196
3176,1594
3176,1657
3176,1687
3176,1910
3176,1918
3176,1929
3176,1936
3176,3277
3176,3287
3177,1602
3177,1610
3177,1613
3177,1626
3177,1630
3177,1641
3177,1645
3177,1652
3177,1654
3177,1656
3177,1659
3177,1665
3177,1667
3177,1668
3177,1669
3177,1676
3177,1677
3177,1682
3177,1683
3177,1692
3177,1695
3177,1698
3177,1699
3177,3155
3177,3160
3177,3163
3177,3166
3177,3175
3177,3178
3177,3179
3177,3187
3177,3189
3177,3193
3178,1626
3178,1627
3178,1640
3178,1642
3178,1645
3178,1654
3178,1656
3178,1659
3178,1662
3178,1663
3178,1665
3178,1668
3178,1674
3178,1677
3178,1682
3178,1683
3178,1692
3178,3163
3178,3166
3178,3175
3178,3177
3178,3186
3178,3187
3178,3189
3179,1612
3179,1613
3179,1617
3179,1629
3179,1637
3179,1639
3179,1645
3179,1646
3179,1650
3179,1654
3179,1659
3179,1663
3179,1674
3179,1693
3179,1698
3179,3157
3179,3163
3179,3177
3179,3180
3180,1612
3180,1613
3180,1623
3180,1639
3180,1641
3180,1645
3180,1646
3180,1659
3180,1662
3180,1674
3180,1678
3180,1680
3180,1685
3180,1693
3180,3155
3180,3163
3180,3167
3180,3172
3180,3175
3180,3179
3180,3185
3180,3193
3181,7
3181,100
3181,137
3181,151
3181,188
3181,204
3181,294
3181,651
3181,782
3181,1657
3181,1687
3181,2448
3181,2591
3181,3169
3182,1357
3182,1616
3182,1632
3182,1638
3182,1662
3182,1665
3182,1668
3182,1669
3182,1686
3182,3155
3182,3157
3182,3160
3182,3164
3182,3167
3182,3173
3182,3184
3182,3185
3182,3190
3182,3194
3183,1609
3183,1620
3183,1628
3183,1635
3183,1637
3183,1647
3183,1649
3183,1651
3183,1672
3183,1686
3183,1691
3183,1754
3183,3156
3183,3159
3183,3161
3183,3170
3183,3173
3183,3188
3183,3191
3184,1601
3184,1616
3184,1625
3184,1637
3184,1662
3184,1665
3184,1669
3184,1673
3184,1680
3184,1686
3184,1693
3184,1696
3184,3155
3184,3157
3184,3160
3184,3164
3184,3167
3184,3170
3184,3173
3184,3182
3184,3185
3184,3188
3184,3189
3184,3194
3185,1616
3185,1632
3185,1662
3185,1665
3185,1666
3185,1668
3185,3157
3185,3164
3185,3167
3185,3173
3185,3180
3185,3182
3185,3184
3185,3189
3185,3190
3186,1626
3186,1627
3186,1636
3186,1640
3186,1656
3186,1663
3186,1664
3186,1665
3186,1668
3186,1677
3186,1683
3186,3162
3186,3171
3186,3178
3186,3187
3186,3189
3187,1627
3187,1636
3187,1640
3187,1654
3187,1656
3187,1663
3187,1665
3187,1683
3187,1699
3187,3157
3187,3162
3187,3171
3187,3177
3187,3178
3187,3186
3187,3189
3188,1601
3188,1609
3188,1611
3188,1618
3188,1620
3188,1628
3188,1631
3188,1634
3188,1637
3188,1647
3188,1649
3188,1651
3188,1686
3188,3156
3188,3159
3188,3161
3188,3170
3188,3173
3188,3183
3188,3184
3189,1601
3189,1645
3189,1656
3189,1662
3189,1663
3189,1665
3189,1668
3189,1677
3189,1680
3189,1683
3189,1692
3189,3157
3189,3160
3189,3163
3189,3166
3189,3175
3189,3177
3189,3178
3189,3184
3189,3185
3189,3186
3189,3187
3190,1601
3190,1604
3190,1616
3190,1632
3190,1662
3190,1666
3190,1689
3190,3064
3190,3164
3190,3167
3190,3170
3190,3173
3190,3174
3190,3182
3190,3185
3191,1601
3191,1608
3191,1618
3191,1620
3191,1631
3191,1635
3191,1637
3191,1647
3191,1648
3191,1651
3191,1655
3191,1672
3191,1678
3191,1684
3191,3158
3191,3159
3191,3161
3191,3165
3191,3172
3191,3183
3192,139
3192,154
3192,159
3192,516
3192,530
3192,568
3192,591
3192,595
3192,628
3192,632
3192,660
3192,895
3192,1065
3192,1528
3192,1581
3192,1592
3192,1600
3192,1661
3192,1697
3192,1714
3192,1792
3192,2556
3192,2560
3192,2573
3192,2723
3192,2733
3192,3305
3193,1632
3193,1642
3193,1646
3193,1656
3193,1658
3193,1667
3193,1682
3193,1692
3193,1699
3193,3163
3193,3166
3193,3167
3193,3175
3193,3177
3193,3180
3194,1601
3194,1611
3194,1618
3194,1662
3194,1665
3194,1673
3194,1680
3194,1695
3194,1696
3194,3157
3194,3170
3194,3173
3194,3182
3194,3184
3195,1702
3195,1712
3195,1725
3195,1730
3195,1731
3195,1735
3195,1743
3195,1748
3195,1755
3195,1757
3195,1768
3195,1769
3195,1770
3195,3227
3195,3228
3195,3229
3196,1705
3196,1714
3196,1716
3196,1717
3196,1722
3196,1733
3196,1734
3196,1773
3196,1776
3196,1779
3196,1791
3196,1798
3196,3208
3196,3223
3196,3231
3197,1702
3197,1703
3197,1706
3197,1709
3197,1710
3197,1711
3197,1715
3197,1724
3197,1725
3197,1726
3197,1735
3197,1736
3197,1741
3197,1742
3197,1744
3197,1747
3197,1750
3197,1755
3197,1756
3197,1758
3197,1760
3197,1763
3197,1768
3197,1769
3197,1775
3197,1781
3197,1782
3197,1787
3197,1788
3197,1789
3197,1790
3197,1796
3197,3200
3197,3202
3197,3204
3197,3209
3197,3213
3197,3217
3197,3218
3197,3219
3197,3221
3197,3222
3197,3229
3197,3230
3198,127
3198,524
3198,533
3198,548
3198,582
3198,583
3198,584
3198,1421
3198,1607
3198,1619
3198,1621
3198,1622
3198,1679
3198,1697
3198,1722
3198,1791
3198,1795
3198,2456
3199,1721
3199,1731
3199,1733
3199,1745
3199,1757
3199,1758
3199,1778
3199,1779
3199,1798
3199,3203
3199,3217
3199,3227
3199,3228
3199,3232
3200,1709
3200,1712
3200,1719
3200,1725
3200,1736
3200,1746
3200,1747
3200,1755
3200,1761
3200,1775
3200,1782
3200,1787
3200,1789
3200,1790
3200,1796
3200,3197
3200,3202
3200,3214
3200,3218
3200,3221
3200,3229
3200,3230
3200,3232
3201,1700
3201,1709
3201,1710
3201,1719
3201,1731
3201,1732
3201,1742
3201,1745
3201,1747
3201,1748
3201,1782
3201,1787
3201,1790
3201,3213
3201,3218
3201,3220
3201,3221
3201,3225
3201,3226
3201,3233
3202,1702
3202,1710
3202,1713
3202,1719
3202,1721
3202,1730
3202,1731
3202,1736
3202,1747
3202,1750
3202,1755
3202,1759
3202,3197
3202,3200
3202,3203
3202,3204
3202,3218
3202,3222
3202,3232
3203,1702
3203,1721
3203,1730
3203,1743
3203,1746
3203,1750
3203,1755
3203,1758
3203,1759
3203,1768
3203,1782
3203,3199
3203,3202
3203,3222
3203,3229
3203,3232
3204,1703
3204,1709
3204,1713
3204,1715
3204,1719
3204,1724
3204,1727
3204,1737
3204,1739
3204,1741
3204,1750
3204,1755
3204,1759
3204,1775
3204,1778
3204,1780
3204,3197
3204,3202
3204,3209
3204,3213
3204,3215
3204,3230
3204,3234
3205,1630
3205,1691
3205,1728
3205,1732
3205,1751
3205,1752
3205,1754
3205,1767
3205,1771
3205,1783
3205,1784
3205,1786
3205,1797
3205,3216
3206,501
3206,504
3206,510
3206,521
3206,567
3206,1433
3206,1443
3206,1445
3206,1486
3206,1494
3206,1653
3206,1705
3206,1707
3206,1795
3206,1799
3206,2727
3206,3105
3206,3231
3207,522
3207,524
3207,542
3207,551
3207,1504
3207,1505
3207,1536
3207,1544
3207,1546
3207,1563
3207,1568
3207,1584
3207,1585
3207,1798
3207,3069
3207,3142
3207,3146
3207,3152
3207,3153
3207,3223
3208,1437
3208,1455
3208,1477
3208,1482
3208,1494
3208,1499
3208,1705
3208,1714
3208,1716
3208,1721
3208,1722
3208,1723
3208,1734
3208,1766
3208,1776
3208,1785
3208,1791
3208,3107
3208,3111
3208,3196
3208,3223
3208,3231
3209,1701
3209,1703
3209,1706
3209,1709
3209,1713
3209,1715
3209,1726
3209,1739
3209,1740
3209,1741
3209,1744
3209,1756
3209,1775
3209,1780
3209,1786
3209,1788
3209,1794
3209,3197
3209,3204
3209,3210
3209,3212
3209,3213
3209,3215
3209,3216
3209,3219
3209,3234
3210,1701
3210,1713
3210,1726
3210,1727
3210,1744
3210,1749
3210,1753
3210,1756
3210,1777
3210,1780
3210,1786
3210,2383
3210,3209
3210,3212
3210,3213
3210,3216
3210,3224
3211,1704
3211,1708
3211,1718
3211,1729
3211,1735
3211,1742
3211,1763
3211,1765
3211,1767
3211,1769
3211,1772
3211,1777
3211,1783
3211,1784
3211,3220
3211,3222
3211,3224
3211,3225
3211,3226
3212,1701
3212,1704
3212,1741
3212,1749
3212,1753
3212,1762
3212,1765
3212,1767
3212,1772
3212,1777
3212,1783
3212,1786
3212,1797
3212,3209
3212,3210
3212,3213
3212,3216
3212,3224
3212,3234
3213,1701
3213,1706
3213,1709
3213,1711
3213,1713
3213,1715
3213,1724
3213,1726
3213,1727
3213,1735
3213,1736
3213,1739
3213,1740
3213,1741
3213,1744
3213,1747
3213,1749
3213,1756
3213,1763
3213,1775
3213,1786
3213,1787
3213,1789
3213,1790
3213,1794
3213,2397
3213,3197
3213,3201
3213,3204
3213,3209
3213,3210
3213,3212
3213,3215
3213,3219
3213,3220
3213,3224
3214,1709
3214,1761
3214,1789
3214,2385
3214,2397
3214,2399
3214,2407
3214,2415
3214,2426
3214,2444
3214,3200
3214,3218
3214,3472
3214,3482
3214,3487
3215,1703
3215,1709
3215,1713
3215,1724
3215,1726
3215,1727
3215,1737
3215,1739
3215,1740
3215,1744
3215,1750
3215,1751
3215,1755
3215,1759
3215,1775
3215,1778
3215,1780
3215,1788
3215,3204
3215,3209
3215,3213
3215,3219
3215,3234
3216,1701
3216,1704
3216,1708
3216,1749
3216,1752
3216,1753
3216,1756
3216,1760
3216,1762
3216,1765
3216,1767
3216,1772
3216,1777
3216,1783
3216,1784
3216,1786
3216,1797
3216,3205
3216,3209
3216,3210
3216,3212
3216,3220
3216,3226
3217,1724
3217,1725
3217,1728
3217,1730
3217,1731
3217,1737
3217,1739
3217,1742
3217,1743
3217,1745
3217,1746
3217,1755
3217,1757
3217,1758
3217,1782
3217,1794
3217,3197
3217,3199
3217,3227
3217,3230
3218,1709
3218,1712
3218,1715
3218,1719
3218,1732
3218,1736
3218,1747
3218,1750
3218,1755
3218,1761
3218,1768
3218,1775
3218,1782
3218,1787
3218,1789
3218,1790
3218,3197
3218,3200
3218,3201
3218,3202
3218,3214
3218,3219
3218,3221
3218,3229
3218,3230
3218,3232
3219,1706
3219,1709
3219,1710
3219,1711
3219,1715
3219,1724
3219,1725
3219,1739
3219,1740
3219,1741
3219,1744
3219,1747
3219,1750
3219,1763
3219,1769
3219,1772
3219,1775
3219,1781
3219,1782
3219,1787
3219,1788
3219,1790
3219,3197
3219,3209
3219,3213
3219,3215
3219,3218
3219,3221
3220,1704
3220,1732
3220,1735
3220,1742
3220,1748
3220,1753
3220,1765
3220,1777
3220,1783
3220,1790
3220,3201
3220,3211
3220,3213
3220,3216
3220,3225
3220,3226
3220,3233
3221,1709
3221,1711
3221,1712
3221,1719
3221,1725
3221,1743
3221,1746
3221,1747
3221,1761
3221,1768
3221,1782
3221,1787
3221,1788
3221,1789
3221,1796
3221,3197
3221,3200
3221,3201
3221,3218
3221,3219
3221,3227
3221,3229
3221,3230
3222,1700
3222,1702
3222,1710
3222,1724
3222,1731
3222,1741
3222,1742
3222,1756
3222,1759
3222,1760
3222,1768
3222,1784
3222,3197
3222,3202
3222,3203
3222,3211
3222,3225
3222,3226
3222,3228
3223,524
3223,1653
3223,1714
3223,1716
3223,1717
3223,1720
3223,1722
3223,1723
3223,1733
3223,1734
3223,1766
3223,1773
3223,1779
3223,1791
3223,1795
3223,1798
3223,3196
3223,3207
3223,3208
3224,1701
3224,1704
3224,1708
3224,1709
3224,1718
3224,1729
3224,1744
3224,1749
3224,1753
3224,1767
3224,1772
3224,1777
3224,1783
3224,1786
3224,2397
3224,2430
3224,3210
3224,3211
3224,3212
3224,3213
3224,3225
3225,1700
3225,1702
3225,1704
3225,1710
3225,1729
3225,1735
3225,1741
3225,1742
3225,1748
3225,1749
3225,1753
3225,1760
3225,1763
3225,1768
3225,1777
3225,1784
3225,3201
3225,3211
3225,3220
3225,3222
3225,3224
3225,3226
3225,3228
3226,1700
3226,1702
3226,1704
3226,1710
3226,1718
3226,1729
3226,1732
3226,1742
3226,1748
3226,1749
3226,1752
3226,1753
3226,1760
3226,1762
3226,1765
3226,1767
3226,1777
3226,3201
3226,3211
3226,3216
3226,3220
3226,3222
3226,3225
3226,3233
3227,1725
3227,1735
3227,1743
3227,1745
3227,1746
3227,1747
3227,1748
3227,1755
3227,1757
3227,1763
3227,1768
3227,1781
3227,1787
3227,1794
3227,1796
3227,3195
3227,3199
3227,3217
3227,3221
3227,3229
3227,3230
3228,1710
3228,1712
3228,1725
3228,1757
3228,1769
3228,1774
3228,1781
3228,1788
3228,2404
3228,3195
3228,3199
3228,3222
3228,3225
3228,3232
3229,1709
3229,1712
3229,1719
3229,1725
3229,1730
3229,1743
3229,1746
3229,1747
3229,1755
3229,1761
3229,1768
3229,1782
3229,1787
3229,1790
3229,3195
3229,3197
3229,3200
3229,3203
3229,3218
3229,3221
3229,3227
3229,3230
3229,3232
3230,1719
3230,1724
3230,1745
3230,1747
3230,1755
3230,1789
3230,1796
3230,3197
3230,3200
3230,3204
3230,3217
3230,3218
3230,3221
3230,3227
3230,3229
3231,1499
3231,1653
3231,1705
3231,1716
3231,1717
3231,1722
3231,1733
3231,1734
3231,1766
3231,1776
3231,1779
3231,1785
3231,1798
3231,3196
3231,3206
3231,3208
3232,1710
3232,1712
3232,1713
3232,1719
3232,1721
3232,1731
3232,1746
3232,1750
3232,1755
3232,1758
3232,1759
3232,1764
3232,1778
3232,1779
3232,1782
3232,3199
3232,3200
3232,3202
3232,3203
3232,3218
3232,3228
3232,3229
3233,1710
3233,1718
3233,1729
3233,1749
3233,1753
3233,1762
3233,1765
3233,1767
3233,1777
3233,1787
3233,1790
3233,3201
3233,3220
3233,3226
3234,1706
3234,1737
3234,1739
3234,1751
3234,1754
3234,1763
3234,1774
3234,1775
3234,1780
3234,1788
3234,1794
3234,3204
3234,3209
3234,3212
3234,3215
3235,173
3235,615
3235,619
3235,625
3235,1024
3235,1148
3235,1800
3235,1802
3235,1805
3235,1806
3235,1833
3235,1849
3235,1850
3235,1857
3235,1861
3235,1873
3235,1884
3235,2574
3235,2581
3235,2767
3235,2939
3235,3242
3235,3243
3235,3249
3235,3260
3235,3273
3236,601
3236,619
3236,676
3236,698
3236,1804
3236,1806
3236,1818
3236,1821
3236,1822
3236,1823
3236,1824
3236,1833
3236,1836
3236,1846
3236,1849
3236,1855
3236,1857
3236,1859
3236,1861
3236,1862
3236,1867
3236,1869
3236,1878
3236,1882
3236,1888
3236,1898
3236,1899
3236,2760
3236,3241
3236,3250
3236,3252
3236,3260
3237,1060
3237,1804
3237,1809
3237,1815
3237,1816
3237,1825
3237,1828
3237,1837
3237,1843
3237,1848
3237,1856
3237,1862
3237,1875
3237,1879
3237,1880
3237,1888
3237,1898
3237,1899
3237,3238
3237,3241
3237,3245
3237,3248
3237,3254
3237,3257
3237,3258
3237,3265
3237,3267
3237,3269
3238,181
3238,1012
3238,1806
3238,1809
3238,1816
3238,1817
3238,1825
3238,1826
3238,1827
3238,1828
3238,1844
3238,1856
3238,1858
3238,1862
3238,1868
3238,1879
3238,1886
3238,1888
3238,1892
3238,1899
3238,3237
3238,3241
3238,3245
3238,3251
3238,3261
3238,3265
3238,3269
3238,3270
3238,3271
3238,3274
3239,1005
3239,1008
3239,1017
3239,1025
3239,1046
3239,1079
3239,1801
3239,1807
3239,1810
3239,1819
3239,1831
3239,1839
3239,1840
3239,1847
3239,1854
3239,1895
3239,2568
3239,2917
3239,2943
3239,2948
3239,2951
3239,2954
3239,3256
3239,3268
3240,601
3240,1803
3240,1811
3240,1813
3240,1818
3240,1823
3240,1824
3240,1827
3240,1834
3240,1837
3240,1848
3240,1855
3240,1857
3240,1860
3240,1861
3240,1874
3240,1875
3240,1882
3240,1889
3240,1891
3240,1892
3240,1896
3240,2766
3240,2770
3240,2788
3240,2793
3240,3248
3240,3250
3240,3252
3240,3255
3240,3263
3240,3266
3240,3267
3241,1815
3241,1836
3241,1837
3241,1846
3241,1848
3241,1850
3241,1861
3241,1878
3241,1884
3241,1888
3241,1898
3241,2918
3241,2949
3241,3236
3241,3237
3241,3238
3241,3260
3241,3261
3242,166
3242,610
3242,673
3242,674
3242,1020
3242,1062
3242,1093
3242,1149
3242,1806
3242,1828
3242,1859
3242,1862
3242,1870
3242,1884
3242,2581
3242,2756
3242,2763
3242,2767
3242,3235
3242,3243
3242,3270
3242,3273
3243,166
3243,181
3243,197
3243,1004
3243,1012
3243,1020
3243,1023
3243,1047
3243,1062
3243,1073
3243,1821
3243,1828
3243,1835
3243,1839
3243,1846
3243,1850
3243,1852
3243,1856
3243,1862
3243,1868
3243,1870
3243,1884
3243,2594
3243,3235
3243,3242
3243,3245
3243,3254
3243,3260
3243,3261
3243,3270
3244,109
3244,160
3244,163
3244,174
3244,608
3244,1132
3244,1139
3244,1189
3244,1804
3244,1815
3244,1840
3244,1854
3244,1881
3244,1897
3244,2582
3244,2955
3244,2972
3244,3259
3245,101
3245,121
3245,181
3245,1004
3245,1012
3245,1020
3245,1040
3245,1818
3245,1828
3245,1837
3245,1839
3245,1846
3245,1852
3245,1860
3245,1872
3245,1887
3245,1888
3245,1893
3245,1896
3245,2574
3245,2594
3245,2939
3245,2949
3245,3237
3245,3238
3245,3243
3245,3246
3245,3252
3245,3263
3245,3267
3245,3269
3246,181
3246,1060
3246,1064
3246,1823
3246,1825
3246,1848
3246,1861
3246,1880
3246,1888
3246,1889
3246,2574
3246,3245
3246,3249
3246,3252
3246,3262
3246,3266
3246,3269
3247,109
3247,131
3247,198
3247,621
3247,647
3247,696
3247,1135
3247,1139
3247,1191
3247,1807
3247,1842
3247,1853
3247,1854
3247,1877
3247,1921
3247,2768
3247,3264
3247,3268
3247,3312
3248,1803
3248,1811
3248,1813
3248,1818
3248,1823
3248,1824
3248,1834
3248,1837
3248,1843
3248,1844
3248,1848
3248,1860
3248,1871
3248,1874
3248,1875
3248,1880
3248,1889
3248,1891
3248,1892
3248,2766
3248,2788
3248,3237
3248,3240
3248,3252
3248,3255
3248,3263
3248,3265
3248,3266
3248,3269
3249,186
3249,625
3249,1060
3249,1066
3249,1802
3249,1825
3249,1848
3249,1850
3249,1861
3249,1875
3249,1888
3249,1889
3249,1894
3249,2574
3249,3235
3249,3246
3249,3250
3249,3252
3249,3266
3250,601
3250,619
3250,673
3250,1800
3250,1804
3250,1805
3250,1815
3250,1818
3250,1836
3250,1837
3250,1843
3250,1850
3250,1854
3250,1857
3250,1861
3250,1873
3250,1874
3250,1875
3250,1882
3250,1884
3250,1888
3250,1897
3250,1898
3250,2770
3250,3236
3250,3240
3250,3249
3250,3254
3250,3258
3251,1809
3251,1823
3251,1827
3251,1848
3251,1861
3251,1868
3251,1869
3251,1888
3251,1899
3251,3238
3251,3253
3251,3266
3251,3269
3251,3271
3252,1064
3252,1806
3252,1813
3252,1818
3252,1823
3252,1837
3252,1848
3252,1861
3252,1874
3252,1875
3252,1896
3252,2788
3252,2793
3252,3236
3252,3240
3252,3245
3252,3246
3252,3248
3252,3249
3252,3266
3252,3267
3253,1808
3253,1812
3253,1821
3253,1823
3253,1827
3253,1834
3253,1848
3253,1855
3253,1860
3253,1868
3253,1886
3253,1888
3253,1892
3253,1899
3253,2793
3253,3251
3253,3255
3253,3271
3253,3274
3254,608
3254,1030
3254,1804
3254,1812
3254,1837
3254,1850
3254,1852
3254,1857
3254,1861
3254,1862
3254,1884
3254,1888
3254,1896
3254,3237
3254,3243
3254,3250
3254,3258
3255,1803
3255,1811
3255,1812
3255,1813
3255,1818
3255,1823
3255,1824
3255,1834
3255,1848
3255,1860
3255,1882
3255,1891
3255,1892
3255,2788
3255,2793
3255,3240
3255,3248
3255,3253
3256,120
3256,144
3256,174
3256,650
3256,669
3256,671
3256,1107
3256,1139
3256,1151
3256,1801
3256,1810
3256,1840
3256,1984
3256,2565
3256,2570
3256,3239
3257,1012
3257,1812
3257,1814
3257,1819
3257,1837
3257,1840
3257,1841
3257,1844
3257,1845
3257,1860
3257,1872
3257,1887
3257,1895
3257,2927
3257,3237
3257,3259
3257,3274
3258,1023
3258,1024
3258,1802
3258,1815
3258,1821
3258,1828
3258,1836
3258,1846
3258,1848
3258,1852
3258,1857
3258,1865
3258,1875
3258,1884
3258,1888
3258,1896
3258,2594
3258,3237
3258,3250
3258,3254
3259,102
3259,140
3259,162
3259,167
3259,174
3259,1840
3259,1881
3259,1887
3259,1895
3259,1990
3259,2936
3259,2943
3259,3244
3259,3257
3260,604
3260,619
3260,666
3260,676
3260,1047
3260,1060
3260,1062
3260,1090
3260,1800
3260,1802
3260,1804
3260,1805
3260,1822
3260,1828
3260,1836
3260,1846
3260,1849
3260,1850
3260,1859
3260,1861
3260,1867
3260,1878
3260,1884
3260,1894
3260,2918
3260,2949
3260,3235
3260,3236
3260,3241
3260,3243
3260,3261
3261,676
3261,1806
3261,1809
3261,1816
3261,1821
3261,1822
3261,1828
3261,1846
3261,1862
3261,1888
3261,1899
3261,3238
3261,3241
3261,3243
3261,3260
3262,1813
3262,1823
3262,1824
3262,1826
3262,1827
3262,1848
3262,1850
3262,1861
3262,1867
3262,1869
3262,1888
3262,1889
3262,1899
3262,2760
3262,3246
3262,3266
3262,3269
3263,101
3263,119
3263,608
3263,683
3263,1130
3263,1198
3263,1811
3263,1813
3263,1837
3263,1860
3263,1864
3263,1896
3263,2973
3263,3240
3263,3245
3263,3248
3264,109
3264,120
3264,131
3264,187
3264,198
3264,621
3264,696
3264,1107
3264,1807
3264,1810
3264,1831
3264,1847
3264,1853
3264,1854
3264,1863
3264,1877
3264,2917
3264,2951
3264,3247
3264,3268
3265,1806
3265,1808
3265,1809
3265,1814
3265,1816
3265,1823
3265,1843
3265,1844
3265,1879
3265,1888
3265,1899
3265,3237
3265,3238
3265,3248
3265,3269
3266,1803
3266,1813
3266,1823
3266,1825
3266,1834
3266,1843
3266,1848
3266,1855
3266,1857
3266,1861
3266,1869
3266,1875
3266,1880
3266,1888
3266,1889
3266,1891
3266,1896
3266,2594
3266,2793
3266,3240
3266,3246
3266,3248
3266,3249
3266,3251
3266,3252
3266,3262
3266,3269
3267,625
3267,689
3267,1060
3267,1088
3267,1813
3267,1837
3267,1848
3267,1861
3267,1874
3267,1875
3267,1880
3267,1889
3267,1894
3267,1896
3267,3237
3267,3240
3267,3245
3267,3252
3268,109
3268,120
3268,187
3268,621
3268,1008
3268,1011
3268,1110
3268,1807
3268,1831
3268,1854
3268,1877
3268,2565
3268,2951
3268,3239
3268,3247
3268,3264
3269,181
3269,676
3269,1813
3269,1825
3269,1826
3269,1828
3269,1832
3269,1834
3269,1837
3269,1843
3269,1850
3269,1856
3269,1858
3269,1861
3269,1864
3269,1869
3269,1888
3269,1889
3269,1896
3269,1899
3269,3237
3269,3238
3269,3245
3269,3246
3269,3248
3269,3251
3269,3262
3269,3265
3269,3266
3269,3271
3270,166
3270,181
3270,1020
3270,1806
3270,1809
3270,1816
3270,1817
3270,1826
3270,1828
3270,1832
3270,1856
3270,1879
3270,1886
3270,3238
3270,3242
3270,3243
3270,3273
3271,181
3271,1808
3271,1809
3271,1817
3271,1821
3271,1823
3271,1827
3271,1839
3271,1844
3271,1868
3271,1899
3271,3238
3271,3251
3271,3253
3271,3269
3271,3274
3272,136
3272,172
3272,183
3272,610
3272,684
3272,690
3272,699
3272,1149
3272,1165
3272,1185
3272,1197
3272,1801
3272,1819
3272,1835
3272,1838
3272,1841
3272,1845
3272,1872
3272,1885
3272,1895
3272,2756
3272,2789
3272,3303
3273,610
3273,674
3273,676
3273,682
3273,1020
3273,1806
3273,1816
3273,1821
3273,1832
3273,1862
3273,1870
3273,3235
3273,3242
3273,3270
3274,1809
3274,1814
3274,1816
3274,1817
3274,1827
3274,1837
3274,1843
3274,1844
3274,1860
3274,1868
3274,1880
3274,1888
3274,1898
3274,3238
3274,3253
3274,3257
3274,3271
3275,622
3275,637
3275,655
3275,1180
3275,1913
3275,1925
3275,1939
3275,1942
3275,1961
3275,1962
3275,1967
3275,1968
3275,1974
3275,1982
3275,2772
3275,2776
3275,3285
3275,3299
3275,3300
3275,3301
3275,3308
3276,670
3276,672
3276,1877
3276,1921
3276,1927
3276,1945
3276,1981
3276,1987
3276,2961
3276,3292
3276,3294
3276,3296
3276,3309
3276,3311
3276,3312
3277,165
3277,169
3277,620
3277,1603
3277,1907
3277,1910
3277,1914
3277,1926
3277,1929
3277,1943
3277,1947
3277,1949
3277,1964
3277,1971
3277,1972
3277,1985
3277,3176
3277,3287
3277,3306
3277,3314
3278,108
3278,199
3278,611
3278,616
3278,634
3278,640
3278,654
3278,699
3278,1183
3278,1924
3278,1957
3278,1983
3278,2772
3278,2969
3278,3308
3279,631
3279,640
3279,686
3279,690
3279,699
3279,1820
3279,1908
3279,1920
3279,1924
3279,1955
3279,1957
3279,1984
3279,1987
3279,2774
3279,2780
3279,2791
3279,2983
3279,3284
3279,3296
3279,3311
3280,633
3280,639
3280,1691
3280,1903
3280,1912
3280,1935
3280,1939
3280,1942
3280,1944
3280,1958
3280,1959
3280,1963
3280,1965
3280,1980
3280,1992
3280,3286
3280,3295
3281,130
3281,640
3281,658
3281,694
3281,697
3281,1129
3281,1902
3281,1904
3281,1906
3281,1915
3281,1939
3281,1948
3281,1951
3281,1969
3281,1995
3281,3304
3282,130
3282,506
3282,605
3282,630
3282,651
3282,652
3282,664
3282,1907
3282,1915
3282,1926
3282,1947
3282,1966
3282,1972
3282,1976
3282,1985
3282,1986
3282,1989
3282,1994
3282,1998
3282,2761
3282,2785
3282,2931
3282,3297
3282,3310
3282,3314
3283,607
3283,622
3283,633
3283,655
3283,689
3283,1901
3283,1917
3283,1919
3283,1928
3283,1942
3283,1944
3283,1956
3283,1958
3283,1961
3283,1962
3283,1963
3283,1965
3283,1967
3283,1968
3283,3300
3283,3301
3283,3308
3284,613
3284,618
3284,663
3284,1900
3284,1908
3284,1909
3284,1921
3284,1931
3284,1933
3284,1941
3284,1955
3284,1971
3284,1984
3284,1987
3284,1993
3284,2755
3284,2791
3284,2983
3284,3279
3284,3294
3284,3311
3284,3312
3285,622
3285,634
3285,637
3285,655
3285,689
3285,1172
3285,1913
3285,1932
3285,1956
3285,1961
3285,1973
3285,3275
3285,3301
3285,3308
3285,3309
3286,622
3286,637
3286,639
3286,1691
3286,1901
3286,1912
3286,1935
3286,1942
3286,1944
3286,1945
3286,1956
3286,1958
3286,1961
3286,1963
3286,1965
3286,1973
3286,1992
3286,1996
3286,3280
3286,3300
3286,3301
3286,3308
3287,103
3287,155
3287,161
3287,165
3287,169
3287,196
3287,620
3287,1015
3287,1905
3287,1910
3287,1949
3287,1985
3287,2555
3287,3174
3287,3176
3287,3277
3287,3297
3287,3302
3287,3306
3288,609
3288,612
3288,646
3288,678
3288,1901
3288,1920
3288,1923
3288,1928
3288,1937
3288,1952
3288,1956
3288,1957
3288,1973
3288,1991
3288,1996
3288,3289
3288,3290
3288,3291
3288,3292
3288,3298
3288,3308
3288,3311
3289,646
3289,649
3289,670
3289,678
3289,690
3289,691
3289,1923
3289,1928
3289,1937
3289,1945
3289,1952
3289,1956
3289,1957
3289,1959
3289,1978
3289,1996
3289,3288
3289,3290
3289,3291
3289,3292
3289,3298
3290,646
3290,649
3290,678
3290,691
3290,1923
3290,1928
3290,1952
3290,1957
3290,1978
3290,1991
3290,1996
3290,3288
3290,3289
3290,3291
3290,3292
3290,3311
3291,649
3291,678
3291,691
3291,1901
3291,1903
3291,1923
3291,1928
3291,1952
3291,1959
3291,1978
3291,1990
3291,1991
3291,1996
3291,3288
3291,3289
3291,3290
3291,3292
3291,3298
3291,3299
3291,3308
3292,670
3292,678
3292,1183
3292,1923
3292,1957
3292,1996
3292,2791
3292,2983
3292,3276
3292,3288
3292,3289
3292,3290
3292,3291
3292,3309
3292,3311
3293,622
3293,633
3293,1903
3293,1919
3293,1935
3293,1942
3293,1944
3293,1954
3293,1963
3293,1967
3293,1968
3293,1974
3293,1977
3293,1982
3293,1990
3293,1992
3293,1997
3293,2772
3294,109
3294,646
3294,670
3294,672
3294,688
3294,1095
3294,1877
3294,1909
3294,1920
3294,1921
3294,1927
3294,1931
3294,1945
3294,1953
3294,1981
3294,1987
3294,2592
3294,2983
3294,3276
3294,3284
3294,3296
3294,3311
3294,3312
3295,607
3295,633
3295,640
3295,1911
3295,1912
3295,1942
3295,1945
3295,1958
3295,1961
3295,1965
3295,1977
3295,1980
3295,3280
3295,3301
3296,192
3296,631
3296,650
3296,1099
3296,1104
3296,1820
3296,1953
3296,1957
3296,1978
3296,1981
3296,1984
3296,2983
3296,3276
3296,3279
3296,3294
3296,3303
3296,3309
3297,103
3297,133
3297,155
3297,165
3297,620
3297,1015
3297,1032
3297,1096
3297,1914
3297,1916
3297,1926
3297,1976
3297,1985
3297,1986
3297,1994
3297,1999
3297,2555
3297,2583
3297,3282
3297,3287
3297,3302
3298,649
3298,1903
3298,1922
3298,1923
3298,1928
3298,1937
3298,1956
3298,1990
3298,1991
3298,2783
3298,3288
3298,3289
3298,3291
3298,3299
3298,3308
3299,649
3299,691
3299,693
3299,694
3299,1123
3299,1903
3299,1913
3299,1917
3299,1919
3299,1922
3299,1923
3299,1932
3299,1937
3299,1954
3299,1967
3299,1974
3299,1982
3299,1983
3299,1990
3299,1991
3299,2772
3299,2986
3299,3275
3299,3291
3299,3298
3299,3308
3300,622
3300,639
3300,655
3300,689
3300,1172
3300,1917
3300,1935
3300,1942
3300,1958
3300,1961
3300,1963
3300,1965
3300,1967
3300,1968
3300,3275
3300,3283
3300,3286
3300,3301
3301,622
3301,1172
3301,1912
3301,1917
3301,1942
3301,1945
3301,1958
3301,1961
3301,1962
3301,1963
3301,1965
3301,3275
3301,3283
3301,3285
3301,3286
3301,3295
3301,3300
3301,3308
3302,165
3302,620
3302,677
3302,1015
3302,1905
3302,1910
3302,1929
3302,1943
3302,1949
3302,1960
3302,1985
3302,3174
3302,3287
3302,3297
3302,3306
3303,136
3303,654
3303,661
3303,680
3303,683
3303,690
3303,1018
3303,1038
3303,1106
3303,1136
3303,1137
3303,1155
3303,1173
3303,1188
3303,1911
3303,1978
3303,2774
3303,2789
3303,2958
3303,2969
3303,2994
3303,3272
3303,3296
3304,122
3304,199
3304,640
3304,694
3304,697
3304,1186
3304,1932
3304,1939
3304,1942
3304,1948
3304,1969
3304,1983
3304,1992
3304,1995
3304,3281
3305,132
3305,139
3305,184
3305,510
3305,548
3305,632
3305,660
3305,895
3305,1607
3305,1619
3305,1679
3305,1697
3305,1791
3305,1792
3305,1960
3305,1993
3305,2560
3305,2573
3305,2584
3305,3192
3306,103
3306,161
3306,165
3306,169
3306,630
3306,651
3306,1575
3306,1594
3306,1905
3306,1910
3306,1914
3306,1918
3306,1926
3306,1929
3306,1934
3306,1947
3306,1964
3306,1972
3306,1976
3306,1985
3306,1986
3306,1998
3306,3174
3306,3277
3306,3287
3306,3302
3306,3314
3306,3437
3307,137
3307,151
3307,188
3307,605
3307,630
3307,651
3307,1694
3307,1914
3307,1916
3307,1926
3307,1950
3307,1964
3307,2591
3307,3122
3307,3169
3307,3314
3308,622
3308,633
3308,634
3308,649
3308,691
3308,1172
3308,1901
3308,1903
3308,1911
3308,1913
3308,1919
3308,1922
3308,1923
3308,1928
3308,1932
3308,1937
3308,1942
3308,1944
3308,1952
3308,1956
3308,1957
3308,1958
3308,1963
3308,1965
3308,1967
3308,1973
3308,1974
3308,1975
3308,1978
3308,1982
3308,1983
3308,1990
3308,1991
3308,1992
3308,1996
3308,2783
3308,2986
3308,3165
3308,3275
3308,3278
3308,3283
3308,3285
3308,3286
3308,3288
3308,3291
3308,3298
3308,3299
3308,3301
3309,672
3309,1104
3309,1106
3309,1136
3309,1157
3309,1172
3309,1911
3309,1956
3309,1973
3309,2974
3309,3276
3309,3285
3309,3292
3309,3296
3310,123
3310,130
3310,180
3310,185
3310,193
3310,602
3310,613
3310,620
3310,635
3310,677
3310,681
3310,1966
3310,1985
3310,1989
3310,1993
3310,2761
3310,2775
3310,3282
3311,612
3311,640
3311,1920
3311,1921
3311,1923
3311,1927
3311,1957
3311,1987
3311,2983
3311,3276
3311,3279
3311,3284
3311,3288
3311,3290
3311,3292
3311,3294
3311,3312
3312,618
3312,621
3312,629
3312,663
3312,670
3312,696
3312,1031
3312,1095
3312,1168
3312,1191
3312,1615
3312,1830
3312,1842
3312,1853
3312,1877
3312,1885
3312,1909
3312,1921
3312,1931
3312,1933
3312,1941
3312,1953
3312,1955
3312,1966
3312,1981
3312,1987
3312,1993
3312,2584
3312,2592
3312,2759
3312,2768
3312,2780
3312,2961
3312,3247
3312,3276
3312,3284
3312,3294
3312,3311
3313,627
3313,658
3313,1902
3313,1904
3313,1906
3313,1907
3313,1934
3313,1938
3313,1946
3313,1947
3313,1951
3313,1972
3313,1976
3313,1986
3313,1995
3313,1999
3313,2785
3314,630
3314,651
3314,652
3314,1537
3314,1575
3314,1576
3314,1657
3314,1914
3314,1916
3314,1926
3314,1929
3314,1934
3314,1947
3314,1950
3314,1964
3314,1972
3314,1976
3314,1985
3314,1986
3314,1998
3314,1999
3314,2591
3314,2785
3314,3145
3314,3277
3314,3282
3314,3306
3314,3307
3315,424
3315,432
3315,451
3315,465
3315,472
3315,479
3315,487
3315,2055
3315,2068
3315,2214
3315,2239
3315,2706
3315,3353
3315,3400
3316,340
3316,376
3316,383
3316,391
3316,427
3316,444
3316,530
3316,2019
3316,2079
3316,2101
3316,2170
3316,2649
3316,2701
3316,3386
3317,2000
3317,2002
3317,2003
3317,2012
3317,2013
3317,2016
3317,2020
3317,2026
3317,2036
3317,2046
3317,2047
3317,2052
3317,2063
3317,2076
3317,2080
3317,2093
3317,2135
3317,2159
3317,2197
3317,3322
3317,3341
3317,3388
3318,217
3318,2023
3318,2024
3318,2027
3318,2028
3318,2029
3318,2030
3318,2035
3318,2042
3318,2057
3318,2058
3318,2059
3318,2060
3318,2064
3318,2067
3318,2069
3318,2084
3318,2087
3318,2092
3318,2094
3318,2098
3318,2099
3318,2633
3318,3319
3318,3323
3318,3324
3318,3328
3318,3342
3318,3347
3319,258
3319,375
3319,2005
3319,2008
3319,2011
3319,2015
3319,2029
3319,2030
3319,2053
3319,2057
3319,2086
3319,2088
3319,2098
3319,3318
3319,3324
3319,3333
3319,3348
3320,245
3320,263
3320,443
3320,2001
3320,2004
3320,2006
3320,2009
3320,2013
3320,2018
3320,2021
3320,2033
3320,2041
3320,2043
3320,2047
3320,2049
3320,2051
3320,2063
3320,2070
3320,2072
3320,2080
3320,2089
3320,2090
3320,2095
3320,2099
3320,2112
3320,2138
3320,3324
3320,3327
3320,3329
3320,3334
3320,3337
3320,3347
3320,3352
3320,3354
3321,219
3321,226
3321,231
3321,237
3321,298
3321,2000
3321,2003
3321,2005
3321,2006
3321,2008
3321,2014
3321,2017
3321,2020
3321,2021
3321,2063
3321,2066
3321,2080
3321,2082
3321,2091
3321,2096
3321,2138
3321,2603
3321,2622
3321,3328
3321,3339
3322,231
3322,246
3322,2000
3322,2002
3322,2012
3322,2014
3322,2022
3322,2026
3322,2030
3322,2037
3322,2047
3322,2052
3322,2057
3322,2076
3322,2082
3322,2083
3322,2092
3322,2093
3322,2098
3322,2099
3322,2135
3322,2184
3322,2197
3322,2622
3322,3317
3322,3324
3322,3325
3322,3341
3322,3346
3322,3388
3323,203
3323,217
3323,263
3323,302
3323,360
3323,375
3323,381
3323,385
3323,395
3323,958
3323,996
3323,2019
3323,2028
3323,2034
3323,2035
3323,2042
3323,2059
3323,2060
3323,2074
3323,2084
3323,2085
3323,2087
3323,2091
3323,2098
3323,2616
3323,2666
3323,2706
3323,3318
3323,3408
3324,231
3324,2005
3324,2006
3324,2008
3324,2009
3324,2010
3324,2013
3324,2015
3324,2017
3324,2029
3324,2033
3324,2034
3324,2040
3324,2041
3324,2047
3324,2049
3324,2052
3324,2053
3324,2057
3324,2064
3324,2067
3324,2070
3324,2082
3324,2084
3324,2088
3324,2092
3324,2095
3324,2098
3324,2099
3324,3318
3324,3319
3324,3320
3324,3322
3324,3325
3324,3333
3324,3340
3324,3341
3324,3345
3325,231
3325,2013
3325,2022
3325,2029
3325,2034
3325,2040
3325,2052
3325,2057
3325,2082
3325,2086
3325,2098
3325,3322
3325,3324
3325,3341
3326,212
3326,230
3326,2025
3326,2031
3326,2037
3326,2038
3326,2039
3326,2044
3326,2045
3326,2046
3326,2071
3326,2073
3326,2077
3326,2607
3326,2634
3326,2692
3326,3331
3326,3332
3326,3350
3327,272
3327,2001
3327,2004
3327,2043
3327,2063
3327,2080
3327,2081
3327,2089
3327,2090
3327,2095
3327,2097
3327,3320
3327,3329
3327,3334
3327,3340
3327,3346
3327,3349
3328,207
3328,217
3328,231
3328,233
3328,234
3328,236
3328,237
3328,243
3328,246
3328,249
3328,298
3328,2000
3328,2005
3328,2006
3328,2008
3328,2009
3328,2017
3328,2021
3328,2041
3328,2092
3328,2099
3328,2138
3328,2612
3328,2616
3328,2622
3328,2623
3328,2625
3328,3318
3328,3321
3328,3329
3328,3340
3329,245
3329,263
3329,264
3329,270
3329,443
3329,2001
3329,2004
3329,2006
3329,2009
3329,2021
3329,2033
3329,2041
3329,2043
3329,2049
3329,2051
3329,2063
3329,2065
3329,2067
3329,2070
3329,2089
3329,2090
3329,2099
3329,2616
3329,2625
3329,3320
3329,3327
3329,3328
3329,3337
3329,3345
3329,3347
3330,214
3330,280
3330,288
3330,452
3330,2037
3330,2038
3330,2044
3330,2045
3330,2061
3330,2062
3330,2071
3330,2077
3330,2083
3330,2122
3330,2125
3330,2176
3330,2193
3330,2692
3330,3343
3330,3351
3330,3383
3331,277
3331,2011
3331,2012
3331,2022
3331,2039
3331,2044
3331,2046
3331,2048
3331,2050
3331,2053
3331,2071
3331,2073
3331,2074
3331,2075
3331,2086
3331,2098
3331,3326
3331,3341
3331,3348
3331,3350
3332,2026
3332,2036
3332,2037
3332,2044
3332,2046
3332,2071
3332,2073
3332,2076
3332,2078
3332,2081
3332,3326
3332,3335
3332,3338
3332,3339
3332,3343
3332,3349
3332,3350
3332,3351
3332,3391
3333,2008
3333,2011
3333,2022
3333,2028
3333,2057
3333,2063
3333,2082
3333,2084
3333,2088
3333,2098
3333,2099
3333,3319
3333,3324
3333,3341
3334,2003
3334,2004
3334,2013
3334,2014
3334,2020
3334,2047
3334,2063
3334,2076
3334,2080
3334,2081
3334,2089
3334,3320
3334,3327
3334,3335
3334,3346
3334,3349
3334,3352
3335,2003
3335,2013
3335,2014
3335,2020
3335,2022
3335,2026
3335,2036
3335,2044
3335,2046
3335,2071
3335,2073
3335,2076
3335,2078
3335,2080
3335,2081
3335,2197
3335,3332
3335,3334
3335,3338
3335,3339
3335,3341
3335,3349
3335,3351
3335,3391
3336,297
3336,329
3336,391
3336,411
3336,418
3336,421
3336,433
3336,488
3336,2032
3336,2035
3336,2055
3336,2101
3336,2560
3336,2703
3336,2706
3336,2708
3337,221
3337,227
3337,234
3337,245
3337,255
3337,270
3337,276
3337,2021
3337,2033
3337,2041
3337,2043
3337,2049
3337,2111
3337,2605
3337,2625
3337,3320
3337,3329
3337,3345
3337,3347
3337,3352
3338,2016
3338,2026
3338,2036
3338,2038
3338,2044
3338,2045
3338,2046
3338,2062
3338,2071
3338,2073
3338,2076
3338,2077
3338,2078
3338,3332
3338,3335
3338,3343
3338,3350
3338,3351
3338,3388
3338,3391
3339,290
3339,853
3339,2005
3339,2026
3339,2037
3339,2046
3339,2066
3339,2071
3339,2073
3339,2076
3339,2081
3339,2096
3339,2603
3339,3321
3339,3332
3339,3335
3339,3349
3339,3391
3340,239
3340,272
3340,2004
3340,2005
3340,2008
3340,2015
3340,2017
3340,2066
3340,2082
3340,2088
3340,2097
3340,2616
3340,3324
3340,3327
3340,3328
3341,2003
3341,2011
3341,2012
3341,2013
3341,2014
3341,2018
3341,2022
3341,2026
3341,2034
3341,2039
3341,2040
3341,2048
3341,2052
3341,2053
3341,2066
3341,2069
3341,2073
3341,2076
3341,2078
3341,2080
3341,2082
3341,2084
3341,2086
3341,2088
3341,2098
3341,2633
3341,3317
3341,3322
3341,3324
3341,3325
3341,3331
3341,3333
3341,3335
3341,3348
3341,3354
3342,2027
3342,2029
3342,2030
3342,2058
3342,2069
3342,2087
3342,2092
3342,2105
3342,2138
3342,2148
3342,2155
3342,2169
3342,2180
3342,2706
3342,3318
3342,3365
3342,3367
3342,3378
3342,3390
3342,3408
3343,2036
3343,2044
3343,2045
3343,2061
3343,2062
3343,2077
3343,2078
3343,2122
3343,2165
3343,3330
3343,3332
3343,3338
3343,3351
3343,3369
3343,3391
3344,265
3344,287
3344,412
3344,2018
3344,2024
3344,2028
3344,2033
3344,2035
3344,2054
3344,2059
3344,2060
3344,2072
3344,2111
3344,2132
3344,2141
3344,2615
3344,2641
3344,3347
3345,221
3345,245
3345,276
3345,2021
3345,2033
3345,2041
3345,2049
3345,2054
3345,2059
3345,2067
3345,2070
3345,2099
3345,2616
3345,3324
3345,3329
3345,3337
3345,3347
3346,272
3346,2001
3346,2004
3346,2014
3346,2026
3346,2047
3346,2063
3346,2066
3346,2080
3346,2093
3346,3322
3346,3327
3346,3334
3346,3349
3347,234
3347,245
3347,276
3347,443
3347,2009
3347,2018
3347,2021
3347,2033
3347,2035
3347,2041
3347,2043
3347,2047
3347,2049
3347,2051
3347,2054
3347,2059
3347,2060
3347,2067
3347,2070
3347,2072
3347,2099
3347,2616
3347,3318
3347,3320
3347,3329
3347,3337
3347,3344
3347,3345
3347,3352
3348,2011
3348,2015
3348,2022
3348,2050
3348,2053
3348,2074
3348,2075
3348,2084
3348,2086
3348,2087
3348,2088
3348,2096
3348,2098
3348,3319
3348,3331
3348,3341
3349,272
3349,2004
3349,2026
3349,2046
3349,2048
3349,2063
3349,2066
3349,2076
3349,2080
3349,2081
3349,2097
3349,3327
3349,3332
3349,3334
3349,3335
3349,3339
3349,3346
3350,230
3350,268
3350,277
3350,492
3350,2012
3350,2016
3350,2025
3350,2031
3350,2038
3350,2039
3350,2045
3350,2046
3350,2048
3350,2071
3350,2075
3350,2081
3350,2093
3350,2607
3350,2692
3350,3326
3350,3331
3350,3332
3350,3338
3351,280
3351,288
3351,2025
3351,2031
3351,2037
3351,2044
3351,2045
3351,2061
3351,2062
3351,2071
3351,2077
3351,2165
3351,2176
3351,3330
3351,3332
3351,3335
3351,3338
3351,3343
3351,3391
3352,263
3352,2021
3352,2043
3352,2049
3352,2051
3352,2060
3352,2070
3352,2072
3352,2099
3352,2112
3352,2132
3352,2149
3352,3320
3352,3334
3352,3337
3352,3347
3352,3360
3353,376
3353,424
3353,431
3353,462
3353,2050
3353,2055
3353,2056
3353,2068
3353,2101
3353,2700
3353,2701
3353,2706
3353,3315
3353,3386
3354,231
3354,2003
3354,2008
3354,2013
3354,2018
3354,2021
3354,2039
3354,2040
3354,2049
3354,2051
3354,2080
3354,2633
3354,3320
3354,3341
3355,2100
3355,2124
3355,2128
3355,2130
3355,2131
3355,2137
3355,2151
3355,2153
3355,2158
3355,2161
3355,2168
3355,2171
3355,2178
3355,2189
3355,2192
3355,2196
3355,3359
3355,3361
3355,3362
3355,3364
3355,3374
3355,3379
3355,3381
3355,3389
3355,3394
3356,2100
3356,2102
3356,2119
3356,2123
3356,2126
3356,2127
3356,2153
3356,2158
3356,2159
3356,2161
3356,2165
3356,2166
3356,2167
3356,2168
3356,2174
3356,2177
3356,2181
3356,2182
3356,2185
3356,2193
3356,2196
3356,2198
3356,2199
3356,3361
3356,3369
3356,3375
3356,3393
3357,2102
3357,2117
3357,2121
3357,2123
3357,2127
3357,2129
3357,2131
3357,2136
3357,2145
3357,2147
3357,2152
3357,2161
3357,2171
3357,2174
3357,2175
3357,2178
3357,2182
3357,2188
3357,2195
3357,2196
3357,2198
3357,3362
3357,3363
3357,3371
3357,3373
3357,3379
3357,3385
3358,2103
3358,2117
3358,2118
3358,2120
3358,2130
3358,2143
3358,2146
3358,2150
3358,2167
3358,2172
3358,2182
3358,2183
3358,2186
3358,2188
3358,2190
3358,3382
3359,2100
3359,2102
3359,2106
3359,2109
3359,2124
3359,2130
3359,2134
3359,2136
3359,2142
3359,2145
3359,2153
3359,2158
3359,2161
3359,2166
3359,2167
3359,2168
3359,2171
3359,2175
3359,2177
3359,2191
3359,2192
3359,2195
3359,3355
3359,3362
3359,3364
3359,3370
3359,3373
3359,3374
3359,3376
3359,3379
3359,3381
3359,3389
3360,2018
3360,2024
3360,2054
3360,2060
3360,2104
3360,2105
3360,2110
3360,2132
3360,2149
3360,2155
3360,2160
3360,2170
3360,2180
3360,3352
3360,3366
3360,3368
3360,3380
3360,3392
3361,2100
3361,2102
3361,2109
3361,2114
3361,2123
3361,2125
3361,2126
3361,2127
3361,2128
3361,2131
3361,2134
3361,2136
3361,2137
3361,2142
3361,2151
3361,2153
3361,2161
3361,2162
3361,2165
3361,2168
3361,2171
3361,2174
3361,2175
3361,2177
3361,2178
3361,2182
3361,2183
3361,2185
3361,2196
3361,2198
3361,3355
3361,3356
3361,3364
3361,3373
3361,3374
3361,3384
3361,3393
3362,2109
3362,2124
3362,2131
3362,2136
3362,2145
3362,2168
3362,2171
3362,2178
3362,2195
3362,2199
3362,3355
3362,3357
3362,3359
3362,3364
3362,3373
3362,3374
3362,3379
3362,3381
3363,2102
3363,2129
3363,2145
3363,2152
3363,2168
3363,2171
3363,2175
3363,2178
3363,2182
3363,2188
3363,2195
3363,2196
3363,3357
3363,3371
3363,3385
3364,2100
3364,2102
3364,2106
3364,2109
3364,2114
3364,2134
3364,2136
3364,2142
3364,2153
3364,2158
3364,2168
3364,2177
3364,2191
3364,2192
3364,3355
3364,3359
3364,3361
3364,3362
3364,3370
3364,3373
3364,3374
3364,3376
3364,3379
3364,3381
3365,231
3365,2049
3365,2058
3365,2111
3365,2112
3365,2115
3365,2118
3365,2128
3365,2135
3365,2138
3365,2140
3365,2143
3365,2146
3365,2164
3365,2173
3365,2186
3365,3342
3365,3367
3365,3368
3365,3372
3365,3378
3365,3392
3366,2024
3366,2060
3366,2079
3366,2104
3366,2141
3366,2148
3366,2155
3366,2160
3366,2169
3366,2170
3366,3360
3366,3386
3366,3390
3366,3392
3367,219
3367,226
3367,231
3367,2020
3367,2058
3367,2103
3367,2112
3367,2118
3367,2133
3367,2135
3367,2138
3367,2146
3367,2154
3367,2156
3367,3342
3367,3365
3367,3378
3368,2065
3368,2105
3368,2110
3368,2115
3368,2132
3368,2146
3368,2149
3368,2164
3368,2173
3368,2180
3368,3360
3368,3365
3368,3380
3368,3392
3369,288
3369,2102
3369,2107
3369,2119
3369,2122
3369,2127
3369,2128
3369,2144
3369,2159
3369,2161
3369,2165
3369,2166
3369,2174
3369,2179
3369,2181
3369,2182
3369,2183
3369,2185
3369,2193
3369,2194
3369,2198
3369,2199
3369,2603
3369,3343
3369,3356
3369,3383
3370,2102
3370,2106
3370,2119
3370,2142
3370,2162
3370,2166
3370,2167
3370,2172
3370,2190
3370,2191
3370,2192
3370,3359
3370,3364
3370,3375
3370,3376
3371,2113
3371,2116
3371,2117
3371,2121
3371,2127
3371,2129
3371,2133
3371,2137
3371,2144
3371,2147
3371,2151
3371,2152
3371,2154
3371,2156
3371,2171
3371,2176
3371,2178
3371,2182
3371,2187
3371,2188
3371,2190
3371,2196
3371,3357
3371,3363
3371,3372
3371,3385
3371,3389
3371,3394
3372,2118
3372,2137
3372,2139
3372,2140
3372,2143
3372,2144
3372,2146
3372,2151
3372,2154
3372,2156
3372,2184
3372,2190
3372,3365
3372,3371
3372,3387
3372,3389
3372,3394
3373,2109
3373,2124
3373,2131
3373,2136
3373,2145
3373,2152
3373,2153
3373,2168
3373,2178
3373,2179
3373,2185
3373,2195
3373,2196
3373,3357
3373,3359
3373,3361
3373,3362
3373,3364
3373,3374
3373,3379
3373,3393
3374,2102
3374,2106
3374,2109
3374,2114
3374,2124
3374,2125
3374,2131
3374,2136
3374,2142
3374,2168
3374,2171
3374,2177
3374,2178
3374,3355
3374,3359
3374,3361
3374,3362
3374,3364
3374,3373
3374,3381
3374,3393
3375,2100
3375,2102
3375,2118
3375,2120
3375,2126
3375,2127
3375,2130
3375,2133
3375,2137
3375,2151
3375,2153
3375,2161
3375,2167
3375,2182
3375,2190
3375,3356
3375,3370
3375,3376
3375,3381
3376,2102
3376,2106
3376,2119
3376,2130
3376,2134
3376,2162
3376,2167
3376,2168
3376,2171
3376,2182
3376,2191
3376,2192
3376,3359
3376,3364
3376,3370
3376,3375
3376,3379
3376,3381
3376,3389
3377,2000
3377,2007
3377,2024
3377,2037
3377,2058
3377,2112
3377,2116
3377,2135
3377,2140
3377,2144
3377,2154
3377,2157
3377,2163
3377,2184
3377,2189
3377,2625
3377,3384
3377,3394
3378,219
3378,2020
3378,2103
3378,2127
3378,2133
3378,2138
3378,2148
3378,2156
3378,2190
3378,2595
3378,2603
3378,3342
3378,3365
3378,3367
3379,2100
3379,2102
3379,2124
3379,2136
3379,2142
3379,2145
3379,2153
3379,2161
3379,2171
3379,2175
3379,2192
3379,2195
3379,3355
3379,3357
3379,3359
3379,3362
3379,3364
3379,3373
3379,3376
3379,3381
3380,2024
3380,2105
3380,2110
3380,2111
3380,2115
3380,2132
3380,2146
3380,2155
3380,2160
3380,2169
3380,2180
3380,3360
3380,3368
3380,3392
3381,2100
3381,2106
3381,2124
3381,2130
3381,2142
3381,2153
3381,2158
3381,2168
3381,2191
3381,2192
3381,3355
3381,3359
3381,3362
3381,3364
3381,3374
3381,3375
3381,3376
3381,3379
3381,3389
3382,2103
3382,2117
3382,2118
3382,2120
3382,2139
3382,2143
3382,2146
3382,2150
3382,2157
3382,2164
3382,2173
3382,2189
3382,2614
3382,3358
3382,3394
3383,223
3383,280
3383,288
3383,2062
3383,2125
3383,2165
3383,2174
3383,2179
3383,2185
3383,2193
3383,2196
3383,2198
3383,2199
3383,3330
3383,3369
3383,3393
3384,226
3384,2062
3384,2103
3384,2116
3384,2125
3384,2126
3384,2128
3384,2135
3384,2144
3384,2147
3384,2154
3384,2159
3384,2163
3384,2165
3384,2182
3384,2184
3384,2189
3384,2196
3384,2197
3384,3361
3384,3377
3384,3387
3384,3388
3384,3394
3385,2102
3385,2113
3385,2117
3385,2123
3385,2127
3385,2145
3385,2152
3385,2171
3385,2175
3385,2183
3385,2188
3385,2194
3385,2195
3385,2196
3385,3357
3385,3363
3385,3371
3386,2032
3386,2050
3386,2055
3386,2068
3386,2079
3386,2101
3386,2104
3386,2155
3386,2160
3386,2169
3386,2170
3386,2706
3386,3316
3386,3353
3386,3366
3386,3390
3387,2007
3387,2092
3387,2103
3387,2112
3387,2115
3387,2116
3387,2138
3387,2140
3387,2146
3387,2154
3387,2163
3387,2184
3387,3372
3387,3384
3388,246
3388,2026
3388,2046
3388,2048
3388,2066
3388,2076
3388,2093
3388,2135
3388,2197
3388,3317
3388,3322
3388,3338
3388,3384
3388,3391
3389,2102
3389,2120
3389,2124
3389,2130
3389,2137
3389,2139
3389,2167
3389,2171
3389,2182
3389,2190
3389,2191
3389,2192
3389,3355
3389,3359
3389,3371
3389,3372
3389,3376
3389,3381
3389,3394
3390,2029
3390,2032
3390,2060
3390,2079
3390,2101
3390,2104
3390,2141
3390,2148
3390,2155
3390,2160
3390,2169
3390,2170
3390,3342
3390,3366
3390,3386
3391,2002
3391,2026
3391,2036
3391,2037
3391,2046
3391,2062
3391,2071
3391,2073
3391,2076
3391,2078
3391,2135
3391,2197
3391,3332
3391,3335
3391,3338
3391,3339
3391,3343
3391,3351
3391,3388
3392,2104
3392,2105
3392,2110
3392,2115
3392,2140
3392,2143
3392,2146
3392,2148
3392,2155
3392,2160
3392,2169
3392,2180
3392,2186
3392,3360
3392,3365
3392,3366
3392,3368
3392,3380
3393,2102
3393,2109
3393,2123
3393,2126
3393,2177
3393,2178
3393,2185
3393,2196
3393,2198
3393,3356
3393,3361
3393,3373
3393,3374
3393,3383
3394,2102
3394,2113
3394,2116
3394,2117
3394,2118
3394,2128
3394,2137
3394,2139
3394,2144
3394,2147
3394,2151
3394,2154
3394,2156
3394,2161
3394,2171
3394,2182
3394,2184
3394,2188
3394,2189
3394,3355
3394,3371
3394,3372
3394,3377
3394,3382
3394,3384
3394,3389
3395,225
3395,267
3395,387
3395,2212
3395,2218
3395,2223
3395,2225
3395,2237
3395,2268
3395,2277
3395,2280
3395,2282
3395,2293
3395,3404
3395,3406
3395,3411
3395,3423
3396,392
3396,2203
3396,2204
3396,2214
3396,2229
3396,2230
3396,2248
3396,2249
3396,2250
3396,2271
3396,2276
3396,2289
3396,3414
3396,3416
3396,3429
3397,2201
3397,2208
3397,2209
3397,2259
3397,2263
3397,2264
3397,2287
3397,2294
3397,2298
3397,2299
3397,3398
3397,3403
3397,3407
3397,3409
3397,3421
3397,3434
3398,2201
3398,2202
3398,2207
3398,2209
3398,2213
3398,2224
3398,2241
3398,2242
3398,2247
3398,2252
3398,2260
3398,2266
3398,2274
3398,2275
3398,2292
3398,2294
3398,2296
3398,3397
3398,3407
3398,3409
3398,3411
3398,3413
3398,3426
3398,3431
3399,294
3399,345
3399,352
3399,365
3399,756
3399,2240
3399,2256
3399,2268
3399,2277
3399,2280
3399,2290
3399,2529
3399,3417
3399,3430
3400,2211
3400,2214
3400,2219
3400,2239
3400,2245
3400,2249
3400,2250
3400,2264
3400,2276
3400,2288
3400,2289
3400,2298
3400,2652
3400,3315
3400,3418
3400,3420
3400,3429
3400,3432
3401,200
3401,213
3401,274
3401,339
3401,386
3401,807
3401,809
3401,823
3401,857
3401,892
3401,2220
3401,2236
3401,2238
3401,2283
3401,2597
3401,2661
3401,3415
3401,3433
3402,211
3402,261
3402,800
3402,803
3402,824
3402,854
3402,2214
3402,2260
3402,2298
3402,2849
3402,2874
3402,3412
3402,3418
3402,3429
3402,3434
3403,2209
3403,2228
3403,2233
3403,2234
3403,2235
3403,2252
3403,2259
3403,2269
3403,2278
3403,2279
3403,2281
3403,2284
3403,2287
3403,2299
3403,3397
3403,3419
3403,3421
3403,3424
3404,235
3404,305
3404,308
3404,377
3404,387
3404,412
3404,435
3404,2212
3404,2218
3404,2225
3404,2228
3404,2233
3404,2237
3404,2273
3404,2651
3404,3395
3404,3411
3404,3417
3404,3428
3405,237
3405,239
3405,828
3405,842
3405,846
3405,847
3405,2242
3405,2275
3405,2292
3405,2296
3405,2609
3405,2627
3405,2667
3405,2845
3405,3431
3406,2212
3406,2215
3406,2223
3406,2233
3406,2237
3406,2258
3406,2261
3406,2266
3406,2291
3406,2293
3406,2294
3406,3395
3406,3410
3406,3411
3406,3423
3406,3428
3406,3431
3407,2201
3407,2241
3407,2242
3407,2247
3407,2263
3407,2264
3407,2275
3407,2292
3407,2296
3407,2297
3407,3397
3407,3398
3407,3412
3407,3426
3407,3427
3408,220
3408,240
3408,260
3408,278
3408,880
3408,2019
3408,2060
3408,2087
3408,2201
3408,2267
3408,2269
3408,2627
3408,2666
3408,2847
3408,2852
3408,2870
3408,2886
3408,3323
3408,3342
3408,3413
3408,3419
3408,3422
3409,2201
3409,2207
3409,2208
3409,2209
3409,2216
3409,2247
3409,2259
3409,2261
3409,2263
3409,2265
3409,2266
3409,2274
3409,2291
3409,2294
3409,3397
3409,3398
3409,3413
3409,3422
3410,862
3410,2200
3410,2210
3410,2215
3410,2226
3410,2241
3410,2247
3410,2266
3410,2293
3410,2294
3410,3406
3410,3411
3410,3415
3410,3428
3410,3431
3411,2202
3411,2207
3411,2209
3411,2212
3411,2217
3411,2221
3411,2223
3411,2225
3411,2233
3411,2237
3411,2246
3411,2251
3411,2253
3411,2261
3411,2265
3411,2266
3411,2291
3411,2293
3411,3395
3411,3398
3411,3404
3411,3406
3411,3410
3411,3419
3411,3423
3411,3424
3411,3428
3411,3430
3412,842
3412,2201
3412,2214
3412,2222
3412,2224
3412,2239
3412,2244
3412,2254
3412,2260
3412,2263
3412,2264
3412,2272
3412,2279
3412,2288
3412,2298
3412,3402
3412,3407
3412,3413
3412,3418
3412,3426
3412,3427
3412,3429
3413,220
3413,2201
3413,2213
3413,2216
3413,2222
3413,2224
3413,2231
3413,2242
3413,2244
3413,2247
3413,2254
3413,2260
3413,2263
3413,2272
3413,2274
3413,2275
3413,2279
3413,2286
3413,2292
3413,2650
3413,2847
3413,3398
3413,3408
3413,3409
3413,3412
3413,3422
3413,3426
3413,3427
3413,3431
3414,285
3414,392
3414,2203
3414,2204
3414,2229
3414,2230
3414,2248
3414,2249
3414,2250
3414,2271
3414,2276
3414,2289
3414,3396
3414,3416
3415,213
3415,215
3415,806
3415,809
3415,892
3415,2215
3415,2220
3415,2221
3415,2236
3415,2238
3415,2258
3415,2661
3415,3401
3415,3410
3415,3433
3416,314
3416,2203
3416,2204
3416,2211
3416,2230
3416,2248
3416,2249
3416,2250
3416,2271
3416,2276
3416,2289
3416,2652
3416,3396
3416,3414
3416,3429
3417,248
3417,378
3417,412
3417,2200
3417,2202
3417,2217
3417,2218
3417,2225
3417,2228
3417,2240
3417,2246
3417,2255
3417,2262
3417,2282
3417,2290
3417,2651
3417,2856
3417,3399
3417,3404
3417,3423
3417,3425
3418,211
3418,335
3418,800
3418,804
3418,824
3418,876
3418,2214
3418,2229
3418,2239
3418,2250
3418,2254
3418,2260
3418,2264
3418,2272
3418,2279
3418,2288
3418,2512
3418,3400
3418,3402
3418,3412
3418,3427
3418,3429
3419,232
3419,337
3419,383
3419,429
3419,844
3419,880
3419,2202
3419,2207
3419,2209
3419,2224
3419,2235
3419,2251
3419,2252
3419,2259
3419,2262
3419,2266
3419,2269
3419,2270
3419,2278
3419,2281
3419,2606
3419,2847
3419,3403
3419,3408
3419,3411
3419,3421
3419,3424
3419,3434
3420,2206
3420,2211
3420,2219
3420,2234
3420,2239
3420,2245
3420,2264
3420,2272
3420,2288
3420,2297
3420,2652
3420,3400
3420,3429
3420,3432
3421,2222
3421,2224
3421,2244
3421,2259
3421,2260
3421,2269
3421,2278
3421,2279
3421,2281
3421,2287
3421,2299
3421,3397
3421,3403
3421,3419
3421,3434
3422,232
3422,891
3422,2202
3422,2206
3422,2207
3422,2208
3422,2222
3422,2234
3422,2235
3422,2243
3422,2246
3422,2279
3422,2287
3422,2646
3422,3408
3422,3409
3422,3413
3423,235
3423,267
3423,412
3423,2217
3423,2218
3423,2223
3423,2225
3423,2226
3423,2237
3423,2240
3423,2255
3423,2256
3423,2261
3423,2265
3423,2266
3423,2282
3423,2291
3423,3395
3423,3406
3423,3411
3423,3417
3424,844
3424,859
3424,899
3424,2202
3424,2205
3424,2209
3424,2217
3424,2233
3424,2235
3424,2237
3424,2251
3424,2252
3424,2255
3424,2266
3424,2269
3424,2278
3424,2281
3424,2285
3424,2293
3424,2295
3424,2850
3424,2854
3424,2863
3424,2873
3424,3403
3424,3411
3424,3419
3425,202
3425,224
3425,232
3425,244
3425,247
3425,250
3425,289
3425,297
3425,305
3425,312
3425,316
3425,325
3425,326
3425,329
3425,340
3425,358
3425,365
3425,369
3425,370
3425,383
3425,413
3425,434
3425,464
3425,760
3425,833
3425,844
3425,2205
3425,2262
3425,2270
3425,2629
3425,2651
3425,2662
3425,3417
3426,220
3426,842
3426,2201
3426,2207
3426,2213
3426,2222
3426,2231
3426,2242
3426,2247
3426,2252
3426,2254
3426,2263
3426,2274
3426,2275
3426,2292
3426,2296
3426,2297
3426,2847
3426,3398
3426,3407
3426,3412
3426,3413
3426,3431
3427,852
3427,2201
3427,2214
3427,2239
3427,2247
3427,2254
3427,2264
3427,2272
3427,2288
3427,2297
3427,2847
3427,3407
3427,3412
3427,3413
3427,3418
3427,3429
3427,3432
3428,2200
3428,2212
3428,2226
3428,2237
3428,2241
3428,2257
3428,2258
3428,2265
3428,2277
3428,2291
3428,2293
3428,3404
3428,3406
3428,3410
3428,3411
3429,252
3429,285
3429,311
3429,824
3429,842
3429,852
3429,869
3429,873
3429,878
3429,888
3429,2203
3429,2204
3429,2211
3429,2214
3429,2229
3429,2230
3429,2239
3429,2248
3429,2249
3429,2250
3429,2272
3429,2276
3429,2289
3429,2652
3429,2859
3429,2874
3429,3396
3429,3400
3429,3402
3429,3412
3429,3416
3429,3418
3429,3420
3429,3427
3429,3432
3430,273
3430,820
3430,2200
3430,2202
3430,2207
3430,2217
3430,2221
3430,2226
3430,2228
3430,2240
3430,2246
3430,2253
3430,2257
3430,2258
3430,2277
3430,2280
3430,2282
3430,2856
3430,3399
3430,3411
3431,805
3431,862
3431,2202
3431,2207
3431,2209
3431,2210
3431,2213
3431,2215
3431,2221
3431,2227
3431,2241
3431,2242
3431,2246
3431,2247
3431,2252
3431,2257
3431,2258
3431,2261
3431,2274
3431,2275
3431,2292
3431,2294
3431,2296
3431,2297
3431,2855
3431,2860
3431,2870
3431,2873
3431,3398
3431,3405
3431,3406
3431,3410
3431,3413
3431,3426
3432,2206
3432,2214
3432,2219
3432,2239
3432,2245
3432,2249
3432,2264
3432,2272
3432,2276
3432,2288
3432,2298
3432,2652
3432,3400
3432,3420
3432,3427
3432,3429
3433,213
3433,224
3433,232
3433,273
3433,274
3433,316
3433,339
3433,386
3433,806
3433,807
3433,823
3433,892
3433,2227
3433,2233
3433,2236
3433,2238
3433,2258
3433,2283
3433,2296
3433,2620
3433,2661
3433,3401
3433,3415
3434,2213
3434,2222
3434,2224
3434,2239
3434,2244
3434,2260
3434,2272
3434,2274
3434,2279
3434,2281
3434,2288
3434,2298
3434,2299
3434,2846
3434,2847
3434,2873
3434,3397
3434,3402
3434,3419
3434,3421
3435,1359
3435,2301
3435,2302
3435,2304
3435,2309
3435,2314
3435,2319
3435,2326
3435,2327
3435,2339
3435,2343
3435,2352
3435,2358
3435,2363
3435,2370
3435,2371
3435,2381
3435,3444
3435,3459
3435,3460
3435,3461
3436,1568
3436,2311
3436,2318
3436,2321
3436,2331
3436,2345
3436,2347
3436,2348
3436,2361
3436,2379
3436,3446
3436,3451
3436,3464
3436,3470
3437,100
3437,137
3437,165
3437,506
3437,1687
3437,1918
3437,1926
3437,2311
3437,2332
3437,2342
3437,2365
3437,2376
3437,2404
3437,3013
3437,3306
3437,3458
3438,2308
3438,2309
3438,2310
3438,2323
3438,2326
3438,2336
3438,2341
3438,2355
3438,2363
3438,2364
3438,2378
3438,2381
3438,3440
3438,3452
3438,3456
3438,3459
3438,3460
3438,3469
3439,1392
3439,2301
3439,2306
3439,2315
3439,2323
3439,2328
3439,2341
3439,2343
3439,2353
3439,2354
3439,2356
3439,2359
3439,2370
3439,2371
3439,2374
3439,2377
3439,3442
3439,3457
3439,3459
3439,3469
3440,2305
3440,2308
3440,2310
3440,2317
3440,2323
3440,2325
3440,2330
3440,2333
3440,2336
3440,2337
3440,2346
3440,2350
3440,2355
3440,2362
3440,2378
3440,3438
3440,3441
3440,3453
3440,3459
3440,3465
3440,3469
3441,2308
3441,2317
3441,2324
3441,2333
3441,2337
3441,2344
3441,2350
3441,2362
3441,2367
3441,2368
3441,2374
3441,2377
3441,3440
3441,3450
3441,3457
3441,3468
3442,1392
3442,1551
3442,2306
3442,2315
3442,2323
3442,2327
3442,2328
3442,2338
3442,2340
3442,2341
3442,2343
3442,2354
3442,2355
3442,2358
3442,2364
3442,2381
3442,3439
3442,3452
3442,3456
3442,3461
3442,3467
3442,3469
3443,2308
3443,2313
3443,2318
3443,2330
3443,2334
3443,2336
3443,2347
3443,2348
3443,2350
3443,2362
3443,2367
3443,2369
3443,2375
3443,2378
3443,3451
3443,3454
3443,3463
3443,3465
3444,1359
3444,2305
3444,2309
3444,2310
3444,2319
3444,2323
3444,2326
3444,2327
3444,2370
3444,2377
3444,2378
3444,3435
3444,3455
3444,3459
3444,3460
3444,3469
3445,1308
3445,1377
3445,2312
3445,2320
3445,2335
3445,2340
3445,2372
3445,2374
3445,2379
3445,3064
3445,3447
3445,3448
3445,3454
3445,3463
3445,3464
3445,3466
3446,1308
3446,1325
3446,2300
3446,2311
3446,2312
3446,2318
3446,2321
3446,2331
3446,2345
3446,2347
3446,2361
3446,2365
3446,2366
3446,2372
3446,2379
3446,3436
3446,3451
3446,3462
3446,3464
3447,1377
3447,2300
3447,2309
3447,2312
3447,2313
3447,2314
3447,2319
3447,2320
3447,2334
3447,2335
3447,2349
3447,2353
3447,2363
3447,2367
3447,2369
3447,2372
3447,2375
3447,3445
3447,3454
3447,3463
3447,3464
3447,3466
3448,1366
3448,2303
3448,2306
3448,2320
3448,2322
3448,2324
3448,2331
3448,2351
3448,2353
3448,2372
3448,2373
3448,2375
3448,2379
3448,3445
3448,3463
3448,3464
3448,3470
3449,2305
3449,2308
3449,2316
3449,2318
3449,2328
3449,2337
3449,2360
3449,2362
3449,2368
3449,3036
3449,3450
3449,3453
3449,3457
3449,3468
3450,2308
3450,2316
3450,2317
3450,2333
3450,2337
3450,2344
3450,2350
3450,2356
3450,2360
3450,2362
3450,2367
3450,2368
3450,3441
3450,3449
3450,3465
3450,3468
3451,2300
3451,2308
3451,2312
3451,2318
3451,2321
3451,2331
3451,2345
3451,2347
3451,2348
3451,2350
3451,2360
3451,2361
3451,2362
3451,2366
3451,2367
3451,2380
3451,3436
3451,3443
3451,3446
3451,3462
3451,3463
3451,3465
3451,3468
3452,1551
3452,2315
3452,2328
3452,2336
3452,2338
3452,2341
3452,2343
3452,2354
3452,2355
3452,2364
3452,2378
3452,2381
3452,3118
3452,3438
3452,3442
3452,3456
3452,3457
3452,3460
3453,2305
3453,2308
3453,2310
3453,2315
3453,2316
3453,2317
3453,2333
3453,2337
3453,2350
3453,2359
3453,2360
3453,2362
3453,2378
3453,3440
3453,3449
3453,3465
3454,2312
3454,2313
3454,2314
3454,2329
3454,2330
3454,2334
3454,2335
3454,2347
3454,2348
3454,2349
3454,2367
3454,2369
3454,2372
3454,2375
3454,2379
3454,3443
3454,3445
3454,3447
3454,3463
3454,3464
3454,3470
3455,2301
3455,2303
3455,2314
3455,2322
3455,2326
3455,2327
3455,2346
3455,2349
3455,2351
3455,2353
3455,2370
3455,2373
3455,2374
3455,3444
3455,3469
3456,1551
3456,2309
3456,2323
3456,2328
3456,2336
3456,2338
3456,2341
3456,2343
3456,2352
3456,2354
3456,2355
3456,2364
3456,2381
3456,3438
3456,3442
3456,3452
3456,3460
3456,3469
3457,2308
3457,2315
3457,2318
3457,2328
3457,2337
3457,2341
3457,2354
3457,2362
3457,2368
3457,3123
3457,3439
3457,3441
3457,3449
3457,3452
3458,100
3458,137
3458,506
3458,630
3458,1519
3458,1550
3458,1594
3458,1687
3458,1918
3458,1926
3458,2332
3458,2342
3458,2376
3458,3437
3459,2302
3459,2304
3459,2308
3459,2309
3459,2310
3459,2314
3459,2317
3459,2323
3459,2325
3459,2326
3459,2329
3459,2330
3459,2335
3459,2336
3459,2339
3459,2340
3459,2346
3459,2349
3459,2355
3459,2356
3459,2358
3459,2359
3459,2363
3459,2367
3459,2370
3459,2371
3459,2374
3459,2375
3459,2377
3459,2378
3459,2381
3459,3435
3459,3438
3459,3439
3459,3440
3459,3444
3459,3460
3459,3461
3459,3465
3459,3467
3459,3469
3460,1359
3460,2304
3460,2309
3460,2310
3460,2315
3460,2323
3460,2326
3460,2336
3460,2339
3460,2343
3460,2352
3460,2364
3460,2378
3460,2381
3460,3435
3460,3438
3460,3444
3460,3452
3460,3456
3460,3459
3460,3461
3460,3469
3461,2301
3461,2302
3461,2303
3461,2304
3461,2309
3461,2314
3461,2319
3461,2323
3461,2325
3461,2326
3461,2327
3461,2330
3461,2335
3461,2339
3461,2340
3461,2349
3461,2358
3461,2363
3461,2371
3461,3435
3461,3442
3461,3459
3461,3460
3461,3466
3461,3467
3461,3469
3462,1390
3462,2300
3462,2311
3462,2316
3462,2321
3462,2347
3462,2348
3462,2360
3462,2361
3462,2362
3462,2366
3462,3036
3462,3047
3462,3446
3462,3451
3462,3468
3462,3483
3463,2306
3463,2309
3463,2312
3463,2313
3463,2329
3463,2330
3463,2334
3463,2335
3463,2336
3463,2349
3463,2353
3463,2366
3463,2367
3463,2369
3463,2373
3463,2375
3463,3443
3463,3445
3463,3447
3463,3448
3463,3451
3463,3454
3463,3464
3463,3467
3463,3470
3464,1308
3464,2306
3464,2312
3464,2320
3464,2345
3464,2351
3464,2366
3464,2372
3464,2379
3464,3064
3464,3436
3464,3445
3464,3446
3464,3447
3464,3448
3464,3454
3464,3463
3464,3470
3465,2300
3465,2308
3465,2316
3465,2317
3465,2318
3465,2326
3465,2334
3465,2336
3465,2347
3465,2349
3465,2350
3465,2355
3465,2356
3465,2361
3465,2362
3465,2363
3465,2367
3465,2375
3465,2378
3465,3440
3465,3443
3465,3450
3465,3451
3465,3453
3465,3459
3465,3468
3466,2300
3466,2301
3466,2304
3466,2312
3466,2319
3466,2320
3466,2324
3466,2333
3466,2351
3466,2356
3466,2366
3466,2367
3466,2371
3466,2372
3466,2374
3466,2375
3466,2379
3466,3445
3466,3447
3466,3461
3466,3470
3467,2303
3467,2309
3467,2313
3467,2314
3467,2319
3467,2329
3467,2334
3467,2335
3467,2336
3467,2349
3467,2353
3467,2363
3467,2369
3467,3442
3467,3459
3467,3461
3467,3463
3468,2305
3468,2308
3468,2316
3468,2318
3468,2321
3468,2333
3468,2337
3468,2350
3468,2360
3468,2361
3468,2362
3468,2366
3468,2367
3468,2368
3468,3441
3468,3449
3468,3450
3468,3451
3468,3462
3468,3465
3469,2308
3469,2309
3469,2310
3469,2323
3469,2325
3469,2326
3469,2327
3469,2329
3469,2336
3469,2341
3469,2355
3469,2359
3469,2363
3469,2364
3469,2370
3469,2378
3469,2381
3469,3438
3469,3439
3469,3440
3469,3442
3469,3444
3469,3455
3469,3456
3469,3459
3469,3460
3469,3461
3470,2312
3470,2320
3470,2331
3470,2345
3470,2351
3470,2366
3470,2372
3470,2379
3470,3064
3470,3436
3470,3448
3470,3454
3470,3463
3470,3464
3470,3466
3471,2385
3471,2393
3471,2396
3471,2414
3471,2421
3471,2424
3471,2427
3471,2432
3471,2442
3471,3480
3471,3484
3471,3489
3471,3493
3471,3498
3472,2382
3472,2385
3472,2387
3472,2390
3472,2397
3472,2398
3472,2401
3472,2407
3472,2409
3472,2414
3472,2418
3472,2421
3472,2426
3472,2430
3472,2440
3472,2444
3472,2447
3472,3214
3472,3479
3472,3482
3472,3487
3472,3491
3473,2390
3473,2393
3473,2396
3473,2405
3473,2409
3473,2411
3473,2414
3473,2419
3473,2421
3473,2427
3473,2432
3473,2441
3473,2442
3473,2445
3473,3476
3473,3484
3473,3489
3473,3495
3473,3498
3474,2390
3474,2394
3474,2395
3474,2398
3474,2400
3474,2401
3474,2409
3474,2410
3474,2423
3474,2425
3474,2429
3474,2433
3474,2438
3474,2439
3474,2441
3474,2446
3474,3477
3474,3478
3475,1718
3475,1754
3475,1797
3475,2389
3475,2395
3475,2408
3475,2409
3475,2418
3475,2426
3475,2428
3475,2443
3475,3479
3475,3485
3475,3490
3475,3497
3476,2396
3476,2400
3476,2402
3476,2405
3476,2411
3476,2413
3476,2415
3476,2419
3476,2422
3476,2427
3476,2432
3476,2435
3476,2445
3476,3473
3476,3483
3476,3490
3476,3493
3477,2386
3477,2387
3477,2390
3477,2391
3477,2394
3477,2395
3477,2398
3477,2399
3477,2401
3477,2406
3477,2409
3477,2419
3477,2423
3477,2425
3477,2426
3477,2428
3477,2429
3477,2437
3477,2438
3477,2440
3477,2441
3477,2446
3477,2447
3477,3474
3477,3478
3477,3486
3477,3487
3477,3490
3477,3491
3477,3495
3477,3496
3478,1366
3478,1392
3478,2386
3478,2391
3478,2392
3478,2398
3478,2399
3478,2401
3478,2406
3478,2408
3478,2417
3478,2423
3478,2425
3478,2428
3478,2429
3478,2433
3478,2436
3478,2446
3478,3474
3478,3477
3478,3487
3478,3496
3478,3499
3479,1754
3479,2382
3479,2384
3479,2386
3479,2389
3479,2403
3479,2408
3479,2409
3479,2418
3479,2420
3479,2428
3479,2447
3479,3472
3479,3475
3479,3482
3479,3487
3479,3488
3479,3497
3480,572
3480,1396
3480,2385
3480,2393
3480,2396
3480,2413
3480,2415
3480,2421
3480,2427
3480,2432
3480,2434
3480,2442
3480,2445
3480,3471
3480,3483
3480,3484
3480,3489
3480,3493
3480,3498
3481,1300
3481,1307
3481,1336
3481,1342
3481,2388
3481,2394
3481,2402
3481,2403
3481,2411
3481,2420
3481,2422
3481,2424
3481,2431
3481,2440
3481,2441
3481,3490
3481,3492
3482,2382
3482,2385
3482,2390
3482,2392
3482,2397
3482,2398
3482,2399
3482,2407
3482,2408
3482,2414
3482,2417
3482,2426
3482,2430
3482,2444
3482,2447
3482,3214
3482,3472
3482,3479
3482,3487
3482,3488
3482,3491
3483,1311
3483,1325
3483,1352
3483,1355
3483,1396
3483,1580
3483,2321
3483,2411
3483,2415
3483,2432
3483,2445
3483,3462
3483,3476
3483,3480
3483,3489
3484,2383
3484,2393
3484,2396
3484,2411
3484,2427
3484,2432
3484,2442
3484,2747
3484,3471
3484,3473
3484,3480
3484,3489
3484,3493
3484,3495
3484,3498
3485,2388
3485,2389
3485,2390
3485,2391
3485,2395
3485,2396
3485,2400
3485,2402
3485,2403
3485,2405
3485,2409
3485,2412
3485,2419
3485,2422
3485,2423
3485,2424
3485,2429
3485,2433
3485,2435
3485,2437
3485,2439
3485,3475
3485,3488
3485,3490
3485,3491
3485,3494
3485,3499
3486,2391
3486,2392
3486,2394
3486,2395
3486,2403
3486,2408
3486,2418
3486,2422
3486,2423
3486,2428
3486,2435
3486,2437
3486,2439
3486,2440
3486,2443
3486,3477
3486,3488
3486,3494
3487,1392
3487,1718
3487,1761
3487,2386
3487,2387
3487,2392
3487,2397
3487,2398
3487,2399
3487,2401
3487,2407
3487,2408
3487,2417
3487,2426
3487,2428
3487,2430
3487,2436
3487,2444
3487,3214
3487,3472
3487,3477
3487,3478
3487,3479
3487,3482
3487,3491
3488,2394
3488,2395
3488,2399
3488,2403
3488,2408
3488,2422
3488,2424
3488,2439
3488,2443
3488,2447
3488,3479
3488,3482
3488,3485
3488,3486
3489,1376
3489,1396
3489,2393
3489,2396
3489,2411
3489,2419
3489,2427
3489,2432
3489,2442
3489,2445
3489,3471
3489,3473
3489,3480
3489,3483
3489,3484
3489,3495
3489,3498
3490,2389
3490,2395
3490,2402
3490,2405
3490,2409
3490,2410
3490,2411
3490,2412
3490,2420
3490,2422
3490,2425
3490,2429
3490,2435
3490,2446
3490,3475
3490,3476
3490,3477
3490,3481
3490,3485
3490,3492
3490,3497
3491,2390
3491,2395
3491,2397
3491,2398
3491,2401
3491,2407
3491,2409
3491,2423
3491,2426
3491,2429
3491,2430
3491,2433
3491,2437
3491,2444
3491,3472
3491,3477
3491,3482
3491,3485
3491,3487
3492,1323
3492,1367
3492,2394
3492,2410
3492,2418
3492,2420
3492,2422
3492,2425
3492,2433
3492,2438
3492,2446
3492,3053
3492,3136
3492,3481
3492,3490
3492,3497
3493,1703
3493,2383
3493,2385
3493,2390
3493,2393
3493,2396
3493,2413
3493,2427
3493,2434
3493,2442
3493,2444
3493,3471
3493,3476
3493,3480
3493,3484
3494,2384
3494,2389
3494,2394
3494,2395
3494,2403
3494,2410
3494,2418
3494,2422
3494,2423
3494,2439
3494,2443
3494,2446
3494,3136
3494,3485
3494,3486
3494,3499
3495,1302
3495,1319
3495,2390
3495,2393
3495,2409
3495,2414
3495,2419
3495,2421
3495,2427
3495,2432
3495,2440
3495,2441
3495,2445
3495,3473
3495,3477
3495,3484
3495,3489
3495,3498
3496,1366
3496,2386
3496,2392
3496,2398
3496,2399
3496,2401
3496,2406
3496,2407
3496,2408
3496,2416
3496,2417
3496,2428
3496,2440
3496,2443
3496,3477
3496,3478
3497,1375
3497,1387
3497,1389
3497,1529
3497,1754
3497,2384
3497,2409
3497,2418
3497,2420
3497,3066
3497,3151
3497,3475
3497,3479
3497,3490
3497,3492
3498,572
3498,1376
3498,1384
3498,1396
3498,2393
3498,2396
3498,2405
3498,2411
3498,2413
3498,2414
3498,2415
3498,2421
3498,2427
3498,2432
3498,2434
3498,2442
3498,3471
3498,3473
3498,3480
3498,3484
3498,3489
3498,3495
3499,2389
3499,2391
3499,2395
3499,2409
3499,2412
3499,2423
3499,2428
3499,2429
3499,2435
3499,2437
3499,2439
3499,2446
3499,3478
3499,3485
3499,3494
3500,2449
3500,2462
3500,2464
3500,2467
3500,2470
3500,2476
3500,2477
3500,2478
3500,2479
3500,2484
3500,2488
3500,2491
3500,3505
3500,3507
3500,3508
3500,3510
3501,2453
3501,2457
3501,2458
3501,2461
3501,2463
3501,2465
3501,2466
3501,2468
3501,2469
3501,2473
3501,2474
3501,2480
3501,2481
3501,2482
3501,2486
3501,2487
3501,3502
3501,3503
3501,3506
3501,3509
3501,3511
3501,3512
3501,3513
3501,3516
3501,3517
3501,3519
3502,2450
3502,2451
3502,2453
3502,2454
3502,2455
3502,2457
3502,2459
3502,2460
3502,2463
3502,2465
3502,2466
3502,2468
3502,2469
3502,2473
3502,2474
3502,2480
3502,2482
3502,2484
3502,2485
3502,2487
3502,3501
3502,3506
3502,3509
3502,3511
3502,3512
3502,3513
3502,3515
3502,3516
3502,3517
3502,3519
3503,2453
3503,2458
3503,2459
3503,2461
3503,2469
3503,2480
3503,2481
3503,2482
3503,2486
3503,3501
3503,3506
3503,3513
3503,3516
3503,3517
3504,27
3504,138
3504,291
3504,341
3504,1657
3504,1910
3504,2448
3504,2449
3504,2452
3504,2464
3504,2467
3504,2475
3504,2477
3504,2491
3504,3508
3505,2449
3505,2456
3505,2462
3505,2467
3505,2470
3505,2472
3505,2475
3505,2476
3505,2477
3505,2478
3505,2483
3505,2488
3505,3500
3505,3507
3505,3508
3506,2450
3506,2451
3506,2453
3506,2454
3506,2455
3506,2457
3506,2458
3506,2460
3506,2461
3506,2463
3506,2466
3506,2468
3506,2473
3506,2480
3506,2482
3506,2484
3506,2485
3506,2487
3506,3501
3506,3502
3506,3503
3506,3510
3506,3511
3506,3512
3506,3513
3506,3514
3506,3515
3506,3517
3506,3518
3506,3519
3507,2449
3507,2454
3507,2455
3507,2462
3507,2470
3507,2471
3507,2472
3507,2476
3507,2477
3507,2478
3507,2479
3507,2484
3507,2487
3507,2488
3507,2490
3507,3500
3507,3505
3507,3510
3507,3514
3507,3518
3508,2449
3508,2462
3508,2464
3508,2467
3508,2470
3508,2475
3508,2476
3508,2477
3508,2478
3508,2479
3508,2488
3508,2491
3508,3500
3508,3504
3508,3505
3508,3510
3509,2459
3509,2460
3509,2463
3509,2465
3509,2469
3509,2473
3509,2474
3509,3501
3509,3502
3509,3511
3509,3512
3509,3513
3509,3516
3509,3519
3510,2454
3510,2455
3510,2462
3510,2470
3510,2471
3510,2472
3510,2478
3510,2479
3510,2484
3510,2488
3510,2490
3510,2491
3510,3500
3510,3506
3510,3507
3510,3508
3510,3514
3510,3515
3510,3518
3511,2450
3511,2451
3511,2460
3511,2463
3511,2466
3511,2468
3511,2473
3511,2482
3511,2487
3511,3501
3511,3502
3511,3506
3511,3509
3511,3512
3511,3513
3511,3514
3511,3516
3511,3519
3512,2450
3512,2451
3512,2453
3512,2454
3512,2459
3512,2460
3512,2463
3512,2466
3512,2468
3512,2469
3512,2473
3512,2480
3512,2482
3512,2485
3512,2486
3512,2487
3512,3501
3512,3502
3512,3506
3512,3509
3512,3511
3512,3513
3512,3516
3512,3517
3512,3519
3513,2450
3513,2451
3513,2457
3513,2458
3513,2459
3513,2460
3513,2463
3513,2466
3513,2468
3513,2469
3513,2473
3513,2482
3513,2485
3513,2486
3513,2487
3513,3501
3513,3502
3513,3503
3513,3506
3513,3509
3513,3511
3513,3512
3513,3516
3513,3517
3513,3519
3514,2451
3514,2454
3514,2455
3514,2462
3514,2472
3514,2479
3514,2487
3514,2488
3514,2490
3514,3506
3514,3507
3514,3510
3514,3511
3514,3515
3514,3518
3515,2451
3515,2454
3515,2455
3515,2462
3515,2470
3515,2471
3515,2472
3515,2479
3515,2488
3515,2490
3515,3502
3515,3506
3515,3510
3515,3514
3515,3518
3516,2457
3516,2459
3516,2460
3516,2463
3516,2465
3516,2466
3516,2469
3516,2473
3516,2474
3516,2480
3516,2481
3516,2486
3516,3501
3516,3502
3516,3503
3516,3509
3516,3511
3516,3512
3516,3513
3516,3517
3516,3519
3517,2451
3517,2455
3517,2457
3517,2458
3517,2459
3517,2461
3517,2463
3517,2465
3517,2466
3517,2468
3517,2474
3517,2481
3517,2487
3517,3501
3517,3502
3517,3503
3517,3506
3517,3512
3517,3513
3517,3516
3518,2451
3518,2453
3518,2454
3518,2455
3518,2462
3518,2463
3518,2471
3518,2480
3518,2484
3518,2487
3518,2488
3518,2490
3518,3506
3518,3507
3518,3510
3518,3514
3518,3515
3519,2450
3519,2451
3519,2457
3519,2459
3519,2466
3519,2473
3519,2482
3519,2485
3519,3501
3519,3502
3519,3506
3519,3509
3519,3511
3519,3512
3519,3513
3519,3516
3520,2494
3520,2495
3520,2496
3520,2497
3520,2499
3520,2503
3520,2504
3520,2505
3520,2506
3520,2507
3520,2509
3520,3524
3520,3525
3520,3528
3521,2492
3521,2498
3521,2501
3521,2503
3521,2505
3521,2507
3521,2510
3521,2511
3521,3522
3521,3525
3521,3526
3521,3527
3521,3528
3521,3529
3522,2492
3522,2495
3522,2498
3522,2501
3522,2505
3522,2510
3522,2511
3522,2513
3522,3521
3522,3525
3522,3526
3522,3527
3522,3528
3522,3529
3523,2494
3523,2495
3523,2498
3523,2500
3523,2501
3523,2503
3523,2505
3523,2506
3523,2507
3523,2510
3523,2511
3523,2514
3523,3525
3523,3527
3523,3528
3524,2493
3524,2494
3524,2496
3524,2497
3524,2499
3524,2500
3524,2502
3524,2504
3524,2505
3524,2506
3524,2507
3524,2508
3524,2509
3524,2514
3524,3520
3524,3530
3525,2492
3525,2495
3525,2496
3525,2499
3525,2501
3525,2504
3525,2505
3525,2506
3525,2507
3525,2508
3525,2510
3525,2513
3525,3520
3525,3521
3525,3522
3525,3523
3525,3526
3525,3527
3525,3528
3525,3529
3526,2492
3526,2495
3526,2498
3526,2501
3526,2505
3526,2506
3526,2507
3526,2508
3526,2510
3526,2511
3526,2513
3526,3521
3526,3522
3526,3525
3526,3527
3526,3528
3526,3529
3527,2492
3527,2495
3527,2501
3527,2505
3527,2506
3527,2510
3527,2511
3527,2513
3527,3521
3527,3522
3527,3523
3527,3525
3527,3526
3527,3528
3527,3529
3528,2492
3528,2494
3528,2495
3528,2496
3528,2498
3528,2499
3528,2501
3528,2503
3528,2504
3528,2505
3528,2506
3528,2507
3528,2510
3528,2511
3528,2513
3528,3520
3528,3521
3528,3522
3528,3523
3528,3525
3528,3526
3528,3527
3528,3529
3529,2492
3529,2495
3529,2498
3529,2501
3529,2505
3529,2510
3529,2511
3529,2513
3529,3521
3529,3522
3529,3525
3529,3526
3529,3527
3529,3528
3530,2493
3530,2494
3530,2496
3530,2497
3530,2499
3530,2500
3530,2502
3530,2504
3530,2506
3530,2508
3530,2509
3530,2512
3530,2514
3530,3524
