,true_label,cell_type_masked,is_labeled
COV19_CH11283376_CTGCCTAAGTGGCACA,Ciliated,Ciliated,True
COV19_CH11283392_ATTACTCTCCTTTCTC,Ciliated,Ciliated,True
COV19_CH11283370_CCATTCGTCGAGGTAG,Ciliated,Ciliated,True
COV19_CH11931807_CCTCAGTGTTGTGGCC,Ciliated,Ciliated,True
COV19_CH11931802_GCACTCTAGTCTCCTC,Ciliated,Ciliated,True
COV19_CH11931844_AGAGCTTGTTGGTTTG,Ciliated,Ciliated,True
COV19_CH11283389_ACTTGTTCAAACAACA,Ciliated,Ciliated,True
COV19_CH11283371_ACGGGTCGTGTCGCTG,Ciliated,Ciliated,True
COV19_CH11283384_TAAACCGCACGGCCAT,Ciliated,Ciliated,True
COV19_CH11283357_TGAGAGGCACCAGCAC,Ciliated,Ciliated,True
COV19_CH11931843_AACTCCCTCGCAAGCC,Ciliated,Ciliated,True
COV19_CH11283386_CGAGAAGTCTTGTATC,Ciliated,Ciliated,True
COV19_CH11283354_TGAGAGGTCTAACTCT,Ciliated,Ciliated,True
COV19_CH11931843_CTCACACTCTGCGACG,Ciliated,Ciliated,True
COV19_CH11283373_TAAGCGTAGAAAGTGG,Ciliated,Ciliated,True
COV19_CH11931807_CGGACGTCATGTTGAC,Ciliated,Ciliated,True
COV19_CH11283368_CCACTACCACGACGAA,Ciliated,Ciliated,True
COV19_CH11283373_AACTGGTTCTACGAGT,Ciliated,Ciliated,True
COV19_CH11283372_CGGACGTCATGCGCAC,Ciliated,Ciliated,True
COV19_CH11931799_CTCTGGTAGCGTTCCG,Ciliated,Ciliated,True
COV19_CH11931834_ACTGAACAGTGGAGTC,Ciliated,Ciliated,True
COV19_CH11283385_ACGCCGAAGTGGTCCC,Ciliated,Ciliated,True
COV19_CH11283345_TACTTGTTCACGAAGG,Ciliated,Ciliated,True
COV19_CH11931807_GCGGGTTGTCTTCTCG,Ciliated,Ciliated,True
COV19_CH11931809_CATCGAAAGCTTATCG,Ciliated,Ciliated,True
COV19_CH11283377_GGTGTTACAGTTCATG,Ciliated,Ciliated,True
COV19_CH11931801_GAACGGAGTCGCATCG,Ciliated,Ciliated,True
COV19_CH11931837_TTGGAACAGTCGAGTG,Ciliated,Ciliated,True
COV19_CH11283372_TTAGGACTCTCAACTT,Ciliated,Ciliated,True
COV19_CH11931834_TGCGCAGAGTGGACGT,Ciliated,Ciliated,True
COV19_CH11283372_GATGCTAAGGACAGCT,Ciliated,Ciliated,True
COV19_CH11931825_TGCCCTACATCTATGG,Ciliated,Ciliated,True
COV19_CH11283352_GTTACAGGTCCGAATT,Ciliated,Ciliated,True
COV19_CH11283361_TACGGTACAGTTCCCT,Ciliated,Ciliated,True
COV19_CH11283368_GAGGTGACATCCAACA,Ciliated,Ciliated,True
COV19_CH11283368_GCTCTGTGTTAAGACA,Ciliated,Ciliated,True
COV19_CH11931838_ATAGACCCATCACAAC,Ciliated,Ciliated,True
COV19_CH11283368_AACCGCGCAAGGTGTG,Ciliated,Ciliated,True
COV19_CH11931799_CATCAAGGTCTTCTCG,Ciliated,Ciliated,True
COV19_CH11931841_TGTGTTTAGTGGTCCC,Ciliated,Ciliated,True
COV19_CH11283368_GATCTAGCAAAGCGGT,Ciliated,Ciliated,True
COV19_CH11283358_CATGCCTAGTGCGATG,Ciliated,Ciliated,True
COV19_CH11283352_GTGCAGCCACGCTTTC,Ciliated,Ciliated,True
COV19_CH11283367_GCATGATCAGCTCCGA,Ciliated,Ciliated,True
COV19_CH11283354_CCCAGTTAGTCTCAAC,Ciliated,Ciliated,True
COV19_CH11931810_AAGGCAGTCTTTAGGG,Ciliated,Ciliated,True
COV19_CH11283373_ACGGCCATCCGCGGTA,Ciliated,Ciliated,True
COV19_CH11283368_ACGGGTCCAGTAGAGC,Ciliated,Ciliated,True
COV19_CH11283377_TTTGCGCCAGACGCCT,Ciliated,Ciliated,True
COV19_CH11283355_GTAGGCCGTTGTACAC,Ciliated,Ciliated,True
COV19_CH11283361_GAATAAGAGCATCATC,Ciliated,Ciliated,True
COV19_CH11283352_TACTTACCAGTTTACG,Ciliated,Ciliated,True
COV19_CH11931805_ACCGTAACAATCTACG,Ciliated,Ciliated,True
COV19_CH11283361_GTAACTGAGCTTATCG,Ciliated,Ciliated,True
COV19_CH11283389_AAGTCTGGTCCTGCTT,Ciliated,Ciliated,True
COV19_CH11931845_TGAGAGGTCGGCGCTA,Ciliated,Ciliated,True
COV19_CH11283370_CAACCAACAGTAAGAT,Ciliated,Ciliated,True
COV19_CH11931843_AGAATAGGTCTGGTCG,Ciliated,Ciliated,True
COV19_CH11931809_CATCAGACAAGTCATC,Ciliated,Ciliated,True
COV19_CH11283359_CCAATCCAGCTCCTCT,Ciliated,Ciliated,True
COV19_CH11283372_ACTTGTTAGAGACTTA,Ciliated,Ciliated,True
COV19_CH11283373_GATCGATGTGGCTCCA,Ciliated,Ciliated,True
COV19_CH11931806_CACAGTACACGGCTAC,Ciliated,Ciliated,True
COV19_CH11931798_CTGAAGTGTATCTGCA,Ciliated,Ciliated,True
COV19_CH11283373_CGTAGCGCACTGCCAG,Ciliated,Ciliated,True
COV19_CH11283346_TGTATTCTCTCTAGGA,Ciliated,Ciliated,True
COV19_CH11931818_GATCTAGAGGAACTGC,Ciliated,Ciliated,True
COV19_CH11283373_CGCTGGAGTGGTTTCA,Ciliated,Ciliated,True
COV19_CH11283387_TCAGCTCTCCGTAGGC,Ciliated,Ciliated,True
COV19_CH11283361_ACGGGTCAGTACGATA,Ciliated,Ciliated,True
COV19_CH11931828_GACACGCTCTGTGCAA,Ciliated,Ciliated,True
COV19_CH11283349_TTCTTAGGTGAGGCTA,Ciliated,Ciliated,True
COV19_CH11931822_TGTGTTTAGGTGCTTT,Ciliated,Ciliated,True
COV19_CH11931818_AGCTTGATCATCATTC,Ciliated,Ciliated,True
COV19_CH11283368_CACTCCAAGGTGATAT,Ciliated,Ciliated,True
COV19_CH11931849_CAGATCAAGCACACAG,Ciliated,Ciliated,True
COV19_CH11931834_GATGAAAAGGCATGTG,Ciliated,Ciliated,True
COV19_CH11931826_GCAAACTAGTAGCGGT,Ciliated,Ciliated,True
COV19_CH11931843_ACGGGTCTCGCATGAT,Ciliated,Ciliated,True
COV19_CH11931808_GATGAAAGTTGTCGCG,Ciliated,Ciliated,True
COV19_CH11283393_GACGTTAGTCTGATCA,Ciliated,Ciliated,True
COV19_CH11283372_ACTTGTTAGAATCTCC,Ciliated,Ciliated,True
COV19_CH11283373_TACGGTACATGTAAGA,Ciliated,Ciliated,True
COV19_CH11283371_GTGCAGCCAGATTGCT,Ciliated,Ciliated,True
COV19_CH11931819_TACACGAGTGGTTTCA,Ciliated,Ciliated,True
COV19_CH11283366_TTCGGTCCAGCGTCCA,Ciliated,Ciliated,True
COV19_CH11283389_CGTTGGGTCTGTGCAA,Ciliated,Ciliated,True
COV19_CH11931835_GCGCCAAAGTGTCCCG,Ciliated,Ciliated,True
COV19_CH11931852_CCGTACTTCGGCTACG,Ciliated,Ciliated,True
COV19_CH11283377_TCGCGTTAGCGTAGTG,Ciliated,Ciliated,True
COV19_CH11931811_TAAACCGCACAAGCCC,Ciliated,Ciliated,True
COV19_CH11283351_GGATGTTGTATGAAAC,Ciliated,Ciliated,True
COV19_CH11931845_TAAGCGTAGTGCCAGA,Ciliated,Ciliated,True
COV19_CH11931833_CGTTAGATCCACGACG,Ciliated,Ciliated,True
COV19_CH11283393_CTCAGAAGTGTTGAGG,Ciliated,Ciliated,True
COV19_CH11283384_TTAACTCTCCTCATTA,Ciliated,Ciliated,True
COV19_CH11283376_TGCCCATTCTTCTGGC,Ciliated,Ciliated,True
COV19_CH11283363_GTCTTCGAGATATGCA,Ciliated,Ciliated,True
COV19_CH11931833_GACTGCGCATCGACGC,Ciliated,Ciliated,True
COV19_CH11931823_CGGTTAATCTTAGCCC,Ciliated,Ciliated,True
COV19_CH11283369_GTTTCTATCTACTCAT,T CD8,T CD8,True
COV19_CH11283362_AGAATAGAGCACACAG,T CD8,T CD8,True
COV19_CH11931827_ACACCGGCAAAGGTGC,T CD8,T CD8,True
COV19_CH11283370_ACGGGCTTCCAAGTAC,T CD8,T CD8,True
COV19_CH11931842_GGATTACCATGGAATA,T CD8,T CD8,True
COV19_CH11931823_GTAGTCATCCCTTGCA,T CD8,T CD8,True
COV19_CH11931800_GGGCACTAGGTTCCTA,T CD8,T CD8,True
COV19_CH11283387_TCGAGGCCATAACCTG,T CD8,T CD8,True
COV19_CH11931852_ACGAGGACACCAGCAC,T CD8,T CD8,True
COV19_CH11931811_CTTAGGACAAACGTGG,T CD8,T CD8,True
COV19_CH11931807_CATCGGGTCTAACTGG,T CD8,T CD8,True
COV19_CH11283361_CTCGGGAGTACCGCTG,T CD8,T CD8,True
COV19_CH11931846_ACATGGTAGAGCCCAA,T CD8,T CD8,True
COV19_CH11931831_GATCAGTTCATTGCGA,T CD8,T CD8,True
COV19_CH11283370_GCGACCAGTCACCTAA,T CD8,T CD8,True
COV19_CH11931809_TCTGAGACATGAACCT,T CD8,T CD8,True
COV19_CH11931818_AACCATGAGCGTTGCC,T CD8,T CD8,True
COV19_CH11283373_TTGCGTCTCACGAAGG,T CD8,T CD8,True
COV19_CH11931849_CATTATCGTGGCAAAC,T CD8,T CD8,True
COV19_CH11931835_CCCTCCTGTAGCGTGA,T CD8,T CD8,True
COV19_CH11283392_GTACGTAAGTCGCCGT,T CD8,T CD8,True
COV19_CH11283369_TGACTTTGTACCTACA,T CD8,T CD8,True
COV19_CH11931800_GAACCTAGTTGTGGAG,T CD8,T CD8,True
COV19_CH11931831_GAATAAGGTATCAGTC,T CD8,T CD8,True
COV19_CH11931808_CAGTCCTCATCCCATC,T CD8,T CD8,True
COV19_CH11283381_GTGGGTCCACTTCGAA,T CD8,T CD8,True
COV19_CH11931839_CACAGGCAGAGTACAT,T CD8,T CD8,True
COV19_CH11283382_TGCTACCGTGCACGAA,T CD8,T CD8,True
COV19_CH11931832_CTAACTTGTAGTACCT,T CD8,T CD8,True
COV19_CH11931848_CAAGGCCTCTATCGCC,T CD8,T CD8,True
COV19_CH11931822_GGCGACTGTGGTACAG,T CD8,T CD8,True
COV19_CH11931837_TTGGAACCACTTACGA,T CD8,T CD8,True
COV19_CH11931840_TCAGGTACAGCTTAAC,T CD8,T CD8,True
COV19_CH11283387_GCAGCCAGTACTTAGC,T CD8,T CD8,True
COV19_CH11283369_CAGCAGCAGAGAACAG,T CD8,T CD8,True
COV19_CH11283361_ACTGAGTAGCTGGAAC,T CD8,T CD8,True
COV19_CH11283371_GCATGCGAGAACAACT,T CD8,T CD8,True
COV19_CH11283352_CGGCTAGCACTTCTGC,T CD8,T CD8,True
COV19_CH11931842_CCAGCGAGTAGTGAAT,T CD8,T CD8,True
COV19_CH11931842_AGAATAGGTCTCAACA,T CD8,T CD8,True
COV19_CH11283390_GCAGCCAAGAAACGAG,T CD8,T CD8,True
COV19_CH11283371_CTCGAAATCGGCTTGG,T CD8,T CD8,True
COV19_CH11283381_CATTCGCCATTCCTCG,T CD8,T CD8,True
COV19_CH11283353_CATGACAAGCGATATA,T CD8,T CD8,True
COV19_CH11283373_CTCACACGTGATAAAC,T CD8,T CD8,True
COV19_CH11283361_CAAGGCCGTCCCTTGT,T CD8,T CD8,True
COV19_CH11283369_GGACGTCAGAGACTTA,T CD8,T CD8,True
COV19_CH11283391_GGGAATGCAAGTAATG,T CD8,T CD8,True
COV19_CH11931831_GAGCAGACAGCTTCGG,T CD8,T CD8,True
COV19_CH11283363_GGACATTCACCACCAG,T CD8,T CD8,True
COV19_CH11931835_CAGCATAGTATCAGTC,T CD8,T CD8,True
COV19_CH11931840_ACGGCCAGTCTGCAAT,T CD8,T CD8,True
COV19_CH11931842_TAGGCATTCAGCTCGG,T CD8,T CD8,True
COV19_CH11283392_GCAGTTATCCACGACG,T CD8,T CD8,True
COV19_CH11931851_GGACATTGTAGGACAC,T CD8,T CD8,True
COV19_CH11283381_TCAATCTAGTGAACAT,T CD8,T CD8,True
COV19_CH11931799_GACCTGGAGGAATGGA,T CD8,T CD8,True
COV19_CH11931800_GACTGCGCAGCGTAAG,T CD8,T CD8,True
COV19_CH11931852_AATCCAGCATTTGCCC,T CD8,T CD8,True
COV19_CH11931845_ATGAGGGGTGGTAACG,T CD8,T CD8,True
COV19_CH11931842_GGACAAGCAGGGATTG,T CD8,T CD8,True
COV19_CH11283387_ACGCCGAGTGTGAAAT,T CD8,T CD8,True
COV19_CH11283359_ACCCACTTCATCATTC,T CD8,T CD8,True
COV19_CH11283347_GACGGCTTCGACGGAA,T CD8,T CD8,True
COV19_CH11283387_ACTGCTCCAGTCAGAG,T CD8,T CD8,True
COV19_CH11931849_TGCGTGGCAGTAAGCG,T CD8,T CD8,True
COV19_CH11283391_AGAATAGTCGCATGAT,T CD8,T CD8,True
COV19_CH11931804_GACTAACTCATCGCTC,T CD8,T CD8,True
COV19_CH11283368_GATGCTACACCCAGTG,T CD8,T CD8,True
COV19_CH11283393_GTTCGGGAGGACACCA,T CD8,T CD8,True
COV19_CH11283381_GTTCATTCATGTCTCC,T CD8,T CD8,True
COV19_CH11283371_TGCGGGTTCATATCGG,T CD8,T CD8,True
COV19_CH11283369_AGAGCGATCTTATCTG,T CD8,T CD8,True
COV19_CH11283362_CCTTCCCGTCGCCATG,T CD8,T CD8,True
COV19_CH11931852_TGTGTTTTCTTACCGC,T CD8,T CD8,True
COV19_CH11931831_GGGTTGCGTCATACTG,T CD8,T CD8,True
COV19_CH11283374_CCTCAGTAGCGCTTAT,T CD8,T CD8,True
COV19_CH11931842_CTGCCTAAGCGTGAGT,T CD8,T CD8,True
COV19_CH11931811_TGAGGGACATTAACCG,T CD8,T CD8,True
COV19_CH11283371_TCTGGAATCCTCAACC,T CD8,T CD8,True
COV19_CH11283372_TTTCCTCTCTACTCAT,T CD8,T CD8,True
COV19_CH11931826_GCGACCACAACGCACC,T CD8,T CD8,True
COV19_CH11283379_GTGCGGTGTATCAGTC,T CD8,T CD8,True
COV19_CH11283369_CCACCTAAGCGGCTTC,T CD8,T CD8,True
COV19_CH11931849_GTAGGCCGTTAAGACA,T CD8,T CD8,True
COV19_CH11931802_CACTCCAAGAACTCGG,T CD8,T CD8,True
COV19_CH11283367_TGCGGGTCAATCCGAT,T CD8,T CD8,True
COV19_CH11931842_GGCTGGTTCCCATTAT,T CD8,T CD8,True
COV19_CH11931802_TACCTTATCGGCGCTA,T CD8,T CD8,True
COV19_CH11931817_GCATACAGTCGTGGCT,T CD8,T CD8,True
COV19_CH11283387_CGTAGGCAGATGTTAG,T CD8,T CD8,True
COV19_CH11931824_CTAATGGTCTTGTTTG,T CD8,T CD8,True
COV19_CH11931852_TGAAAGACAGCTGCTG,T CD8,T CD8,True
COV19_CH11283392_CTCTGGTCACGTCAGC,T CD8,T CD8,True
COV19_CH11931832_AGCTCCTCATCGACGC,T CD8,T CD8,True
COV19_CH11283387_TTCGGTCCAGCCACCA,T CD8,T CD8,True
COV19_CH11283373_CGTGTAATCGATAGAA,T CD8,T CD8,True
COV19_CH11283375_GCAGCCATCTCGGACG,T CD8,T CD8,True
COV19_CH11931834_ACGGGCTAGATATGGT,T CD8,T CD8,True
COV19_CH11931801_GAGTCCGGTTCGTGAT,T CD8,T CD8,True
COV19_CH11283391_GCTTGAAAGCAGGCTA,Goblet,Goblet,True
COV19_CH11931822_CATATGGCAACACCCG,Goblet,Goblet,True
COV19_CH11931837_TCAATCTTCTCCGGTT,Goblet,Goblet,True
COV19_CH11931831_CCCTCCTTCACTTATC,Goblet,Goblet,True
COV19_CH11931847_ACCAGTATCCTAGTGA,Goblet,Goblet,True
COV19_CH11931834_AGGCCACAGGACAGAA,Goblet,Goblet,True
COV19_CH11931834_AGTTGGTTCATTTGGG,Goblet,Goblet,True
COV19_CH11283391_GCCAAATTCACAACGT,Goblet,Goblet,True
COV19_CH11283383_GTACGTATCGAATGCT,Goblet,Goblet,True
COV19_CH11283384_CTACATTGTGTAACGG,Goblet,Goblet,True
COV19_CH11931807_AGTGGGATCCCTCAGT,Goblet,Goblet,True
COV19_CH11283360_GGATGTTTCGCGTAGC,Goblet,Goblet,True
COV19_CH11931802_GTCAAGTGTTGTGGAG,Goblet,Goblet,True
COV19_CH11931850_CTGATCCAGTCCTCCT,Goblet,Goblet,True
COV19_CH11931808_GGACAGAAGGACACCA,Goblet,Goblet,True
COV19_CH11283391_TGGACGCCAGGAATGC,Goblet,Goblet,True
COV19_CH11283352_CCCAGTTGTTAAAGAC,Goblet,Goblet,True
COV19_CH11283391_TTAACTCTCGTACCGG,Goblet,Goblet,True
COV19_CH11283367_GGGAATGCATAGACTC,Goblet,Goblet,True
COV19_CH11931808_CTTTGCGAGGCATGTG,Goblet,Goblet,True
COV19_CH11931836_CCTACCACACACATGT,Goblet,Goblet,True
COV19_CH11283388_GGTATTGGTACCGTAT,Goblet,Goblet,True
COV19_CH11283393_CTAGAGTGTGTGAAAT,Goblet,Goblet,True
COV19_CH11931817_GACCTGGTCACCGTAA,Goblet,Goblet,True
COV19_CH11283390_ACTGTCCGTTTAAGCC,Goblet,Goblet,True
COV19_CH11931799_ATAACGCGTCTCTTAT,Goblet,Goblet,True
COV19_CH11931846_TCTATTGTCCGAACGC,Goblet,Goblet,True
COV19_CH11931810_CGTTAGAAGGCTAGCA,Goblet,Goblet,True
COV19_CH11283388_GGACATTCAAACGTGG,Goblet,Goblet,True
COV19_CH11931848_CTCGTCAAGACCACGA,Goblet,Goblet,True
COV19_CH11283388_ACTGCTCGTAGAAAGG,Goblet,Goblet,True
COV19_CH11283391_AAGCCGCCAACGATGG,Goblet,Goblet,True
COV19_CH11931850_CTCGGGACATAAAGGT,Goblet,Goblet,True
COV19_CH11931823_TGCCAAAGTCTGATTG,Goblet,Goblet,True
COV19_CH11283383_CAACTAGCACGGCTAC,Goblet,Goblet,True
COV19_CH11283384_AAGGCAGTCAACGGCC,Goblet,Goblet,True
COV19_CH11931818_GGTGAAGCACGAGAGT,Goblet,Goblet,True
COV19_CH11931825_TATTACCTCTTAGAGC,Goblet,Goblet,True
COV19_CH11283384_GCGCAACGTGATGTGG,Goblet,Goblet,True
COV19_CH11283352_GGCTGGTAGTGTACCT,Goblet,Goblet,True
COV19_CH11931837_GAACATCCATCGTCGG,Goblet,Goblet,True
COV19_CH11931834_TTGCCGTGTCCGTGAC,Goblet,Goblet,True
COV19_CH11931801_AACCATGCAGTATGCT,Goblet,Goblet,True
COV19_CH11931810_GAACATCCATTCACTT,Goblet,Goblet,True
COV19_CH11283353_CTGCTGTCAAGTAATG,Goblet,Goblet,True
COV19_CH11283370_CTCTACGAGTGCCAGA,Goblet,Goblet,True
COV19_CH11931808_GAATGAATCAGGTAAA,Goblet,Goblet,True
COV19_CH11931834_GTATCTTTCAGCCTAA,Goblet,Goblet,True
COV19_CH11283371_CTCTGGTCAGGCGATA,Goblet,Goblet,True
COV19_CH11283391_TGGGCGTGTTGGTGGA,Goblet,Goblet,True
COV19_CH11283380_CACAGGCTCCGTACAA,Goblet,Goblet,True
COV19_CH11931810_AAACGGGGTACCCAAT,Goblet,Goblet,True
COV19_CH11931836_CGCCAAGAGTGCGTGA,Goblet,Goblet,True
COV19_CH11931800_CTCGGAGGTCTAGTGT,Goblet,Goblet,True
COV19_CH11931849_CCCAATCTCCTTGACC,Goblet,Goblet,True
COV19_CH11283390_AACTGGTAGTTAAGTG,Goblet,Goblet,True
COV19_CH11931834_AACTTTCGTACATGTC,Goblet,Goblet,True
COV19_CH11283393_CATCCACGTGGGTATG,Goblet,Goblet,True
COV19_CH11283367_CCGGTAGGTACCTACA,Goblet,Goblet,True
COV19_CH11931842_GCTTGAATCTTATCTG,Goblet,Goblet,True
COV19_CH11931810_CGTCACTTCACGATGT,Goblet,Goblet,True
COV19_CH11283385_GCATGTACACCGATAT,Goblet,Goblet,True
COV19_CH11931834_AACCGCGGTACTCTCC,Goblet,Goblet,True
COV19_CH11283345_TTCTACAAGGATGCGT,Goblet,Goblet,True
COV19_CH11931850_ACACCAAGTTAGATGA,Goblet,Goblet,True
COV19_CH11931831_AGATCTGTCTGGCGAC,Goblet,Goblet,True
COV19_CH11283384_ATGAGGGCATCCCACT,Goblet,Goblet,True
COV19_CH11931834_CGGACGTGTTCCCGAG,Goblet,Goblet,True
COV19_CH11931810_TTCGAAGCATATACGC,Goblet,Goblet,True
COV19_CH11283377_GCGCCAAGTCCCGACA,Goblet,Goblet,True
COV19_CH11283370_CTACATTCAAAGTGCG,Goblet,Goblet,True
COV19_CH11283359_AGCGTATTCAACACCA,Goblet,Goblet,True
COV19_CH11283384_GAACGGATCCACGTTC,Goblet,Goblet,True
COV19_CH11931823_AGACGTTTCCCAAGAT,Goblet,Goblet,True
COV19_CH11931799_TGGCTGGTCATGCATG,Goblet,Goblet,True
COV19_CH11283368_GGACGTCGTATGCTTG,Goblet,Goblet,True
COV19_CH11283365_GAAATGAGTTCCCGAG,Goblet,Goblet,True
COV19_CH11931808_TTGTAGGAGTCTCCTC,Goblet,Goblet,True
COV19_CH11283375_CAAGATCTCCCATTTA,Goblet,Goblet,True
COV19_CH11931801_GCACTCTGTTAGATGA,Goblet,Goblet,True
COV19_CH11931813_ACGCCAGCAATAGAGT,Goblet,Goblet,True
COV19_CH11931834_GTGTTAGAGCGAGAAA,Goblet,Goblet,True
COV19_CH11931805_CAGTAACAGAGACTTA,Goblet,Goblet,True
COV19_CH11283383_CAACCAATCTCAACTT,Goblet,Goblet,True
COV19_CH11283391_CCTAAAGAGAGGACGG,Goblet,Goblet,True
COV19_CH11931802_TACACGACAGCTGTGC,Goblet,Goblet,True
COV19_CH11931834_CATGCCTCAAGTTAAG,Goblet,Goblet,True
COV19_CH11931807_CTACGTCCAGCGTTCG,Goblet,Goblet,True
COV19_CH11931807_CTTACCGTCTCAACTT,Goblet,Goblet,True
COV19_CH11283380_ACTTACTCAGTACACT,Goblet,Goblet,True
COV19_CH11931848_TGAGAGGCAATAGCGG,Goblet,Goblet,True
COV19_CH11931834_ACTGTCCGTGCGCTTG,Goblet,Goblet,True
COV19_CH11931810_TGCACCTGTGGTCTCG,Goblet,Goblet,True
COV19_CH11283357_CACATAGTCGACAGCC,Goblet,Goblet,True
COV19_CH11931834_ACTGTCCTCTACTTAC,Goblet,Goblet,True
COV19_CH11931851_CCAATCCTCTTAACCT,Goblet,Goblet,True
COV19_CH11931834_ACTGAACCAGTGGGAT,Goblet,Goblet,True
COV19_CH11283371_CTGCGGACAACACGCC,Goblet,Goblet,True
COV19_CH11931808_ATCACGACAGCGTAAG,Goblet,Goblet,True
COV19_CH11931818_TCAGCTCGTTGATTGC,Goblet,Goblet,True
COV19_CH11283353_CACAAACGTGAGGCTA,Secretory,Secretory,True
COV19_CH11931805_AAACGGGAGCCTCGTG,Secretory,Secretory,True
COV19_CH11283388_AGAGCTTGTTAAGTAG,Secretory,Secretory,True
COV19_CH11931805_TCACGAAAGATGCCTT,Secretory,Secretory,True
COV19_CH11283382_GCATGATTCCTATGTT,Secretory,Secretory,True
COV19_CH11283389_GAAGCAGGTTGGTGGA,Secretory,Secretory,True
COV19_CH11283358_TGAGGGATCATCTGCC,Secretory,Secretory,True
COV19_CH11283389_ACCTTTAAGGCGCTCT,Secretory,Secretory,True
COV19_CH11283380_TCATTACAGACGACGT,Secretory,Secretory,True
COV19_CH11283382_CTACCCAGTTGTACAC,Secretory,Secretory,True
COV19_CH11283354_ATCTACTGTCGGCTCA,Secretory,Secretory,True
COV19_CH11931805_ATCATCTGTACTCTCC,Secretory,Secretory,True
COV19_CH11931831_TTTGGTTGTTCAGTAC,Secretory,Secretory,True
COV19_CH11931799_GCAAACTGTAAATACG,Secretory,Secretory,True
COV19_CH11931805_CACCTTGAGTGCCATT,Secretory,Secretory,True
COV19_CH11931841_ATGGGAGCAATGTAAG,Secretory,Secretory,True
COV19_CH11931841_CAGGTGCTCAACGCTA,Secretory,Secretory,True
COV19_CH11283353_TTGACTTAGACAAGCC,Secretory,Secretory,True
COV19_CH11931834_TAGAGCTCATGACGGA,Secretory,Secretory,True
COV19_CH11931831_CTACATTAGAATAGGG,Secretory,Secretory,True
COV19_CH11931803_GGGCATCTCTGTCAAG,Secretory,Secretory,True
COV19_CH11283374_AACGTTGCATCCGGGT,Secretory,Secretory,True
COV19_CH11283358_GCGGGTTGTGGCCCTA,Secretory,Secretory,True
COV19_CH11283385_GCGACCACATCACAAC,Secretory,Secretory,True
COV19_CH11283364_ACTATCTTCATCGCTC,Secretory,Secretory,True
COV19_CH11283358_GAACATCTCATCGATG,Secretory,Secretory,True
COV19_CH11283358_GCATGATAGTAAGTAC,Secretory,Secretory,True
COV19_CH11283382_GGGCACTTCATCGCTC,Secretory,Secretory,True
COV19_CH11931821_TGCGCAGCAGTGAGTG,Secretory,Secretory,True
COV19_CH11283358_ATTGGACAGCGCTTAT,Secretory,Secretory,True
COV19_CH11283373_CTGATAGGTTCACCTC,Secretory,Secretory,True
COV19_CH11931810_TCTGAGAGTCTGATTG,Secretory,Secretory,True
COV19_CH11931823_AAACGGGAGCGTTTAC,Secretory,Secretory,True
COV19_CH11931802_CTGCGGAAGAGTGAGA,Secretory,Secretory,True
COV19_CH11931807_TGAGCCGGTATATGGA,Secretory,Secretory,True
COV19_CH11283380_ACACTGAAGACTGGGT,Secretory,Secretory,True
COV19_CH11931850_TTCTACAAGCACCGTC,Secretory,Secretory,True
COV19_CH11931841_TAAGAGAGTTGCGTTA,Secretory,Secretory,True
COV19_CH11931826_CGCGGTATCTCGAGTA,Secretory,Secretory,True
COV19_CH11931805_GCTGCTTAGCGCCTCA,Secretory,Secretory,True
COV19_CH11931837_TAAGCGTAGAGACGAA,Secretory,Secretory,True
COV19_CH11931834_CGGTTAAGTATTCTCT,Secretory,Secretory,True
COV19_CH11931847_GAACATCTCCATGAGT,Secretory,Secretory,True
COV19_CH11283353_GGTATTGAGGCTCAGA,Secretory,Secretory,True
COV19_CH11283372_GAAATGAAGATCCTGT,Secretory,Secretory,True
COV19_CH11283377_GAACCTAGTTACGGAG,Secretory,Secretory,True
COV19_CH11283358_CTTGGCTAGCCGCCTA,Secretory,Secretory,True
COV19_CH11283374_GCGGGTTCAGCTGTTA,Secretory,Secretory,True
COV19_CH11931838_GGAATAATCGGTGTTA,Secretory,Secretory,True
COV19_CH11283389_CTCGAAACACGAAAGC,Secretory,Secretory,True
COV19_CH11283349_GCCAAATCAAGTCTAC,Secretory,Secretory,True
COV19_CH11931838_GTGCATACACGGTGTC,Secretory,Secretory,True
COV19_CH11283382_AAGGCAGCACACTGCG,Secretory,Secretory,True
COV19_CH11283389_ACTGAGTCAGCATACT,Secretory,Secretory,True
COV19_CH11283382_GTCGTAACACACCGAC,Secretory,Secretory,True
COV19_CH11283353_GATGAGGTCAACGCTA,Secretory,Secretory,True
COV19_CH11283380_TGCGTGGGTGTGACCC,Secretory,Secretory,True
COV19_CH11931847_CATCAAGGTATAGGGC,Secretory,Secretory,True
COV19_CH11931837_CGGACACGTACGAAAT,Secretory,Secretory,True
COV19_CH11283389_CAGCCGATCTTACCTA,Secretory,Secretory,True
COV19_CH11283388_CCTAGCTTCACTCTTA,Secretory,Secretory,True
COV19_CH11283366_TGGCGCATCTCCCTGA,Secretory,Secretory,True
COV19_CH11931807_CAGCAGCTCAAACAAG,Secretory,Secretory,True
COV19_CH11283353_CTGAAGTTCCACGTTC,Secretory,Secretory,True
COV19_CH11283382_CAGGTGCCAAGGACTG,Secretory,Secretory,True
COV19_CH11283354_CTAGAGTCACTTGGAT,Secretory,Secretory,True
COV19_CH11283382_CAAGAAAAGTCATCCA,Secretory,Secretory,True
COV19_CH11931805_CTAATGGCAGGCAGTA,Secretory,Secretory,True
COV19_CH11283364_ACTTACTCACAGCCCA,Secretory,Secretory,True
COV19_CH11931807_CGGTTAACAAGTAATG,Secretory,Secretory,True
COV19_CH11283382_CGGCTAGTCTCGATGA,Secretory,Secretory,True
COV19_CH11931807_TCAGGTAAGCGCCTCA,Secretory,Secretory,True
COV19_CH11283382_CCATGTCAGCGCTTAT,Secretory,Secretory,True
COV19_CH11283374_AGCGTATGTGAAAGAG,Secretory,Secretory,True
COV19_CH11283366_ATCATGGGTACTTGAC,Secretory,Secretory,True
COV19_CH11283364_ATGTGTGAGGACAGCT,Secretory,Secretory,True
COV19_CH11283358_CTACGTCGTTCGGCAC,Secretory,Secretory,True
COV19_CH11283358_TCAACGATCAAGATCC,Secretory,Secretory,True
COV19_CH11283360_ACCAGTACAAGGTGTG,Secretory,Secretory,True
COV19_CH11283389_AGTGAGGCAAGCGCTC,Secretory,Secretory,True
COV19_CH11283380_TTATGCTTCCGCAAGC,Secretory,Secretory,True
COV19_CH11931841_CAGCGACCAGTTAACC,Secretory,Secretory,True
COV19_CH11283353_GATTCAGTCGCCTGTT,Secretory,Secretory,True
COV19_CH11283372_TTAGGCAGTCGCTTCT,Secretory,Secretory,True
COV19_CH11931850_CACACAATCAACGGCC,Secretory,Secretory,True
COV19_CH11283384_AGGGTGACAAAGAATC,Secretory,Secretory,True
COV19_CH11283389_TGAGAGGAGCCTATGT,Secretory,Secretory,True
COV19_CH11931799_GTGCAGCTCAAGGCTT,Secretory,Secretory,True
COV19_CH11283374_ACTGATGAGGCCGAAT,Secretory,Secretory,True
COV19_CH11931843_ACGAGCCCAATGGTCT,Secretory,Secretory,True
COV19_CH11283389_TAAGTGCCAACTGGCC,Secretory,Secretory,True
COV19_CH11931837_CGGTTAACAGGCAGTA,Secretory,Secretory,True
COV19_CH11283359_TGCGTGGGTCTTGCGG,Secretory,Secretory,True
COV19_CH11283353_CATATTCCACAGCCCA,Secretory,Secretory,True
COV19_CH11283353_GGCAATTAGAGATGAG,Secretory,Secretory,True
COV19_CH11283390_GGAAAGCTCTGATTCT,Secretory,Secretory,True
COV19_CH11283389_CTAGAGTGTTGGTTTG,Secretory,Secretory,True
COV19_CH11283353_GAAATGAAGAAGGTGA,Secretory,Secretory,True
COV19_CH11931826_TTAGGCAAGTGGAGAA,Secretory,Secretory,True
COV19_CH11931800_ACTGATGAGCAGACTG,Secretory,Secretory,True
COV19_CH11283353_CGTTCTGCAGTAAGAT,Basal,Basal,True
COV19_CH11283374_TTGCGTCAGAAACCTA,Basal,Basal,True
COV19_CH11283380_GATTCAGCAAGAGGCT,Basal,Basal,True
COV19_CH11283353_CGCTGGACATGCCACG,Basal,Basal,True
COV19_CH11283374_CAGTAACGTTGGTGGA,Basal,Basal,True
COV19_CH11283353_CACCAGGGTGTCCTCT,Basal,Basal,True
COV19_CH11931849_CATATTCGTTCAGTAC,Basal,Basal,True
COV19_CH11283380_TTAACTCCACCATCCT,Basal,Basal,True
COV19_CH11283380_CACCACTAGGCAAAGA,Basal,Basal,True
COV19_CH11283353_CCTACACTCTGAGTGT,Basal,Basal,True
COV19_CH11931803_CGCGTTTTCTACGAGT,Basal,Basal,True
COV19_CH11283358_TGCCAAACAGAGCCAA,Basal,Basal,True
COV19_CH11931800_GACGCGTGTCTGCCAG,Basal,Basal,True
COV19_CH11283358_TTAGGCAGTCTCTCTG,Basal,Basal,True
COV19_CH11931823_TTCGAAGCATGCGCAC,Basal,Basal,True
COV19_CH11931803_GTTCATTAGCTAGCCC,Basal,Basal,True
COV19_CH11931807_TTTACTGTCCGAGCCA,Basal,Basal,True
COV19_CH11283354_CGAGCACCAAGTACCT,Basal,Basal,True
COV19_CH11283374_ACGCCGAGTATAAACG,Basal,Basal,True
COV19_CH11283380_GGACGTCAGTTGTCGT,Basal,Basal,True
COV19_CH11283374_AGTAGTCAGGAGTTGC,Basal,Basal,True
COV19_CH11283374_CCTAGCTCACGGCGTT,Basal,Basal,True
COV19_CH11283353_ACGGGTCTCGACAGCC,Basal,Basal,True
COV19_CH11931803_AGAGTGGTCTGTGCAA,Basal,Basal,True
COV19_CH11931807_TTTCCTCAGTATCGAA,Basal,Basal,True
COV19_CH11283389_TGTATTCAGTTTGCGT,Basal,Basal,True
COV19_CH11283368_GTTACAGGTCGCGTGT,Basal,Basal,True
COV19_CH11931807_GAAATGATCCAAGCCG,Basal,Basal,True
COV19_CH11283390_CCTCAGTCAGTATGCT,Basal,Basal,True
COV19_CH11283388_GTACTCCTCGTAGGAG,Basal,Basal,True
COV19_CH11931838_GGACAGAAGCGATAGC,Basal,Basal,True
COV19_CH11931831_CACACCTGTTCACCTC,Basal,Basal,True
COV19_CH11931807_TAAGAGAGTTATGTGC,Basal,Basal,True
COV19_CH11283386_ACACCAATCCGCATCT,Basal,Basal,True
COV19_CH11283390_TCTCTAACACCGCTAG,Basal,Basal,True
COV19_CH11283358_GTGAAGGCACTCAGGC,Basal,Basal,True
COV19_CH11931807_GGGCACTTCGTAGGTT,Basal,Basal,True
COV19_CH11931841_CGTTGGGGTTACCGAT,Basal,Basal,True
COV19_CH11283389_TTCTCCTTCTTAGCCC,Basal,Basal,True
COV19_CH11931837_GGCGACTAGCTAACTC,Basal,Basal,True
COV19_CH11283389_CACTCCACACAGCGTC,Basal,Basal,True
COV19_CH11283382_ACGAGCCCATTCACTT,Basal,Basal,True
COV19_CH11283389_TACGGATAGTTTAGGA,Basal,Basal,True
COV19_CH11283384_GACGCGTGTCAAAGCG,Basal,Basal,True
COV19_CH11283374_CGTGAGCGTCTTCGTC,Basal,Basal,True
COV19_CH11931842_GAAATGAAGATGGGTC,Basal,Basal,True
COV19_CH11931805_GTACTTTGTAATCACC,Basal,Basal,True
COV19_CH11283353_GCAGCCATCTGGTTCC,Basal,Basal,True
COV19_CH11283365_TAGTTGGGTGTTCGAT,Basal,Basal,True
COV19_CH11931803_CGCGTTTTCTGCAGTA,Basal,Basal,True
COV19_CH11283374_GCTTGAAAGCCACGCT,Basal,Basal,True
COV19_CH11931842_CTCCTAGGTCCCTTGT,Basal,Basal,True
COV19_CH11283388_CAGCTAACAATCAGAA,Basal,Basal,True
COV19_CH11931802_CACACCTGTTGGGACA,Basal,Basal,True
COV19_CH11283353_CTCCTAGTCGTTACGA,Basal,Basal,True
COV19_CH11931807_CTTACCGGTACTCGCG,Basal,Basal,True
COV19_CH11283362_GATCGCGTCCGCGGTA,Basal,Basal,True
COV19_CH11931837_TGGCGCAGTTCCACAA,Basal,Basal,True
COV19_CH11283389_GTGCATAAGGATATAC,Basal,Basal,True
COV19_CH11283374_TAGTGGTAGAGATGAG,Basal,Basal,True
COV19_CH11283352_CGACTTCTCACAACGT,Basal,Basal,True
COV19_CH11283361_ACTATCTCAAAGTCAA,Basal,Basal,True
COV19_CH11931807_ACTGAGTGTATTCTCT,Basal,Basal,True
COV19_CH11283374_CTTTGCGGTGCAGACA,Basal,Basal,True
COV19_CH11283376_GGGAATGTCTGCAAGT,Basal,Basal,True
COV19_CH11283373_GACCAATCACATGTGT,Basal,Basal,True
COV19_CH11283353_AAAGTAGCACATGACT,Basal,Basal,True
COV19_CH11931807_AGCATACCACGTAAGG,Basal,Basal,True
COV19_CH11283380_AGGTCATCAAGGGTCA,Basal,Basal,True
COV19_CH11931807_GATGAAACACCAACCG,Basal,Basal,True
COV19_CH11283374_TCTGAGACATTTCACT,Basal,Basal,True
COV19_CH11931822_TGACTTTCAACCGCCA,Basal,Basal,True
COV19_CH11283373_TCAGCTCGTCATCCCT,Basal,Basal,True
COV19_CH11283383_ATAACGCCATGCGCAC,Basal,Basal,True
COV19_CH11283374_ACAGCCGGTGACGGTA,Basal,Basal,True
COV19_CH11283389_GCGCGATCATGCCTTC,Basal,Basal,True
COV19_CH11283374_AGTGGGATCACTCCTG,Basal,Basal,True
COV19_CH11283382_CCGGTAGTCTTTACAC,Basal,Basal,True
COV19_CH11931807_CGGTTAATCCAGTAGT,Basal,Basal,True
COV19_CH11283358_GTGTTAGTCAATAAGG,Basal,Basal,True
COV19_CH11283374_GCTCCTAAGACCTAGG,Basal,Basal,True
COV19_CH11283380_TTCTCAATCTTCATGT,Basal,Basal,True
COV19_CH11283382_CGTGTAAAGACATAAC,Basal,Basal,True
COV19_CH11283389_ACTGAACTCTATCCTA,Basal,Basal,True
COV19_CH11283374_CAGCATATCAGGTAAA,Basal,Basal,True
COV19_CH11931837_GGCCGATTCATGTCCC,Basal,Basal,True
COV19_CH11283358_AGCTCTCCACGACTCG,Basal,Basal,True
COV19_CH11283389_GTAACTGAGAAGAAGC,Basal,Basal,True
COV19_CH11931807_ATAACGCAGGCTACGA,Basal,Basal,True
COV19_CH11283358_AGCTTGACACATCCGG,Basal,Basal,True
COV19_CH11931807_ACTATCTAGCCCGAAA,Basal,Basal,True
COV19_CH11931831_TCCCGATGTAGGGTAC,Basal,Basal,True
COV19_CH11931841_AGATTGCCACGAAATA,Basal,Basal,True
COV19_CH11931805_TGAGCCGAGACAAGCC,Basal,Basal,True
COV19_CH11283374_CCGTTCAAGAAGAAGC,Basal,Basal,True
COV19_CH11283389_AACTCCCCAAGCCCAC,Basal,Basal,True
COV19_CH11283353_CGGGTCAGTAGCTAAA,Basal,Basal,True
COV19_CH11283380_GGAGCAACACGACTCG,Basal,Basal,True
COV19_CH11931823_CGAGAAGTCTGGGCCA,Basal,Basal,True
COV19_CH11283353_GTGTGCGCAAGTTAAG,Basal,Basal,True
COV19_CH11283371_CGAATGTGTTCGCGAC,Macrophage,Macrophage,True
COV19_CH11283386_CTCACACTCCAAACTG,Macrophage,Macrophage,True
COV19_CH11931811_GACGCGTTCTTAACCT,Macrophage,Macrophage,True
COV19_CH11283350_AGAGTGGGTAGCGCTC,Macrophage,Macrophage,True
COV19_CH11931845_ACTTGTTTCGGTGTCG,Macrophage,Macrophage,True
COV19_CH11931827_GTTACAGAGCGCTCCA,Macrophage,Macrophage,True
COV19_CH11283391_AAAGATGTCAAAGACA,Macrophage,Macrophage,True
COV19_CH11283362_CGGACTGGTACCTACA,Macrophage,Macrophage,True
COV19_CH11283373_CAGCCGAGTGCCTGCA,Macrophage,Macrophage,True
COV19_CH11931849_CTGATCCAGCAATCTC,Macrophage,Macrophage,True
COV19_CH11283387_GAACGGAAGAGTACCG,Macrophage,Macrophage,True
COV19_CH11283393_CCGGGATAGTTCCACA,Macrophage,Macrophage,True
COV19_CH11931850_TTCTACAAGTGCAAGC,Macrophage,Macrophage,True
COV19_CH11283391_TCGTAGAGTAAATGAC,Macrophage,Macrophage,True
COV19_CH11283388_CGATGTAGTAAGTAGT,Macrophage,Macrophage,True
COV19_CH11283350_TTAGGACAGAGGTAGA,Macrophage,Macrophage,True
COV19_CH11931823_GGGTTGCTCACAAACC,Macrophage,Macrophage,True
COV19_CH11283369_GGGCATCCAAAGCAAT,Macrophage,Macrophage,True
COV19_CH11931826_CGCTATCTCAGAGACG,Macrophage,Macrophage,True
COV19_CH11283388_TGAGAGGCACAGGCCT,Macrophage,Macrophage,True
COV19_CH11283391_TGACGGCGTACTCTCC,Macrophage,Macrophage,True
COV19_CH11931849_AGGTCCGGTGGGTCAA,Macrophage,Macrophage,True
COV19_CH11283366_AACCATGAGATCACGG,Macrophage,Macrophage,True
COV19_CH11931817_CTTAACTAGGTGCTAG,Macrophage,Macrophage,True
COV19_CH11283383_TTATGCTTCTTGTATC,Macrophage,Macrophage,True
COV19_CH11283385_TGGACGCTCGATCCCT,Macrophage,Macrophage,True
COV19_CH11283392_CTAATGGGTGCTTCTC,Macrophage,Macrophage,True
COV19_CH11283350_TGCCCATTCAAACAAG,Macrophage,Macrophage,True
COV19_CH11283387_GGTGTTAGTGGTTTCA,Macrophage,Macrophage,True
COV19_CH11283371_CTACACCCAAATCCGT,Macrophage,Macrophage,True
COV19_CH11283356_ACGCCAGCAGGGATTG,Macrophage,Macrophage,True
COV19_CH11283370_GGTATTGGTAGAAGGA,Macrophage,Macrophage,True
COV19_CH11931809_AGATTGCAGCCCAGCT,Macrophage,Macrophage,True
COV19_CH11283385_TGTTCCGAGTCCCACG,Macrophage,Macrophage,True
COV19_CH11283384_TGCGCAGGTACTTAGC,Macrophage,Macrophage,True
COV19_CH11283385_GGTGCGTAGTACACCT,Macrophage,Macrophage,True
COV19_CH11283371_CACAGTAAGGTCGGAT,Macrophage,Macrophage,True
COV19_CH11283345_TTCTCAATCGGCTACG,Macrophage,Macrophage,True
COV19_CH11283385_GCGCGATAGTGTGGCA,Macrophage,Macrophage,True
COV19_CH11283383_CATCGGGGTCTGATTG,Macrophage,Macrophage,True
COV19_CH11931838_TAGGCATGTTTAGGAA,Macrophage,Macrophage,True
COV19_CH11931834_TGGCCAGTCAAACAAG,Macrophage,Macrophage,True
COV19_CH11283383_ATCACGATCCATGCTC,Macrophage,Macrophage,True
COV19_CH11931852_AGGCCGTGTTATCACG,Macrophage,Macrophage,True
COV19_CH11931837_AGTGAGGAGGATGGTC,Macrophage,Macrophage,True
COV19_CH11931827_ATAGACCAGCACACAG,Macrophage,Macrophage,True
COV19_CH11931807_CGCGTTTTCGTCTGCT,Macrophage,Macrophage,True
COV19_CH11283383_ACGCCAGAGCATCATC,Macrophage,Macrophage,True
COV19_CH11931800_ACATACGAGCGTTCCG,Macrophage,Macrophage,True
COV19_CH11283372_TTGGAACAGATCTGAA,Macrophage,Macrophage,True
COV19_CH11283382_AATCGGTTCAAGGTAA,Macrophage,Macrophage,True
COV19_CH11283369_AACTCTTCAGATTGCT,Macrophage,Macrophage,True
COV19_CH11283386_GCTCCTAGTCACAAGG,Macrophage,Macrophage,True
COV19_CH11931838_AGCAGCCGTGAGTATA,Macrophage,Macrophage,True
COV19_CH11931837_GGTGCGTGTAGCAAAT,Macrophage,Macrophage,True
COV19_CH11283371_CACAGGCCACGAGAGT,Macrophage,Macrophage,True
COV19_CH11283385_CACAGGCGTAGTACCT,Macrophage,Macrophage,True
COV19_CH11283352_GCGAGAAGTGCACTTA,Macrophage,Macrophage,True
COV19_CH11283393_TTCTCCTAGGGAAACA,Macrophage,Macrophage,True
COV19_CH11931848_GGCTGGTTCCACGCAG,Macrophage,Macrophage,True
COV19_CH11283362_GTGAAGGCAGATCGGA,Macrophage,Macrophage,True
COV19_CH11283369_GGAGCAACAATGGATA,Macrophage,Macrophage,True
COV19_CH11283388_ACATGGTTCCAAACTG,Macrophage,Macrophage,True
COV19_CH11283349_ACGATGTAGTTACGGG,Macrophage,Macrophage,True
COV19_CH11283369_CTTTGCGAGTGAAGAG,Macrophage,Macrophage,True
COV19_CH11931837_GAACCTACATCTGGTA,Macrophage,Macrophage,True
COV19_CH11283381_GTGCAGCTCGTCTGCT,Macrophage,Macrophage,True
COV19_CH11283357_CTGAAGTTCTATCGCC,Macrophage,Macrophage,True
COV19_CH11283383_GGCGACTCATATGGTC,Macrophage,Macrophage,True
COV19_CH11283384_CGATGGCAGCGCTTAT,Macrophage,Macrophage,True
COV19_CH11283382_CACATTTAGCGAAGGG,Macrophage,Macrophage,True
COV19_CH11931818_ACTTTCAAGAAGGGTA,Macrophage,Macrophage,True
COV19_CH11931850_GACGTGCGTCCTCCAT,Macrophage,Macrophage,True
COV19_CH11283377_GGGAGATTCTTGAGGT,Macrophage,Macrophage,True
COV19_CH11931834_AGGGTGATCGTACGGC,Macrophage,Macrophage,True
COV19_CH11283371_CTACATTTCCTTTCTC,Macrophage,Macrophage,True
COV19_CH11931810_CGCTTCACAGCTCGCA,Macrophage,Macrophage,True
COV19_CH11283364_GTCACAACACATCCAA,Macrophage,Macrophage,True
COV19_CH11931799_TCATTTGAGTACGCCC,Macrophage,Macrophage,True
COV19_CH11283383_GCTCTGTTCAGCTGGC,Macrophage,Macrophage,True
COV19_CH11283380_CTAATGGGTTCGGGCT,Macrophage,Macrophage,True
COV19_CH11931835_TACGGTAAGATGTCGG,Macrophage,Macrophage,True
COV19_CH11931800_GATCTAGGTTAAAGAC,Macrophage,Macrophage,True
COV19_CH11283382_TACTCATCATCGACGC,Macrophage,Macrophage,True
COV19_CH11283381_CACACAATCGGCCGAT,Macrophage,Macrophage,True
COV19_CH11283356_TGGGCGTTCGTACGGC,Macrophage,Macrophage,True
COV19_CH11931800_TCGCGAGAGGCTCAGA,Macrophage,Macrophage,True
COV19_CH11283373_GCTCTGTAGCTCCTTC,Macrophage,Macrophage,True
COV19_CH11283371_TGAGCATGTAGCTCCG,Macrophage,Macrophage,True
COV19_CH11283380_TGGCGCACACAGCCCA,Macrophage,Macrophage,True
COV19_CH11283369_ACCCACTGTGTGGCTC,Macrophage,Macrophage,True
COV19_CH11283384_CTCATTACATGAAGTA,Macrophage,Macrophage,True
COV19_CH11283381_CCTTCGATCGAATCCA,Macrophage,Macrophage,True
COV19_CH11283350_ATGGGAGAGGCTAGGT,Macrophage,Macrophage,True
COV19_CH11283357_GGGATGATCCGTCAAA,Macrophage,Macrophage,True
COV19_CH11931818_GGGCATCCAAGAGGCT,Macrophage,Macrophage,True
COV19_CH11283382_TAGACCAAGACACGAC,Macrophage,Macrophage,True
COV19_CH11931850_GTGTTAGGTCCATCCT,Macrophage,Macrophage,True
COV19_CH11931833_CCTAGCTTCCGAAGAG,Macrophage,Macrophage,True
COV19_CH11283382_ATGAGGGCAGACAAAT,Macrophage,Macrophage,True
COV19_CH11931832_ACGATGTGTCGTTGTA,T CD4,T CD4,True
COV19_CH11283383_CATTATCGTCCGAGTC,T CD4,T CD4,True
COV19_CH11283366_GCGCGATCATTTCACT,T CD4,T CD4,True
COV19_CH11283357_CCTTCCCCAAGAAGAG,T CD4,T CD4,True
COV19_CH11283356_ACTTACTGTAAGCACG,T CD4,T CD4,True
COV19_CH11283364_TGACAACTCCTTTCGG,T CD4,T CD4,True
COV19_CH11283391_GCTTGAATCAACGGGA,T CD4,T CD4,True
COV19_CH11931834_AGGCCACAGCTTTGGT,T CD4,T CD4,True
COV19_CH11283385_TGACGGCTCGGAAACG,T CD4,T CD4,True
COV19_CH11283381_CTTACCGAGGCTCTTA,T CD4,T CD4,True
COV19_CH11283391_ACGGAGAAGATAGTCA,T CD4,T CD4,True
COV19_CH11931842_GCGCAACGTGCACGAA,T CD4,T CD4,True
COV19_CH11931834_CAGATCATCCTTGACC,T CD4,T CD4,True
COV19_CH11931798_CATCCACGTCAGAGGT,T CD4,T CD4,True
COV19_CH11283361_GCGACCAGTATATGGA,T CD4,T CD4,True
COV19_CH11283363_TTGACTTCATAACCTG,T CD4,T CD4,True
COV19_CH11931819_GCCAAATGTTCAGCGC,T CD4,T CD4,True
COV19_CH11931842_CGACCTTCAAGGACTG,T CD4,T CD4,True
COV19_CH11283385_GAAGCAGAGTCGTACT,T CD4,T CD4,True
COV19_CH11283391_CACCACTCAGGAATGC,T CD4,T CD4,True
COV19_CH11931836_TGCGGGTCAGGTCGTC,T CD4,T CD4,True
COV19_CH11931837_AAGGAGCTCCGAATGT,T CD4,T CD4,True
COV19_CH11283371_ACTGAGTGTAACGCGA,T CD4,T CD4,True
COV19_CH11283363_CGTTCTGCAGATGAGC,T CD4,T CD4,True
COV19_CH11931831_CACCAGGGTACAGCAG,T CD4,T CD4,True
COV19_CH11283362_CACACCTAGGATGCGT,T CD4,T CD4,True
COV19_CH11931834_GTCAAGTCACCTGGTG,T CD4,T CD4,True
COV19_CH11283391_GGCTCGAGTGGGTCAA,T CD4,T CD4,True
COV19_CH11931849_GGACAGATCGTTTAGG,T CD4,T CD4,True
COV19_CH11931799_CTGCGGAGTCAGATAA,T CD4,T CD4,True
COV19_CH11283388_GCTGCTTAGGCCGAAT,T CD4,T CD4,True
COV19_CH11283371_TAAGAGAGTGTGAATA,T CD4,T CD4,True
COV19_CH11283368_CTGCCTAAGTCCCACG,T CD4,T CD4,True
COV19_CH11283393_CACCTTGGTCCGTGAC,T CD4,T CD4,True
COV19_CH11283385_GTCATTTCATACTACG,T CD4,T CD4,True
COV19_CH11283371_CTCGAAATCAAACCAC,T CD4,T CD4,True
COV19_CH11931811_CATGGCGGTGTGAATA,T CD4,T CD4,True
COV19_CH11283371_CTGTTTAAGGCAAAGA,T CD4,T CD4,True
COV19_CH11931828_GAATAAGGTCAGAGGT,T CD4,T CD4,True
COV19_CH11283371_TCACGAATCCAGAGGA,T CD4,T CD4,True
COV19_CH11283371_GGTATTGAGGTAAACT,T CD4,T CD4,True
COV19_CH11931852_CTTACCGGTGGCTCCA,T CD4,T CD4,True
COV19_CH11931810_GTCGGGTGTATGGTTC,T CD4,T CD4,True
COV19_CH11931834_AGGTCCGAGCCATCGC,T CD4,T CD4,True
COV19_CH11931822_GAAATGAGTCGCATAT,T CD4,T CD4,True
COV19_CH11931848_AACTCAGAGGCTACGA,T CD4,T CD4,True
COV19_CH11283388_TCTCTAACAAATCCGT,T CD4,T CD4,True
COV19_CH11931807_CCTAGCTCAGTCACTA,T CD4,T CD4,True
COV19_CH11931829_CTGTTTACATATGCTG,T CD4,T CD4,True
COV19_CH11283388_TCCCGATAGCCACTAT,T CD4,T CD4,True
COV19_CH11283386_CCTTTCTAGTCCGGTC,T CD4,T CD4,True
COV19_CH11283371_GCCTCTACAGAGTGTG,T CD4,T CD4,True
COV19_CH11931798_CTGGTCTCAGCGTAAG,T CD4,T CD4,True
COV19_CH11931810_GGGAATGTCATGCTCC,T CD4,T CD4,True
COV19_CH11283357_CGCGTTTCATCCGGGT,T CD4,T CD4,True
COV19_CH11931834_CACAAACGTCGATTGT,T CD4,T CD4,True
COV19_CH11931850_CATGACATCGTTTAGG,T CD4,T CD4,True
COV19_CH11283368_GTATCTTCAAGGGTCA,T CD4,T CD4,True
COV19_CH11283388_TACTCGCTCAGCAACT,T CD4,T CD4,True
COV19_CH11931801_AGATCTGTCTCGGACG,T CD4,T CD4,True
COV19_CH11931839_CGACTTCTCTGAGGGA,T CD4,T CD4,True
COV19_CH11931845_CGTTCTGAGTCGTTTG,T CD4,T CD4,True
COV19_CH11283391_AGCAGCCCATTTGCTT,T CD4,T CD4,True
COV19_CH11283381_GTCGGGTAGTAGATGT,T CD4,T CD4,True
COV19_CH11283383_TGGCCAGGTTCGAATC,T CD4,T CD4,True
COV19_CH11931807_GTGCGGTAGTTAACGA,T CD4,T CD4,True
COV19_CH11283391_GAGGTGAGTTCCATGA,T CD4,T CD4,True
COV19_CH11931823_TCAACGAGTCTAGTGT,T CD4,T CD4,True
COV19_CH11931800_GATCGATAGAAGGGTA,T CD4,T CD4,True
COV19_CH11283364_CTACACCGTGCGGTAA,T CD4,T CD4,True
COV19_CH11283388_AGAGCGACAGACAAAT,T CD4,T CD4,True
COV19_CH11283386_GCAATCACACTTCTGC,T CD4,T CD4,True
COV19_CH11283388_AGCTCTCGTAGCGATG,T CD4,T CD4,True
COV19_CH11283363_CAAGTTGGTGCCTGTG,T CD4,T CD4,True
COV19_CH11283363_AACTTTCAGACAGACC,T CD4,T CD4,True
COV19_CH11931818_CACCACTAGGCATTGG,T CD4,T CD4,True
COV19_CH11283356_GAACGGAAGTTGTAGA,T CD4,T CD4,True
COV19_CH11283369_GGTGCGTAGGGTCTCC,T CD4,T CD4,True
COV19_CH11283388_TAGTTGGGTGACCAAG,T CD4,T CD4,True
COV19_CH11931835_TTAGGACTCTGGGCCA,T CD4,T CD4,True
COV19_CH11931809_TATGCCCAGAAGGTTT,T CD4,T CD4,True
COV19_CH11931809_TCGAGGCTCATTCACT,T CD4,T CD4,True
COV19_CH11283383_TCGTAGAAGTGTACCT,T CD4,T CD4,True
COV19_CH11283385_CACAGGCAGACTAAGT,T CD4,T CD4,True
COV19_CH11283387_TTGACTTGTCATGCAT,T CD4,T CD4,True
COV19_CH11931800_CGTGTAAGTACAGCAG,T CD4,T CD4,True
COV19_CH11931834_ACGCAGCAGACAAGCC,T CD4,T CD4,True
COV19_CH11931801_ACATACGAGAGGTAGA,T CD4,T CD4,True
COV19_CH11283384_CTCGGGAAGGGAAACA,T CD4,T CD4,True
COV19_CH11931834_GAATAAGTCTTGGGTA,T CD4,T CD4,True
COV19_CH11283385_CTTGGCTCACCGTTGG,T CD4,T CD4,True
COV19_CH11283386_GAACATCGTGTGACCC,T CD4,T CD4,True
COV19_CH11931809_TCGAGGCAGTGGAGAA,T CD4,T CD4,True
COV19_CH11931834_ACGCCAGAGCCCGAAA,T CD4,T CD4,True
COV19_CH11283371_GTCGTAATCGTTACGA,T CD4,T CD4,True
COV19_CH11931849_CGCGGTAGTCTCTTTA,T CD4,T CD4,True
COV19_CH11931832_CCACGGATCACATAGC,T CD4,T CD4,True
COV19_CH11283371_TCCACACCATTGGGCC,T CD4,T CD4,True
COV19_CH11283383_CGATCGGAGACTGTAA,T CD4,T CD4,True
COV19_CH11931835_GTCGTAAGTTGGAGGT,T CD4,T CD4,True
COV19_CH11283381_AGATCTGCAGCTTAAC,Ionocyte,Ionocyte,True
COV19_CH11283355_GTGGGTCGTCGCGTGT,Ionocyte,Ionocyte,True
COV19_CH11283391_GACTACAGTATGCTTG,Ionocyte,Ionocyte,True
COV19_CH11283392_TGCTACCCAACTGGCC,Ionocyte,Ionocyte,True
COV19_CH11283389_TGACTAGAGCGATCCC,Ionocyte,Ionocyte,True
COV19_CH11931836_CAGCTAACACTGTTAG,Ionocyte,Ionocyte,True
COV19_CH11931819_AGCTCCTCACCAGGTC,Ionocyte,Ionocyte,True
COV19_CH11931804_AAGGAGCAGCTAGCCC,Ionocyte,Ionocyte,True
COV19_CH11283355_CACCAGGGTAAGTAGT,Ionocyte,Ionocyte,True
COV19_CH11931831_ACGCCGACATGAACCT,Ionocyte,Ionocyte,True
COV19_CH11283383_CCTTTCTGTTGTGGCC,Ionocyte,Ionocyte,True
COV19_CH11283368_CCACCTAGTCTCAACA,Ionocyte,Ionocyte,True
COV19_CH11283370_AAAGATGTCTGTCCGT,Ionocyte,Ionocyte,True
COV19_CH11283393_GTTAAGCGTGGCCCTA,Ionocyte,Ionocyte,True
COV19_CH11931808_CGGACTGTCTAGAGTC,Ionocyte,Ionocyte,True
COV19_CH11283372_CTGCCTAAGCCTATGT,Ionocyte,Ionocyte,True
COV19_CH11283386_CTCTAATAGGAGTTGC,Ionocyte,Ionocyte,True
COV19_CH11283389_TGACAACGTGTGACCC,Ionocyte,Ionocyte,True
COV19_CH11283389_AGCGTATTCCTTGCCA,Ionocyte,Ionocyte,True
COV19_CH11283391_CCTAAAGAGACCGGAT,Ionocyte,Ionocyte,True
COV19_CH11931838_CGTCACTTCAACGGCC,Ionocyte,Ionocyte,True
COV19_CH11931800_CCAATCCAGATATACG,Ionocyte,Ionocyte,True
COV19_CH11931832_TCATTTGAGGGAAACA,Ionocyte,Ionocyte,True
COV19_CH11283353_GCAAACTCACGGCCAT,Ionocyte,Ionocyte,True
COV19_CH11283353_CCAGCGACATTGAGCT,Ionocyte,Ionocyte,True
COV19_CH11283353_ATCATCTAGGGCACTA,Ionocyte,Ionocyte,True
COV19_CH11283353_CGCGGTACACGTGAGA,Ionocyte,Ionocyte,True
COV19_CH11931850_CTGCGGAAGATCCCGC,Ionocyte,Ionocyte,True
COV19_CH11931834_CTGCCTAGTTTGACAC,Ionocyte,Ionocyte,True
COV19_CH11283368_TCATTACAGTGCTGCC,Ionocyte,Ionocyte,True
COV19_CH11283393_ACGGCCAGTAAGAGGA,Ionocyte,Ionocyte,True
COV19_CH11931834_CGTGTCTTCGACGGAA,Ionocyte,Ionocyte,True
COV19_CH11283352_GGTATTGGTCTCTTAT,Ionocyte,Ionocyte,True
COV19_CH11283366_ACTGAGTGTCAAAGCG,Ionocyte,Ionocyte,True
COV19_CH11283362_CTTTGCGTCAAACGGG,Ionocyte,Ionocyte,True
COV19_CH11283352_TCTGAGACATGTCGAT,Ionocyte,Ionocyte,True
COV19_CH11283377_AGCTCCTAGTTCGATC,Ionocyte,Ionocyte,True
COV19_CH11931808_CATCAAGAGTGCCATT,Ionocyte,Ionocyte,True
COV19_CH11931806_CGTTAGAAGAACAATC,Ionocyte,Ionocyte,True
COV19_CH11283361_TGCCCTAAGGTCATCT,Ionocyte,Ionocyte,True
COV19_CH11283393_TCGTAGATCGGCGGTT,Ionocyte,Ionocyte,True
COV19_CH11931800_TGGTTAGAGTAAGTAC,Ionocyte,Ionocyte,True
COV19_CH11283358_TATGCCCCACCAGATT,Ionocyte,Ionocyte,True
COV19_CH11283376_TCAGATGCACTAGTAC,Ionocyte,Ionocyte,True
COV19_CH11283368_TCAATCTAGTGCGATG,Ionocyte,Ionocyte,True
COV19_CH11283373_ACTTACTAGGCTCTTA,Ionocyte,Ionocyte,True
COV19_CH11931808_TGACTTTGTTTGCATG,Ionocyte,Ionocyte,True
COV19_CH11283352_CTACATTTCAGCTCGG,Ionocyte,Ionocyte,True
COV19_CH11283390_TAAGCGTCACCACGTG,Ionocyte,Ionocyte,True
COV19_CH11283354_TGAGCCGCACCATCCT,Ionocyte,Ionocyte,True
COV19_CH11931831_CAGCAGCAGCTCCCAG,Ionocyte,Ionocyte,True
COV19_CH11283377_CAGCTAATCGCGCCAA,Ionocyte,Ionocyte,True
COV19_CH11283392_CCACGGATCATGCTCC,Ionocyte,Ionocyte,True
COV19_CH11283361_TGCTGCTAGGTGTTAA,Ionocyte,Ionocyte,True
COV19_CH11283361_CAGCAGCAGCTAACAA,Ionocyte,Ionocyte,True
COV19_CH11931815_CAAGAAACAGTATCTG,Ionocyte,Ionocyte,True
COV19_CH11283362_CACACAATCTTGCAAG,Ionocyte,Ionocyte,True
COV19_CH11931799_GCCAAATAGTACGCCC,Ionocyte,Ionocyte,True
COV19_CH11283371_CATCCACTCGTGGGAA,Ionocyte,Ionocyte,True
COV19_CH11931800_TACAGTGAGCAGGCTA,Ionocyte,Ionocyte,True
COV19_CH11283382_CACAGGCGTCCTCTTG,Ionocyte,Ionocyte,True
COV19_CH11283352_CGGACTGTCGCCGTGA,Ionocyte,Ionocyte,True
COV19_CH11283353_CATTCGCTCATCTGTT,Ionocyte,Ionocyte,True
COV19_CH11931809_GTGCATACAGGTCGTC,Ionocyte,Ionocyte,True
COV19_CH11931802_CAGCGACCACCAGATT,Ionocyte,Ionocyte,True
COV19_CH11283372_CTGATAGTCATTGCGA,Ionocyte,Ionocyte,True
COV19_CH11283354_CCACTACGTAGCTCCG,Ionocyte,Ionocyte,True
COV19_CH11931846_GCATGCGGTTGAACTC,Ionocyte,Ionocyte,True
COV19_CH11283372_TGGTTCCCAGCTGTTA,Ionocyte,Ionocyte,True
COV19_CH11283355_ACTGAGTAGGAGTACC,Ionocyte,Ionocyte,True
COV19_CH11931844_CGATTGAAGAAGCCCA,Ionocyte,Ionocyte,True
COV19_CH11931808_AATCCAGGTTAAGGGC,Ionocyte,Ionocyte,True
COV19_CH11283373_CGGACTGTCACCCGAG,Ionocyte,Ionocyte,True
COV19_CH11931844_CAGTCCTGTACAGCAG,Ionocyte,Ionocyte,True
COV19_CH11931800_ACAGCTAAGCAACGGT,Ionocyte,Ionocyte,True
COV19_CH11931833_TTTACTGCATTGCGGC,Ionocyte,Ionocyte,True
COV19_CH11283362_CATTCGCAGCGAAGGG,Ionocyte,Ionocyte,True
COV19_CH11283372_TAGACCACACCTCGTT,Ionocyte,Ionocyte,True
COV19_CH11283393_TGCGGGTCATTATCTC,Ionocyte,Ionocyte,True
COV19_CH11283368_TACACGAGTTCGTGAT,Ionocyte,Ionocyte,True
COV19_CH11931850_GTGCATATCGTTGACA,Ionocyte,Ionocyte,True
COV19_CH11283383_CCAATCCGTCTCATCC,Ionocyte,Ionocyte,True
COV19_CH11283377_GCACATATCTAGAGTC,Ionocyte,Ionocyte,True
COV19_CH11931831_AGAGTGGCAGCCTTTC,Ionocyte,Ionocyte,True
COV19_CH11283372_AGCCTAAGTCCTGCTT,Ionocyte,Ionocyte,True
COV19_CH11283362_GTGCAGCGTTCGCGAC,Ionocyte,Ionocyte,True
COV19_CH11283371_TACCTTATCACGCATA,Ionocyte,Ionocyte,True
COV19_CH11283391_ACGGCCATCTGGTATG,Ionocyte,Ionocyte,True
COV19_CH11283358_TGCTGCTCATACTCTT,Ionocyte,Ionocyte,True
COV19_CH11931842_GGTGTTAGTATCAGTC,Ionocyte,Ionocyte,True
COV19_CH11283354_CTAGTGACAAGAAGAG,Ionocyte,Ionocyte,True
COV19_CH11283393_AACCATGTCTTGCCGT,Ionocyte,Ionocyte,True
COV19_CH11931813_AGATCTGTCCGAATGT,Ionocyte,Ionocyte,True
COV19_CH11931837_GCAAACTTCCGGCACA,Ionocyte,Ionocyte,True
COV19_CH11283389_CGCGGTACACAGACTT,Ionocyte,Ionocyte,True
COV19_CH11931837_CACCTTGGTAGCTGCC,Ionocyte,Ionocyte,True
COV19_CH11283389_CGTTAGAAGGCATTGG,Ionocyte,Ionocyte,True
COV19_CH11283361_GCGCCAATCATTATCC,Ionocyte,Ionocyte,True
COV19_CH11931843_GTTCATTAGTATTGGA,Ionocyte,Ionocyte,True
COV19_CH11283373_AGGTCATCAAAGCGGT,Ionocyte,Ionocyte,True
COV19_CH11931803_ACACCGGGTGACAAAT,Club,Club,True
COV19_CH11931807_CTCCTAGGTCTTCTCG,Club,Club,True
COV19_CH11283375_CACACAAGTCGAGATG,Club,Club,True
COV19_CH11283349_CGAGCACTCAGAAATG,Club,Club,True
COV19_CH11283352_AGATCTGGTATAATGG,Club,Club,True
COV19_CH11283366_TTCGGTCTCATCTGTT,Club,Club,True
COV19_CH11931849_AGTGTCACATCCTAGA,Club,Club,True
COV19_CH11283377_GCCTCTAAGTCATCCA,Club,Club,True
COV19_CH11931837_AAACGGGCAGACAGGT,Club,Club,True
COV19_CH11931849_CGAATGTGTTGACGTT,Club,Club,True
COV19_CH11283352_CGAGCACGTTTGACTG,Club,Club,True
COV19_CH11931805_AACCATGTCAAACGGG,Club,Club,True
COV19_CH11931842_TACGGTAGTCGTTGTA,Club,Club,True
COV19_CH11283357_GTTTCTATCAGCATGT,Club,Club,True
COV19_CH11283352_CATGGCGTCATAAAGG,Club,Club,True
COV19_CH11931807_GTATTCTTCTCGCATC,Club,Club,True
COV19_CH11931818_TAGACCAAGCTCCTCT,Club,Club,True
COV19_CH11931799_GACCTGGCATCCCATC,Club,Club,True
COV19_CH11931849_TAAGCGTTCTCGAGTA,Club,Club,True
COV19_CH11931799_CGTAGGCGTAAGTTCC,Club,Club,True
COV19_CH11283360_CGGACACCATGGTAGG,Club,Club,True
COV19_CH11283363_CACACTCAGTGAATTG,Club,Club,True
COV19_CH11931805_CTCGAAACACTCTGTC,Club,Club,True
COV19_CH11283352_CCGGTAGAGCACCGTC,Club,Club,True
COV19_CH11931843_AAACCTGTCGCTTGTC,Club,Club,True
COV19_CH11931849_TTTGCGCAGATCCCGC,Club,Club,True
COV19_CH11931835_GCCAAATGTGCTTCTC,Club,Club,True
COV19_CH11931799_CAAGATCCACTGAAGG,Club,Club,True
COV19_CH11931818_CACCTTGGTCATTAGC,Club,Club,True
COV19_CH11283372_GGGAATGGTCTTGTCC,Club,Club,True
COV19_CH11931849_TTTGGTTCATATGCTG,Club,Club,True
COV19_CH11931849_AAGGAGCCAGCAGTTT,Club,Club,True
COV19_CH11931847_AGTGGGATCATTGCCC,Club,Club,True
COV19_CH11931799_CTACACCGTGGTCCGT,Club,Club,True
COV19_CH11931849_CATATTCAGTCAAGGC,Club,Club,True
COV19_CH11931827_GCTGGGTGTTGTACAC,Club,Club,True
COV19_CH11931847_TACGGGCGTATTAGCC,Club,Club,True
COV19_CH11283363_CATCGGGGTCAGTGGA,Club,Club,True
COV19_CH11283355_GAAGCAGCAGGATCGA,Club,Club,True
COV19_CH11283352_AGCAGCCGTACAGACG,Club,Club,True
COV19_CH11931799_AGGTCATCAGATGAGC,Club,Club,True
COV19_CH11283362_TGTGGTAGTCGAACAG,Club,Club,True
COV19_CH11283360_GTCGGGTTCCGAACGC,Club,Club,True
COV19_CH11283385_CTCGGGAGTCTTCGTC,Club,Club,True
COV19_CH11931799_TCGGTAACAAGGTTTC,Club,Club,True
COV19_CH11931843_GAACCTAGTGCAACGA,Club,Club,True
COV19_CH11283360_CTAGCCTGTTTGGGCC,Club,Club,True
COV19_CH11283357_AACACGTAGCCAACAG,Club,Club,True
COV19_CH11283375_GTTCTCGCACATAACC,Club,Club,True
COV19_CH11931843_TACAGTGAGATATGGT,Club,Club,True
COV19_CH11283352_TTCTACACATGCAATC,Club,Club,True
COV19_CH11931818_GCGCCAAGTCATCCCT,Club,Club,True
COV19_CH11931802_GTAACTGCAACCGCCA,Club,Club,True
COV19_CH11283355_TGGCCAGGTACACCGC,Club,Club,True
COV19_CH11931799_CAGCAGCAGAATTGTG,Club,Club,True
COV19_CH11931831_TCTGGAAAGAGGTTAT,Club,Club,True
COV19_CH11931847_GCATGATTCCTTTACA,Club,Club,True
COV19_CH11931835_AAGCCGCCAGGAACGT,Club,Club,True
COV19_CH11931807_TCAGGATTCGGTTAAC,Club,Club,True
COV19_CH11931823_AGGGAGTGTAGAGTGC,Club,Club,True
COV19_CH11931835_CATGCCTTCATTGCCC,Club,Club,True
COV19_CH11283375_CGGACACGTACCTACA,Club,Club,True
COV19_CH11931849_CATCCACTCGTGGTCG,Club,Club,True
COV19_CH11931837_TTGACTTGTGTCTGAT,Club,Club,True
COV19_CH11931799_TCTTCGGTCACCATAG,Club,Club,True
COV19_CH11931799_GGGATGACAGTATCTG,Club,Club,True
COV19_CH11283389_GCTTCCACATATACGC,Club,Club,True
COV19_CH11283352_GAACATCCAGACTCGC,Club,Club,True
COV19_CH11931847_CATCGGGTCGGTGTCG,Club,Club,True
COV19_CH11931849_GAGCAGAAGGACAGCT,Club,Club,True
COV19_CH11931841_GATCAGTAGCCTATGT,Club,Club,True
COV19_CH11283375_ACGCCGATCGGTGTTA,Club,Club,True
COV19_CH11931802_CGTTGGGGTCTCCATC,Club,Club,True
COV19_CH11931831_CTAACTTGTTCAGCGC,Club,Club,True
COV19_CH11931849_GGCGACTGTACTCGCG,Club,Club,True
COV19_CH11931835_TTGGCAAAGTGTACCT,Club,Club,True
COV19_CH11931834_GACGTGCGTAGCACGA,Club,Club,True
COV19_CH11931805_TACCTTAAGATGCCAG,Club,Club,True
COV19_CH11931824_CAACTAGTCTTAGAGC,Club,Club,True
COV19_CH11283357_CCACTACCAATAACGA,Club,Club,True
COV19_CH11283373_TCAGGATAGCCACCTG,Club,Club,True
COV19_CH11283377_CTACCCAAGTGAAGAG,Club,Club,True
COV19_CH11283373_ACACCGGTCAAGGTAA,Club,Club,True
COV19_CH11931799_TCATTTGTCTTACCTA,Club,Club,True
COV19_CH11931807_AACTCAGCAACACGCC,Club,Club,True
COV19_CH11931799_ATTATCCGTAGTAGTA,Club,Club,True
COV19_CH11931799_GCCTCTAGTACCCAAT,Club,Club,True
COV19_CH11931849_GTCGGGTTCCGTAGGC,Club,Club,True
COV19_CH11931849_TCTGGAACAAAGAATC,Club,Club,True
COV19_CH11283357_CAGTAACGTCTGATCA,Club,Club,True
COV19_CH11931849_AAAGCAAGTCGGCATC,Club,Club,True
COV19_CH11931849_GTACTCCAGCTGCAAG,Club,Club,True
COV19_CH11931849_GGATTACAGCCAGAAC,Club,Club,True
COV19_CH11931809_GTTCGGGGTTTAAGCC,Club,Club,True
COV19_CH11931805_GCATGTATCGAGGTAG,Club,Club,True
COV19_CH11283368_CATCCACAGTCGTTTG,Club,Club,True
COV19_CH11931835_GAAATGATCGGTCTAA,Club,Club,True
COV19_CH11931849_GGAATAACAATGGAGC,Club,Club,True
COV19_CH11931831_GCACATAAGTGGCACA,Club,Club,True
COV19_CH11931847_AGGGATGCAGTCGTGC,Club,Club,True
COV19_CH11931838_CCTACCATCGTACGGC,Deutorosomal,Deutorosomal,True
COV19_CH11283384_AGACGTTAGGACTGGT,Deutorosomal,Deutorosomal,True
COV19_CH11931842_GCATACATCGTCACGG,Deutorosomal,Deutorosomal,True
COV19_CH11283349_CTCTACGCACCTCGGA,Deutorosomal,Deutorosomal,True
COV19_CH11283371_CGTTCTGAGCAGGTCA,Deutorosomal,Deutorosomal,True
COV19_CH11283390_TGCACCTAGAACTCGG,Deutorosomal,Deutorosomal,True
COV19_CH11931832_GCCAAATGTGTTGAGG,Deutorosomal,Deutorosomal,True
COV19_CH11931804_TACGGATGTACATGTC,Deutorosomal,Deutorosomal,True
COV19_CH11283371_CGCGGTACACCGAAAG,Deutorosomal,Deutorosomal,True
COV19_CH11283385_AACACGTGTGATAAGT,Deutorosomal,Deutorosomal,True
COV19_CH11931834_GCGACCAGTTGATTGC,Deutorosomal,Deutorosomal,True
COV19_CH11283383_ATTATCCAGACCGGAT,Deutorosomal,Deutorosomal,True
COV19_CH11931851_CGGACACTCCCTAACC,Deutorosomal,Deutorosomal,True
COV19_CH11283384_GCATGTATCACAATGC,Deutorosomal,Deutorosomal,True
COV19_CH11283386_CTAGAGTAGACAGACC,Deutorosomal,Deutorosomal,True
COV19_CH11931841_CTGCCTAGTGCTAGCC,Deutorosomal,Deutorosomal,True
COV19_CH11931802_GGAATAATCTCGATGA,Deutorosomal,Deutorosomal,True
COV19_CH11931842_AGGGATGAGTCATGCT,Deutorosomal,Deutorosomal,True
COV19_CH11283352_GTACTTTGTTTGGGCC,Deutorosomal,Deutorosomal,True
COV19_CH11283357_TACTCGCCAATAGAGT,Deutorosomal,Deutorosomal,True
COV19_CH11931818_TTCTACACAGCTGCAC,Deutorosomal,Deutorosomal,True
COV19_CH11283357_CTACGTCAGTGAATTG,Deutorosomal,Deutorosomal,True
COV19_CH11283372_CCCAGTTCAAGCCCAC,Deutorosomal,Deutorosomal,True
COV19_CH11931810_TCAGGATTCTTATCTG,Deutorosomal,Deutorosomal,True
COV19_CH11931841_GCGCAGTTCACCCGAG,Deutorosomal,Deutorosomal,True
COV19_CH11283391_GGACAGATCCAGAGGA,Deutorosomal,Deutorosomal,True
COV19_CH11283358_ACGGAGACAGCCTTTC,Deutorosomal,Deutorosomal,True
COV19_CH11283389_CATCAGACAAACGTGG,Deutorosomal,Deutorosomal,True
COV19_CH11283356_TCATTTGGTTCGTTGA,Deutorosomal,Deutorosomal,True
COV19_CH11931804_AAGACCTCATATACCG,Deutorosomal,Deutorosomal,True
COV19_CH11283368_CTACACCGTCGAATCT,Deutorosomal,Deutorosomal,True
COV19_CH11283385_CATATGGGTCTGCGGT,Deutorosomal,Deutorosomal,True
COV19_CH11931802_AAATGCCAGACTACAA,Deutorosomal,Deutorosomal,True
COV19_CH11283356_TATCTCACAGCGAACA,Deutorosomal,Deutorosomal,True
COV19_CH11931842_TCAGCAATCAAGCCTA,Deutorosomal,Deutorosomal,True
COV19_CH11283391_CTTCTCTCACGCCAGT,Deutorosomal,Deutorosomal,True
COV19_CH11283391_CGATCGGCAAGGTTTC,Deutorosomal,Deutorosomal,True
COV19_CH11931851_GTGCGGTCAAGGTGTG,Deutorosomal,Deutorosomal,True
COV19_CH11931833_TCTTCGGCATCCCATC,Deutorosomal,Deutorosomal,True
COV19_CH11283386_GCACTCTCACCCATGG,Deutorosomal,Deutorosomal,True
COV19_CH11931810_ATGGGAGGTTCTGTTT,Deutorosomal,Deutorosomal,True
COV19_CH11283391_TCAGGATTCACCACCT,Deutorosomal,Deutorosomal,True
COV19_CH11283384_AGGCCACCAGCTGCAC,Deutorosomal,Deutorosomal,True
COV19_CH11931810_CATGACACACATTCGA,Deutorosomal,Deutorosomal,True
COV19_CH11283384_GTTCATTGTTCGTCTC,Deutorosomal,Deutorosomal,True
COV19_CH11931799_CCTCAGTTCTGTCTAT,Deutorosomal,Deutorosomal,True
COV19_CH11931835_GGGCACTAGGGATGGG,Deutorosomal,Deutorosomal,True
COV19_CH11931834_TCGTAGAGTTGAACTC,Deutorosomal,Deutorosomal,True
COV19_CH11283391_AGCAGCCAGCTCCCAG,Deutorosomal,Deutorosomal,True
COV19_CH11931850_CCCATACTCCACTGGG,Deutorosomal,Deutorosomal,True
COV19_CH11931851_TGACTTTTCAGGCGAA,Deutorosomal,Deutorosomal,True
COV19_CH11283371_TCTCATACAAACAACA,Deutorosomal,Deutorosomal,True
COV19_CH11283349_AGCATACCAATCTGCA,Deutorosomal,Deutorosomal,True
COV19_CH11931810_TGGCTGGAGCTGCGAA,Deutorosomal,Deutorosomal,True
COV19_CH11283371_GCTGCGACAGGGTACA,Deutorosomal,Deutorosomal,True
COV19_CH11931807_TAAGTGCGTCCCTTGT,Deutorosomal,Deutorosomal,True
COV19_CH11931850_TTTGCGCGTCGGGTCT,Deutorosomal,Deutorosomal,True
COV19_CH11931834_AACTGGTGTCTAGAGG,Deutorosomal,Deutorosomal,True
COV19_CH11283384_CCATGTCTCTCTGAGA,Deutorosomal,Deutorosomal,True
COV19_CH11283371_CTAACTTGTGTGCCTG,Deutorosomal,Deutorosomal,True
COV19_CH11283389_AGCTTGAGTACTTAGC,Deutorosomal,Deutorosomal,True
COV19_CH11283391_TGGGAAGGTACTCTCC,Deutorosomal,Deutorosomal,True
COV19_CH11931802_ACACCCTCAGCCTTTC,Deutorosomal,Deutorosomal,True
COV19_CH11283377_CTTAACTTCTCCCTGA,Deutorosomal,Deutorosomal,True
COV19_CH11931818_CTACGTCTCGCTAGCG,Deutorosomal,Deutorosomal,True
COV19_CH11283362_GTTAAGCTCAGCAACT,Deutorosomal,Deutorosomal,True
COV19_CH11931810_TCACAAGAGTCAATAG,Deutorosomal,Deutorosomal,True
COV19_CH11283356_TCACGAAAGGGAGTAA,Deutorosomal,Deutorosomal,True
COV19_CH11931808_TTATGCTGTCAACATC,Deutorosomal,Deutorosomal,True
COV19_CH11283364_GTCACGGGTTCCGTCT,Deutorosomal,Deutorosomal,True
COV19_CH11931834_CTGCGGACAAAGTGCG,Deutorosomal,Deutorosomal,True
COV19_CH11283391_CCTATTATCACTGGGC,Deutorosomal,Deutorosomal,True
COV19_CH11931802_GACACGCAGTATTGGA,Deutorosomal,Deutorosomal,True
COV19_CH11283371_TGCCCTACATTGCGGC,Deutorosomal,Deutorosomal,True
COV19_CH11283385_CTAGAGTAGAAACGCC,Deutorosomal,Deutorosomal,True
COV19_CH11283384_AAGGTTCTCACATACG,Deutorosomal,Deutorosomal,True
COV19_CH11283388_GCTGCAGAGGACGAAA,Deutorosomal,Deutorosomal,True
COV19_CH11931802_ACACCAAAGGAGTTTA,Deutorosomal,Deutorosomal,True
COV19_CH11931825_CAAGATCTCGGAAATA,Deutorosomal,Deutorosomal,True
COV19_CH11931802_CAACCTCTCCTTGACC,Deutorosomal,Deutorosomal,True
COV19_CH11283353_CAGCCGAAGAGTACCG,Deutorosomal,Deutorosomal,True
COV19_CH11283357_TTATGCTTCGGTGTTA,Deutorosomal,Deutorosomal,True
COV19_CH11283357_CCTTCCCGTGAAGGCT,Deutorosomal,Deutorosomal,True
COV19_CH11931852_CGGACGTGTGCAGACA,Deutorosomal,Deutorosomal,True
COV19_CH11931834_GGAAAGCAGCTAGTCT,Deutorosomal,Deutorosomal,True
COV19_CH11283376_AACACGTAGAGCAATT,Deutorosomal,Deutorosomal,True
COV19_CH11931834_TACTCATAGGTGCTTT,Deutorosomal,Deutorosomal,True
COV19_CH11931841_AATCGGTAGAAACGCC,Deutorosomal,Deutorosomal,True
COV19_CH11931850_TACCTATGTCACACGC,Deutorosomal,Deutorosomal,True
COV19_CH11283371_AGTGTCAAGGCCCGTT,Deutorosomal,Deutorosomal,True
COV19_CH11283371_TGCGTGGAGCAATATG,Deutorosomal,Deutorosomal,True
COV19_CH11931804_AAAGCAATCAGCACAT,Deutorosomal,Deutorosomal,True
COV19_CH11283371_ACACCGGAGCGAGAAA,Deutorosomal,Deutorosomal,True
COV19_CH11931802_ACGGGCTAGGCTACGA,Deutorosomal,Deutorosomal,True
COV19_CH11931850_AACACGTCACTTCTGC,Deutorosomal,Deutorosomal,True
COV19_CH11931834_GCAATCATCGGCGCTA,Deutorosomal,Deutorosomal,True
COV19_CH11931841_GTCTCGTAGTTAGGTA,Deutorosomal,Deutorosomal,True
COV19_CH11283372_AGAGTGGGTCGAACAG,Deutorosomal,Deutorosomal,True
COV19_CH11283384_CTGTGCTAGCGATGAC,Deutorosomal,Deutorosomal,True
COV19_CH11931841_CTTCTCTAGACTAGGC,Deutorosomal,Deutorosomal,True
COV19_CH11931834_ACCCACTGTTATCCGA,NK,NK,True
COV19_CH11283362_TTTACTGCACATCCGG,NK,NK,True
COV19_CH11283381_CTGGTCTAGAGCTTCT,NK,NK,True
COV19_CH11283385_GCTGCTTAGCGAAGGG,NK,NK,True
COV19_CH11283369_GTTTCTACACAGGCCT,NK,NK,True
COV19_CH11931834_CAGTCCTTCGCTAGCG,NK,NK,True
COV19_CH11931834_CGACCTTTCGCAGGCT,NK,NK,True
COV19_CH11283371_TCTCATAGTAGAGGAA,NK,NK,True
COV19_CH11931834_GTGGGTCTCTCTAAGG,NK,NK,True
COV19_CH11931835_TAGTTGGAGATAGGAG,NK,NK,True
COV19_CH11283393_TTTACTGGTTTAGGAA,NK,NK,True
COV19_CH11283393_ACACCCTCACGAGAGT,NK,NK,True
COV19_CH11283391_TCTCATATCGGACAAG,NK,NK,True
COV19_CH11283363_GGGAGATAGGCTCAGA,NK,NK,True
COV19_CH11931809_TAGTTGGTCAACCATG,NK,NK,True
COV19_CH11283371_ACACTGATCACTATTC,NK,NK,True
COV19_CH11283381_AGTGTCATCTCCAGGG,NK,NK,True
COV19_CH11931834_CAAGTTGGTTTGTGTG,NK,NK,True
COV19_CH11283363_TGGCGCATCGAGCCCA,NK,NK,True
COV19_CH11283391_CACACAATCCGTCAAA,NK,NK,True
COV19_CH11283369_CACCAGGTCCAGTATG,NK,NK,True
COV19_CH11931842_GACTGCGTCTGCAAGT,NK,NK,True
COV19_CH11283385_CACCTTGAGTGAACAT,NK,NK,True
COV19_CH11283369_GAGCAGACAGACAAGC,NK,NK,True
COV19_CH11283369_CCCTCCTAGAGTGAGA,NK,NK,True
COV19_CH11931826_GAACGGAGTCTCCACT,NK,NK,True
COV19_CH11283366_GGACAAGCACGAAACG,NK,NK,True
COV19_CH11283391_GCTTCCAAGAGCTATA,NK,NK,True
COV19_CH11931802_CCCTCCTCATCCGTGG,NK,NK,True
COV19_CH11931799_CGAGAAGTCAACACTG,NK,NK,True
COV19_CH11283391_AGCGGTCAGAACAATC,NK,NK,True
COV19_CH11931834_AACCGCGGTGTCTGAT,NK,NK,True
COV19_CH11931842_GAAACTCTCTATGTGG,NK,NK,True
COV19_CH11931839_ATTACTCCAGAGTGTG,NK,NK,True
COV19_CH11283357_CAGGTGCTCGTCACGG,NK,NK,True
COV19_CH11283391_CCCAGTTTCATGCAAC,NK,NK,True
COV19_CH11283371_TCGAGGCCATAAGACA,NK,NK,True
COV19_CH11283371_CCTTTCTCAATACGCT,NK,NK,True
COV19_CH11931849_ACTTGTTTCGTACCGG,NK,NK,True
COV19_CH11931834_GGACAGAAGCCTCGTG,NK,NK,True
COV19_CH11931834_ACTGAACGTTGTCGCG,NK,NK,True
COV19_CH11283385_CATTCGCGTTAAGAAC,NK,NK,True
COV19_CH11931834_TCTCTAAAGTCATCCA,NK,NK,True
COV19_CH11283393_ACTGTCCGTTATTCTC,NK,NK,True
COV19_CH11931834_ACGATACAGCTGCCCA,NK,NK,True
COV19_CH11283363_TAAGAGAAGCGCCTCA,NK,NK,True
COV19_CH11931834_AGGGTGAGTAGGGACT,NK,NK,True
COV19_CH11283369_GTCAAGTAGCCATCGC,NK,NK,True
COV19_CH11283369_TACTTGTCAGCTGCAC,NK,NK,True
COV19_CH11283371_CTCACACTCGACCAGC,NK,NK,True
COV19_CH11283371_ATAAGAGAGAGCCTAG,NK,NK,True
COV19_CH11283381_ATGGGAGCAAGTAATG,NK,NK,True
COV19_CH11283371_ACTGAACCAGACAAAT,NK,NK,True
COV19_CH11931842_GGACGTCGTGTTCTTT,NK,NK,True
COV19_CH11931834_GGAACTTAGATAGTCA,NK,NK,True
COV19_CH11283371_CTCCTAGGTTACCAGT,NK,NK,True
COV19_CH11931842_CGCTGGAAGTACGTTC,NK,NK,True
COV19_CH11931842_GACGTGCCACCTGGTG,NK,NK,True
COV19_CH11283378_TGGGCGTCAGTAAGAT,NK,NK,True
COV19_CH11283363_CTCTGGTGTCACTGGC,NK,NK,True
COV19_CH11283356_ACGCCGAGTACAGACG,NK,NK,True
COV19_CH11931802_GAACCTAGTGTGCCTG,NK,NK,True
COV19_CH11283371_CACATAGTCTGCCCTA,NK,NK,True
COV19_CH11931834_AGATTGCGTAATAGCA,NK,NK,True
COV19_CH11283369_GCAGCCAAGTGGCACA,NK,NK,True
COV19_CH11931799_TTAGGACCAAGCTGAG,NK,NK,True
COV19_CH11283356_CTAAGACAGGGCTTCC,NK,NK,True
COV19_CH11283371_AGTGGGAGTTAGTGGG,NK,NK,True
COV19_CH11931834_GGCTCGACATCACGAT,NK,NK,True
COV19_CH11931842_TGAAAGAGTGATGCCC,NK,NK,True
COV19_CH11931849_AGGCCACAGATATGCA,NK,NK,True
COV19_CH11931846_AGCGGTCAGTAAGTAC,NK,NK,True
COV19_CH11931842_ACACCGGCATACTACG,NK,NK,True
COV19_CH11283385_ATCTGCCTCTGATACG,NK,NK,True
COV19_CH11283371_AAGGAGCCACCAGTTA,NK,NK,True
COV19_CH11931842_GGGCATCAGATCTGAA,NK,NK,True
COV19_CH11283360_CATCGAATCCAGGGCT,NK,NK,True
COV19_CH11931834_TGGACGCCACAAGTAA,NK,NK,True
COV19_CH11283371_GCATGCGTCTTGACGA,NK,NK,True
COV19_CH11931834_ACTGAACAGTGGGCTA,NK,NK,True
COV19_CH11283385_CAAGTTGCACGGTGTC,NK,NK,True
COV19_CH11931834_TAGAGCTAGTTGAGAT,NK,NK,True
COV19_CH11283371_TGCGCAGCAAACGCGA,NK,NK,True
COV19_CH11283385_AGGTCATTCGTAGGAG,NK,NK,True
COV19_CH11283385_CGTCTACAGATCCCGC,NK,NK,True
COV19_CH11283391_GTCATTTGTGTGCCTG,NK,NK,True
COV19_CH11931834_GTCAAGTCATCTCGCT,NK,NK,True
COV19_CH11931834_CATGCCTTCTCATTCA,NK,NK,True
COV19_CH11283385_CGTTGGGAGACTAGAT,NK,NK,True
COV19_CH11283391_GAACGGATCTCTAGGA,NK,NK,True
COV19_CH11283363_AAAGCAAAGCTGTCTA,NK,NK,True
COV19_CH11283385_CCGTACTTCACCACCT,NK,NK,True
COV19_CH11283385_TAGTGGTCAGGACGTA,NK,NK,True
COV19_CH11283371_TGAGCCGAGATGCCTT,NK,NK,True
COV19_CH11283385_ACTTGTTCATGTTCCC,NK,NK,True
COV19_CH11931833_CCCAATCAGAAGGGTA,NK,NK,True
COV19_CH11931813_ACGGAGAAGGCTATCT,NK,NK,True
COV19_CH11283391_CTAGTGAAGTTGAGTA,NK,NK,True
COV19_CH11931834_CGTCCATAGCTGAACG,NK,NK,True
COV19_CH11283393_CAGGTGCCACATCTTT,NK,NK,True
COV19_CH11283363_GAGCAGAGTCAGGACA,T MAI,T MAI,True
COV19_CH11931842_GTGCTTCCAGTTCATG,T MAI,T MAI,True
COV19_CH11283386_AACTCTTCATGGATGG,T MAI,T MAI,True
COV19_CH11931831_GCTCTGTTCTCTGAGA,T MAI,T MAI,True
COV19_CH11931849_CTGAAGTTCACTCTTA,T MAI,T MAI,True
COV19_CH11283369_GCGCAGTGTCCCGACA,T MAI,T MAI,True
COV19_CH11931799_ACTGAGTTCCCTCAGT,T MAI,T MAI,True
COV19_CH11931802_GATGAAATCTGGTGTA,T MAI,T MAI,True
COV19_CH11931849_AGATCTGTCTTGCCGT,T MAI,T MAI,True
COV19_CH11931842_GCAATCATCCACTGGG,T MAI,T MAI,True
COV19_CH11931842_CGTCTACAGGCATGGT,T MAI,T MAI,True
COV19_CH11931805_CGGACTGAGAATGTGT,T MAI,T MAI,True
COV19_CH11931849_CAGCTAAGTTACGGAG,T MAI,T MAI,True
COV19_CH11931849_CTCGAAAAGTACATGA,T MAI,T MAI,True
COV19_CH11283357_ACTTTCAGTAAGCACG,T MAI,T MAI,True
COV19_CH11931852_ACATGGTCAGTTCATG,T MAI,T MAI,True
COV19_CH11283359_GAGTCCGGTGCGAAAC,T MAI,T MAI,True
COV19_CH11283349_GACTACAGTCTGATTG,T MAI,T MAI,True
COV19_CH11931848_CATCGAAGTTTGACAC,T MAI,T MAI,True
COV19_CH11931835_CCACCTAGTTCAGACT,T MAI,T MAI,True
COV19_CH11931800_CCTTCGAGTGCCTTGG,T MAI,T MAI,True
COV19_CH11931849_ATCATGGAGTGAACAT,T MAI,T MAI,True
COV19_CH11931849_CTAGCCTTCAGGTTCA,T MAI,T MAI,True
COV19_CH11931846_ACGGCCACAAGGTTCT,T MAI,T MAI,True
COV19_CH11283373_CGCTGGAGTATAAACG,T MAI,T MAI,True
COV19_CH11931839_CGCTGGACATATGAGA,T MAI,T MAI,True
COV19_CH11931849_GCATACACAATGGTCT,T MAI,T MAI,True
COV19_CH11931818_GTCATTTCAGATGAGC,T MAI,T MAI,True
COV19_CH11931811_CAAGTTGAGTATTGGA,T MAI,T MAI,True
COV19_CH11283388_CACACCTCAGGGTACA,T MAI,T MAI,True
COV19_CH11283356_GTGGGTCAGGAACTGC,T MAI,T MAI,True
COV19_CH11931833_CGGACGTCACGCGAAA,T MAI,T MAI,True
COV19_CH11931828_AGATTGCAGTCGATAA,T MAI,T MAI,True
COV19_CH11931849_CGTAGCGTCAGTGCAT,T MAI,T MAI,True
COV19_CH11931849_CTGGTCTCACCAACCG,T MAI,T MAI,True
COV19_CH11931802_CGGGTCAAGGTTCCTA,T MAI,T MAI,True
COV19_CH11931849_TAAGCGTAGTACGTAA,T MAI,T MAI,True
COV19_CH11283373_GTAGGCCTCAGTGCAT,T MAI,T MAI,True
COV19_CH11931849_TGAGGGAGTACACCGC,T MAI,T MAI,True
COV19_CH11931842_ACGCAGCGTAGCCTCG,T MAI,T MAI,True
COV19_CH11931842_GACGCGTTCACCATAG,T MAI,T MAI,True
COV19_CH11931849_GGCGACTGTGGGTATG,T MAI,T MAI,True
COV19_CH11931849_GTCATTTCAGCTCCGA,T MAI,T MAI,True
COV19_CH11931810_TGACAACAGGGCTTGA,T MAI,T MAI,True
COV19_CH11931849_AAGCCGCAGACACGAC,T MAI,T MAI,True
COV19_CH11931849_GGATTACGTCCGAATT,T MAI,T MAI,True
COV19_CH11931819_AGAGCTTTCCTTGCCA,T MAI,T MAI,True
COV19_CH11931799_CATTCGCCAAGGGTCA,T MAI,T MAI,True
COV19_CH11283369_TGACAACGTGACCAAG,T MAI,T MAI,True
COV19_CH11283367_TCGCGTTAGAACTCGG,T MAI,T MAI,True
COV19_CH11931849_AACTCAGAGGATCGCA,T MAI,T MAI,True
COV19_CH11931840_GGCGTGTTCATCGGAT,T MAI,T MAI,True
COV19_CH11283373_GACACGCTCTGCAAGT,T MAI,T MAI,True
COV19_CH11931799_CAGCATAAGTCGTTTG,T MAI,T MAI,True
COV19_CH11931850_CCACTACAGATGGGTC,T MAI,T MAI,True
COV19_CH11931849_CCACGGAAGTACTTGC,T MAI,T MAI,True
COV19_CH11931834_AAGTCTGGTAGCGTAG,T MAI,T MAI,True
COV19_CH11283371_AGTTGGTTCGCCTGTT,T MAI,T MAI,True
COV19_CH11931849_TGCCCTACACGCATCG,T MAI,T MAI,True
COV19_CH11931835_TCATTACAGACTTGAA,T MAI,T MAI,True
COV19_CH11931848_CACCACTAGGTGATTA,T MAI,T MAI,True
COV19_CH11283392_TATCAGGAGAGCTTCT,T MAI,T MAI,True
COV19_CH11283380_GGGACCTAGCGTTTAC,T MAI,T MAI,True
COV19_CH11931849_GCGCAGTTCTGGGCCA,T MAI,T MAI,True
COV19_CH11931822_AACTCAGAGCACCGTC,T MAI,T MAI,True
COV19_CH11283352_GCTCTGTCACCTGGTG,T MAI,T MAI,True
COV19_CH11283381_ACGCCGAGTCTTCGTC,T MAI,T MAI,True
COV19_CH11931831_GCAAACTTCGGATGTT,T MAI,T MAI,True
COV19_CH11931810_GGTGTTAGTGGTCTCG,T MAI,T MAI,True
COV19_CH11931842_TACTCATTCTGTGCAA,T MAI,T MAI,True
COV19_CH11931818_CCTACCATCGGCGCAT,T MAI,T MAI,True
COV19_CH11931821_TAAGCGTAGGCGTACA,T MAI,T MAI,True
COV19_CH11283391_TCACGAATCTGGTGTA,T MAI,T MAI,True
COV19_CH11931850_CATCAGAAGAAACGAG,T MAI,T MAI,True
COV19_CH11931849_CGTTCTGGTTAAGTAG,T MAI,T MAI,True
COV19_CH11931849_GTCCTCATCCTCCTAG,T MAI,T MAI,True
COV19_CH11931849_CAGCCGAAGTGGTAAT,T MAI,T MAI,True
COV19_CH11931849_AGCGGTCTCTGGTGTA,T MAI,T MAI,True
COV19_CH11931811_ATGTGTGGTCAGAATA,T MAI,T MAI,True
COV19_CH11931849_CAGTAACGTATCAGTC,T MAI,T MAI,True
COV19_CH11931804_CAGCCGAAGTCACGCC,T MAI,T MAI,True
COV19_CH11931849_TGCCCATGTCATATCG,T MAI,T MAI,True
COV19_CH11931820_TCAGCTCAGTTAACGA,T MAI,T MAI,True
COV19_CH11931806_TTTGTCAAGCTAACAA,T MAI,T MAI,True
COV19_CH11931804_CTAAGACGTTAAGGGC,T MAI,T MAI,True
COV19_CH11283389_TCAGCAAGTCGCCATG,T MAI,T MAI,True
COV19_CH11931804_CTGAAGTTCGATAGAA,T MAI,T MAI,True
COV19_CH11931849_ATCCGAATCGGAGGTA,T MAI,T MAI,True
COV19_CH11931799_CTACCCATCAGTGCAT,T MAI,T MAI,True
COV19_CH11931801_TAGCCGGTCAGCACAT,T MAI,T MAI,True
COV19_CH11931852_GACAGAGTCGCCGTGA,T MAI,T MAI,True
COV19_CH11931810_ACATCAGTCCTTAATC,T MAI,T MAI,True
COV19_CH11931799_GACTGCGTCCTCGCAT,T MAI,T MAI,True
COV19_CH11931849_CAGAATCAGACACGAC,T MAI,T MAI,True
COV19_CH11283362_CACATAGTCGGCTACG,T MAI,T MAI,True
COV19_CH11931835_AGCCTAAAGTTACCCA,T MAI,T MAI,True
COV19_CH11931849_CCTATTACACTCAGGC,T MAI,T MAI,True
COV19_CH11931849_TGGACGCAGAGTGACC,T MAI,T MAI,True
COV19_CH11283362_GCATGATAGGAATTAC,T MAI,T MAI,True
COV19_CH11931849_CCATTCGGTCGCGGTT,T MAI,T MAI,True
COV19_CH11283369_ATTACTCAGGCATGGT,Monocyte,Monocyte,True
COV19_CH11283363_CTCGGAGCACGAAATA,Monocyte,Monocyte,True
COV19_CH11283363_GGAGCAACAATGTTGC,Monocyte,Monocyte,True
COV19_CH11283387_TGACAACAGGGTGTGT,Monocyte,Monocyte,True
COV19_CH11283388_TTTACTGCACTCAGGC,Monocyte,Monocyte,True
COV19_CH11931813_GTGAAGGGTGTTCGAT,Monocyte,Monocyte,True
COV19_CH11283388_CGTTAGACAACGCACC,Monocyte,Monocyte,True
COV19_CH11283353_CGGAGTCGTACCGTTA,Monocyte,Monocyte,True
COV19_CH11283388_TCTTCGGCAGATCTGT,Monocyte,Monocyte,True
COV19_CH11283388_CTACATTTCGTCTGAA,Monocyte,Monocyte,True
COV19_CH11931813_CACCTTGTCACCTTAT,Monocyte,Monocyte,True
COV19_CH11283371_GAACGGAGTAAATACG,Monocyte,Monocyte,True
COV19_CH11283356_TAGACCAGTTCAGTAC,Monocyte,Monocyte,True
COV19_CH11931838_CTTAGGAGTGGCTCCA,Monocyte,Monocyte,True
COV19_CH11931826_GCAGCCATCTGAGTGT,Monocyte,Monocyte,True
COV19_CH11283388_CAGAATCAGTTGTCGT,Monocyte,Monocyte,True
COV19_CH11283383_CCACGGAGTCGTCTTC,Monocyte,Monocyte,True
COV19_CH11931836_CTACGTCAGCTTCGCG,Monocyte,Monocyte,True
COV19_CH11283388_TTTCCTCGTCCATCCT,Monocyte,Monocyte,True
COV19_CH11931813_CCATTCGCACGAAGCA,Monocyte,Monocyte,True
COV19_CH11283388_TCATTTGAGGAGTTGC,Monocyte,Monocyte,True
COV19_CH11283364_CGACCTTGTTACGTCA,Monocyte,Monocyte,True
COV19_CH11283388_GCAAACTAGTCTCCTC,Monocyte,Monocyte,True
COV19_CH11931813_GTGCGGTCAAATACAG,Monocyte,Monocyte,True
COV19_CH11283356_ATCCGAACAATAACGA,Monocyte,Monocyte,True
COV19_CH11283388_TTAGGCACATGATCCA,Monocyte,Monocyte,True
COV19_CH11283363_GCTGGGTGTGTGACGA,Monocyte,Monocyte,True
COV19_CH11283373_TCAATCTGTTTGCATG,Monocyte,Monocyte,True
COV19_CH11283357_CCTCTGAAGCACCGTC,Monocyte,Monocyte,True
COV19_CH11283356_CCTATTACACTGAAGG,Monocyte,Monocyte,True
COV19_CH11283355_TCAGGATAGGCAAAGA,Monocyte,Monocyte,True
COV19_CH11283356_CAGCAGCAGTGGAGAA,Monocyte,Monocyte,True
COV19_CH11283353_CTTAACTTCAGGTTCA,Monocyte,Monocyte,True
COV19_CH11283361_CCACTACGTAAGAGGA,Monocyte,Monocyte,True
COV19_CH11283387_CGTGTCTGTCAATACC,Monocyte,Monocyte,True
COV19_CH11283388_CGAATGTGTGATAAAC,Monocyte,Monocyte,True
COV19_CH11931836_AGCTCTCCAGCTGTTA,Monocyte,Monocyte,True
COV19_CH11283388_TCGCGAGTCGATGAGG,Monocyte,Monocyte,True
COV19_CH11931834_TAAGCGTTCTGTGCAA,Monocyte,Monocyte,True
COV19_CH11283388_GTCCTCACAATAACGA,Monocyte,Monocyte,True
COV19_CH11283388_AAGTCTGTCAACGGGA,Monocyte,Monocyte,True
COV19_CH11283388_TTTACTGAGGTCGGAT,Monocyte,Monocyte,True
COV19_CH11283388_ACCTTTAGTACAGTGG,Monocyte,Monocyte,True
COV19_CH11283391_GTATTCTGTTTGTTTC,Monocyte,Monocyte,True
COV19_CH11283388_ACGAGCCGTAAGAGGA,Monocyte,Monocyte,True
COV19_CH11283391_TCGCGTTGTCGCTTTC,Monocyte,Monocyte,True
COV19_CH11283388_ATCTGCCGTGCCTGCA,Monocyte,Monocyte,True
COV19_CH11283388_CATCGGGTCGATCCCT,Monocyte,Monocyte,True
COV19_CH11283383_GCTGCTTCAAACCCAT,Monocyte,Monocyte,True
COV19_CH11931842_CACACAATCGCATGAT,Monocyte,Monocyte,True
COV19_CH11283388_CACATTTCATCACCCT,Monocyte,Monocyte,True
COV19_CH11283363_TGAGCATCATAGTAAG,Monocyte,Monocyte,True
COV19_CH11931830_AGATTGCAGGACCACA,Monocyte,Monocyte,True
COV19_CH11283387_GTGGGTCCAAGTAATG,Monocyte,Monocyte,True
COV19_CH11283356_TCATTTGAGCTTCGCG,Monocyte,Monocyte,True
COV19_CH11283356_ATAGACCAGAGCCCAA,Monocyte,Monocyte,True
COV19_CH11283371_CGTAGGCAGCTGCCCA,Monocyte,Monocyte,True
COV19_CH11931844_TGCACCTTCGTCTGCT,Monocyte,Monocyte,True
COV19_CH11283356_TCTTTCCAGTTGCAGG,Monocyte,Monocyte,True
COV19_CH11283356_CGTCACTCATGCATGT,Monocyte,Monocyte,True
COV19_CH11283363_TACACGAAGGGTGTGT,Monocyte,Monocyte,True
COV19_CH11283391_GGCCGATCAATTCCTT,Monocyte,Monocyte,True
COV19_CH11283388_ATTGGTGGTAAGCACG,Monocyte,Monocyte,True
COV19_CH11283355_GAATAAGGTTGTCGCG,Monocyte,Monocyte,True
COV19_CH11931827_CCCTCCTTCGTACGGC,Monocyte,Monocyte,True
COV19_CH11283387_GTGAAGGGTTACGCGC,Monocyte,Monocyte,True
COV19_CH11283388_ACATCAGAGTTTGCGT,Monocyte,Monocyte,True
COV19_CH11283384_TGCGTGGCAATCACAC,Monocyte,Monocyte,True
COV19_CH11283387_GACGCGTGTCGCATAT,Monocyte,Monocyte,True
COV19_CH11283356_GTCACGGCATTATCTC,Monocyte,Monocyte,True
COV19_CH11931813_TACGGTAAGCTGATAA,Monocyte,Monocyte,True
COV19_CH11283388_CGAACATCATTACGAC,Monocyte,Monocyte,True
COV19_CH11283388_AGGTCATCAAGAAAGG,Monocyte,Monocyte,True
COV19_CH11283391_CGATGTATCGACAGCC,Monocyte,Monocyte,True
COV19_CH11283388_GCATGCGAGACTCGGA,Monocyte,Monocyte,True
COV19_CH11283363_CAAGATCTCGTGGACC,Monocyte,Monocyte,True
COV19_CH11283353_CGTAGCGCAAGCCGCT,Monocyte,Monocyte,True
COV19_CH11931852_TCTTCGGAGCGATAGC,Monocyte,Monocyte,True
COV19_CH11283388_CACACAAGTTGGACCC,Monocyte,Monocyte,True
COV19_CH11283388_TAAACCGGTAGCAAAT,Monocyte,Monocyte,True
COV19_CH11283363_TTCCCAGTCGAATCCA,Monocyte,Monocyte,True
COV19_CH11283388_TCACAAGCATGCAATC,Monocyte,Monocyte,True
COV19_CH11283388_ACGGGTCAGGAATGGA,Monocyte,Monocyte,True
COV19_CH11283388_CTCACACCAGATCTGT,Monocyte,Monocyte,True
COV19_CH11931842_GGTGTTAAGCGTGTCC,Monocyte,Monocyte,True
COV19_CH11283388_CCTAGCTAGTAGCCGA,Monocyte,Monocyte,True
COV19_CH11283388_CTTCTCTAGTGGTAGC,Monocyte,Monocyte,True
COV19_CH11283388_GAAATGACAAGCGAGT,Monocyte,Monocyte,True
COV19_CH11931843_CAAGGCCTCAGATAAG,Monocyte,Monocyte,True
COV19_CH11283356_GTGAAGGGTACCGCTG,Monocyte,Monocyte,True
COV19_CH11283388_CGATGGCAGTGGACGT,Monocyte,Monocyte,True
COV19_CH11931846_CTGCTGTGTGACAAAT,Monocyte,Monocyte,True
COV19_CH11283388_ACGGCCATCCAGTAGT,Monocyte,Monocyte,True
COV19_CH11283388_AGTGGGATCACGCGGT,Monocyte,Monocyte,True
COV19_CH11931798_AAGGCAGCATCGATGT,Monocyte,Monocyte,True
COV19_CH11283353_ACGGGCTCACGCGAAA,Monocyte,Monocyte,True
COV19_CH11283357_CTCCTAGTCAAAGTAG,Monocyte,Monocyte,True
COV19_CH11283388_TTAGGCAAGAAACCGC,Monocyte,Monocyte,True
COV19_CH11283363_AGCGGTCCATTATCTC,Monocyte,Monocyte,True
COV19_CH11931829_TGCACCTCACTGCCAG,Monocyte,Monocyte,True
COV19_CH11931815_ACTGATGCAAGCCCAC,cDC2,cDC2,True
COV19_CH11931812_CAAGATCAGCGCCTTG,cDC2,cDC2,True
COV19_CH11283385_AACGTTGCATGGTCTA,cDC2,cDC2,True
COV19_CH11283364_GGACAAGAGTCGCCGT,cDC2,cDC2,True
COV19_CH11283388_TCCCGATTCAGTGCAT,cDC2,cDC2,True
COV19_CH11931813_TCACGAAGTATCTGCA,cDC2,cDC2,True
COV19_CH11283388_TTTGTCAGTAGAGGAA,cDC2,cDC2,True
COV19_CH11283388_GCTGGGTTCGGAAATA,cDC2,cDC2,True
COV19_CH11283386_AGGGTGAAGAGTACCG,cDC2,cDC2,True
COV19_CH11283388_TCAATCTTCAAAGACA,cDC2,cDC2,True
COV19_CH11283388_TCATTACTCATATCGG,cDC2,cDC2,True
COV19_CH11283368_GCGCCAAAGGATTCGG,cDC2,cDC2,True
COV19_CH11283363_CACAAACCATGAACCT,cDC2,cDC2,True
COV19_CH11931798_CACCTTGCATGTAGTC,cDC2,cDC2,True
COV19_CH11283388_TCGAGGCTCATGTAGC,cDC2,cDC2,True
COV19_CH11931802_TATCAGGTCACGAAGG,cDC2,cDC2,True
COV19_CH11283371_GGCAATTAGTTAACGA,cDC2,cDC2,True
COV19_CH11931831_CTACACCGTGCATCTA,cDC2,cDC2,True
COV19_CH11283368_CTGTTTATCTCCGGTT,cDC2,cDC2,True
COV19_CH11283385_TGGACGCGTTATCGGT,cDC2,cDC2,True
COV19_CH11931845_AGATCTGGTAAGTAGT,cDC2,cDC2,True
COV19_CH11283371_GACTGCGTCCTTTCGG,cDC2,cDC2,True
COV19_CH11283378_CCCATACCAGCTGCTG,cDC2,cDC2,True
COV19_CH11283357_CGATGTACAGTGAGTG,cDC2,cDC2,True
COV19_CH11931837_GCAATCAGTTCCGTCT,cDC2,cDC2,True
COV19_CH11283387_GATGAGGAGCTCCCAG,cDC2,cDC2,True
COV19_CH11283364_TCAGCTCAGCGCTCCA,cDC2,cDC2,True
COV19_CH11283393_TTGACTTAGGCGTACA,cDC2,cDC2,True
COV19_CH11283393_TACAGTGCAGTCTTCC,cDC2,cDC2,True
COV19_CH11931849_GTGCGGTTCCCTCAGT,cDC2,cDC2,True
COV19_CH11283393_GTCTTCGGTCTCATCC,cDC2,cDC2,True
COV19_CH11283371_GTTACAGAGGTGATTA,cDC2,cDC2,True
COV19_CH11283388_TGGGCGTCAAGGGTCA,cDC2,cDC2,True
COV19_CH11283369_CGGCTAGGTATGAATG,cDC2,cDC2,True
COV19_CH11283385_ACATACGGTCCATCCT,cDC2,cDC2,True
COV19_CH11283392_GACGCGTGTCCCTTGT,cDC2,cDC2,True
COV19_CH11283388_TTGAACGAGGTGCTAG,cDC2,cDC2,True
COV19_CH11931802_TTCGAAGTCCAGTATG,cDC2,cDC2,True
COV19_CH11283388_CATCCACCACCGAAAG,cDC2,cDC2,True
COV19_CH11283393_AGGCCACAGATCTGAA,cDC2,cDC2,True
COV19_CH11283363_CCTTACGCAGTAGAGC,cDC2,cDC2,True
COV19_CH11283371_CGTCACTCATTAACCG,cDC2,cDC2,True
COV19_CH11283388_CACAGTAGTCTCTCTG,cDC2,cDC2,True
COV19_CH11283393_GACGGCTAGTAGGTGC,cDC2,cDC2,True
COV19_CH11931837_CTGTTTAGTTGATTCG,cDC2,cDC2,True
COV19_CH11931834_ACGCCGAGTGTATGGG,cDC2,cDC2,True
COV19_CH11931801_TGCTGCTAGATAGTCA,cDC2,cDC2,True
COV19_CH11931813_GTCTCGTCATGGGAAC,cDC2,cDC2,True
COV19_CH11283388_CCCAGTTGTCACTTCC,cDC2,cDC2,True
COV19_CH11283359_TATGCCCGTTAGAACA,cDC2,cDC2,True
COV19_CH11283369_TCATTTGCATGCCCGA,cDC2,cDC2,True
COV19_CH11283371_CAGATCATCTCGGACG,cDC2,cDC2,True
COV19_CH11283385_GTATCTTCAGTTCCCT,cDC2,cDC2,True
COV19_CH11283388_CGTAGCGAGACAGAGA,cDC2,cDC2,True
COV19_CH11283371_TCGTAGATCAGCTCTC,cDC2,cDC2,True
COV19_CH11283386_AACTCTTCAGTCAGCC,cDC2,cDC2,True
COV19_CH11283388_GGCAATTCAGCTGGCT,cDC2,cDC2,True
COV19_CH11931851_AGCTTGAAGAATTCCC,cDC2,cDC2,True
COV19_CH11283366_TCAATCTTCTTTAGTC,cDC2,cDC2,True
COV19_CH11283363_CGTAGCGCAATGGATA,cDC2,cDC2,True
COV19_CH11283393_TGTATTCTCTCCGGTT,cDC2,cDC2,True
COV19_CH11283381_TGATTTCGTCCGTTAA,cDC2,cDC2,True
COV19_CH11931840_CTGATCCAGCTAGCCC,cDC2,cDC2,True
COV19_CH11931834_TCGTACCAGATATGGT,cDC2,cDC2,True
COV19_CH11283387_TGCTGCTGTTTACTCT,cDC2,cDC2,True
COV19_CH11283388_TGGCGCATCTACCAGA,cDC2,cDC2,True
COV19_CH11931834_GTAACTGTCTCGCATC,cDC2,cDC2,True
COV19_CH11283385_GGTGAAGCAAGTTGTC,cDC2,cDC2,True
COV19_CH11283388_AAGCCGCTCACGCGGT,cDC2,cDC2,True
COV19_CH11283364_CGTGAGCCATCACGTA,cDC2,cDC2,True
COV19_CH11931834_CGTAGCGTCTTCATGT,cDC2,cDC2,True
COV19_CH11283388_TCTTCGGTCGAGAACG,cDC2,cDC2,True
COV19_CH11283361_TTTCCTCTCGCTTGTC,cDC2,cDC2,True
COV19_CH11283393_CAAGATCAGAGTTGGC,cDC2,cDC2,True
COV19_CH11283371_CATCGGGAGCGTGAGT,cDC2,cDC2,True
COV19_CH11283380_TGCGCAGAGGTTCCTA,cDC2,cDC2,True
COV19_CH11931834_AGATCTGTCACGGTTA,cDC2,cDC2,True
COV19_CH11283390_GAGGTGAAGTCAATAG,cDC2,cDC2,True
COV19_CH11931813_ACTGAACTCCGCAAGC,cDC2,cDC2,True
COV19_CH11931813_AACTCTTCAGGGAGAG,cDC2,cDC2,True
COV19_CH11283363_ACGGGCTGTCTACCTC,cDC2,cDC2,True
COV19_CH11283377_CGTGTCTGTCTTCTCG,cDC2,cDC2,True
COV19_CH11283371_CACATTTAGCCAGAAC,cDC2,cDC2,True
COV19_CH11283384_CTGTTTATCTTGTTTG,cDC2,cDC2,True
COV19_CH11931802_CGTCAGGGTCCTAGCG,cDC2,cDC2,True
COV19_CH11931813_CATGCCTGTGAGTATA,cDC2,cDC2,True
COV19_CH11283381_AAATGCCCAGCGTAAG,cDC2,cDC2,True
COV19_CH11283364_TGAGGGAAGGGTGTGT,cDC2,cDC2,True
COV19_CH11931834_GACCTGGAGGCCGAAT,cDC2,cDC2,True
COV19_CH11283370_ATGCGATCATGGTTGT,cDC2,cDC2,True
COV19_CH11283385_TTGGAACTCGTTTATC,cDC2,cDC2,True
COV19_CH11283376_GATCTAGTCGTCTGAA,cDC2,cDC2,True
COV19_CH11931834_AGCGTCGCACTTCGAA,cDC2,cDC2,True
COV19_CH11931842_ATAACGCCACGGTAAG,cDC2,cDC2,True
COV19_CH11283387_ACGGCCAAGCAGCCTC,cDC2,cDC2,True
COV19_CH11283364_AGCGGTCTCTCTGTCG,cDC2,cDC2,True
COV19_CH11931802_TAGTGGTTCTCTGTCG,cDC2,cDC2,True
COV19_CH11283388_GACAGAGTCAAGATCC,cDC2,cDC2,True
COV19_CH11283393_CCCTCCTGTTAAAGTG,cDC2,cDC2,True
COV19_CH11283387_CTGTGCTCAAGCCTAT,cDC2,cDC2,True
COV19_CH11931802_AGTGAGGTCGTACGGC,Langerhans,Langerhans,True
COV19_CH11283389_CACAAACGTGTAAGTA,Langerhans,Langerhans,True
COV19_CH11931850_ACTGATGCAGCATGAG,Langerhans,Langerhans,True
COV19_CH11283364_CTGATAGGTCCAACTA,Langerhans,Langerhans,True
COV19_CH11283388_TCTGAGAAGTTACCCA,Langerhans,Langerhans,True
COV19_CH11283388_TGTGGTATCCAGTAGT,Langerhans,Langerhans,True
COV19_CH11931837_GCATACAGTCCCGACA,Langerhans,Langerhans,True
COV19_CH11283372_AGCATACTCCGCAAGC,Langerhans,Langerhans,True
COV19_CH11931831_CATCAAGAGTTCCACA,Langerhans,Langerhans,True
COV19_CH11931808_GAAACTCTCCTTTCTC,Langerhans,Langerhans,True
COV19_CH11931834_ACATACGAGGATGCGT,Langerhans,Langerhans,True
COV19_CH11931838_ACGATGTAGGATGGTC,Langerhans,Langerhans,True
COV19_CH11931830_CTGTGCTGTTCCAACA,Langerhans,Langerhans,True
COV19_CH11283364_CTGTGCTAGTGGCACA,Langerhans,Langerhans,True
COV19_CH11283354_CGAGAAGAGGCCATAG,Langerhans,Langerhans,True
COV19_CH11931844_TAAACCGAGAAACGAG,Langerhans,Langerhans,True
COV19_CH11283370_GACGTTACAAGCTGGA,Langerhans,Langerhans,True
COV19_CH11283370_CTCGGGAGTAGCCTCG,Langerhans,Langerhans,True
COV19_CH11283388_AACTGGTCACATTTCT,Langerhans,Langerhans,True
COV19_CH11283370_TGCACCTGTAAGGGAA,Langerhans,Langerhans,True
COV19_CH11283364_ATCGAGTTCAGGCGAA,Langerhans,Langerhans,True
COV19_CH11283380_GTCATTTGTCCGACGT,Langerhans,Langerhans,True
COV19_CH11283370_TACGGATGTTAAGAAC,Langerhans,Langerhans,True
COV19_CH11283370_GTCGTAACACGTGAGA,Langerhans,Langerhans,True
COV19_CH11283382_CGGAGTCCATACCATG,Langerhans,Langerhans,True
COV19_CH11283382_GTCATTTAGTGTACCT,Langerhans,Langerhans,True
COV19_CH11283388_ATCGAGTCAAACTGTC,Langerhans,Langerhans,True
COV19_CH11283382_CAGCTAAGTTCCACAA,Langerhans,Langerhans,True
COV19_CH11283388_GCGGGTTTCACCATAG,Langerhans,Langerhans,True
COV19_CH11283388_ACGGGTCGTGGTACAG,Langerhans,Langerhans,True
COV19_CH11931802_CTTACCGTCGTAGATC,Langerhans,Langerhans,True
COV19_CH11283384_GAATGAATCGAATGCT,Langerhans,Langerhans,True
COV19_CH11283353_GTGAAGGCACCACCAG,Langerhans,Langerhans,True
COV19_CH11931852_ACGATGTAGACAGAGA,Langerhans,Langerhans,True
COV19_CH11931809_GCGAGAACAATAGCAA,Langerhans,Langerhans,True
COV19_CH11283388_ACACCAAAGGTGCAAC,Langerhans,Langerhans,True
COV19_CH11283388_TCCCGATCACTGCCAG,Langerhans,Langerhans,True
COV19_CH11931800_CCGGTAGCATTGTGCA,Langerhans,Langerhans,True
COV19_CH11931836_CACATAGTCAGGTAAA,Langerhans,Langerhans,True
COV19_CH11931837_CATGACACAGACTCGC,Langerhans,Langerhans,True
COV19_CH11283388_ATAGACCTCAACGAAA,Langerhans,Langerhans,True
COV19_CH11931809_ACTGATGAGATGTGTA,Langerhans,Langerhans,True
COV19_CH11283388_GCATGCGTCTCCCTGA,Langerhans,Langerhans,True
COV19_CH11931799_GGCGACTAGTTTAGGA,Langerhans,Langerhans,True
COV19_CH11283390_GGAAAGCTCTTTACAC,Langerhans,Langerhans,True
COV19_CH11283366_TCGGGACAGCCGCCTA,Langerhans,Langerhans,True
COV19_CH11931809_GGACAAGTCTGTCTAT,Langerhans,Langerhans,True
COV19_CH11283382_ACTTACTGTCTGATCA,Langerhans,Langerhans,True
COV19_CH11283388_CGTAGGCTCACCATAG,Langerhans,Langerhans,True
COV19_CH11931850_ATGTGTGTCGGAATCT,Langerhans,Langerhans,True
COV19_CH11283372_AAAGTAGAGTGAAGAG,Langerhans,Langerhans,True
COV19_CH11283372_GCCTCTACACATTCGA,Langerhans,Langerhans,True
COV19_CH11283386_CTACATTTCACTCCTG,Langerhans,Langerhans,True
COV19_CH11283354_GCTGCGACAAAGTGCG,Langerhans,Langerhans,True
COV19_CH11283373_CACAGGCCATATACGC,Langerhans,Langerhans,True
COV19_CH11283390_ACCAGTAGTGCCTTGG,Langerhans,Langerhans,True
COV19_CH11283357_CCTCAGTGTACCATCA,Langerhans,Langerhans,True
COV19_CH11283382_CGTCTACGTCTCTCGT,Langerhans,Langerhans,True
COV19_CH11931811_GCTCTGTAGTAGCCGA,Langerhans,Langerhans,True
COV19_CH11283389_CACATTTAGTTATCGC,Langerhans,Langerhans,True
COV19_CH11931837_GCGCCAAAGGATCGCA,Langerhans,Langerhans,True
COV19_CH11931833_CATGGCGAGATGCCTT,Langerhans,Langerhans,True
COV19_CH11283386_GGACGTCTCCACTCCA,Langerhans,Langerhans,True
COV19_CH11283366_GGGTCTGTCCAAACAC,Langerhans,Langerhans,True
COV19_CH11931816_CCTTACGCACCAGCAC,Langerhans,Langerhans,True
COV19_CH11283390_CCGTGGACATGCTGGC,Langerhans,Langerhans,True
COV19_CH11283380_TCCACACCATGCCACG,Langerhans,Langerhans,True
COV19_CH11931852_AGCGGTCGTGTTTGTG,Langerhans,Langerhans,True
COV19_CH11931799_ACTTACTCAAGGACAC,Langerhans,Langerhans,True
COV19_CH11931813_CGCTGGAGTAGAAAGG,Langerhans,Langerhans,True
COV19_CH11283382_TGTATTCTCTTCGAGA,Langerhans,Langerhans,True
COV19_CH11931835_TTCGGTCTCCAATGGT,Langerhans,Langerhans,True
COV19_CH11283370_GCATGATCAGACACTT,Langerhans,Langerhans,True
COV19_CH11931841_GCGACCACAGTGACAG,Langerhans,Langerhans,True
COV19_CH11283388_ATGTGTGAGCCGATTT,Langerhans,Langerhans,True
COV19_CH11931837_TACCTATAGAAGGCCT,Langerhans,Langerhans,True
COV19_CH11283388_GTGCGGTAGCGATAGC,Langerhans,Langerhans,True
COV19_CH11931850_ACATGGTGTAAGAGGA,Langerhans,Langerhans,True
COV19_CH11283370_ACTTACTAGCAGGCTA,Langerhans,Langerhans,True
COV19_CH11283366_CGGTTAATCAGCGATT,Langerhans,Langerhans,True
COV19_CH11931813_GAATAAGAGGATTCGG,Langerhans,Langerhans,True
COV19_CH11283388_CAGAATCGTACATCCA,Langerhans,Langerhans,True
COV19_CH11931802_CCCAGTTAGATAGGAG,Langerhans,Langerhans,True
COV19_CH11283382_CCTTACGTCCGAGCCA,Langerhans,Langerhans,True
COV19_CH11283382_ATCTGCCCATCACAAC,Langerhans,Langerhans,True
COV19_CH11283364_CAAGATCGTCTAGGTT,Langerhans,Langerhans,True
COV19_CH11931802_ACATACGTCAACCATG,Langerhans,Langerhans,True
COV19_CH11283388_AGTGTCACATACTACG,Langerhans,Langerhans,True
COV19_CH11283370_TGGCCAGTCTCCAACC,Langerhans,Langerhans,True
COV19_CH11931850_CACAGTAAGAGCTGGT,Langerhans,Langerhans,True
COV19_CH11931802_CCGTGGACAGATTGCT,Langerhans,Langerhans,True
COV19_CH11283389_TATTACCGTCACCCAG,Langerhans,Langerhans,True
COV19_CH11283382_TAGACCAGTACAGACG,Langerhans,Langerhans,True
COV19_CH11931799_ACGATGTCAAGAGGCT,Langerhans,Langerhans,True
COV19_CH11931850_GTCATTTAGATGTCGG,Langerhans,Langerhans,True
COV19_CH11283385_ACCAGTACATTGCGGC,Langerhans,Langerhans,True
COV19_CH11283389_CGTGTCTGTGTAATGA,Langerhans,Langerhans,True
COV19_CH11283390_GAAGCAGCAAGGCTCC,Langerhans,Langerhans,True
COV19_CH11931837_CTCGAGGGTACCTACA,Langerhans,Langerhans,True
COV19_CH11931810_GCTGGGTCAGTCACTA,Langerhans,Langerhans,True
COV19_CH11283363_AGAGCTTAGTGGAGTC,cDC Activated,cDC Activated,True
COV19_CH11283393_CGTTAGACACAGGTTT,cDC Activated,cDC Activated,True
COV19_CH11283388_CGAGAAGAGTCCGGTC,cDC Activated,cDC Activated,True
COV19_CH11283388_TACTCGCAGGCTAGCA,cDC Activated,cDC Activated,True
COV19_CH11283388_TACTCGCCAGACGCAA,cDC Activated,cDC Activated,True
COV19_CH11283388_GATTCAGTCTCAAGTG,cDC Activated,cDC Activated,True
COV19_CH11283391_TGAGAGGGTATATGAG,cDC Activated,cDC Activated,True
COV19_CH11283388_CTCGGGACATCGTCGG,cDC Activated,cDC Activated,True
COV19_CH11283388_TCAGCTCCAGGGTTAG,cDC Activated,cDC Activated,True
COV19_CH11283347_GCTGCGAAGTTCGCGC,cDC Activated,cDC Activated,True
COV19_CH11283371_TGACAACCATTCTTAC,cDC Activated,cDC Activated,True
COV19_CH11283388_AGCTCTCGTCAAGCGA,cDC Activated,cDC Activated,True
COV19_CH11931834_TCAGATGAGCGTAGTG,cDC Activated,cDC Activated,True
COV19_CH11283388_CTGCTGTCACGGATAG,cDC Activated,cDC Activated,True
COV19_CH11283391_GCGACCATCAACGGCC,cDC Activated,cDC Activated,True
COV19_CH11283362_TACGGTACAATGAAAC,cDC Activated,cDC Activated,True
COV19_CH11283388_CAAGATCAGACCACGA,cDC Activated,cDC Activated,True
COV19_CH11931805_GATCGATTCGCCTGTT,cDC Activated,cDC Activated,True
COV19_CH11283388_CCGTTCATCGGTGTTA,cDC Activated,cDC Activated,True
COV19_CH11283388_ATTGGTGAGGTACTCT,cDC Activated,cDC Activated,True
COV19_CH11931840_GGATTACAGTATTGGA,cDC Activated,cDC Activated,True
COV19_CH11283391_CGTAGGCGTGACAAAT,cDC Activated,cDC Activated,True
COV19_CH11283388_CATCAGATCCACGCAG,cDC Activated,cDC Activated,True
COV19_CH11931799_AAGGAGCAGATGTTAG,cDC Activated,cDC Activated,True
COV19_CH11283388_TGAGAGGGTTCGAATC,cDC Activated,cDC Activated,True
COV19_CH11283388_CGTTGGGCACCTTGTC,cDC Activated,cDC Activated,True
COV19_CH11283356_CAGCCGAAGGTGATTA,cDC Activated,cDC Activated,True
COV19_CH11283384_CTAGTGAAGGTTCCTA,cDC Activated,cDC Activated,True
COV19_CH11283356_TGGGAAGAGACTGTAA,cDC Activated,cDC Activated,True
COV19_CH11283364_TCGGGACGTGAGCGAT,cDC Activated,cDC Activated,True
COV19_CH11283383_TTCGAAGGTATTCGTG,cDC Activated,cDC Activated,True
COV19_CH11283370_AAGTCTGGTTCCTCCA,cDC Activated,cDC Activated,True
COV19_CH11931798_TGTATTCCAGCCAGAA,cDC Activated,cDC Activated,True
COV19_CH11283388_ACGATGTTCAGTGTTG,cDC Activated,cDC Activated,True
COV19_CH11283388_GCTGGGTAGGAATTAC,cDC Activated,cDC Activated,True
COV19_CH11283363_TACCTATTCACCACCT,cDC Activated,cDC Activated,True
COV19_CH11931845_GGTATTGAGCTTCGCG,cDC Activated,cDC Activated,True
COV19_CH11283388_ACAGCTAGTAGCGTGA,cDC Activated,cDC Activated,True
COV19_CH11283363_CCTTACGCACACTGCG,cDC Activated,cDC Activated,True
COV19_CH11283388_GGCGACTCACCGCTAG,cDC Activated,cDC Activated,True
COV19_CH11283388_ACTATCTGTTACTGAC,cDC Activated,cDC Activated,True
COV19_CH11283393_GTCGTAACATGTAGTC,cDC Activated,cDC Activated,True
COV19_CH11283388_ATCACGAGTTTAGGAA,cDC Activated,cDC Activated,True
COV19_CH11283370_GCGAGAAAGAGTAATC,cDC Activated,cDC Activated,True
COV19_CH11283356_CGGTTAAGTCATCGGC,cDC Activated,cDC Activated,True
COV19_CH11283356_GTCAAGTTCCGCATAA,cDC Activated,cDC Activated,True
COV19_CH11283383_GGGTTGCAGTAGATGT,cDC Activated,cDC Activated,True
COV19_CH11283388_ATTACTCCATGGGAAC,cDC Activated,cDC Activated,True
COV19_CH11283388_GTCCTCAAGCTAGGCA,cDC Activated,cDC Activated,True
COV19_CH11283388_TCTATTGAGCCACGCT,cDC Activated,cDC Activated,True
COV19_CH11283388_ACTGTCCCACCACCAG,cDC Activated,cDC Activated,True
COV19_CH11283369_CGGTTAAAGGCGATAC,cDC Activated,cDC Activated,True
COV19_CH11283388_TCGTAGAGTTACGTCA,cDC Activated,cDC Activated,True
COV19_CH11283388_GACGTGCCATCGATGT,cDC Activated,cDC Activated,True
COV19_CH11931834_AAAGTAGTCGAGAGCA,cDC Activated,cDC Activated,True
COV19_CH11283366_CCGGGATCAGGACGTA,cDC Activated,cDC Activated,True
COV19_CH11283388_TTGGAACCAGTCACTA,cDC Activated,cDC Activated,True
COV19_CH11283388_TTGACTTCATGCCTAA,cDC Activated,cDC Activated,True
COV19_CH11283385_ACTGTCCAGGCTCAGA,cDC Activated,cDC Activated,True
COV19_CH11283388_CCTTCGACAATGACCT,cDC Activated,cDC Activated,True
COV19_CH11283388_GGAGCAAGTCCAACTA,cDC Activated,cDC Activated,True
COV19_CH11931834_GTGCATACATTTGCTT,cDC Activated,cDC Activated,True
COV19_CH11283388_TACCTATGTGATGCCC,cDC Activated,cDC Activated,True
COV19_CH11931842_GACGTTATCATCATTC,cDC Activated,cDC Activated,True
COV19_CH11283388_AAACGGGGTATGAAAC,cDC Activated,cDC Activated,True
COV19_CH11931841_GTTCTCGAGGATGGTC,cDC Activated,cDC Activated,True
COV19_CH11931800_TCAACGAAGCGCTCCA,cDC Activated,cDC Activated,True
COV19_CH11283388_CTAATGGAGGCATGTG,cDC Activated,cDC Activated,True
COV19_CH11931826_CTGAAGTGTAGCGCAA,cDC Activated,cDC Activated,True
COV19_CH11283388_CTCGTCACAAACGCGA,cDC Activated,cDC Activated,True
COV19_CH11283393_CGGACGTCACACATGT,cDC Activated,cDC Activated,True
COV19_CH11283393_AAGGCAGAGAGACTTA,cDC Activated,cDC Activated,True
COV19_CH11283353_AGCGTATCACATCCGG,cDC Activated,cDC Activated,True
COV19_CH11283388_TTTCCTCAGCTCTCGG,cDC Activated,cDC Activated,True
COV19_CH11283382_CGGACACTCGATAGAA,cDC Activated,cDC Activated,True
COV19_CH11283388_TACTCGCTCTCTGAGA,cDC Activated,cDC Activated,True
COV19_CH11283388_CGGCTAGTCGAATCCA,cDC Activated,cDC Activated,True
COV19_CH11283356_GGGTTGCCAGCGTTCG,cDC Activated,cDC Activated,True
COV19_CH11931822_TTAGTTCTCGCCAAAT,cDC Activated,cDC Activated,True
COV19_CH11283388_CCTACACTCTAACTCT,cDC Activated,cDC Activated,True
COV19_CH11931834_CGGACTGTCCTATTCA,cDC Activated,cDC Activated,True
COV19_CH11283391_AGACGTTGTGTGGCTC,cDC Activated,cDC Activated,True
COV19_CH11283388_CGCGTTTTCCGCGGTA,cDC Activated,cDC Activated,True
COV19_CH11283388_TACTTGTGTTCGTTGA,cDC Activated,cDC Activated,True
COV19_CH11283385_AGAATAGGTGACGCCT,cDC Activated,cDC Activated,True
COV19_CH11283393_CGAGCACTCATCGGAT,cDC Activated,cDC Activated,True
COV19_CH11283388_CTTCTCTCATCGATGT,cDC Activated,cDC Activated,True
COV19_CH11283356_TAGGCATTCCACGACG,cDC Activated,cDC Activated,True
COV19_CH11283388_CTACATTCACCAGCAC,cDC Activated,cDC Activated,True
COV19_CH11283386_TGGCCAGAGTGGTAAT,cDC Activated,cDC Activated,True
COV19_CH11283356_CGCGGTAGTCTCCACT,cDC Activated,cDC Activated,True
COV19_CH11283388_TACGGGCCACTGTGTA,cDC Activated,cDC Activated,True
COV19_CH11283388_AGAGTGGCATGCAATC,cDC Activated,cDC Activated,True
COV19_CH11283388_CCATGTCGTGCAGGTA,cDC Activated,cDC Activated,True
COV19_CH11283391_TGAGCATCAGCGTCCA,cDC Activated,cDC Activated,True
COV19_CH11283388_GCTGGGTAGGGCACTA,cDC Activated,cDC Activated,True
COV19_CH11283363_TACTCATAGTAGGCCA,cDC Activated,cDC Activated,True
COV19_CH11283363_ATCCACCAGTGCGATG,cDC Activated,cDC Activated,True
COV19_CH11283393_GGTGAAGTCTGATACG,cDC Activated,cDC Activated,True
COV19_CH11283388_AGAATAGGTAAGAGGA,cDC Activated,cDC Activated,True
COV19_CH11283371_GTCATTTAGACTGGGT,B,B,True
COV19_CH11283380_ACATCAGGTGATAAAC,B,B,True
COV19_CH11283356_ATTGGACCATGATCCA,B,B,True
COV19_CH11283371_AACACGTTCCGAATGT,B,B,True
COV19_CH11931822_ACCGTAAAGGTACTCT,B,B,True
COV19_CH11283369_CAGCTGGCACCGAATT,B,B,True
COV19_CH11931799_ACTATCTTCGGATGTT,B,B,True
COV19_CH11931827_GACGGCTGTCATACTG,B,B,True
COV19_CH11283346_CACAAACTCTTTCCTC,B,B,True
COV19_CH11931835_GCGCGATCACATTCGA,B,B,True
COV19_CH11283391_GGTGTTAGTTCTGAAC,B,B,True
COV19_CH11283371_ATAAGAGGTAACGCGA,B,B,True
COV19_CH11931844_TTATGCTCAATCCAAC,B,B,True
COV19_CH11283371_CGTTCTGCAAGTAGTA,B,B,True
COV19_CH11931808_ACGAGGAAGAGCTATA,B,B,True
COV19_CH11283357_AGCGTATGTTGCCTCT,B,B,True
COV19_CH11931849_GTAACGTCAGGACGTA,B,B,True
COV19_CH11283381_GGAATAAAGGAGTTGC,B,B,True
COV19_CH11931835_CATTATCTCCAGTATG,B,B,True
COV19_CH11283345_GTCGGGTAGACAGAGA,B,B,True
COV19_CH11283381_AGCGTCGCACGCGAAA,B,B,True
COV19_CH11931835_TTCTCCTAGCCACCTG,B,B,True
COV19_CH11283392_GGGCATCAGCTGCCCA,B,B,True
COV19_CH11283383_TTTGCGCGTAGTAGTA,B,B,True
COV19_CH11283362_AGACGTTCAGCTCCGA,B,B,True
COV19_CH11283371_CTAACTTAGCGACGTA,B,B,True
COV19_CH11283381_TCTGAGAAGGGTATCG,B,B,True
COV19_CH11283369_TTGACTTAGGCTCAGA,B,B,True
COV19_CH11931835_CAGCTAAGTAGGGACT,B,B,True
COV19_CH11931834_GAATAAGAGGGATGGG,B,B,True
COV19_CH11931849_AGCAGCCTCTGCGGCA,B,B,True
COV19_CH11931834_TGCACCTTCGCCAAAT,B,B,True
COV19_CH11283371_TAGGCATTCTTACCTA,B,B,True
COV19_CH11931843_TAAGAGAGTAATTGGA,B,B,True
COV19_CH11931799_AGAGCTTTCAACGGCC,B,B,True
COV19_CH11931834_CGAGCACCAGTCGATT,B,B,True
COV19_CH11931828_AGGCCACAGGCGACAT,B,B,True
COV19_CH11931843_GAACGGACAGACGCCT,B,B,True
COV19_CH11283383_TTTGCGCGTTAGAACA,B,B,True
COV19_CH11283387_CCTCTGATCACGACTA,B,B,True
COV19_CH11931834_GATCGATGTGTGCGTC,B,B,True
COV19_CH11283369_GTCCTCATCATAGCAC,B,B,True
COV19_CH11283369_CTAGAGTTCTGATACG,B,B,True
COV19_CH11931834_ACCAGTAAGAAGAAGC,B,B,True
COV19_CH11931799_TTTCCTCAGTGGTAAT,B,B,True
COV19_CH11283356_GCGAGAAGTCATATCG,B,B,True
COV19_CH11283356_CAAGGCCAGTGAAGAG,B,B,True
COV19_CH11931843_AAAGCAAGTTATCCGA,B,B,True
COV19_CH11931834_TTGTAGGCATCCTTGC,B,B,True
COV19_CH11283361_CCGTGGAAGGCTCTTA,B,B,True
COV19_CH11283381_GATGAAAAGAAGGCCT,B,B,True
COV19_CH11283381_CAAGAAAGTTAGTGGG,B,B,True
COV19_CH11283362_CGTGTAATCAACACAC,B,B,True
COV19_CH11931807_GGGAATGAGCTGATAA,B,B,True
COV19_CH11283357_TGAGCATAGCTGATAA,B,B,True
COV19_CH11931848_CAGAGAGTCCGCGTTT,B,B,True
COV19_CH11283371_TTATGCTAGTACGTAA,B,B,True
COV19_CH11931834_TACGGGCCACATAACC,B,B,True
COV19_CH11283356_TGACTTTTCTCGCATC,B,B,True
COV19_CH11283369_TAAACCGGTATATGGA,B,B,True
COV19_CH11283381_CGTTCTGCATTACGAC,B,B,True
COV19_CH11283371_GCGCAGTGTTCCAACA,B,B,True
COV19_CH11931799_TACACGATCGGCTTGG,B,B,True
COV19_CH11931848_AAGACCTCATCTCGCT,B,B,True
COV19_CH11931849_TGTTCCGCACTTCTGC,B,B,True
COV19_CH11283371_ATTACTCAGGATGGTC,B,B,True
COV19_CH11931835_TACACGAAGGATGCGT,B,B,True
COV19_CH11283356_AGCGTCGTCTGATTCT,B,B,True
COV19_CH11283375_CTTTGCGTCACTTCAT,B,B,True
COV19_CH11283371_GTAGGCCCAGCCTTTC,B,B,True
COV19_CH11931799_GGAAAGCCAATCAGAA,B,B,True
COV19_CH11931842_AGCGTATCAAGCCGCT,B,B,True
COV19_CH11931834_CAAGTTGCAGACAAGC,B,B,True
COV19_CH11283391_ATCCGAAGTTGCGTTA,B,B,True
COV19_CH11283364_TGGACGCTCTGTCTAT,B,B,True
COV19_CH11283385_GACCTGGGTTTCGCTC,B,B,True
COV19_CH11283362_GGGATGACATACTACG,B,B,True
COV19_CH11283362_CACCAGGTCTCGCATC,B,B,True
COV19_CH11283381_GTCCTCAAGAAGATTC,B,B,True
COV19_CH11931835_TCTCTAAAGTATGACA,B,B,True
COV19_CH11283371_ACAGCCGGTAGTACCT,B,B,True
COV19_CH11931799_GGACATTCACACCGCA,B,B,True
COV19_CH11283363_GATTCAGTCCTAAGTG,B,B,True
COV19_CH11283393_CACATTTTCGTTTGCC,B,B,True
COV19_CH11931799_GTAACGTAGGTGACCA,B,B,True
COV19_CH11283365_GACGTGCTCAACACAC,B,B,True
COV19_CH11931835_CACACCTTCACCGTAA,B,B,True
COV19_CH11283375_CGTTGGGAGTGTCCAT,B,B,True
COV19_CH11283371_GGCCGATAGATCGGGT,B,B,True
COV19_CH11931834_CGAGAAGTCTCGCATC,B,B,True
COV19_CH11283371_GTTCATTGTCTAACGT,B,B,True
COV19_CH11283388_TTCTCCTGTTAGAACA,B,B,True
COV19_CH11283362_TTCGGTCGTCAGATAA,B,B,True
COV19_CH11931834_TTTGCGCAGTTTCCTT,B,B,True
COV19_CH11283363_GTGCAGCGTCTAACGT,B,B,True
COV19_CH11283371_TGCCCTATCCTACAGA,B,B,True
COV19_CH11283369_ACGCCGAAGCTGAAAT,B,B,True
COV19_CH11931842_ACGCAGCCACCGCTAG,B,B,True
COV19_CH11283356_ATCTACTGTTCGAATC,B,B,True
COV19_CH11283356_GGTGTTACAGTATAAG,B,B,True
COV19_CH11931826_CGTAGCGCACCGAATT,pDC,pDC,True
COV19_CH11283391_TGCCCATGTAAGAGAG,pDC,pDC,True
COV19_CH11283391_CGTCACTGTTACGACT,pDC,pDC,True
COV19_CH11283385_CGTAGGCTCCGTTGTC,pDC,pDC,True
COV19_CH11283363_GGGTTGCCATTCACTT,pDC,pDC,True
COV19_CH11283371_CGATTGATCTTTACAC,pDC,pDC,True
COV19_CH11283371_CGATGTATCACATGCA,pDC,pDC,True
COV19_CH11283350_CGTGTCTCAGTAAGAT,pDC,pDC,True
COV19_CH11283363_CCACGGAGTTCGGGCT,pDC,pDC,True
COV19_CH11931834_GCTGCGATCTCAAACG,pDC,pDC,True
COV19_CH11283356_ACCAGTATCCATGAAC,pDC,pDC,True
COV19_CH11283363_CCTAAAGCAAGTAATG,pDC,pDC,True
COV19_CH11931834_GACAGAGGTGTGCCTG,pDC,pDC,True
COV19_CH11931834_CATGACAAGAGCTGGT,pDC,pDC,True
COV19_CH11283388_GGGATGACACATCCGG,pDC,pDC,True
COV19_CH11283350_TACCTATTCGGCTACG,pDC,pDC,True
COV19_CH11931834_CGCTTCACATGCCACG,pDC,pDC,True
COV19_CH11283369_TAAGCGTGTCTAGTCA,pDC,pDC,True
COV19_CH11283356_CTAGCCTAGCAATCTC,pDC,pDC,True
COV19_CH11931834_CAAGAAAGTCCGCTGA,pDC,pDC,True
COV19_CH11283383_AGAGTGGGTAGGGACT,pDC,pDC,True
COV19_CH11283388_CGAATGTCAAGGCTCC,pDC,pDC,True
COV19_CH11283369_ACGCCGATCGTTTATC,pDC,pDC,True
COV19_CH11283388_CGATCGGTCCCAAGTA,pDC,pDC,True
COV19_CH11283385_GGTATTGCAGCCTTTC,pDC,pDC,True
COV19_CH11283371_GTACTTTTCTAACTTC,pDC,pDC,True
COV19_CH11283391_CTTAACTGTCCTGCTT,pDC,pDC,True
COV19_CH11283391_TGACAACCACTGTCGG,pDC,pDC,True
COV19_CH11283356_CGCGGTATCAGCTCTC,pDC,pDC,True
COV19_CH11931834_AACACGTCATAAGACA,pDC,pDC,True
COV19_CH11283369_GCACATACAACTGGCC,pDC,pDC,True
COV19_CH11283356_GGCGTGTTCTTCAACT,pDC,pDC,True
COV19_CH11931834_ACTTGTTCAACACCTA,pDC,pDC,True
COV19_CH11283369_GGCGTGTGTGACGCCT,pDC,pDC,True
COV19_CH11931834_GTAGGCCGTATAGGTA,pDC,pDC,True
COV19_CH11283371_CTTTGCGCAAGCGCTC,pDC,pDC,True
COV19_CH11931849_CTGTGCTTCGGTGTTA,pDC,pDC,True
COV19_CH11283388_ACTGTCCTCCCATTTA,pDC,pDC,True
COV19_CH11283388_CGTAGCGAGAGACTAT,pDC,pDC,True
COV19_CH11283388_TAGTTGGTCAGAAATG,pDC,pDC,True
COV19_CH11283364_CATTCGCTCAATCACG,pDC,pDC,True
COV19_CH11283391_GGACATTAGATAGTCA,pDC,pDC,True
COV19_CH11283385_CTGCGGACACCCTATC,pDC,pDC,True
COV19_CH11283371_TACAGTGGTCCCGACA,pDC,pDC,True
COV19_CH11931852_GGAATAAAGACACTAA,pDC,pDC,True
COV19_CH11283388_GGTGTTAGTAAGTAGT,pDC,pDC,True
COV19_CH11931834_CTGCTGTGTGTAAGTA,pDC,pDC,True
COV19_CH11931834_TGGGAAGGTAAGTAGT,pDC,pDC,True
COV19_CH11283371_CTCTGGTGTCCAGTAT,pDC,pDC,True
COV19_CH11283356_ATCGAGTAGGACAGCT,pDC,pDC,True
COV19_CH11283384_CATATGGTCCACGACG,pDC,pDC,True
COV19_CH11283387_GTAACTGGTCCGTCAG,pDC,pDC,True
COV19_CH11283356_TAGTTGGAGCCATCGC,pDC,pDC,True
COV19_CH11283391_GTACGTACATGCCACG,pDC,pDC,True
COV19_CH11283364_TAAGCGTTCTCATTCA,pDC,pDC,True
COV19_CH11283371_AGCGTATAGGGTTCCC,pDC,pDC,True
COV19_CH11283369_ACACCGGGTTAGAACA,pDC,pDC,True
COV19_CH11283363_GTGTTAGTCCCTCTTT,pDC,pDC,True
COV19_CH11283385_AAACGGGGTAAATGAC,pDC,pDC,True
COV19_CH11283371_ACTATCTGTAGGCTGA,pDC,pDC,True
COV19_CH11283391_CGCGTTTAGCGCCTTG,pDC,pDC,True
COV19_CH11931834_AAGGCAGCACCATGTA,pDC,pDC,True
COV19_CH11283356_CATGGCGGTAATCGTC,pDC,pDC,True
COV19_CH11283371_TCACGAATCAGCATGT,pDC,pDC,True
COV19_CH11283381_CGTTAGAGTCTCGTTC,pDC,pDC,True
COV19_CH11283356_TTAGTTCTCTACTATC,pDC,pDC,True
COV19_CH11283385_ACACTGACATATGGTC,pDC,pDC,True
COV19_CH11283356_ATCATCTAGATGTTAG,pDC,pDC,True
COV19_CH11283371_CTTAACTCACCAGATT,pDC,pDC,True
COV19_CH11283371_CATGACACAAGGTTCT,pDC,pDC,True
COV19_CH11283391_CGTAGCGCAATGGATA,pDC,pDC,True
COV19_CH11283371_CCGTACTCATAGGATA,pDC,pDC,True
COV19_CH11283363_TGCACCTAGAGGACGG,pDC,pDC,True
COV19_CH11283356_AAAGCAAGTTCATGGT,pDC,pDC,True
COV19_CH11283363_GACACGCAGTGGTAAT,pDC,pDC,True
COV19_CH11931852_CGATCGGCACATGTGT,pDC,pDC,True
COV19_CH11283391_CTGAAACTCACCCTCA,pDC,pDC,True
COV19_CH11283356_ACAGCCGCATGCTAGT,pDC,pDC,True
COV19_CH11283388_TGGCGCATCGCCTGAG,pDC,pDC,True
COV19_CH11283371_CGTTCTGGTAGATTAG,pDC,pDC,True
COV19_CH11283388_CAGTAACCATTATCTC,pDC,pDC,True
COV19_CH11283371_TACGGTAGTTGATTCG,pDC,pDC,True
COV19_CH11283362_GGAACTTTCAGTGCAT,pDC,pDC,True
COV19_CH11283391_TGGTTCCGTTTGGCGC,pDC,pDC,True
COV19_CH11283363_GACTACACAGCTGGCT,pDC,pDC,True
COV19_CH11283371_GAAGCAGTCGGTCTAA,pDC,pDC,True
COV19_CH11283391_CTCGGGAGTTCTGAAC,pDC,pDC,True
COV19_CH11931834_CGCTTCATCACATAGC,pDC,pDC,True
COV19_CH11283364_GGAGCAATCTACTTAC,pDC,pDC,True
COV19_CH11931834_CTTTGCGTCATCACCC,pDC,pDC,True
COV19_CH11931834_CATGGCGAGTCTTGCA,pDC,pDC,True
COV19_CH11283391_TCACAAGAGACTAGGC,pDC,pDC,True
COV19_CH11283388_ACTTACTTCCCATTAT,pDC,pDC,True
COV19_CH11283385_GACGCGTGTCAAACTC,pDC,pDC,True
COV19_CH11283363_ACTGAACTCGCAAGCC,pDC,pDC,True
COV19_CH11931849_TCTGAGAGTAAGTAGT,pDC,pDC,True
COV19_CH11931835_GGCTGGTGTTCGCTAA,pDC,pDC,True
COV19_CH11283356_AGCTTGAGTCAGAGGT,pDC,pDC,True
COV19_CH11283369_AACCATGTCAGCACAT,pDC,pDC,True
COV19_CH11931831_CTCGAGGGTACGACCC,pDC,pDC,True
COV19_CH11283356_ATTGGTGAGTGACTCT,T G/D,T G/D,True
COV19_CH11283385_CCGGTAGCACAAGACG,T G/D,T G/D,True
COV19_CH11283356_CAGGTGCTCAATAAGG,T G/D,T G/D,True
COV19_CH11283391_GTCCTCAGTACATGTC,T G/D,T G/D,True
COV19_CH11283391_TGACTTTGTCCATCCT,T G/D,T G/D,True
COV19_CH11931817_CGTGTCTAGGTGACCA,T G/D,T G/D,True
COV19_CH11283357_GGCTGGTCATAAAGGT,T G/D,T G/D,True
COV19_CH11931834_TAAGCGTTCGGCGGTT,T G/D,T G/D,True
COV19_CH11283391_CCTTCGACAGGATCGA,T G/D,T G/D,True
COV19_CH11283391_AGCGTATTCTCTGTCG,T G/D,T G/D,True
COV19_CH11931834_TCTCTAAGTAGGAGTC,T G/D,T G/D,True
COV19_CH11283391_CGTTCTGGTTATTCTC,T G/D,T G/D,True
COV19_CH11283391_CTAACTTCACATCCGG,T G/D,T G/D,True
COV19_CH11283391_CCGTTCAAGGTGCTAG,T G/D,T G/D,True
COV19_CH11283391_TACTCATTCGTTACAG,T G/D,T G/D,True
COV19_CH11283391_CATGGCGTCAACGGGA,T G/D,T G/D,True
COV19_CH11283391_ATGGGAGAGCTCTCGG,T G/D,T G/D,True
COV19_CH11283391_TACTTGTCACCCAGTG,T G/D,T G/D,True
COV19_CH11283391_TCAACGATCTCAACTT,T G/D,T G/D,True
COV19_CH11931834_AGTAGTCCACACCGCA,T G/D,T G/D,True
COV19_CH11283363_TCTCTAAGTCGAGTTT,T G/D,T G/D,True
COV19_CH11283391_GGGAATGGTTTAGCTG,T G/D,T G/D,True
COV19_CH11283356_AATCCAGTCGTCACGG,T G/D,T G/D,True
COV19_CH11283391_CACTCCAAGTACACCT,T G/D,T G/D,True
COV19_CH11283391_AGGCCACTCTTCAACT,T G/D,T G/D,True
COV19_CH11283356_CAACCTCTCGAACTGT,T G/D,T G/D,True
COV19_CH11283383_CGGCTAGCAGATAATG,T G/D,T G/D,True
COV19_CH11283391_TTGACTTTCCGTTGCT,T G/D,T G/D,True
COV19_CH11283391_GCTGCAGCACTTCTGC,T G/D,T G/D,True
COV19_CH11283371_TGAGGGAGTGATGCCC,T G/D,T G/D,True
COV19_CH11283371_GTCTCGTGTCGGCTCA,T G/D,T G/D,True
COV19_CH11931834_ACCAGTAAGAGCTGGT,T G/D,T G/D,True
COV19_CH11283391_GCGCAACCAACACCCG,T G/D,T G/D,True
COV19_CH11283362_CTGCGGAGTCTCATCC,T G/D,T G/D,True
COV19_CH11283391_GGGCACTAGGCAGGTT,T G/D,T G/D,True
COV19_CH11283371_GGGAATGAGACCACGA,T G/D,T G/D,True
COV19_CH11283391_TTGAACGGTTGCGTTA,T G/D,T G/D,True
COV19_CH11283391_TGAGGGAGTTTGTGTG,T G/D,T G/D,True
COV19_CH11283371_ACGAGCCTCCCAAGTA,T G/D,T G/D,True
COV19_CH11931826_AGAGTGGGTCTACCTC,T G/D,T G/D,True
COV19_CH11283391_ACACCAAAGTGTACGG,T G/D,T G/D,True
COV19_CH11283363_TGTTCCGGTAGAGGAA,T G/D,T G/D,True
COV19_CH11283363_TTTATGCCACATTTCT,T G/D,T G/D,True
COV19_CH11283356_ACCAGTATCAGCGACC,T G/D,T G/D,True
COV19_CH11283391_GTCATTTGTACCGTAT,T G/D,T G/D,True
COV19_CH11283391_TCTCTAAGTGCTGTAT,T G/D,T G/D,True
COV19_CH11283391_CACATTTCATTGCGGC,T G/D,T G/D,True
COV19_CH11931834_TTTGGTTCAAGCCTAT,T G/D,T G/D,True
COV19_CH11283391_GGTATTGTCTCCAACC,T G/D,T G/D,True
COV19_CH11283356_GTTCATTAGTAGATGT,T G/D,T G/D,True
COV19_CH11283356_GTTTCTACAAGCCTAT,T G/D,T G/D,True
COV19_CH11283363_ACAGCTATCAGGCCCA,T G/D,T G/D,True
COV19_CH11283391_GTTCTCGCACCACGTG,T G/D,T G/D,True
COV19_CH11931842_GGGATGAAGCTATGCT,T G/D,T G/D,True
COV19_CH11931834_TCTTCGGGTCATACTG,T G/D,T G/D,True
COV19_CH11283391_AACACGTTCTTGCAAG,T G/D,T G/D,True
COV19_CH11283391_CATTATCGTCTTGATG,T G/D,T G/D,True
COV19_CH11283391_ACGGCCACAAGCCGTC,T G/D,T G/D,True
COV19_CH11283383_CAAGTTGTCCTTGCCA,T G/D,T G/D,True
COV19_CH11283391_CCATTCGAGTAAGTAC,T G/D,T G/D,True
COV19_CH11283391_CAGCGACAGTTACCCA,T G/D,T G/D,True
COV19_CH11283356_GAGTCCGTCGCGCCAA,T G/D,T G/D,True
COV19_CH11283391_TTTATGCCACACTGCG,T G/D,T G/D,True
COV19_CH11931834_CTGCGGAAGGCGACAT,T G/D,T G/D,True
COV19_CH11283369_CTGGTCTCAATGAAAC,T G/D,T G/D,True
COV19_CH11283391_GGCAATTCACGTTGGC,T G/D,T G/D,True
COV19_CH11283363_ATTCTACCACATCTTT,T G/D,T G/D,True
COV19_CH11283356_GTATCTTCAGCCTTGG,T G/D,T G/D,True
COV19_CH11283391_GGTGCGTCACATCCAA,T G/D,T G/D,True
COV19_CH11283356_GAATGAAGTAAGCACG,T G/D,T G/D,True
COV19_CH11283369_AGAGCGAGTCTCCACT,T G/D,T G/D,True
COV19_CH11283391_GTTCTCGAGGAATCGC,T G/D,T G/D,True
COV19_CH11283391_AAACCTGGTTCGGCAC,T G/D,T G/D,True
COV19_CH11283371_TAAGTGCTCACCATAG,T G/D,T G/D,True
COV19_CH11283391_CCATTCGTCAGTTCGA,T G/D,T G/D,True
COV19_CH11283391_GTGCATAAGAGAGCTC,T G/D,T G/D,True
COV19_CH11283371_GGGAGATAGTTGCAGG,T G/D,T G/D,True
COV19_CH11283371_GGACAAGGTAGCAAAT,T G/D,T G/D,True
COV19_CH11283391_GTAGTCAGTCTAACGT,T G/D,T G/D,True
COV19_CH11283391_AAGACCTTCTATCGCC,T G/D,T G/D,True
COV19_CH11283391_GTCCTCATCCGAATGT,T G/D,T G/D,True
COV19_CH11283385_CGGTTAACAATGCCAT,T G/D,T G/D,True
COV19_CH11283391_GCCTCTAGTGCAACTT,T G/D,T G/D,True
COV19_CH11931852_AACCGCGTCCCTAACC,T G/D,T G/D,True
COV19_CH11283391_ATCCACCTCGCTGATA,T G/D,T G/D,True
COV19_CH11283371_CATGCCTAGGAATGGA,T G/D,T G/D,True
COV19_CH11283391_GGGCATCCATAGGATA,T G/D,T G/D,True
COV19_CH11283385_TATCTCAAGAAAGTGG,T G/D,T G/D,True
COV19_CH11283391_ACGAGGAAGCTCTCGG,T G/D,T G/D,True
COV19_CH11283356_CCCTCCTTCGTGACAT,T G/D,T G/D,True
COV19_CH11283391_GATGAGGAGAGTGAGA,T G/D,T G/D,True
COV19_CH11283391_CGCGTTTAGCCGGTAA,T G/D,T G/D,True
COV19_CH11283391_TCAGGTACAGGAATGC,T G/D,T G/D,True
COV19_CH11931834_ACGAGCCCATGCTGGC,T G/D,T G/D,True
COV19_CH11931834_CGTAGCGGTAATCGTC,T G/D,T G/D,True
COV19_CH11283385_GACGTTACAGCTGTAT,T G/D,T G/D,True
COV19_CH11283391_ACGTCAAGTGGAAAGA,T G/D,T G/D,True
COV19_CH11283391_CGACCTTTCAGCATGT,T G/D,T G/D,True
COV19_CH11283391_CCCAATCCATGCCACG,T G/D,T G/D,True
COV19_CH11283391_GATCGATAGGCGATAC,T G/D,T G/D,True
COV19_CH11931804_GTCGGGTTCGTGGTCG,T Reg,T Reg,True
COV19_CH11283388_AGGGATGGTAGTACCT,T Reg,T Reg,True
COV19_CH11283388_CGTTAGAGTCTAAACC,T Reg,T Reg,True
COV19_CH11931844_ACGCCAGTCCTAGGGC,T Reg,T Reg,True
COV19_CH11283388_GGAAAGCGTGGTAACG,T Reg,T Reg,True
COV19_CH11931828_CTCACACTCTTCTGGC,T Reg,T Reg,True
COV19_CH11283388_ACGCCGAGTATAATGG,T Reg,T Reg,True
COV19_CH11283393_AGCTTGATCCTAGTGA,T Reg,T Reg,True
COV19_CH11931832_CTCTAATTCGTTACGA,T Reg,T Reg,True
COV19_CH11283381_TGCCCTAGTGCTAGCC,T Reg,T Reg,True
COV19_CH11931834_CAGCATATCAGCTCTC,T Reg,T Reg,True
COV19_CH11283362_CATATGGCACGAAAGC,T Reg,T Reg,True
COV19_CH11283363_AGGTCATGTCATATGC,T Reg,T Reg,True
COV19_CH11283371_GTGGGTCCACTAAGTC,T Reg,T Reg,True
COV19_CH11283388_TGTGGTACATCTATGG,T Reg,T Reg,True
COV19_CH11931826_AGATTGCAGCTACCTA,T Reg,T Reg,True
COV19_CH11283388_CCACTACCATCTACGA,T Reg,T Reg,True
COV19_CH11931834_GCTGCAGTCCGCATCT,T Reg,T Reg,True
COV19_CH11283356_GCACTCTCATGCCTAA,T Reg,T Reg,True
COV19_CH11931834_GCGAGAATCCTAGTGA,T Reg,T Reg,True
COV19_CH11283381_ACGCCAGCAGCATGAG,T Reg,T Reg,True
COV19_CH11931802_TAGTGGTCAAAGTCAA,T Reg,T Reg,True
COV19_CH11283381_TGCACCTGTATGCTTG,T Reg,T Reg,True
COV19_CH11283381_GCTGCGACATGAGCGA,T Reg,T Reg,True
COV19_CH11283371_CAGAATCCACGAAACG,T Reg,T Reg,True
COV19_CH11283385_GCTGGGTCAAAGTCAA,T Reg,T Reg,True
COV19_CH11283366_ATCATCTCAGTGAGTG,T Reg,T Reg,True
COV19_CH11931842_ATCACGAGTAAACCTC,T Reg,T Reg,True
COV19_CH11283388_GTGAAGGTCCTCATTA,T Reg,T Reg,True
COV19_CH11283391_TCGCGTTCACGGCTAC,T Reg,T Reg,True
COV19_CH11283373_ACGATACGTTCCAACA,T Reg,T Reg,True
COV19_CH11283381_GTTTCTAAGTGTTTGC,T Reg,T Reg,True
COV19_CH11283371_GCGACCAGTTTGTTTC,T Reg,T Reg,True
COV19_CH11931806_CCTCAGTCATCGGGTC,T Reg,T Reg,True
COV19_CH11283364_GACTAACTCACCCTCA,T Reg,T Reg,True
COV19_CH11283351_TCAGATGTCGGTGTCG,T Reg,T Reg,True
COV19_CH11931834_GCAATCAAGAGCCTAG,T Reg,T Reg,True
COV19_CH11283364_AAACGGGTCACATGCA,T Reg,T Reg,True
COV19_CH11283388_TAGCCGGTCAACCAAC,T Reg,T Reg,True
COV19_CH11283391_CACCACTGTCGCTTCT,T Reg,T Reg,True
COV19_CH11283371_AACCGCGAGATACACA,T Reg,T Reg,True
COV19_CH11283388_AAAGTAGTCTGTACGA,T Reg,T Reg,True
COV19_CH11283393_CAGCGACCAATAGAGT,T Reg,T Reg,True
COV19_CH11283371_TGAGGGAAGGGTTCCC,T Reg,T Reg,True
COV19_CH11931800_AAAGATGTCGTCTGCT,T Reg,T Reg,True
COV19_CH11283370_TAGTGGTCAAACAACA,T Reg,T Reg,True
COV19_CH11283387_GGCTGGTCAGTCGTGC,T Reg,T Reg,True
COV19_CH11283388_TGCCCTAGTCTGATCA,T Reg,T Reg,True
COV19_CH11283388_CGCGGTAAGATGTAAC,T Reg,T Reg,True
COV19_CH11283371_GCATGCGAGAAGAAGC,T Reg,T Reg,True
COV19_CH11931805_TGAGCATCAATCACAC,T Reg,T Reg,True
COV19_CH11283388_CTGAAGTAGCGTTGCC,T Reg,T Reg,True
COV19_CH11283388_ACTTTCACAAATACAG,T Reg,T Reg,True
COV19_CH11283393_AATCGGTTCTGCCCTA,T Reg,T Reg,True
COV19_CH11283381_GTTCGGGTCTGATACG,T Reg,T Reg,True
COV19_CH11931834_ATGAGGGGTAGCTTGT,T Reg,T Reg,True
COV19_CH11283371_CTTCTCTGTCTGCGGT,T Reg,T Reg,True
COV19_CH11283356_TGATTTCGTTAGTGGG,T Reg,T Reg,True
COV19_CH11931834_CGTTAGATCCAGAAGG,T Reg,T Reg,True
COV19_CH11283388_CGGACTGGTTAAGTAG,T Reg,T Reg,True
COV19_CH11283385_CATCCACCACCAGGTC,T Reg,T Reg,True
COV19_CH11931834_CTGATCCAGACTTTCG,T Reg,T Reg,True
COV19_CH11931835_ATTCTACAGGATGCGT,T Reg,T Reg,True
COV19_CH11931842_CGAGCCAAGGAGTCTG,T Reg,T Reg,True
COV19_CH11283388_ACTGAGTAGTCGCCGT,T Reg,T Reg,True
COV19_CH11283371_CGCGGTAAGAGGTTGC,T Reg,T Reg,True
COV19_CH11283375_CCCAGTTTCGCCAAAT,T Reg,T Reg,True
COV19_CH11283385_ATTGGTGAGGGTATCG,T Reg,T Reg,True
COV19_CH11283385_AGAGCTTGTAGGCATG,T Reg,T Reg,True
COV19_CH11283388_AGAGCGATCCACGCAG,T Reg,T Reg,True
COV19_CH11283385_CTCGGGAGTTCCACTC,T Reg,T Reg,True
COV19_CH11283386_GAGGTGATCTCTAAGG,T Reg,T Reg,True
COV19_CH11283371_CGTCCATGTTACTGAC,T Reg,T Reg,True
COV19_CH11283381_GATGAAATCATCGCTC,T Reg,T Reg,True
COV19_CH11283393_GTGCGGTGTACCGCTG,T Reg,T Reg,True
COV19_CH11283371_TGGCTGGTCAGCACAT,T Reg,T Reg,True
COV19_CH11283388_GCTGGGTCATAAGACA,T Reg,T Reg,True
COV19_CH11931835_CACCACTCAAAGTGCG,T Reg,T Reg,True
COV19_CH11283355_CTAGTGAAGCTGCCCA,T Reg,T Reg,True
COV19_CH11283385_GCCAAATTCCACTGGG,T Reg,T Reg,True
COV19_CH11931834_GGAGCAAGTACGCACC,T Reg,T Reg,True
COV19_CH11283369_TATCTCAAGACCCACC,T Reg,T Reg,True
COV19_CH11283385_GTAACGTCAGATAATG,T Reg,T Reg,True
COV19_CH11283371_GAACCTAGTGGCAAAC,T Reg,T Reg,True
COV19_CH11931818_TAGCCGGCAGCTGGCT,T Reg,T Reg,True
COV19_CH11283388_GTATCTTGTCAATGTC,T Reg,T Reg,True
COV19_CH11283388_TCAGGTACACGAGGTA,T Reg,T Reg,True
COV19_CH11931842_TTTGTCAAGAGTAATC,T Reg,T Reg,True
COV19_CH11283369_ATTGGACCATCCCACT,T Reg,T Reg,True
COV19_CH11283388_TTGACTTAGCGAAGGG,T Reg,T Reg,True
COV19_CH11283385_AGATCTGAGACGCAAC,T Reg,T Reg,True
COV19_CH11931835_GCGGGTTGTATCACCA,T Reg,T Reg,True
COV19_CH11283388_CCTAGCTAGCTGCCCA,T Reg,T Reg,True
COV19_CH11283364_TGGTTCCCAGGCTCAC,T Reg,T Reg,True
COV19_CH11283371_CTGAAACGTATCAGTC,T Reg,T Reg,True
COV19_CH11283388_CATGGCGCATGGGACA,T Reg,T Reg,True
COV19_CH11283388_CGTCTACAGAGTCGGT,T Reg,T Reg,True
COV19_CH11931834_AGTGTCAAGAAAGTGG,T Reg,T Reg,True
COV19_CH11931835_TTTGCGCGTTAGAACA,T Reg,T Reg,True
COV19_CH11283388_ACCTTTACATTGAGCT,T Reg,T Reg,True
COV19_CH11283370_ATCACGACACAAGCCC,Hillock,Hillock,True
COV19_CH11931808_GATCTAGAGTGCGATG,Hillock,Hillock,True
COV19_CH11283364_ACTGTCCTCAGAAATG,Hillock,Hillock,True
COV19_CH11283388_GCGCAGTAGAGAACAG,Hillock,Hillock,True
COV19_CH11283388_ATGCGATTCCTAGGGC,Hillock,Hillock,True
COV19_CH11283388_AACTCAGAGAACTGTA,Hillock,Hillock,True
COV19_CH11283370_TAGACCACACGAAACG,Hillock,Hillock,True
COV19_CH11283383_GTTCGGGGTGCAACGA,Hillock,Hillock,True
COV19_CH11283388_ATCGAGTTCTTGCCGT,Hillock,Hillock,True
COV19_CH11283388_CTCGGGACAAGCCTAT,Hillock,Hillock,True
COV19_CH11283388_TGACTAGCATTGCGGC,Hillock,Hillock,True
COV19_CH11283388_TTAGGACGTCTCAACA,Hillock,Hillock,True
COV19_CH11283388_TTCCCAGTCCACGTTC,Hillock,Hillock,True
COV19_CH11283388_CTCCTAGTCAGAGCTT,Hillock,Hillock,True
COV19_CH11283384_TGACTTTTCGAGCCCA,Hillock,Hillock,True
COV19_CH11283388_TCTGAGATCCGTACAA,Hillock,Hillock,True
COV19_CH11283364_ATTCTACTCATGTCTT,Hillock,Hillock,True
COV19_CH11283388_GTATCTTCATGCCACG,Hillock,Hillock,True
COV19_CH11283388_GCCTCTAGTTATGCGT,Hillock,Hillock,True
COV19_CH11283346_TGTTCCGGTCGCATCG,Hillock,Hillock,True
COV19_CH11283388_TACTCATTCTCTAGGA,Hillock,Hillock,True
COV19_CH11283370_GCTGCTTTCTGCTGCT,Hillock,Hillock,True
COV19_CH11931813_CGTAGCGAGCTAGCCC,Hillock,Hillock,True
COV19_CH11283365_CAGCATATCTCCAGGG,Hillock,Hillock,True
COV19_CH11283383_CTGGTCTAGGCAATTA,Hillock,Hillock,True
COV19_CH11283388_AACCGCGAGGAGTCTG,Hillock,Hillock,True
COV19_CH11283388_AACTCAGCACCTCGGA,Hillock,Hillock,True
COV19_CH11283384_AGTGAGGAGTTAACGA,Hillock,Hillock,True
COV19_CH11283388_AGCGTCGGTACACCGC,Hillock,Hillock,True
COV19_CH11283388_CGAATGTCAAGCGAGT,Hillock,Hillock,True
COV19_CH11283370_TATGCCCCATTATCTC,Hillock,Hillock,True
COV19_CH11283388_TGACTTTCAATGTAAG,Hillock,Hillock,True
COV19_CH11283367_CGGACTGAGTAACCCT,Hillock,Hillock,True
COV19_CH11931811_GGTATTGTCACAGGCC,Hillock,Hillock,True
COV19_CH11283370_TTCCCAGGTATCAGTC,Hillock,Hillock,True
COV19_CH11283390_CATATGGCAAGGCTCC,Hillock,Hillock,True
COV19_CH11283388_TGGACGCAGTGGGCTA,Hillock,Hillock,True
COV19_CH11283370_CCACGGATCCGTAGGC,Hillock,Hillock,True
COV19_CH11283388_TACCTTATCTTGTACT,Hillock,Hillock,True
COV19_CH11283388_GTGCTTCTCACGGTTA,Hillock,Hillock,True
COV19_CH11283388_AGCGGTCGTCCAAGTT,Hillock,Hillock,True
COV19_CH11283388_CTGATAGCAAAGTCAA,Hillock,Hillock,True
COV19_CH11931808_TACTTGTCAAATACAG,Hillock,Hillock,True
COV19_CH11283370_AGGTCCGCAGTATCTG,Hillock,Hillock,True
COV19_CH11283388_CAAGATCTCGGCGCAT,Hillock,Hillock,True
COV19_CH11283388_AGAATAGTCCGTAGTA,Hillock,Hillock,True
COV19_CH11283388_TGCTGCTCAAACAACA,Hillock,Hillock,True
COV19_CH11283382_CGTTAGATCTCTTATG,Hillock,Hillock,True
COV19_CH11283388_AGGGATGCAAGCCTAT,Hillock,Hillock,True
COV19_CH11283388_TACACGACACATTCGA,Hillock,Hillock,True
COV19_CH11931824_AGTGAGGCACCGAATT,Hillock,Hillock,True
COV19_CH11283388_ACTGTCCGTCTCTCGT,Hillock,Hillock,True
COV19_CH11283388_AGACGTTGTAAACACA,Hillock,Hillock,True
COV19_CH11283388_AGCGTCGTCCTAGTGA,Hillock,Hillock,True
COV19_CH11283364_GGCGTGTCAGCCTTGG,Hillock,Hillock,True
COV19_CH11283383_GGAATAATCGGCGGTT,Hillock,Hillock,True
COV19_CH11283384_GAACGGAAGTCCAGGA,Hillock,Hillock,True
COV19_CH11283388_ACGGAGACAGCCTGTG,Hillock,Hillock,True
COV19_CH11283358_AGCTCTCTCTCCGGTT,Hillock,Hillock,True
COV19_CH11283370_TGGCTGGAGTGTTGAA,Hillock,Hillock,True
COV19_CH11283382_TGCCCTAAGGCTATCT,Hillock,Hillock,True
COV19_CH11283388_CATGGCGGTTCGTTGA,Hillock,Hillock,True
COV19_CH11931844_CGCCAAGCAGGACCCT,Hillock,Hillock,True
COV19_CH11283388_ACGCCGAGTATATGGA,Hillock,Hillock,True
COV19_CH11283388_CCGGTAGTCCTTTCTC,Hillock,Hillock,True
COV19_CH11283364_GCGCGATGTCGAAAGC,Hillock,Hillock,True
COV19_CH11283388_ACTGATGGTCCATCCT,Hillock,Hillock,True
COV19_CH11283370_CACAGGCCAGGATTGG,Hillock,Hillock,True
COV19_CH11283388_GACACGCAGGCTATCT,Hillock,Hillock,True
COV19_CH11283370_CTCGGGACATGCGCAC,Hillock,Hillock,True
COV19_CH11283370_CCGTTCATCGCTGATA,Hillock,Hillock,True
COV19_CH11283388_GACGTTACAGACAGGT,Hillock,Hillock,True
COV19_CH11283388_TGCGGGTGTCTCCACT,Hillock,Hillock,True
COV19_CH11283388_CCTACCAAGGGAACGG,Hillock,Hillock,True
COV19_CH11283383_GAAACTCTCTCCCTGA,Hillock,Hillock,True
COV19_CH11283364_TTTGTCATCGACAGCC,Hillock,Hillock,True
COV19_CH11283388_GTCAAGTCACGGTGTC,Hillock,Hillock,True
COV19_CH11283388_AGCCTAAAGGTCGGAT,Hillock,Hillock,True
COV19_CH11283388_CTCGGGACAGTGACAG,Hillock,Hillock,True
COV19_CH11931824_TATCTCAGTTATCGGT,Hillock,Hillock,True
COV19_CH11283388_CTCATTACAATGGAAT,Hillock,Hillock,True
COV19_CH11283388_TACAGTGCAGGCTGAA,Hillock,Hillock,True
COV19_CH11283388_GTATCTTAGAGATGAG,Hillock,Hillock,True
COV19_CH11283370_GTCGGGTCACATAACC,Hillock,Hillock,True
COV19_CH11283364_GCTGCAGTCGTCCAGG,Hillock,Hillock,True
COV19_CH11283384_CAGAGAGTCTGGTTCC,Hillock,Hillock,True
COV19_CH11283388_CCTAAAGTCCGAATGT,Hillock,Hillock,True
COV19_CH11283388_CGGAGTCAGACCCACC,Hillock,Hillock,True
COV19_CH11283388_TCGGGACCACGGATAG,Hillock,Hillock,True
COV19_CH11283388_GACAGAGTCACGGTTA,Hillock,Hillock,True
COV19_CH11283388_TGGACGCCATATGCTG,Hillock,Hillock,True
COV19_CH11283384_ATGGGAGCAATAGAGT,Hillock,Hillock,True
COV19_CH11283364_ACACCCTTCAGCTCGG,Hillock,Hillock,True
COV19_CH11283370_TGACTTTTCCTTTACA,Hillock,Hillock,True
COV19_CH11283370_GGGAGATTCTATCCTA,Hillock,Hillock,True
COV19_CH11283388_TGGACGCCAAGGACAC,Hillock,Hillock,True
COV19_CH11283384_TAAGCGTAGTACGTAA,Hillock,Hillock,True
COV19_CH11283388_CTAATGGTCTCGTATT,Hillock,Hillock,True
COV19_CH11283388_CGGACACTCATTCACT,Hillock,Hillock,True
COV19_CH11283370_GTGGGTCTCGAGAACG,Hillock,Hillock,True
COV19_CH11931839_AAACCTGTCCTTGGTC,Squamous,Squamous,True
COV19_CH11283356_CGGTTAATCAGAGGTG,Squamous,Squamous,True
COV19_CH11931830_CAGCATATCGAATCCA,Squamous,Squamous,True
COV19_CH11931848_TCAGGATGTTCTCATT,Squamous,Squamous,True
COV19_CH11283384_GATGAAAAGTCCCACG,Squamous,Squamous,True
COV19_CH11283387_TCTATTGAGCTACCGC,Squamous,Squamous,True
COV19_CH11283360_ACGAGGACAAACTGTC,Squamous,Squamous,True
COV19_CH11931832_AGGTCATCAAACCTAC,Squamous,Squamous,True
COV19_CH11283392_CGGCTAGGTGACCAAG,Squamous,Squamous,True
COV19_CH11283357_TCGGTAAAGGCAAAGA,Squamous,Squamous,True
COV19_CH11283387_TGCTGCTTCGTGACAT,Squamous,Squamous,True
COV19_CH11283363_AAGTCTGAGTACTTGC,Squamous,Squamous,True
COV19_CH11283388_ACAGCTACACATGACT,Squamous,Squamous,True
COV19_CH11283386_CACCTTGGTCATATCG,Squamous,Squamous,True
COV19_CH11283387_CGCTGGACAGTGACAG,Squamous,Squamous,True
COV19_CH11283371_TTTACTGCATACAGCT,Squamous,Squamous,True
COV19_CH11283386_GGCGACTCAGATCGGA,Squamous,Squamous,True
COV19_CH11931822_AGGCCACTCTGGTATG,Squamous,Squamous,True
COV19_CH11931802_CAGAGAGTCCATGAAC,Squamous,Squamous,True
COV19_CH11931840_ATGGGAGCAGCTTCGG,Squamous,Squamous,True
COV19_CH11931824_CCATTCGCACACCGCA,Squamous,Squamous,True
COV19_CH11283360_GCGACCATCTTGTTTG,Squamous,Squamous,True
COV19_CH11283388_CACCTTGAGAGTCGGT,Squamous,Squamous,True
COV19_CH11931808_CACACCTGTTGTCGCG,Squamous,Squamous,True
COV19_CH11283368_AGGCCACCAACACCCG,Squamous,Squamous,True
COV19_CH11283370_CATCAGAGTAGTAGTA,Squamous,Squamous,True
COV19_CH11931809_ACTGATGGTCGCCATG,Squamous,Squamous,True
COV19_CH11283388_CGCTGGAGTGCCTTGG,Squamous,Squamous,True
COV19_CH11283388_TGGACGCTCCCTGACT,Squamous,Squamous,True
COV19_CH11283359_TTCTACATCGTTGCCT,Squamous,Squamous,True
COV19_CH11931850_GACGCGTAGACGACGT,Squamous,Squamous,True
COV19_CH11283352_CGATCGGAGAGCAATT,Squamous,Squamous,True
COV19_CH11283378_GGGTTGCCAGCCTTGG,Squamous,Squamous,True
COV19_CH11283364_AGAGCGAAGTCCTCCT,Squamous,Squamous,True
COV19_CH11283385_GACCTGGGTCTCTTAT,Squamous,Squamous,True
COV19_CH11931817_CCATGTCAGAAGGCCT,Squamous,Squamous,True
COV19_CH11283357_AGCATACTCCGCATCT,Squamous,Squamous,True
COV19_CH11283375_CTCGGGAGTCTAGAGG,Squamous,Squamous,True
COV19_CH11283388_TAGTTGGTCACTCTTA,Squamous,Squamous,True
COV19_CH11931851_AACCGCGGTCAGCTAT,Squamous,Squamous,True
COV19_CH11283386_GGACGTCAGTACGTAA,Squamous,Squamous,True
COV19_CH11283392_CGTCTACGTTCCACTC,Squamous,Squamous,True
COV19_CH11283386_GCGGGTTAGCTGTCTA,Squamous,Squamous,True
COV19_CH11283369_TCTTCGGGTCCAGTAT,Squamous,Squamous,True
COV19_CH11931802_ATGCGATAGTGGCACA,Squamous,Squamous,True
COV19_CH11283386_GATTCAGGTAGCTGCC,Squamous,Squamous,True
COV19_CH11283387_AGTTGGTCAGTTCCCT,Squamous,Squamous,True
COV19_CH11283360_CTACACCAGTGTACCT,Squamous,Squamous,True
COV19_CH11283369_GAACCTAAGGCAGTCA,Squamous,Squamous,True
COV19_CH11283387_TTAACTCTCGCGTTTC,Squamous,Squamous,True
COV19_CH11931804_TAGCCGGCACAGACAG,Squamous,Squamous,True
COV19_CH11931811_TTTGCGCCATCTCCCA,Squamous,Squamous,True
COV19_CH11283360_GCCAAATAGCGATTCT,Squamous,Squamous,True
COV19_CH11931824_AGCCTAAAGCAGCCTC,Squamous,Squamous,True
COV19_CH11283375_CCTACCAGTCGACTAT,Squamous,Squamous,True
COV19_CH11283392_GTGCGGTCAATCCGAT,Squamous,Squamous,True
COV19_CH11283390_TGGGAAGCACTTAACG,Squamous,Squamous,True
COV19_CH11931826_TACAGTGGTCTGCAAT,Squamous,Squamous,True
COV19_CH11283390_CAAGGCCGTGGTTTCA,Squamous,Squamous,True
COV19_CH11283365_CATCCACGTGTTGGGA,Squamous,Squamous,True
COV19_CH11931798_TCTATTGTCGTTGCCT,Squamous,Squamous,True
COV19_CH11931838_TAGCCGGTCGTATCAG,Squamous,Squamous,True
COV19_CH11931848_TAGTTGGCAGGTCTCG,Squamous,Squamous,True
COV19_CH11283386_AGCTTGACATTTGCCC,Squamous,Squamous,True
COV19_CH11931834_GATGAGGTCGGATGGA,Squamous,Squamous,True
COV19_CH11283388_TGCCCTACAGACGCTC,Squamous,Squamous,True
COV19_CH11931830_TATCAGGTCCCTCTTT,Squamous,Squamous,True
COV19_CH11931836_TATCTCAAGGTAAACT,Squamous,Squamous,True
COV19_CH11931830_CACAAACTCTACTATC,Squamous,Squamous,True
COV19_CH11931822_CGCTTCATCAGATAAG,Squamous,Squamous,True
COV19_CH11931825_CCTATTATCACATACG,Squamous,Squamous,True
COV19_CH11931850_CAGGTGCTCACTTACT,Squamous,Squamous,True
COV19_CH11283387_GGCAATTCAACAACCT,Squamous,Squamous,True
COV19_CH11931831_GTCACAATCCTCATTA,Squamous,Squamous,True
COV19_CH11931824_TCGCGTTAGATGCCTT,Squamous,Squamous,True
COV19_CH11931822_TCGCGAGCACGAAATA,Squamous,Squamous,True
COV19_CH11283388_GCACTCTTCAAAGTAG,Squamous,Squamous,True
COV19_CH11283386_CACACTCTCCAGTATG,Squamous,Squamous,True
COV19_CH11931801_CTACGTCTCCACGACG,Squamous,Squamous,True
COV19_CH11283384_AGTTGGTCAGATCGGA,Squamous,Squamous,True
COV19_CH11283387_TGGGAAGCATACTACG,Squamous,Squamous,True
COV19_CH11931810_AGCATACAGGGATCTG,Squamous,Squamous,True
COV19_CH11283351_CAGCGACAGCTTCGCG,Squamous,Squamous,True
COV19_CH11283390_TATCAGGTCAGCACAT,Squamous,Squamous,True
COV19_CH11283386_CTCGTCATCTTGACGA,Squamous,Squamous,True
COV19_CH11283388_CGTGTCTCAAAGTCAA,Squamous,Squamous,True
COV19_CH11931826_TTTGTCAGTGTGGCTC,Squamous,Squamous,True
COV19_CH11283359_AGGTCCGTCATTCACT,Squamous,Squamous,True
COV19_CH11931846_AGGGTGATCTGAAAGA,Squamous,Squamous,True
COV19_CH11931802_TGATTTCAGCGTCTAT,Squamous,Squamous,True
COV19_CH11931846_TCGTAGACACGTCAGC,Squamous,Squamous,True
COV19_CH11931798_CATATGGTCCAAAGTC,Squamous,Squamous,True
COV19_CH11931830_GCAAACTTCAAGCCTA,Squamous,Squamous,True
COV19_CH11931829_CCGTACTTCCGATATG,Squamous,Squamous,True
COV19_CH11283357_AAGGTTCCACCTTGTC,Squamous,Squamous,True
COV19_CH11931846_TTGGAACCAGCGTTCG,Squamous,Squamous,True
COV19_CH11931845_CGCGGTATCATGTCTT,Squamous,Squamous,True
COV19_CH11283371_GTCGGGTGTAGAGTGC,Squamous,Squamous,True
COV19_CH11931824_CTCTGGTTCCAACCAA,Squamous,Squamous,True
COV19_CH11283384_TTTATGCTCAAGATCC,Squamous,Squamous,True
COV19_CH11931818_AGCGTATAGTGACTCT,Ductal,Ductal,True
COV19_CH11283384_CTAAGACAGAAGGACA,Ductal,Ductal,True
COV19_CH11283360_CTTTGCGGTCTAACGT,Ductal,Ductal,True
COV19_CH11931799_GCAGCCACACGGTGTC,Ductal,Ductal,True
COV19_CH11931818_CTGAAGTAGTCCGGTC,Ductal,Ductal,True
COV19_CH11931837_CAAGAAATCTGCGACG,Ductal,Ductal,True
COV19_CH11283383_GGAACTTCAGATGGCA,Ductal,Ductal,True
COV19_CH11283359_TGTGTTTTCTTAGCCC,Ductal,Ductal,True
COV19_CH11931849_CACACCTCATGCCTTC,Ductal,Ductal,True
COV19_CH11283359_GCATGCGAGTGTACGG,Ductal,Ductal,True
COV19_CH11931849_TTCTCCTAGTGCGTGA,Ductal,Ductal,True
COV19_CH11283383_GTTAAGCAGAATGTTG,Ductal,Ductal,True
COV19_CH11931799_CAACCAACAATGGAAT,Ductal,Ductal,True
COV19_CH11283359_ACAGCCGGTTGGAGGT,Ductal,Ductal,True
COV19_CH11283389_GGCAATTAGGTTACCT,Ductal,Ductal,True
COV19_CH11931799_CGTGTCTTCCGAATGT,Ductal,Ductal,True
COV19_CH11931833_AGATCTGAGAGGTTGC,Ductal,Ductal,True
COV19_CH11283389_CTCGGGAAGTCAATAG,Ductal,Ductal,True
COV19_CH11931806_GCAAACTGTGTGCGTC,Ductal,Ductal,True
COV19_CH11283383_ATTACTCCATCCTTGC,Ductal,Ductal,True
COV19_CH11283360_CGTAGCGGTCTAAACC,Ductal,Ductal,True
COV19_CH11283359_AACGTTGAGACGCAAC,Ductal,Ductal,True
COV19_CH11283366_CTCAGAACATATACCG,Ductal,Ductal,True
COV19_CH11931850_TGGCGCAGTGTTCTTT,Ductal,Ductal,True
COV19_CH11283380_CATGGCGTCCTTTACA,Ductal,Ductal,True
COV19_CH11931850_ATTGGTGAGGATGCGT,Ductal,Ductal,True
COV19_CH11931818_CAGATCACACACCGAC,Ductal,Ductal,True
COV19_CH11283360_GACACGCCAAGCCTAT,Ductal,Ductal,True
COV19_CH11931850_CTCTAATCACTTAACG,Ductal,Ductal,True
COV19_CH11931810_AAGGAGCAGTATCTCG,Ductal,Ductal,True
COV19_CH11283364_GTTCATTCATCTCCCA,Ductal,Ductal,True
COV19_CH11283359_AAGGCAGCATCCGCGA,Ductal,Ductal,True
COV19_CH11283379_AATCGGTAGCTAACAA,Ductal,Ductal,True
COV19_CH11283366_GACAGAGAGTTGTCGT,Ductal,Ductal,True
COV19_CH11283383_GCGACCAAGATCCCAT,Ductal,Ductal,True
COV19_CH11283360_GTATTCTCACAGACTT,Ductal,Ductal,True
COV19_CH11283352_CTGATAGTCATCACCC,Ductal,Ductal,True
COV19_CH11931799_GTGCAGCAGCGATAGC,Ductal,Ductal,True
COV19_CH11283352_CTGGTCTCATATGAGA,Ductal,Ductal,True
COV19_CH11931799_TGTTCCGTCCGCGTTT,Ductal,Ductal,True
COV19_CH11283364_GTGCATATCTGCGGCA,Ductal,Ductal,True
COV19_CH11931850_CTTCTCTCATTCCTGC,Ductal,Ductal,True
COV19_CH11931809_CCGTTCACATGGTCTA,Ductal,Ductal,True
COV19_CH11283363_CGGTTAAGTTATGCGT,Ductal,Ductal,True
COV19_CH11283359_GCTCTGTTCACAACGT,Ductal,Ductal,True
COV19_CH11283383_CCTTACGCATGCTGGC,Ductal,Ductal,True
COV19_CH11283372_GGACATTGTACCGCTG,Ductal,Ductal,True
COV19_CH11931813_CCCTCCTTCTCGCATC,Ductal,Ductal,True
COV19_CH11283359_AACTCTTTCGGTTCGG,Ductal,Ductal,True
COV19_CH11931809_CGACTTCTCGTATCAG,Ductal,Ductal,True
COV19_CH11283359_GACGTTATCTACGAGT,Ductal,Ductal,True
COV19_CH11283366_AGCGTATAGTCGAGTG,Ductal,Ductal,True
COV19_CH11931841_CAAGAAACATTTCACT,Ductal,Ductal,True
COV19_CH11283359_CCCAGTTAGTCTCCTC,Ductal,Ductal,True
COV19_CH11283359_GTCACAACATTCCTCG,Ductal,Ductal,True
COV19_CH11283375_TACTCGCCATGGTCAT,Ductal,Ductal,True
COV19_CH11283372_AACTCCCGTGCTTCTC,Ductal,Ductal,True
COV19_CH11283374_AGCTCCTCAATCGAAA,Ductal,Ductal,True
COV19_CH11283359_GTCGTAACACGTGAGA,Ductal,Ductal,True
COV19_CH11283359_CGAGCACTCACGCATA,Ductal,Ductal,True
COV19_CH11283366_TGGACGCTCACTTACT,Ductal,Ductal,True
COV19_CH11931813_GTGCGGTTCAACCATG,Ductal,Ductal,True
COV19_CH11283372_ATTCTACGTACGACCC,Ductal,Ductal,True
COV19_CH11283364_GGCAATTCAGACACTT,Ductal,Ductal,True
COV19_CH11283354_CGTCACTTCTGTCTAT,Ductal,Ductal,True
COV19_CH11283376_ACTGAACTCTGCTTGC,Ductal,Ductal,True
COV19_CH11931799_TCGCGAGCACTTCTGC,Ductal,Ductal,True
COV19_CH11931846_TCAACGATCACCCGAG,Ductal,Ductal,True
COV19_CH11931846_CCCTCCTGTTAAGACA,Ductal,Ductal,True
COV19_CH11283366_AAGTCTGGTCGAACAG,Ductal,Ductal,True
COV19_CH11931799_CCATTCGCAATAGAGT,Ductal,Ductal,True
COV19_CH11283384_CATGGCGAGTGGTAAT,Ductal,Ductal,True
COV19_CH11931802_ATCATGGAGTGGTAGC,Ductal,Ductal,True
COV19_CH11931850_TTGACTTAGGGTATCG,Ductal,Ductal,True
COV19_CH11283360_GGCGTGTGTCTCGTTC,Ductal,Ductal,True
COV19_CH11931816_AGAGCTTGTTCCCTTG,Ductal,Ductal,True
COV19_CH11283383_AAACGGGTCTATCCCG,Ductal,Ductal,True
COV19_CH11931818_ATTACTCAGTACACCT,Ductal,Ductal,True
COV19_CH11931823_GAACCTACACGGCTAC,Ductal,Ductal,True
COV19_CH11283359_GCACTCTTCCTATTCA,Ductal,Ductal,True
COV19_CH11283364_TGTTCCGTCTCTGCTG,Ductal,Ductal,True
COV19_CH11283366_GCTGCAGTCGTAGGTT,Ductal,Ductal,True
COV19_CH11283352_GGCGACTCACATTTCT,Ductal,Ductal,True
COV19_CH11283352_ATCACGAGTACCTACA,Ductal,Ductal,True
COV19_CH11283383_CGAATGTGTTCTCATT,Ductal,Ductal,True
COV19_CH11931818_TTGGCAACAGCCTATA,Ductal,Ductal,True
COV19_CH11283345_TACTTACAGTGGAGAA,Ductal,Ductal,True
COV19_CH11283368_ACACCGGGTAAATGAC,Ductal,Ductal,True
COV19_CH11931801_AGGGATGGTCCAGTTA,Ductal,Ductal,True
COV19_CH11283380_GTACTCCAGGTGTGGT,Ductal,Ductal,True
COV19_CH11283364_GTACTCCGTCCCTTGT,Ductal,Ductal,True
COV19_CH11283359_TTTGCGCTCCATGAGT,Ductal,Ductal,True
COV19_CH11931825_TCTGAGATCTGGGCCA,Ductal,Ductal,True
COV19_CH11931799_CACCAGGTCCACGTTC,Ductal,Ductal,True
COV19_CH11931827_GTCATTTTCTCTGCTG,Ductal,Ductal,True
COV19_CH11931847_CGTCCATTCTTTAGGG,Ductal,Ductal,True
COV19_CH11931841_CATGCCTGTGCATCTA,Ductal,Ductal,True
COV19_CH11931818_GAATGAATCTCTTATG,Ductal,Ductal,True
COV19_CH11283380_AGCTTGACACGGTAAG,Ductal,Ductal,True
COV19_CH11283380_TTTCCTCTCAAACCGT,Ductal,Ductal,True
COV19_CH11283371_TACAGTGGTACGAAAT,cDC1,cDC1,True
COV19_CH11931834_CGCTATCAGCAATATG,cDC1,cDC1,True
COV19_CH11283371_CTCTGGTTCAAAGTAG,cDC1,cDC1,True
COV19_CH11931834_CCTAGCTAGTTTGCGT,cDC1,cDC1,True
COV19_CH11283371_CTGGTCTGTATTACCG,cDC1,cDC1,True
COV19_CH11283381_ATGTGTGTCATCGCTC,cDC1,cDC1,True
COV19_CH11931834_GATCGTATCTATCCCG,cDC1,cDC1,True
COV19_CH11283383_TTTGGTTTCGAATGGG,cDC1,cDC1,True
COV19_CH11283393_CAGAGAGCAAGCCCAC,cDC1,cDC1,True
COV19_CH11283381_GGGTCTGGTGCCTTGG,cDC1,cDC1,True
COV19_CH11283385_GTCGTAAGTTCCAACA,cDC1,cDC1,True
COV19_CH11283393_TCCACACGTTATCACG,cDC1,cDC1,True
COV19_CH11931823_TGATTTCGTCTAGTGT,cDC1,cDC1,True
COV19_CH11931846_GTGTGCGTCCGAATGT,cDC1,cDC1,True
COV19_CH11931811_CTCGTCAGTTTGCATG,cDC1,cDC1,True
COV19_CH11283391_CTCCTAGAGAACTGTA,cDC1,cDC1,True
COV19_CH11283371_ACACCCTAGTCGATAA,cDC1,cDC1,True
COV19_CH11931842_GCTGCGAAGTTAGCGG,cDC1,cDC1,True
COV19_CH11283369_TCGCGAGGTACACCGC,cDC1,cDC1,True
COV19_CH11283371_GGCTCGAAGATCCGAG,cDC1,cDC1,True
COV19_CH11931834_GGATTACGTTGTGGCC,cDC1,cDC1,True
COV19_CH11283371_CTTACCGAGACCACGA,cDC1,cDC1,True
COV19_CH11931834_GAATAAGGTCCGAAGA,cDC1,cDC1,True
COV19_CH11931834_GCAATCAGTTGATTCG,cDC1,cDC1,True
COV19_CH11931834_TTCCCAGAGCGACGTA,cDC1,cDC1,True
COV19_CH11283369_ACGGGTCGTGCCTTGG,cDC1,cDC1,True
COV19_CH11283381_TCGTACCTCGAGGTAG,cDC1,cDC1,True
COV19_CH11283371_GAATGAATCTAAGCCA,cDC1,cDC1,True
COV19_CH11283385_CAGTCCTGTACCGCTG,cDC1,cDC1,True
COV19_CH11931842_GCAATCAAGCCGTCGT,cDC1,cDC1,True
COV19_CH11283388_TGCGGGTCACAAGACG,cDC1,cDC1,True
COV19_CH11283357_CAAGATCGTCGTGGCT,cDC1,cDC1,True
COV19_CH11283381_CGGACGTTCTTAACCT,cDC1,cDC1,True
COV19_CH11931834_ATTACTCCAGACAGGT,cDC1,cDC1,True
COV19_CH11283381_AGAGTGGGTTCCTCCA,cDC1,cDC1,True
COV19_CH11931842_CGATGTAGTTATCCGA,cDC1,cDC1,True
COV19_CH11283385_ATCATGGAGTTAAGTG,cDC1,cDC1,True
COV19_CH11931834_ACGGGTCAGCTGCGAA,cDC1,cDC1,True
COV19_CH11283363_GACTGCGGTGACGGTA,cDC1,cDC1,True
COV19_CH11283371_CCGTGGAAGATATGGT,cDC1,cDC1,True
COV19_CH11283371_TAAGAGACAATCGGTT,cDC1,cDC1,True
COV19_CH11931834_GACTAACTCTTCCTTC,cDC1,cDC1,True
COV19_CH11283393_AGCAGCCTCGTATCAG,cDC1,cDC1,True
COV19_CH11931826_TTTACTGGTAAGTTCC,cDC1,cDC1,True
COV19_CH11931834_GTTCATTTCTTTAGGG,cDC1,cDC1,True
COV19_CH11283364_CTAATGGAGTCGTTTG,cDC1,cDC1,True
COV19_CH11283393_AAAGTAGCAGTTCCCT,cDC1,cDC1,True
COV19_CH11283388_CTCACACCATATGCTG,cDC1,cDC1,True
COV19_CH11283376_GGGTCTGTCGTTACAG,cDC1,cDC1,True
COV19_CH11931811_ACCAGTAAGTCGATAA,cDC1,cDC1,True
COV19_CH11283381_CCGTTCAAGATGCCTT,cDC1,cDC1,True
COV19_CH11931834_TTCTCAACAAAGAATC,cDC1,cDC1,True
COV19_CH11283363_GTACTTTAGACACGAC,cDC1,cDC1,True
COV19_CH11931842_GCGCGATAGCTGCAAG,cDC1,cDC1,True
COV19_CH11931834_TTTGTCAAGTGAACAT,cDC1,cDC1,True
COV19_CH11283357_GTGTGCGAGAATTGTG,cDC1,cDC1,True
COV19_CH11283371_CAGTCCTCAAGTTAAG,cDC1,cDC1,True
COV19_CH11931798_TACCTATAGGATGCGT,cDC1,cDC1,True
COV19_CH11283371_ACCAGTACATAAGACA,cDC1,cDC1,True
COV19_CH11931834_AGCTCCTCACGCGAAA,cDC1,cDC1,True
COV19_CH11283381_GGAATAATCGCGATCG,cDC1,cDC1,True
COV19_CH11283385_CCACTACCACGGATAG,cDC1,cDC1,True
COV19_CH11931842_GTTCATTAGAGCTGCA,cDC1,cDC1,True
COV19_CH11283393_TGCCCATCAGTATAAG,cDC1,cDC1,True
COV19_CH11283385_TTAGGACCACCGATAT,cDC1,cDC1,True
COV19_CH11931834_GGCGACTAGTACGCCC,cDC1,cDC1,True
COV19_CH11931811_ACACTGAAGGATGTAT,cDC1,cDC1,True
COV19_CH11931832_ATGGGAGAGGTGCTAG,cDC1,cDC1,True
COV19_CH11931834_AGGTCATTCCTGTACC,cDC1,cDC1,True
COV19_CH11283381_CTGTTTAGTCAACTGT,cDC1,cDC1,True
COV19_CH11931834_TGCCCTACAGCTTAAC,cDC1,cDC1,True
COV19_CH11283371_CTACCCAAGCTGTCTA,cDC1,cDC1,True
COV19_CH11283371_CTGTTTAAGTTGTAGA,cDC1,cDC1,True
COV19_CH11931801_CTTAACTTCAACACGT,cDC1,cDC1,True
COV19_CH11931834_GCTCTGTTCCTCGCAT,cDC1,cDC1,True
COV19_CH11931849_CTGATCCCAAGACGTG,cDC1,cDC1,True
COV19_CH11283383_CTTACCGTCAAAGTAG,cDC1,cDC1,True
COV19_CH11931834_TACTCATAGCCGATTT,cDC1,cDC1,True
COV19_CH11283381_GAACCTATCCTCTAGC,cDC1,cDC1,True
COV19_CH11931834_TCAGATGCACAGGTTT,cDC1,cDC1,True
COV19_CH11931834_CGTAGGCTCTCTAGGA,cDC1,cDC1,True
COV19_CH11283357_AGCGGTCGTCTTCAAG,cDC1,cDC1,True
COV19_CH11931813_TGAGGGAAGTTTCCTT,AS-DC,AS-DC,True
COV19_CH11283391_GGAACTTCATTCACTT,AS-DC,AS-DC,True
COV19_CH11283364_GGCTCGAAGCCTATGT,AS-DC,AS-DC,True
COV19_CH11283386_CGGACACAGTTAGGTA,AS-DC,AS-DC,True
COV19_CH11931834_TACACGATCTGCAGTA,AS-DC,AS-DC,True
COV19_CH11283389_CGGAGTCAGCAGGTCA,AS-DC,AS-DC,True
COV19_CH11283388_GGACAGAAGTGAAGAG,AS-DC,AS-DC,True
COV19_CH11283367_CTAGCCTGTGGTCTCG,AS-DC,AS-DC,True
COV19_CH11283385_ACTTGTTCAGGGCATA,AS-DC,AS-DC,True
COV19_CH11283356_CCTCAGTGTTTGGGCC,AS-DC,AS-DC,True
COV19_CH11931834_CGCTGGACAGTGGGAT,AS-DC,AS-DC,True
COV19_CH11283391_GTGCGGTGTTAAGGGC,AS-DC,AS-DC,True
COV19_CH11931822_ACTGATGAGCCACGTC,AS-DC,AS-DC,True
COV19_CH11283363_CCACTACGTTTCCACC,AS-DC,AS-DC,True
COV19_CH11931849_CTGCCTACAGATCTGT,AS-DC,AS-DC,True
COV19_CH11931801_CAGCAGCAGAAGGCCT,AS-DC,AS-DC,True
COV19_CH11931834_ACACCCTTCCTTGGTC,AS-DC,AS-DC,True
COV19_CH11931834_TTGCGTCTCTAACTGG,AS-DC,AS-DC,True
COV19_CH11283363_ATCCACCAGGTGTTAA,AS-DC,AS-DC,True
COV19_CH11931834_GGAATAACAAGTCATC,AS-DC,AS-DC,True
COV19_CH11283388_GTCACAAGTGAAAGAG,AS-DC,AS-DC,True
COV19_CH11931840_GTGTTAGCACCGTTGG,AS-DC,AS-DC,True
COV19_CH11283357_GTCATTTCACCAGATT,AS-DC,AS-DC,True
COV19_CH11931834_GTCATTTTCTCAAGTG,AS-DC,AS-DC,True
COV19_CH11931834_TCACAAGCAAATCCGT,AS-DC,AS-DC,True
COV19_CH11931850_GACAGAGTCCGGGTGT,AS-DC,AS-DC,True
COV19_CH11931834_AAGGTTCCAGCGTAAG,AS-DC,AS-DC,True
COV19_CH11283363_CACTCCAGTGTTGAGG,AS-DC,AS-DC,True
COV19_CH11283363_TCATTTGGTTGGTAAA,AS-DC,AS-DC,True
COV19_CH11931813_GTAGGCCTCGACGGAA,AS-DC,AS-DC,True
COV19_CH11283356_GGGACCTAGAAACGAG,AS-DC,AS-DC,True
COV19_CH11931834_GTTTCTAGTCCAGTTA,AS-DC,AS-DC,True
COV19_CH11931822_AGCGTATTCGTCCAGG,AS-DC,AS-DC,True
COV19_CH11931834_GGGAGATTCGTGGGAA,AS-DC,AS-DC,True
COV19_CH11931803_GGAAAGCAGAATTCCC,AS-DC,AS-DC,True
COV19_CH11931834_TGAGCCGGTCGCTTTC,AS-DC,AS-DC,True
COV19_CH11931813_ATCCACCAGGAGTAGA,AS-DC,AS-DC,True
COV19_CH11283363_ATAACGCCATACTCTT,AS-DC,AS-DC,True
COV19_CH11283364_CTAGAGTTCGGAGGTA,AS-DC,AS-DC,True
COV19_CH11283381_TATCTCACAAGTAATG,AS-DC,AS-DC,True
COV19_CH11283381_GGCCGATTCAGCGATT,AS-DC,AS-DC,True
COV19_CH11283369_GTGCTTCAGGGAACGG,AS-DC,AS-DC,True
COV19_CH11283388_GCATGTATCACAAACC,AS-DC,AS-DC,True
COV19_CH11931834_CACAAACAGCGCCTCA,AS-DC,AS-DC,True
COV19_CH11283371_GCATGTAAGATATGCA,AS-DC,AS-DC,True
COV19_CH11931834_TGGGCGTTCACCATAG,AS-DC,AS-DC,True
COV19_CH11931834_GACTACAAGATCCCGC,AS-DC,AS-DC,True
COV19_CH11283371_GCATACAGTAAACGCG,AS-DC,AS-DC,True
COV19_CH11283385_GGGATGATCGGATGTT,AS-DC,AS-DC,True
COV19_CH11283388_TGTGGTAAGCCCAGCT,AS-DC,AS-DC,True
COV19_CH11931834_TCACAAGTCGTTTATC,AS-DC,AS-DC,True
COV19_CH11283385_TACGGGCTCAGCTCGG,AS-DC,AS-DC,True
COV19_CH11931834_AACTTTCTCCCTAATT,AS-DC,AS-DC,True
COV19_CH11283356_CCTTTCTAGTTAGCGG,AS-DC,AS-DC,True
COV19_CH11283371_ATCACGAAGATAGGAG,AS-DC,AS-DC,True
COV19_CH11283357_TTAGTTCGTTCCAACA,AS-DC,AS-DC,True
COV19_CH11283371_GACCTGGAGGTGCTTT,AS-DC,AS-DC,True
COV19_CH11283363_GGTGTTAAGGAGCGAG,AS-DC,AS-DC,True
COV19_CH11931816_GTACGTACAAGCCTAT,AS-DC,AS-DC,True
COV19_CH11283385_GTTCATTAGCAGGCTA,AS-DC,AS-DC,True
COV19_CH11283391_TGGGAAGCATGCCTTC,AS-DC,AS-DC,True
COV19_CH11931813_CCGGTAGAGCCAGTTT,AS-DC,AS-DC,True
COV19_CH11931834_TAAGTGCCACACAGAG,AS-DC,AS-DC,True
COV19_CH11283381_GCAGTTATCCGGGTGT,AS-DC,AS-DC,True
COV19_CH11283369_CTCGAGGCAGAGTGTG,AS-DC,AS-DC,True
COV19_CH11931841_GTCGTAAGTAGAAGGA,AS-DC,AS-DC,True
COV19_CH11931802_CAGCTAAAGTAAGTAC,Mast,Mast,True
COV19_CH11283368_CCTTCCCCACAAGCCC,Mast,Mast,True
COV19_CH11283383_GCGCAACAGCCCAGCT,Mast,Mast,True
COV19_CH11931852_CGCTGGATCCCATTTA,Mast,Mast,True
COV19_CH11283388_TTCCCAGGTTCTGTTT,Mast,Mast,True
COV19_CH11283388_AAGACCTGTCTGCGGT,Mast,Mast,True
COV19_CH11283361_GAACATCCATGCATGT,Mast,Mast,True
COV19_CH11931811_ACACCCTGTATATGGA,Mast,Mast,True
COV19_CH11283382_CGAGCACTCAAGAAGT,Mast,Mast,True
COV19_CH11283361_TCAACGAGTCTAGAGG,Mast,Mast,True
COV19_CH11283371_CTGCCTAAGTGCAAGC,Mast,Mast,True
COV19_CH11283371_CTCGAGGAGGACATTA,Mast,Mast,True
COV19_CH11283388_ACTGATGTCACCATAG,Mast,Mast,True
COV19_CH11283371_GATTCAGAGGGAACGG,Mast,Mast,True
COV19_CH11283376_AACTCTTTCGCCTGTT,Mast,Mast,True
COV19_CH11931852_TGGGCGTTCAGAGACG,Mast,Mast,True
COV19_CH11283388_TCGCGAGAGGATGTAT,Mast,Mast,True
COV19_CH11283361_GACGTTAAGCACGCCT,Mast,Mast,True
COV19_CH11931852_TTCTCCTTCACCACCT,Mast,Mast,True
COV19_CH11931852_AGCTCTCAGGCCGAAT,Mast,Mast,True
COV19_CH11283361_ACTGTCCCAAACTGCT,Mast,Mast,True
COV19_CH11931849_TGGGCGTGTCAACATC,Mast,Mast,True
COV19_CH11931852_GATCGTAAGTTCGCGC,Mast,Mast,True
COV19_CH11931852_GTGTTAGTCCTCAACC,Mast,Mast,True
COV19_CH11931811_CCAGCGACATTGGGCC,Mast,Mast,True
COV19_CH11283382_CATTCGCCAGCTTCGG,Mast,Mast,True
COV19_CH11931852_GATTCAGGTGCCTGGT,Mast,Mast,True
COV19_CH11283376_GTGCAGCGTGATGTGG,Mast,Mast,True
COV19_CH11283389_AGGTCCGAGTGCCAGA,Mast,Mast,True
COV19_CH11283382_CTGTGCTTCCTCCTAG,Mast,Mast,True
COV19_CH11283376_TGCTACCAGCTCAACT,Mast,Mast,True
COV19_CH11931852_CGGGTCAGTCTTGTCC,Mast,Mast,True
COV19_CH11931811_CACCACTCATCAGTCA,Mast,Mast,True
COV19_CH11283371_GAAACTCCACTTCTGC,Mast,Mast,True
COV19_CH11931808_ACTGAGTGTCTGCCAG,Mast,Mast,True
COV19_CH11283382_GAAATGATCTTTAGTC,Mast,Mast,True
COV19_CH11283358_TGGTTAGCAATGGACG,Mast,Mast,True
COV19_CH11283371_CGTGTCTCACAGATTC,Mast,Mast,True
COV19_CH11283371_CGTGAGCCAGCGTCCA,Mast,Mast,True
COV19_CH11931811_CAAGAAACACCAGATT,Mast,Mast,True
COV19_CH11931852_ATCTACTAGAGTGAGA,Mast,Mast,True
COV19_CH11283371_GTGAAGGTCCTATTCA,Mast,Mast,True
COV19_CH11283376_TATGCCCGTGACGCCT,Mast,Mast,True
COV19_CH11931841_CAGCTAATCCACTGGG,Mast,Mast,True
COV19_CH11931803_CTAGAGTAGACTAAGT,Melanocyte,Melanocyte,True
COV19_CH11283385_CATATGGCACTGTGTA,Melanocyte,Melanocyte,True
COV19_CH11931840_AACGTTGAGCTAACAA,Melanocyte,Melanocyte,True
COV19_CH11283388_AACTCAGAGGGTGTTG,Melanocyte,Melanocyte,True
COV19_CH11931803_GGCTCGACACTTAACG,Melanocyte,Melanocyte,True
COV19_CH11283380_TGCCCTACAATCTACG,Melanocyte,Melanocyte,True
COV19_CH11931840_CTGCTGTGTTGTCTTT,Melanocyte,Melanocyte,True
COV19_CH11931803_TAGACCATCAGCGACC,Melanocyte,Melanocyte,True
COV19_CH11283383_AGTGAGGCAATGGACG,Melanocyte,Melanocyte,True
COV19_CH11283365_GTGTTAGCAGCTGCAC,Melanocyte,Melanocyte,True
COV19_CH11283356_ACCAGTAAGTCCAGGA,Melanocyte,Melanocyte,True
COV19_CH11283365_GTAACTGTCATCACCC,Melanocyte,Melanocyte,True
COV19_CH11931803_ATCATGGTCTCATTCA,Melanocyte,Melanocyte,True
COV19_CH11931803_TAGTTGGTCAACACGT,Melanocyte,Melanocyte,True
COV19_CH11931803_CGCCAAGTCGCCAAAT,Melanocyte,Melanocyte,True
COV19_CH11283365_AGTGAGGCATGGGACA,Melanocyte,Melanocyte,True
COV19_CH11283356_TCAGGATGTAAGAGAG,Melanocyte,Melanocyte,True
COV19_CH11931840_ATTCTACTCCGCGGTA,Melanocyte,Melanocyte,True
COV19_CH11283365_CTACGTCCATATACCG,Melanocyte,Melanocyte,True
COV19_CH11283365_ATTTCTGCAATAGAGT,Melanocyte,Melanocyte,True
COV19_CH11283393_TTCTACACATAACCTG,Melanocyte,Melanocyte,True
COV19_CH11931803_ACACCGGAGATGCCTT,Melanocyte,Melanocyte,True
COV19_CH11283383_GCATACAAGCTAGCCC,Melanocyte,Melanocyte,True
COV19_CH11283372_AGTCTTTTCCAGTATG,Ciliated,unknown,False
COV19_CH11931802_ACAGCTAAGAGCTGCA,Ciliated,unknown,False
COV19_CH11931802_CTCGTCATCCTGTAGA,Ciliated,unknown,False
COV19_CH11931808_CTGCCTAGTAAAGGAG,Ciliated,unknown,False
COV19_CH11283362_TCTTTCCTCGAGAGCA,Ciliated,unknown,False
COV19_CH11931843_CTACACCAGACTTGAA,Ciliated,unknown,False
COV19_CH11931840_CTGAAGTAGCCACGTC,Ciliated,unknown,False
COV19_CH11931845_TTTGGTTGTGCTAGCC,Ciliated,unknown,False
COV19_CH11283370_GCACTCTGTCGCATCG,Ciliated,unknown,False
COV19_CH11283382_TCCACACAGGCTATCT,Ciliated,unknown,False
COV19_CH11283361_GTTTCTACATGGAATA,Ciliated,unknown,False
COV19_CH11931803_TTTACTGTCCTAGGGC,Ciliated,unknown,False
COV19_CH11283352_CAAGATCCAACTGCGC,Ciliated,unknown,False
COV19_CH11931810_CGATCGGAGCAGGCTA,Ciliated,unknown,False
COV19_CH11283358_GCGCAACCACAGCGTC,Ciliated,unknown,False
COV19_CH11283354_CTCAGAAAGTTCGCGC,Ciliated,unknown,False
COV19_CH11931836_GTCATTTTCCATTCTA,Ciliated,unknown,False
COV19_CH11931850_TCGCGTTGTGTAAGTA,Ciliated,unknown,False
COV19_CH11283352_CAGAATCTCTTCGAGA,Ciliated,unknown,False
COV19_CH11283360_TACACGACAATGAATG,Ciliated,unknown,False
COV19_CH11283391_GTCACAATCGAACTGT,Ciliated,unknown,False
COV19_CH11283368_TGGTTCCGTAAGCACG,Ciliated,unknown,False
COV19_CH11283368_GGACAAGAGAACAACT,Ciliated,unknown,False
COV19_CH11283361_CGACCTTAGACTTGAA,Ciliated,unknown,False
COV19_CH11283391_AGATTGCGTATGAATG,Ciliated,unknown,False
COV19_CH11931818_TCTGAGATCGTTTGCC,Ciliated,unknown,False
COV19_CH11931843_CGGAGTCTCTGGTATG,Ciliated,unknown,False
COV19_CH11931843_CTAAGACCATTGGCGC,Ciliated,unknown,False
COV19_CH11931839_GGAACTTTCGGATGGA,Ciliated,unknown,False
COV19_CH11931848_TATCTCAGTCAGGACA,Ciliated,unknown,False
COV19_CH11283392_CCGTTCATCGAGGTAG,Ciliated,unknown,False
COV19_CH11283386_TAAGCGTAGGGATGGG,Ciliated,unknown,False
COV19_CH11931833_TCGCGAGCATCGGGTC,Ciliated,unknown,False
COV19_CH11283391_CACTCCACAGGGAGAG,Ciliated,unknown,False
COV19_CH11931808_TACCTTAGTGTTTGTG,Ciliated,unknown,False
COV19_CH11283361_CCTCAGTTCGAACTGT,Ciliated,unknown,False
COV19_CH11283376_CGTCACTAGCGGCTTC,Ciliated,unknown,False
COV19_CH11931841_CGTCACTGTACTTCTT,Ciliated,unknown,False
COV19_CH11931811_TACACGAGTGATGCCC,Ciliated,unknown,False
COV19_CH11931838_CTTCTCTGTGGTACAG,Ciliated,unknown,False
COV19_CH11931807_TGCCCATCAAGAGTCG,T CD8,unknown,False
COV19_CH11931807_GAAACTCAGGTGATTA,T CD8,unknown,False
COV19_CH11283368_AGTGTCAGTACCGTTA,T CD8,unknown,False
COV19_CH11283381_CGTCACTGTACTTAGC,T CD8,unknown,False
COV19_CH11283381_GTAGGCCTCTCGTTTA,T CD8,unknown,False
COV19_CH11283369_CCGTACTCATCGGTTA,T CD8,unknown,False
COV19_CH11931826_GATGCTAAGAGGGCTT,T CD8,unknown,False
COV19_CH11931835_CGGAGTCCACAGCCCA,T CD8,unknown,False
COV19_CH11931801_ACTGTCCTCGTACGGC,T CD8,unknown,False
COV19_CH11931838_GACCAATTCTTAGCCC,T CD8,unknown,False
COV19_CH11283357_TCTCTAAGTCAGAATA,T CD8,unknown,False
COV19_CH11931837_CGTCACTAGCTGGAAC,T CD8,unknown,False
COV19_CH11931802_GATCAGTTCTCTGAGA,T CD8,unknown,False
COV19_CH11931842_TCAACGATCGTCCGTT,T CD8,unknown,False
COV19_CH11931841_TGCGGGTAGGGTTTCT,T CD8,unknown,False
COV19_CH11283357_TACTTGTGTCAATGTC,T CD8,unknown,False
COV19_CH11283376_GTCCTCATCGGTGTTA,T CD8,unknown,False
COV19_CH11283369_CGCGGTACAACTTGAC,T CD8,unknown,False
COV19_CH11283350_CCGGGATAGCTGTCTA,T CD8,unknown,False
COV19_CH11283369_TTAGGCAAGGGAACGG,T CD8,unknown,False
COV19_CH11931831_CAACCAATCATTGCGA,T CD8,unknown,False
COV19_CH11931818_CTTAACTAGGTAGCCA,T CD8,unknown,False
COV19_CH11931837_GTATCTTGTTCTGAAC,T CD8,unknown,False
COV19_CH11931835_TACGGATCACTTACGA,T CD8,unknown,False
COV19_CH11283381_TCTTTCCTCAGCCTAA,T CD8,unknown,False
COV19_CH11283368_TTAGTTCAGTGGTCCC,T CD8,unknown,False
COV19_CH11283356_GTTCATTCATGAAGTA,T CD8,unknown,False
COV19_CH11283369_CGGCTAGTCAAAGACA,T CD8,unknown,False
COV19_CH11283390_GAACATCGTTACGTCA,T CD8,unknown,False
COV19_CH11283368_TTAGGACGTGCGAAAC,T CD8,unknown,False
COV19_CH11931827_TGGGAAGCACTGAAGG,T CD8,unknown,False
COV19_CH11931802_GCGAGAAAGTTGAGTA,T CD8,unknown,False
COV19_CH11931812_ATCATGGGTCCGCTGA,T CD8,unknown,False
COV19_CH11283371_ACGATACAGAATAGGG,T CD8,unknown,False
COV19_CH11283386_GTTCATTTCTTACCGC,T CD8,unknown,False
COV19_CH11931842_CTGAAACAGAATCTCC,T CD8,unknown,False
COV19_CH11283371_TTGTAGGGTGCAACGA,T CD8,unknown,False
COV19_CH11283385_GTGAAGGCATGTAAGA,T CD8,unknown,False
COV19_CH11931802_TCTGGAAGTCCGAGTC,T CD8,unknown,False
COV19_CH11931826_GAAACTCTCGGCGCAT,T CD8,unknown,False
COV19_CH11931808_CGATTGAAGGATGTAT,Goblet,unknown,False
COV19_CH11283374_GTTCTCGAGTCCGGTC,Goblet,unknown,False
COV19_CH11283364_GCGCAACGTTCCACTC,Goblet,unknown,False
COV19_CH11283383_GCCAAATCAATCCAAC,Goblet,unknown,False
COV19_CH11931848_GTGTTAGAGATCGATA,Goblet,unknown,False
COV19_CH11931811_GGGAGATAGATATGGT,Goblet,unknown,False
COV19_CH11931800_GCAGCCATCCTCCTAG,Goblet,unknown,False
COV19_CH11931834_GACAGAGAGCTACCGC,Goblet,unknown,False
COV19_CH11931813_ATTTCTGTCTTCAACT,Goblet,unknown,False
COV19_CH11931850_CCATTCGAGAGCCTAG,Goblet,unknown,False
COV19_CH11283371_CGCTGGACATTACGAC,Goblet,unknown,False
COV19_CH11931822_CGCTGGATCTGATACG,Goblet,unknown,False
COV19_CH11931830_ACGGGCTCACTATCTT,Goblet,unknown,False
COV19_CH11931810_TTGACTTAGTGGACGT,Goblet,unknown,False
COV19_CH11931831_GATCTAGGTCAATGTC,Goblet,unknown,False
COV19_CH11931810_TAGTGGTTCGGAAATA,Goblet,unknown,False
COV19_CH11931816_AGCATACTCCCACTTG,Goblet,unknown,False
COV19_CH11931819_GTCCTCATCAACTCTT,Goblet,unknown,False
COV19_CH11283372_AACCGCGTCAGAAATG,Goblet,unknown,False
COV19_CH11931836_CATGGCGCACACCGAC,Goblet,unknown,False
COV19_CH11931808_GTTCGGGAGTCTCCTC,Goblet,unknown,False
COV19_CH11931831_GCATGTAGTACATCCA,Goblet,unknown,False
COV19_CH11283391_CCATTCGTCAATACCG,Goblet,unknown,False
COV19_CH11931841_GCGCAACTCTGTCTCG,Goblet,unknown,False
COV19_CH11931841_ACACTGATCGAACGGA,Goblet,unknown,False
COV19_CH11283352_AGCATACGTTTAAGCC,Goblet,unknown,False
COV19_CH11931799_TGAGAGGGTCATGCAT,Goblet,unknown,False
COV19_CH11931817_GGTGTTACAGGATTGG,Goblet,unknown,False
COV19_CH11283383_CGAATGTAGTCAAGCG,Goblet,unknown,False
COV19_CH11931801_ACATACGTCGCGGATC,Goblet,unknown,False
COV19_CH11931806_GACCAATCAATCAGAA,Goblet,unknown,False
COV19_CH11931827_ACATCAGGTCTTGCGG,Goblet,unknown,False
COV19_CH11931810_CATATGGCAGTCCTTC,Goblet,unknown,False
COV19_CH11931799_TATTACCCAGGCTGAA,Goblet,unknown,False
COV19_CH11283377_CTCGAGGGTAAGAGGA,Goblet,unknown,False
COV19_CH11931834_AGCGTCGTCCACGCAG,Goblet,unknown,False
COV19_CH11931802_GTTCTCGGTAGCGCAA,Goblet,unknown,False
COV19_CH11931849_AGTTGGTTCTTGTTTG,Goblet,unknown,False
COV19_CH11283391_AGTCTTTGTTCGTTGA,Goblet,unknown,False
COV19_CH11931800_GATCGATTCGTCACGG,Goblet,unknown,False
COV19_CH11283376_GTGTGCGAGTCTCCTC,Secretory,unknown,False
COV19_CH11283364_AGGGATGTCACCTCGT,Secretory,unknown,False
COV19_CH11283389_CTCCTAGAGTGCCAGA,Secretory,unknown,False
COV19_CH11283374_CCTACACGTGATGATA,Secretory,unknown,False
COV19_CH11283380_AGATCTGAGTTAGCGG,Secretory,unknown,False
COV19_CH11931805_CTCGGAGCAACGATGG,Secretory,unknown,False
COV19_CH11283372_GAGCAGAGTCCCTACT,Secretory,unknown,False
COV19_CH11283389_GTAACTGAGTTAAGTG,Secretory,unknown,False
COV19_CH11283354_CATCAGAAGATGAGAG,Secretory,unknown,False
COV19_CH11931800_GCAAACTCATGTCTCC,Secretory,unknown,False
COV19_CH11283353_CGCTTCAAGCTGAAAT,Secretory,unknown,False
COV19_CH11931852_TCACAAGAGACTAGAT,Secretory,unknown,False
COV19_CH11931837_TAGTTGGTCCGCATAA,Secretory,unknown,False
COV19_CH11283374_AAAGATGGTATCTGCA,Secretory,unknown,False
COV19_CH11931807_AGATCTGTCGCCGTGA,Secretory,unknown,False
COV19_CH11931843_CGACTTCCAAAGTCAA,Secretory,unknown,False
COV19_CH11283358_CTGTGCTCATGCTGGC,Secretory,unknown,False
COV19_CH11283383_ACGCCGAGTATATGGA,Secretory,unknown,False
COV19_CH11931805_TTAGTTCGTAGCGTGA,Secretory,unknown,False
COV19_CH11283373_CGGAGTCCAGGTCGTC,Secretory,unknown,False
COV19_CH11283384_CACAGTATCAGGTAAA,Secretory,unknown,False
COV19_CH11931826_ATTTCTGTCAACGGCC,Secretory,unknown,False
COV19_CH11283353_CAAGTTGTCTGGAGCC,Secretory,unknown,False
COV19_CH11283389_TTCGGTCGTGCTGTAT,Secretory,unknown,False
COV19_CH11283354_CCGTGGACACGGATAG,Secretory,unknown,False
COV19_CH11931823_TCAGGATCAGATCTGT,Secretory,unknown,False
COV19_CH11931815_CAGATCATCGCCAAAT,Secretory,unknown,False
COV19_CH11283391_TAAACCGGTATATGAG,Secretory,unknown,False
COV19_CH11931837_CACATAGAGGGAAACA,Secretory,unknown,False
COV19_CH11931823_CTAACTTGTCTGCGGT,Secretory,unknown,False
COV19_CH11931807_TTATGCTCAGGAATGC,Secretory,unknown,False
COV19_CH11283389_GACCTGGCAATGGAAT,Secretory,unknown,False
COV19_CH11931807_CCACTACAGAAGGTGA,Secretory,unknown,False
COV19_CH11283389_TGCGCAGTCTGATTCT,Secretory,unknown,False
COV19_CH11283382_GAATAAGCAGCCTATA,Secretory,unknown,False
COV19_CH11283389_GTACTCCTCTGTTGAG,Secretory,unknown,False
COV19_CH11283380_CATATGGAGATCTGAA,Secretory,unknown,False
COV19_CH11931838_GCATACACAGTAGAGC,Secretory,unknown,False
COV19_CH11283374_ACTATCTGTTTGACTG,Secretory,unknown,False
COV19_CH11283382_CTACGTCAGTAGGTGC,Secretory,unknown,False
COV19_CH11931807_GAACATCCATCCCATC,Basal,unknown,False
COV19_CH11931805_GCTGCGATCGTCTGAA,Basal,unknown,False
COV19_CH11931849_GTATCTTCAGTGACAG,Basal,unknown,False
COV19_CH11283382_TTGTAGGTCCGCTGTT,Basal,unknown,False
COV19_CH11283374_AGTGTCAAGTGCGTGA,Basal,unknown,False
COV19_CH11283353_TGGGAAGAGAAGGTTT,Basal,unknown,False
COV19_CH11283374_GCTGCAGAGTGAACAT,Basal,unknown,False
COV19_CH11283380_TTGCGTCTCGAACTGT,Basal,unknown,False
COV19_CH11283374_GTTACAGCAGGGATTG,Basal,unknown,False
COV19_CH11283353_CTGCGGATCTTGTCAT,Basal,unknown,False
COV19_CH11283382_TTAACTCCAGTGAGTG,Basal,unknown,False
COV19_CH11283389_ACATGGTCAGATAATG,Basal,unknown,False
COV19_CH11931831_CATCCACCATGCCACG,Basal,unknown,False
COV19_CH11931805_TGCGGGTAGGACGAAA,Basal,unknown,False
COV19_CH11283380_GACGTTATCTGCTGTC,Basal,unknown,False
COV19_CH11283374_CAGCTGGCAGACGCAA,Basal,unknown,False
COV19_CH11931807_GATCGCGGTCTCCACT,Basal,unknown,False
COV19_CH11931808_CTGGTCTAGGGATACC,Basal,unknown,False
COV19_CH11283353_TAAGCGTAGTGGTAGC,Basal,unknown,False
COV19_CH11931831_GTTCTCGCACGACTCG,Basal,unknown,False
COV19_CH11283380_GGACATTTCCCTAATT,Basal,unknown,False
COV19_CH11931805_GATCGTAGTTCCGGCA,Basal,unknown,False
COV19_CH11931852_TGAGGGATCGAACGGA,Basal,unknown,False
COV19_CH11931831_ACGCCGACACATTCGA,Basal,unknown,False
COV19_CH11931807_CGGAGCTTCGGATGTT,Basal,unknown,False
COV19_CH11283389_AGTGGGAAGACAATAC,Basal,unknown,False
COV19_CH11283382_CATATGGTCACTTCAT,Basal,unknown,False
COV19_CH11283353_TGTATTCCAGATGGCA,Basal,unknown,False
COV19_CH11283362_TATGCCCTCAGAGGTG,Basal,unknown,False
COV19_CH11283374_AGTCTTTAGATAGTCA,Basal,unknown,False
COV19_CH11283358_AACTCCCGTATATCCG,Basal,unknown,False
COV19_CH11283388_TTAGGCAGTGCAACTT,Basal,unknown,False
COV19_CH11283353_GACCTGGAGTGGTAGC,Basal,unknown,False
COV19_CH11283359_GGCGACTCATCTACGA,Basal,unknown,False
COV19_CH11283353_CTGTTTACAGGGAGAG,Basal,unknown,False
COV19_CH11283389_TCGCGTTGTCCGAAGA,Basal,unknown,False
COV19_CH11283353_GTAACGTGTCTCTCTG,Basal,unknown,False
COV19_CH11283374_TCAGGATTCACTTATC,Basal,unknown,False
COV19_CH11283389_CCTATTAAGTCCCACG,Basal,unknown,False
COV19_CH11931805_TTCGAAGAGTAGTGCG,Basal,unknown,False
COV19_CH11931804_AGCAGCCTCACCAGGC,Macrophage,unknown,False
COV19_CH11283373_AAGTCTGGTAAGTGGC,Macrophage,unknown,False
COV19_CH11931818_TTAGGACAGCTGAACG,Macrophage,unknown,False
COV19_CH11283371_GATCGTAAGCCATCGC,Macrophage,unknown,False
COV19_CH11283371_CGAACATAGGACGAAA,Macrophage,unknown,False
COV19_CH11931832_CTGGTCTAGTTCGCGC,Macrophage,unknown,False
COV19_CH11931842_CAGCATATCGTTGCCT,Macrophage,unknown,False
COV19_CH11283371_AGTGTCAAGGTTCCTA,Macrophage,unknown,False
COV19_CH11931842_CAGCTAAGTACTCTCC,Macrophage,unknown,False
COV19_CH11283388_AACGTTGAGATGCCAG,Macrophage,unknown,False
COV19_CH11283383_ACTATCTGTCGAGATG,Macrophage,unknown,False
COV19_CH11283363_GATGCTAAGCTCCTTC,Macrophage,unknown,False
COV19_CH11931849_GCCAAATGTGAGTGAC,Macrophage,unknown,False
COV19_CH11931842_CGTGTAATCAACACCA,Macrophage,unknown,False
COV19_CH11283369_CAGTAACGTTAGATGA,Macrophage,unknown,False
COV19_CH11931806_TAGTTGGCACGTCAGC,Macrophage,unknown,False
COV19_CH11931830_TTGTAGGGTGTCTGAT,Macrophage,unknown,False
COV19_CH11931835_TCGTACCGTCTCACCT,Macrophage,unknown,False
COV19_CH11283350_CTCTAATAGAGGTAGA,Macrophage,unknown,False
COV19_CH11283370_CAACCTCAGTGCGTGA,Macrophage,unknown,False
COV19_CH11283362_CCTAGCTCAGCTCGCA,Macrophage,unknown,False
COV19_CH11283388_GATGAGGTCTCACATT,Macrophage,unknown,False
COV19_CH11283391_CCTTCCCCAGCTGCTG,Macrophage,unknown,False
COV19_CH11283384_CGCGGTACATTCCTCG,Macrophage,unknown,False
COV19_CH11283369_TCCACACTCAGCGACC,Macrophage,unknown,False
COV19_CH11931808_CGTTAGAAGAGACGAA,Macrophage,unknown,False
COV19_CH11283391_TAAACCGTCAAACCAC,Macrophage,unknown,False
COV19_CH11283393_GCTTGAAAGCGTCTAT,Macrophage,unknown,False
COV19_CH11931802_GGACATTTCCGTAGGC,Macrophage,unknown,False
COV19_CH11931841_GAACGGAAGAGTGAGA,Macrophage,unknown,False
COV19_CH11283385_GCTGCGAAGTACGACG,Macrophage,unknown,False
COV19_CH11283385_GTCTCGTTCGGTGTCG,Macrophage,unknown,False
COV19_CH11283383_CGTCTACCAACTGCTA,Macrophage,unknown,False
COV19_CH11283371_ACTGTCCAGATGTGGC,Macrophage,unknown,False
COV19_CH11931842_CGTTAGAGTCATATCG,Macrophage,unknown,False
COV19_CH11283366_GGGATGAGTAGGCATG,Macrophage,unknown,False
COV19_CH11283389_TTAACTCCACCAGCAC,Macrophage,unknown,False
COV19_CH11283349_CACCTTGGTGGAAAGA,Macrophage,unknown,False
COV19_CH11283357_GAACCTAGTGTTGAGG,Macrophage,unknown,False
COV19_CH11283371_CAGCTGGTCCAAGCCG,Macrophage,unknown,False
COV19_CH11931799_CGTCCATTCACAGTAC,T CD4,unknown,False
COV19_CH11283363_TTAGTTCGTCAGCTAT,T CD4,unknown,False
COV19_CH11931802_TCTCATACACGCGAAA,T CD4,unknown,False
COV19_CH11283374_AGGTCATTCTTGCATT,T CD4,unknown,False
COV19_CH11931799_GGGCACTTCCCATTTA,T CD4,unknown,False
COV19_CH11283356_GGTATTGAGTGCCATT,T CD4,unknown,False
COV19_CH11283360_CATTATCGTTCGAATC,T CD4,unknown,False
COV19_CH11931822_CATGACAGTCATACTG,T CD4,unknown,False
COV19_CH11283356_CTACATTAGTACGACG,T CD4,unknown,False
COV19_CH11931843_TTTACTGGTCGTGGCT,T CD4,unknown,False
COV19_CH11931819_GCTCTGTAGCATCATC,T CD4,unknown,False
COV19_CH11283363_CACATAGCACCAGGTC,T CD4,unknown,False
COV19_CH11283369_GCGGGTTCATGGGAAC,T CD4,unknown,False
COV19_CH11283368_CACACCTAGGCTCTTA,T CD4,unknown,False
COV19_CH11283391_CTGTTTATCTTAGAGC,T CD4,unknown,False
COV19_CH11283383_TTCGAAGTCACATAGC,T CD4,unknown,False
COV19_CH11931849_TGAGCCGGTTCGGCAC,T CD4,unknown,False
COV19_CH11283371_GACTACACAACTGCGC,T CD4,unknown,False
COV19_CH11931801_GAACGGACACCAGATT,T CD4,unknown,False
COV19_CH11931809_TACTTACAGCTACCTA,T CD4,unknown,False
COV19_CH11931810_CTCACACGTATAGTAG,T CD4,unknown,False
COV19_CH11283350_GAACCTATCTTATCTG,T CD4,unknown,False
COV19_CH11283355_TACCTTACATTCCTCG,T CD4,unknown,False
COV19_CH11283391_TGACTAGGTTCCCTTG,T CD4,unknown,False
COV19_CH11283391_TGCCAAATCCGCAGTG,T CD4,unknown,False
COV19_CH11283356_TTGCGTCTCTCTGTCG,T CD4,unknown,False
COV19_CH11931799_CTCGGAGAGTCTTGCA,T CD4,unknown,False
COV19_CH11931807_CTTTGCGGTAACGCGA,T CD4,unknown,False
COV19_CH11283357_AAAGCAAAGTGTACTC,T CD4,unknown,False
COV19_CH11283391_TACGGATTCCTTTCGG,T CD4,unknown,False
COV19_CH11283393_ACGGCCATCACTCCTG,T CD4,unknown,False
COV19_CH11283391_CCTTTCTAGGCAATTA,T CD4,unknown,False
COV19_CH11283371_AGTCTTTTCGGCCGAT,T CD4,unknown,False
COV19_CH11283391_GTGCAGCTCAACCAAC,T CD4,unknown,False
COV19_CH11931849_CATGGCGGTTGCGCAC,T CD4,unknown,False
COV19_CH11283391_GTTACAGCATGACGGA,T CD4,unknown,False
COV19_CH11283388_ACGGGCTAGAAACCAT,T CD4,unknown,False
COV19_CH11931834_TGAGCATCAAGTCATC,T CD4,unknown,False
COV19_CH11283362_CTGGTCTTCTTGCCGT,T CD4,unknown,False
COV19_CH11283381_TACAGTGCAGTGACAG,T CD4,unknown,False
COV19_CH11283377_TCGTAGAGTTACGACT,Ionocyte,unknown,False
COV19_CH11283345_TGAGCATTCCAAATGC,Ionocyte,unknown,False
COV19_CH11931845_CCGTTCAAGGTCATCT,Ionocyte,unknown,False
COV19_CH11283362_TGGACGCTCGTTTAGG,Ionocyte,unknown,False
COV19_CH11283392_CACACAACATGCATGT,Ionocyte,unknown,False
COV19_CH11283391_CGCGGTAGTAAGTTCC,Ionocyte,unknown,False
COV19_CH11283361_TACGGTACACGGCCAT,Ionocyte,unknown,False
COV19_CH11283367_TGGTTAGTCTTACCTA,Ionocyte,unknown,False
COV19_CH11283372_AACTCCCTCGCAGGCT,Ionocyte,unknown,False
COV19_CH11283381_CCGTACTAGTAGCGGT,Ionocyte,unknown,False
COV19_CH11931806_TCTGGAAGTTGTGGCC,Ionocyte,unknown,False
COV19_CH11283359_TCGCGAGAGGACCACA,Ionocyte,unknown,False
COV19_CH11283362_AGACGTTGTAAGGGCT,Ionocyte,unknown,False
COV19_CH11931819_CCGTACTCACGTGAGA,Ionocyte,unknown,False
COV19_CH11283380_GGATGTTCAGCGATCC,Ionocyte,unknown,False
COV19_CH11283353_ACACCAATCAAACGGG,Ionocyte,unknown,False
COV19_CH11931811_TGCGCAGCAAGGACTG,Ionocyte,unknown,False
COV19_CH11283386_CCCTCCTAGGAGTTTA,Ionocyte,unknown,False
COV19_CH11283380_TAGTGGTCAGCGTCCA,Ionocyte,unknown,False
COV19_CH11931831_GGGTCTGAGACTAGGC,Ionocyte,unknown,False
COV19_CH11283352_CGCTGGACAGATCCAT,Ionocyte,unknown,False
COV19_CH11931837_GCGCCAATCCAGAGGA,Ionocyte,unknown,False
COV19_CH11283368_CGTGAGCCATCGACGC,Ionocyte,unknown,False
COV19_CH11283362_ATTCTACTCGGCGCAT,Ionocyte,unknown,False
COV19_CH11283393_TGAGAGGAGCGACGTA,Ionocyte,unknown,False
COV19_CH11283358_TTTATGCCAGAAGCAC,Ionocyte,unknown,False
COV19_CH11931820_GGGCACTGTCGTGGCT,Ionocyte,unknown,False
COV19_CH11931826_GCGCAACTCTACTCAT,Ionocyte,unknown,False
COV19_CH11931828_GAAGCAGTCCTATTCA,Ionocyte,unknown,False
COV19_CH11283357_CATTATCTCTGATTCT,Ionocyte,unknown,False
COV19_CH11283352_CGGGTCACAAACAACA,Ionocyte,unknown,False
COV19_CH11931850_CCATTCGTCTGGCGAC,Ionocyte,unknown,False
COV19_CH11283362_GGGCACTCACAGATTC,Ionocyte,unknown,False
COV19_CH11283380_ACGAGGATCGTCCAGG,Ionocyte,unknown,False
COV19_CH11931823_TAGAGCTCATCAGTCA,Ionocyte,unknown,False
COV19_CH11283377_CTTTGCGGTCTAGCGC,Ionocyte,unknown,False
COV19_CH11931831_CAGTCCTGTAATAGCA,Ionocyte,unknown,False
COV19_CH11283371_ACACCGGAGCTACCTA,Ionocyte,unknown,False
COV19_CH11283362_GTCACGGGTTTGACTG,Ionocyte,unknown,False
COV19_CH11931836_CTGCGGAGTCCGACGT,Ionocyte,unknown,False
COV19_CH11283375_TAGAGCTAGCAGCCTC,Club,unknown,False
COV19_CH11931799_GTCACAAGTCCCGACA,Club,unknown,False
COV19_CH11931835_CGAACATAGTGTCTCA,Club,unknown,False
COV19_CH11931799_TCGTAGACAGGAATGC,Club,unknown,False
COV19_CH11283352_TAGCCGGCATACTACG,Club,unknown,False
COV19_CH11283382_GGAGCAAAGATAGGAG,Club,unknown,False
COV19_CH11283368_GTTCGGGGTCATTAGC,Club,unknown,False
COV19_CH11283357_CCGGTAGTCTCGCTTG,Club,unknown,False
COV19_CH11931849_CGAATGTGTATGAATG,Club,unknown,False
COV19_CH11931807_CGATGGCGTGTGACGA,Club,unknown,False
COV19_CH11931805_AAACGGGCACGAAATA,Club,unknown,False
COV19_CH11931799_ATCACGAAGATCACGG,Club,unknown,False
COV19_CH11931804_GTTCATTAGCCACGCT,Club,unknown,False
COV19_CH11931801_TGAAAGACAGCTCGCA,Club,unknown,False
COV19_CH11283352_CTGAAGTTCTTCGAGA,Club,unknown,False
COV19_CH11931849_TGTTCCGGTCGCTTCT,Club,unknown,False
COV19_CH11931849_GATGAGGAGGTAGCTG,Club,unknown,False
COV19_CH11931835_GAGCAGACAGTGAGTG,Club,unknown,False
COV19_CH11931849_ACACCAACATGACATC,Club,unknown,False
COV19_CH11931799_AGCGTATGTACCTACA,Club,unknown,False
COV19_CH11931799_TTCGAAGCACCTCGGA,Club,unknown,False
COV19_CH11283359_CAGGTGCTCTTAGCCC,Club,unknown,False
COV19_CH11283352_CGGCTAGAGTATTGGA,Club,unknown,False
COV19_CH11931849_GTAACTGTCAACGGCC,Club,unknown,False
COV19_CH11931849_TCAATCTGTGGTGTAG,Club,unknown,False
COV19_CH11931831_CATCGGGGTCTAACGT,Club,unknown,False
COV19_CH11931807_GTTACAGAGCTGAACG,Club,unknown,False
COV19_CH11283375_TTAACTCGTGCAGTAG,Club,unknown,False
COV19_CH11931799_CCTATTAAGGGCATGT,Club,unknown,False
COV19_CH11931849_TTCTACAGTCGCGTGT,Club,unknown,False
COV19_CH11931849_AGAGCGACACAAGCCC,Club,unknown,False
COV19_CH11931847_GGACGTCTCTAACGGT,Club,unknown,False
COV19_CH11931799_GAGCAGACATGCGCAC,Club,unknown,False
COV19_CH11931835_ACATACGTCCGTACAA,Club,unknown,False
COV19_CH11931831_GGACAAGCAAGAGGCT,Club,unknown,False
COV19_CH11931800_CGATCGGGTAGAGTGC,Club,unknown,False
COV19_CH11931799_GCTGCGAAGGGCATGT,Club,unknown,False
COV19_CH11931849_CGCGGTATCCAACCAA,Club,unknown,False
COV19_CH11931799_ATCTACTAGCGTGTCC,Club,unknown,False
COV19_CH11283352_ACGATGTCAGTAACGG,Club,unknown,False
COV19_CH11931834_CTGCCTAAGGCTCTTA,Deutorosomal,unknown,False
COV19_CH11931802_ACGATACCAGACGCCT,Deutorosomal,unknown,False
COV19_CH11931810_TCTGAGACAGTGACAG,Deutorosomal,unknown,False
COV19_CH11931803_TCGTAGAAGGACATTA,Deutorosomal,unknown,False
COV19_CH11283383_CCAATCCGTCCCTTGT,Deutorosomal,unknown,False
COV19_CH11931843_CACACTCAGATGTTAG,Deutorosomal,unknown,False
COV19_CH11283389_TCGTACCTCAACGAAA,Deutorosomal,unknown,False
COV19_CH11931804_CAGAATCTCCCTTGCA,Deutorosomal,unknown,False
COV19_CH11283359_CTCTGGTAGATAGTCA,Deutorosomal,unknown,False
COV19_CH11931804_CACCTTGGTAAGTGTA,Deutorosomal,unknown,False
COV19_CH11283357_CCGTACTTCAGAGGTG,Deutorosomal,unknown,False
COV19_CH11931810_CGCTATCTCGGTCCGA,Deutorosomal,unknown,False
COV19_CH11931850_CACCAGGCACGCTTTC,Deutorosomal,unknown,False
COV19_CH11283371_GGAACTTGTCTCTCTG,Deutorosomal,unknown,False
COV19_CH11931834_GCAGCCATCCGTTGCT,Deutorosomal,unknown,False
COV19_CH11283384_TACTTACGTTCCGGCA,Deutorosomal,unknown,False
COV19_CH11931850_GCGCAGTTCCTAGTGA,Deutorosomal,unknown,False
COV19_CH11931817_CATCCACGTCCAAGTT,Deutorosomal,unknown,False
COV19_CH11931852_AAACCTGGTCTTCAAG,Deutorosomal,unknown,False
COV19_CH11931818_CCTTCGACACCTTGTC,Deutorosomal,unknown,False
COV19_CH11283389_CACACCTAGTGTTGAA,Deutorosomal,unknown,False
COV19_CH11931843_GAAGCAGAGCACCGTC,Deutorosomal,unknown,False
COV19_CH11931832_GCAGCCAGTCAGAATA,Deutorosomal,unknown,False
COV19_CH11283372_CAGCAGCTCTCAAGTG,Deutorosomal,unknown,False
COV19_CH11283353_CCTTCGATCTGGGCCA,Deutorosomal,unknown,False
COV19_CH11931842_TCGGGACTCACTATTC,Deutorosomal,unknown,False
COV19_CH11931818_TCATTTGCACATGGGA,Deutorosomal,unknown,False
COV19_CH11931850_GAAATGAGTGATGTGG,Deutorosomal,unknown,False
COV19_CH11283384_TGGGAAGTCTGGCGAC,Deutorosomal,unknown,False
COV19_CH11931834_CGCTGGATCGACAGCC,Deutorosomal,unknown,False
COV19_CH11283376_TACTCGCCATGACATC,Deutorosomal,unknown,False
COV19_CH11931834_ATCCGAACACCCATTC,Deutorosomal,unknown,False
COV19_CH11931841_CGGACGTCATGTAAGA,Deutorosomal,unknown,False
COV19_CH11283384_GTGGGTCAGTTTCCTT,Deutorosomal,unknown,False
COV19_CH11931833_TGCTGCTGTAAGCACG,Deutorosomal,unknown,False
COV19_CH11931799_CGTGTAAAGCCGTCGT,Deutorosomal,unknown,False
COV19_CH11283384_GACGTTAGTCAATACC,Deutorosomal,unknown,False
COV19_CH11931804_GCAATCACAATGGACG,Deutorosomal,unknown,False
COV19_CH11931810_GAAGCAGCACTCTGTC,Deutorosomal,unknown,False
COV19_CH11283353_TGAGCCGAGACAGAGA,Deutorosomal,unknown,False
COV19_CH11283366_CTTCTCTGTCCGCTGA,NK,unknown,False
COV19_CH11283365_GAAATGAGTGCTAGCC,NK,unknown,False
COV19_CH11931834_GGGTTGCGTTCGGGCT,NK,unknown,False
COV19_CH11283385_GCTCTGTGTGGTACAG,NK,unknown,False
COV19_CH11283371_CGGTTAAGTAAGTAGT,NK,unknown,False
COV19_CH11283392_GCACTCTGTTAGGGTG,NK,unknown,False
COV19_CH11931834_ATCCACCCACCTGGTG,NK,unknown,False
COV19_CH11283370_TCAACGAGTAATTGGA,NK,unknown,False
COV19_CH11283385_AGCTCTCCAGTCGATT,NK,unknown,False
COV19_CH11283363_ACCAGTACACTAAGTC,NK,unknown,False
COV19_CH11283385_TATGCCCTCGTATCAG,NK,unknown,False
COV19_CH11931842_GCGCGATAGTGCCATT,NK,unknown,False
COV19_CH11283385_TTTACTGTCTTTACAC,NK,unknown,False
COV19_CH11931841_GCCTCTACATACTACG,NK,unknown,False
COV19_CH11283391_GAATAAGTCGCTTGTC,NK,unknown,False
COV19_CH11283391_AGAGCTTGTTAAGTAG,NK,unknown,False
COV19_CH11283387_CCGGGATCAAGCGAGT,NK,unknown,False
COV19_CH11931850_TCAATCTAGGCATGTG,NK,unknown,False
COV19_CH11931834_AACCATGAGCCGGTAA,NK,unknown,False
COV19_CH11283357_GCTGCGACATGGATGG,NK,unknown,False
COV19_CH11283393_TCTGGAACACCAGCAC,NK,unknown,False
COV19_CH11283381_GCAGCCAGTCTGCCAG,NK,unknown,False
COV19_CH11283385_CTTAACTAGTGTCCAT,NK,unknown,False
COV19_CH11283391_CGCGTTTGTCGCATAT,NK,unknown,False
COV19_CH11283369_CACATTTGTCAAAGAT,NK,unknown,False
COV19_CH11283369_AGTGAGGGTCTCTCGT,NK,unknown,False
COV19_CH11283371_CGACTTCGTCCAGTAT,NK,unknown,False
COV19_CH11283371_GATCGTATCAAACGGG,NK,unknown,False
COV19_CH11931842_GAGTCCGCAGTATCTG,NK,unknown,False
COV19_CH11283363_CACCAGGCAAGAAAGG,NK,unknown,False
COV19_CH11283361_CCTAAAGTCTTAGAGC,NK,unknown,False
COV19_CH11283371_AGTTGGTTCCGCGCAA,NK,unknown,False
COV19_CH11931827_AGGCCGTAGACATAAC,NK,unknown,False
COV19_CH11931834_TGCGTGGCATTAACCG,NK,unknown,False
COV19_CH11283369_TGCACCTAGCGTGTCC,NK,unknown,False
COV19_CH11283385_GAAGCAGAGGGAAACA,NK,unknown,False
COV19_CH11931834_CCTAAAGCAGTGACAG,NK,unknown,False
COV19_CH11283350_ATCGAGTTCAGTGTTG,NK,unknown,False
COV19_CH11283381_AGAATAGCACGGTTTA,NK,unknown,False
COV19_CH11283371_GGCAATTAGAGGGATA,NK,unknown,False
COV19_CH11931822_CTGATCCTCCTAGTGA,T MAI,unknown,False
COV19_CH11931849_TTAGTTCCAGTATGCT,T MAI,unknown,False
COV19_CH11931849_GGGAATGAGAAACCTA,T MAI,unknown,False
COV19_CH11931849_GCTGCGACACAGTCGC,T MAI,unknown,False
COV19_CH11931849_CAACCTCGTGTTCGAT,T MAI,unknown,False
COV19_CH11283369_GGATTACGTCCGAAGA,T MAI,unknown,False
COV19_CH11931799_TCGAGGCCACTCTGTC,T MAI,unknown,False
COV19_CH11283392_TGATTTCCATGGAATA,T MAI,unknown,False
COV19_CH11931849_CGGAGCTTCCCTAACC,T MAI,unknown,False
COV19_CH11931819_GCTCTGTAGACAGACC,T MAI,unknown,False
COV19_CH11931849_CATTCGCAGGGCTCTC,T MAI,unknown,False
COV19_CH11283362_GTTCGGGTCTTGAGAC,T MAI,unknown,False
COV19_CH11283367_TTGTAGGTCACCGGGT,T MAI,unknown,False
COV19_CH11931849_ACTGCTCAGCTGGAAC,T MAI,unknown,False
COV19_CH11931849_ACTTACTCATTTCAGG,T MAI,unknown,False
COV19_CH11931831_TTTATGCTCCAACCAA,T MAI,unknown,False
COV19_CH11931849_CCTTTCTAGGTCATCT,T MAI,unknown,False
COV19_CH11283378_CAGATCACAAGCGATG,T MAI,unknown,False
COV19_CH11283362_CACAGTATCCCTCAGT,T MAI,unknown,False
COV19_CH11931849_ACACCCTGTTAGAACA,T MAI,unknown,False
COV19_CH11931849_CAGCTAAAGCTGTTCA,T MAI,unknown,False
COV19_CH11931849_CGAACATTCACGCGGT,T MAI,unknown,False
COV19_CH11931801_GCATGTACAAGCCGTC,T MAI,unknown,False
COV19_CH11931835_GCAGTTAAGGTGGGTT,T MAI,unknown,False
COV19_CH11931800_CTACATTCATTTCACT,T MAI,unknown,False
COV19_CH11931818_CGCGGTAGTAATTGGA,T MAI,unknown,False
COV19_CH11283387_TTCTCCTAGACTAAGT,T MAI,unknown,False
COV19_CH11931849_TTCGAAGAGGGCTTGA,T MAI,unknown,False
COV19_CH11283391_TGGCGCATCCTAGAAC,T MAI,unknown,False
COV19_CH11283392_TGCACCTTCGTTACAG,T MAI,unknown,False
COV19_CH11931850_GAGCAGAAGACGCAAC,T MAI,unknown,False
COV19_CH11283363_GGGTTGCAGCGTTCCG,T MAI,unknown,False
COV19_CH11283357_GTCTCGTGTGTGCGTC,T MAI,unknown,False
COV19_CH11931828_CGATGTACACGGCGTT,T MAI,unknown,False
COV19_CH11931799_GGGCATCTCCCATTTA,T MAI,unknown,False
COV19_CH11931849_ACACCAACAACTGCGC,T MAI,unknown,False
COV19_CH11931849_TGCGTGGGTAAGGGCT,T MAI,unknown,False
COV19_CH11931849_TAAGAGAAGCTAAACA,T MAI,unknown,False
COV19_CH11931818_CTACCCAGTATGGTTC,T MAI,unknown,False
COV19_CH11931849_TGCCCTATCGTGGTCG,T MAI,unknown,False
COV19_CH11283388_CACACCTCACCCAGTG,Monocyte,unknown,False
COV19_CH11283388_ACTTTCAAGGCCCTTG,Monocyte,unknown,False
COV19_CH11283388_AGGGTGACACATCTTT,Monocyte,unknown,False
COV19_CH11283388_ACAGCCGGTGTGCGTC,Monocyte,unknown,False
COV19_CH11283388_CAGCATACACCGGAAA,Monocyte,unknown,False
COV19_CH11283384_AGGGAGTTCATAAAGG,Monocyte,unknown,False
COV19_CH11283353_CCACCTATCAGTGTTG,Monocyte,unknown,False
COV19_CH11283388_CTCACACGTATCACCA,Monocyte,unknown,False
COV19_CH11283388_CACAGGCAGGACAGAA,Monocyte,unknown,False
COV19_CH11283356_TCACGAATCCATGCTC,Monocyte,unknown,False
COV19_CH11283388_CTGATCCAGTGTACGG,Monocyte,unknown,False
COV19_CH11283384_CGGTTAATCCAAACTG,Monocyte,unknown,False
COV19_CH11283388_TGCTGCTGTTACCAGT,Monocyte,unknown,False
COV19_CH11283388_CTACGTCTCGCCGTGA,Monocyte,unknown,False
COV19_CH11931813_TTTGTCATCAACACAC,Monocyte,unknown,False
COV19_CH11283388_TTCGGTCAGGAGTAGA,Monocyte,unknown,False
COV19_CH11931838_CAACCAACATGTTCCC,Monocyte,unknown,False
COV19_CH11931813_GACTACAAGCTGCGAA,Monocyte,unknown,False
COV19_CH11283388_AACCATGGTCATACTG,Monocyte,unknown,False
COV19_CH11283363_GACCTGGCAATCTGCA,Monocyte,unknown,False
COV19_CH11283384_TGACGGCGTACCGAGA,Monocyte,unknown,False
COV19_CH11283388_CTGCCTACACGTTGGC,Monocyte,unknown,False
COV19_CH11283353_CAAGTTGTCGCCATAA,Monocyte,unknown,False
COV19_CH11931830_GTCTTCGCAGACGTAG,Monocyte,unknown,False
COV19_CH11283387_TAGGCATAGTTGTCGT,Monocyte,unknown,False
COV19_CH11283387_CAGCATATCAACACCA,Monocyte,unknown,False
COV19_CH11283388_GTCTCGTAGATCGATA,Monocyte,unknown,False
COV19_CH11283371_CAGAGAGTCCCATTTA,Monocyte,unknown,False
COV19_CH11931850_CTACACCCAGTGACAG,Monocyte,unknown,False
COV19_CH11931806_ACGAGGACAGCCAATT,Monocyte,unknown,False
COV19_CH11931836_AAGTCTGCAGTCAGCC,Monocyte,unknown,False
COV19_CH11283388_AAGACCTTCCTGTAGA,Monocyte,unknown,False
COV19_CH11283356_AGAGCGACATCACAAC,Monocyte,unknown,False
COV19_CH11283370_TCGTACCAGGGTGTTG,Monocyte,unknown,False
COV19_CH11283388_TTCTCCTTCTTTAGGG,Monocyte,unknown,False
COV19_CH11283361_CTACACCCAGCCTGTG,Monocyte,unknown,False
COV19_CH11283388_TGACTTTGTGCTTCTC,Monocyte,unknown,False
COV19_CH11283384_CTGAAGTCACGGATAG,Monocyte,unknown,False
COV19_CH11283391_TTAGGCAGTGCGAAAC,Monocyte,unknown,False
COV19_CH11283356_TTTGGTTGTGCCTGGT,Monocyte,unknown,False
COV19_CH11931802_GATTCAGAGAAAGTGG,cDC2,unknown,False
COV19_CH11283381_ACAGCTAGTGTGCGTC,cDC2,unknown,False
COV19_CH11283393_CAAGTTGGTCAACATC,cDC2,unknown,False
COV19_CH11283381_TGATTTCCAGAAGCAC,cDC2,unknown,False
COV19_CH11283388_GTCAAGTAGTCCGGTC,cDC2,unknown,False
COV19_CH11283388_TCTGAGACACCGAAAG,cDC2,unknown,False
COV19_CH11283385_ACGGAGATCAGGTAAA,cDC2,unknown,False
COV19_CH11283363_GTAACTGCAAAGGTGC,cDC2,unknown,False
COV19_CH11283388_GCGAGAATCAGTTTGG,cDC2,unknown,False
COV19_CH11931813_TAGTGGTAGGACCACA,cDC2,unknown,False
COV19_CH11931813_GCTTCCAGTCGGATCC,cDC2,unknown,False
COV19_CH11283371_CCGGTAGGTCATGCAT,cDC2,unknown,False
COV19_CH11931834_GTGCATACAAGTCATC,cDC2,unknown,False
COV19_CH11283388_GAAACTCGTTTGTGTG,cDC2,unknown,False
COV19_CH11283371_CGACTTCAGTACGACG,cDC2,unknown,False
COV19_CH11283388_GTGTTAGAGTGCTGCC,cDC2,unknown,False
COV19_CH11931842_CTGGTCTCAGTCGTGC,cDC2,unknown,False
COV19_CH11283388_CCGTGGACACGAAGCA,cDC2,unknown,False
COV19_CH11283363_ATCACGAAGACTAGAT,cDC2,unknown,False
COV19_CH11931813_AAACGGGTCCGAATGT,cDC2,unknown,False
COV19_CH11283388_TGAGCATAGACAGAGA,cDC2,unknown,False
COV19_CH11283388_GTTCATTAGAGGTTGC,cDC2,unknown,False
COV19_CH11931833_AGAATAGTCATGCTCC,cDC2,unknown,False
COV19_CH11283388_CACCACTTCTCGTATT,cDC2,unknown,False
COV19_CH11283382_CTGTGCTTCCGTACAA,cDC2,unknown,False
COV19_CH11283364_GGGACCTAGAGACTTA,cDC2,unknown,False
COV19_CH11283369_TGAGCCGCATCACGTA,cDC2,unknown,False
COV19_CH11931835_TGGCTGGTCAGGATCT,cDC2,unknown,False
COV19_CH11931834_ACTGAGTAGGACTGGT,cDC2,unknown,False
COV19_CH11931844_GTTTCTATCGGTTAAC,cDC2,unknown,False
COV19_CH11283366_ACGGGTCTCGAATCCA,cDC2,unknown,False
COV19_CH11931813_AAGACCTTCAATCACG,cDC2,unknown,False
COV19_CH11283393_GAGGTGAAGTCAATAG,cDC2,unknown,False
COV19_CH11283371_TCGGGACCAATCCAAC,cDC2,unknown,False
COV19_CH11283361_TAGCCGGTCGGTCTAA,cDC2,unknown,False
COV19_CH11283388_AGTCTTTAGTACATGA,cDC2,unknown,False
COV19_CH11283356_CTTCTCTCAGGACCCT,cDC2,unknown,False
COV19_CH11283386_ATGCGATGTTGGGACA,cDC2,unknown,False
COV19_CH11283371_ACCGTAAAGCTCCCAG,cDC2,unknown,False
COV19_CH11931842_CGGACGTCACATGACT,cDC2,unknown,False
COV19_CH11283388_TCAATCTTCTTGGGTA,Langerhans,unknown,False
COV19_CH11283364_ACAGCCGCAAAGCAAT,Langerhans,unknown,False
COV19_CH11283370_ACGCCGAAGAAGGTTT,Langerhans,unknown,False
COV19_CH11931811_CGACCTTGTTCAGCGC,Langerhans,unknown,False
COV19_CH11283364_TACAGTGTCACATGCA,Langerhans,unknown,False
COV19_CH11931823_GCGCAACAGAAAGTGG,Langerhans,unknown,False
COV19_CH11283359_CGATCGGCATCTATGG,Langerhans,unknown,False
COV19_CH11931851_TCGGTAAAGGGTTTCT,Langerhans,unknown,False
COV19_CH11931841_CTCTGGTCAGCGTAAG,Langerhans,unknown,False
COV19_CH11283388_AATCCAGAGGCAAAGA,Langerhans,unknown,False
COV19_CH11283370_CGGTTAATCAACCAAC,Langerhans,unknown,False
COV19_CH11283382_GGAGCAAGTGTTCGAT,Langerhans,unknown,False
COV19_CH11283381_GGACAGACATTATCTC,Langerhans,unknown,False
COV19_CH11283388_GCACATATCTCAAGTG,Langerhans,unknown,False
COV19_CH11283366_CATCCACTCTTGCCGT,Langerhans,unknown,False
COV19_CH11283359_GTGCATATCACCACCT,Langerhans,unknown,False
COV19_CH11283360_GGCGACTCAACTGCGC,Langerhans,unknown,False
COV19_CH11283382_TGCCCTAGTTAAAGTG,Langerhans,unknown,False
COV19_CH11931823_CGAGCCATCTAACTGG,Langerhans,unknown,False
COV19_CH11283388_ACCAGTAGTGACCAAG,Langerhans,unknown,False
COV19_CH11283355_CGATTGATCGTAGGAG,Langerhans,unknown,False
COV19_CH11931802_CGCGTTTTCGTAGATC,Langerhans,unknown,False
COV19_CH11283388_AGGGATGCACAGACAG,Langerhans,unknown,False
COV19_CH11931850_GTTCGGGAGTGGGATC,Langerhans,unknown,False
COV19_CH11931850_CAAGTTGGTTATGCGT,Langerhans,unknown,False
COV19_CH11283359_ACACTGATCTCGAGTA,Langerhans,unknown,False
COV19_CH11283386_CCACGGACAGTGGAGT,Langerhans,unknown,False
COV19_CH11283385_GGGCATCTCGTCACGG,Langerhans,unknown,False
COV19_CH11283390_GCATGCGTCCATGAAC,Langerhans,unknown,False
COV19_CH11931813_AGTCTTTGTGCGCTTG,Langerhans,unknown,False
COV19_CH11931839_TCTCATAGTAAGGGAA,Langerhans,unknown,False
COV19_CH11283388_GTGTGCGTCTTGACGA,Langerhans,unknown,False
COV19_CH11283389_CGCTATCGTCTAACGT,Langerhans,unknown,False
COV19_CH11283370_CGCGTTTAGCTGATAA,Langerhans,unknown,False
COV19_CH11931828_TTTATGCGTGCCTGCA,Langerhans,unknown,False
COV19_CH11283378_GCATGTAGTCCGAATT,Langerhans,unknown,False
COV19_CH11283388_CAGCTAAGTCCCTTGT,Langerhans,unknown,False
COV19_CH11931835_GATCAGTTCGGAATCT,Langerhans,unknown,False
COV19_CH11283370_AAGTCTGTCACGCGGT,Langerhans,unknown,False
COV19_CH11931833_CTGTGCTAGGACGAAA,Langerhans,unknown,False
COV19_CH11283388_AGGGATGCATCAGTCA,cDC Activated,unknown,False
COV19_CH11283388_CTACATTTCCACGTGG,cDC Activated,unknown,False
COV19_CH11931811_AGATTGCAGGAATTAC,cDC Activated,unknown,False
COV19_CH11283391_GGATGTTTCAGTCAGT,cDC Activated,unknown,False
COV19_CH11283391_ATGTGTGGTACCGTAT,cDC Activated,unknown,False
COV19_CH11283388_ACAGCCGAGGTGTTAA,cDC Activated,unknown,False
COV19_CH11283388_TTCCCAGCATCAGTAC,cDC Activated,unknown,False
COV19_CH11283388_TCTCATACACATCCGG,cDC Activated,unknown,False
COV19_CH11931826_CTCGTACGTACTCAAC,cDC Activated,unknown,False
COV19_CH11283388_CTCCTAGCATGCAATC,cDC Activated,unknown,False
COV19_CH11283388_GGTGCGTGTTACAGAA,cDC Activated,unknown,False
COV19_CH11283388_CAACTAGAGTAGTGCG,cDC Activated,unknown,False
COV19_CH11283388_CTCGAGGAGGTGATAT,cDC Activated,unknown,False
COV19_CH11283388_TTGGAACGTCAAAGAT,cDC Activated,unknown,False
COV19_CH11283356_AGGCCGTCATTTCACT,cDC Activated,unknown,False
COV19_CH11283388_GTCTTCGGTACCGAGA,cDC Activated,unknown,False
COV19_CH11283388_TGCGTGGTCATAAAGG,cDC Activated,unknown,False
COV19_CH11283391_GGACGTCAGAGTTGGC,cDC Activated,unknown,False
COV19_CH11283388_ACCGTAATCTCAAACG,cDC Activated,unknown,False
COV19_CH11931834_ATTACTCCAACCGCCA,cDC Activated,unknown,False
COV19_CH11283388_TAGTGGTTCTAACGGT,cDC Activated,unknown,False
COV19_CH11931827_CGATCGGGTAACGCGA,cDC Activated,unknown,False
COV19_CH11283388_CGTGTAATCTCACATT,cDC Activated,unknown,False
COV19_CH11283388_CTGAAGTCAATTGCTG,cDC Activated,unknown,False
COV19_CH11283370_ACGATGTTCGTTGACA,cDC Activated,unknown,False
COV19_CH11283388_ACGGAGACATGACGGA,cDC Activated,unknown,False
COV19_CH11283353_GATTCAGTCAATACCG,cDC Activated,unknown,False
COV19_CH11283383_CAAGGCCAGACTACAA,cDC Activated,unknown,False
COV19_CH11283388_TACGGATGTTCAGCGC,cDC Activated,unknown,False
COV19_CH11283388_TGGCGCAGTATATGGA,cDC Activated,unknown,False
COV19_CH11283388_GATGAAAGTAAGCACG,cDC Activated,unknown,False
COV19_CH11283391_CCAATCCTCCTTTCGG,cDC Activated,unknown,False
COV19_CH11283388_GAACGGAAGACTAGGC,cDC Activated,unknown,False
COV19_CH11283371_ACGCAGCGTTACGTCA,cDC Activated,unknown,False
COV19_CH11283381_TTAACTCGTCCATCCT,cDC Activated,unknown,False
COV19_CH11931834_GCATGCGAGCTCCTTC,cDC Activated,unknown,False
COV19_CH11931846_CGGTTAAGTCCAGTTA,cDC Activated,unknown,False
COV19_CH11931826_ACATCAGAGTCGAGTG,cDC Activated,unknown,False
COV19_CH11283348_TTTGTCATCGGATGTT,cDC Activated,unknown,False
COV19_CH11283388_TCGAGGCCATCGTCGG,cDC Activated,unknown,False
COV19_CH11283379_GCACTCTAGGCATGTG,B,unknown,False
COV19_CH11283360_GCACATAGTATTCGTG,B,unknown,False
COV19_CH11931835_GAGTCCGCAGCAGTTT,B,unknown,False
COV19_CH11931835_TCACAAGCAGCTGTGC,B,unknown,False
COV19_CH11931835_ACCAGTACAGCTGTTA,B,unknown,False
COV19_CH11283379_CAGCATAAGTTTCCTT,B,unknown,False
COV19_CH11931832_TGTATTCAGGAGTTGC,B,unknown,False
COV19_CH11283371_GTCACAACACGGTGTC,B,unknown,False
COV19_CH11283369_TCAACGATCCACGACG,B,unknown,False
COV19_CH11283387_TATGCCCAGTAAGTAC,B,unknown,False
COV19_CH11283371_ACGCAGCAGAGCTGGT,B,unknown,False
COV19_CH11283369_GCACTCTGTTTGACTG,B,unknown,False
COV19_CH11283381_GGCTGGTTCTCTTGAT,B,unknown,False
COV19_CH11931842_GCAAACTGTCTCATCC,B,unknown,False
COV19_CH11283388_GATGAAATCTACTTAC,B,unknown,False
COV19_CH11931835_GGTGAAGAGTTCGATC,B,unknown,False
COV19_CH11931800_TCAGATGAGTACGACG,B,unknown,False
COV19_CH11931834_ACCGTAAAGTCAATAG,B,unknown,False
COV19_CH11931831_GTAACGTAGCCCTAAT,B,unknown,False
COV19_CH11283381_CTCCTAGCACCAGGCT,B,unknown,False
COV19_CH11283371_TACTTGTTCTTGGGTA,B,unknown,False
COV19_CH11931834_CAGCCGAAGAGGGCTT,B,unknown,False
COV19_CH11283371_CGTGTCTGTAGTGAAT,B,unknown,False
COV19_CH11283371_CGGACGTAGTGAAGAG,B,unknown,False
COV19_CH11931842_CGAGCACTCTGCAAGT,B,unknown,False
COV19_CH11283363_AGGGATGAGGATGGAA,B,unknown,False
COV19_CH11283351_TGACTTTGTGGTCCGT,B,unknown,False
COV19_CH11283371_ATTTCTGCATTAGGCT,B,unknown,False
COV19_CH11931807_TCACGAACATATGCTG,B,unknown,False
COV19_CH11931818_TCGGTAAAGTGGTCCC,B,unknown,False
COV19_CH11283371_TCGCGAGGTGAAGGCT,B,unknown,False
COV19_CH11931849_ATGAGGGTCAATCACG,B,unknown,False
COV19_CH11931834_GTGTTAGGTAGCTGCC,B,unknown,False
COV19_CH11931831_CTTGGCTGTTTGTTTC,B,unknown,False
COV19_CH11283371_TGGCGCATCGTGGTCG,B,unknown,False
COV19_CH11931841_TACTCGCCATGGAATA,B,unknown,False
COV19_CH11931843_TAAGTGCGTTGGGACA,B,unknown,False
COV19_CH11283371_ATGAGGGGTCATGCCG,B,unknown,False
COV19_CH11283369_TAGGCATAGTGAAGAG,B,unknown,False
COV19_CH11283371_CAAGAAATCTTCCTTC,B,unknown,False
COV19_CH11283385_ACGCAGCGTCTGCGGT,pDC,unknown,False
COV19_CH11931834_AGCATACTCTTGGGTA,pDC,unknown,False
COV19_CH11283371_TACGGATGTGATGTCT,pDC,unknown,False
COV19_CH11283383_CAGTCCTCACGGTAAG,pDC,unknown,False
COV19_CH11283363_TAGTTGGTCTTTAGGG,pDC,unknown,False
COV19_CH11931834_ACTGATGGTAAGCACG,pDC,unknown,False
COV19_CH11931848_GTGGGTCGTCTACCTC,pDC,unknown,False
COV19_CH11283371_CAGCAGCGTGCGAAAC,pDC,unknown,False
COV19_CH11283371_CAACTAGAGGAACTGC,pDC,unknown,False
COV19_CH11283388_GTGTTAGTCTCAAGTG,pDC,unknown,False
COV19_CH11283391_GATCAGTGTTCCACGG,pDC,unknown,False
COV19_CH11283385_CTCATTATCACCTTAT,pDC,unknown,False
COV19_CH11283383_TGCACCTAGGCTAGAC,pDC,unknown,False
COV19_CH11283391_GGCGACTTCACATAGC,pDC,unknown,False
COV19_CH11283385_ATTGGACCAATCAGAA,pDC,unknown,False
COV19_CH11283391_CCTACCACACAGCCCA,pDC,unknown,False
COV19_CH11283371_GTAACGTTCAACGAAA,pDC,unknown,False
COV19_CH11283391_TCAGCAAGTTAGAACA,pDC,unknown,False
COV19_CH11931849_ACACTGAAGGCTAGAC,pDC,unknown,False
COV19_CH11931834_TCAGGATGTGCTAGCC,pDC,unknown,False
COV19_CH11283388_GGGTCTGTCGACAGCC,pDC,unknown,False
COV19_CH11283391_GGGACCTTCCTATTCA,pDC,unknown,False
COV19_CH11283388_GGATTACGTCAGAAGC,pDC,unknown,False
COV19_CH11931834_TACGGGCAGTACACCT,pDC,unknown,False
COV19_CH11283363_CGGCTAGAGCCAACAG,pDC,unknown,False
COV19_CH11283356_CTCGTACTCCCTTGCA,pDC,unknown,False
COV19_CH11931834_CTCTACGCATGCTAGT,pDC,unknown,False
COV19_CH11283391_GCCAAATCATGTAGTC,pDC,unknown,False
COV19_CH11283391_ACTTGTTAGATGTGGC,pDC,unknown,False
COV19_CH11283357_GTGTGCGCACAACGCC,pDC,unknown,False
COV19_CH11283385_GACGTTATCGCTAGCG,pDC,unknown,False
COV19_CH11931826_GCTTGAAGTGACTACT,pDC,unknown,False
COV19_CH11283357_CCACGGACACCCATGG,pDC,unknown,False
COV19_CH11283388_TTAACTCAGGTGTGGT,pDC,unknown,False
COV19_CH11931834_CAGTAACCAGTTAACC,pDC,unknown,False
COV19_CH11283370_AACTTTCGTGCACTTA,pDC,unknown,False
COV19_CH11283391_AGCAGCCGTAAGTTCC,pDC,unknown,False
COV19_CH11931834_GGCTGGTAGAGTACAT,pDC,unknown,False
COV19_CH11931826_GGTATTGGTTAAAGAC,pDC,unknown,False
COV19_CH11283388_CGTTAGAAGACCGGAT,pDC,unknown,False
COV19_CH11283363_ATTGGACCAGCTGTTA,T G/D,unknown,False
COV19_CH11283391_AGGGAGTTCTTCATGT,T G/D,unknown,False
COV19_CH11283391_TCTTTCCTCTCAAACG,T G/D,unknown,False
COV19_CH11283391_CTTTGCGAGACCGGAT,T G/D,unknown,False
COV19_CH11931834_CTAATGGGTCGCGAAA,T G/D,unknown,False
COV19_CH11283391_AGGGAGTCACTTAACG,T G/D,unknown,False
COV19_CH11283391_AAATGCCGTTATCGGT,T G/D,unknown,False
COV19_CH11283371_CTAGAGTCAGACGCCT,T G/D,unknown,False
COV19_CH11283391_GGAGCAACAATGCCAT,T G/D,unknown,False
COV19_CH11283371_ACGCAGCGTATAAACG,T G/D,unknown,False
COV19_CH11283391_GTCAAGTGTCTAACGT,T G/D,unknown,False
COV19_CH11283356_GTCCTCAAGAGTTGGC,T G/D,unknown,False
COV19_CH11931834_GCTCTGTTCAAACCAC,T G/D,unknown,False
COV19_CH11283391_CTAATGGCATAGGATA,T G/D,unknown,False
COV19_CH11283356_CGAATGTCAACACGCC,T G/D,unknown,False
COV19_CH11283391_CAGTAACGTATAGTAG,T G/D,unknown,False
COV19_CH11283391_CACATAGGTTAGTGGG,T G/D,unknown,False
COV19_CH11283391_ACATGGTAGAGCTGGT,T G/D,unknown,False
COV19_CH11283391_CATCAGAGTCGGCATC,T G/D,unknown,False
COV19_CH11283391_ACAGCCGAGGGTGTGT,T G/D,unknown,False
COV19_CH11283391_GACGGCTAGACAAGCC,T G/D,unknown,False
COV19_CH11931805_ACGCAGCGTATCAGTC,T G/D,unknown,False
COV19_CH11283391_CTTAGGAGTCTAGTGT,T G/D,unknown,False
COV19_CH11283391_CCGGTAGCAGTATAAG,T G/D,unknown,False
COV19_CH11283385_AGTGTCAGTGAAAGAG,T G/D,unknown,False
COV19_CH11283391_AACGTTGAGAATAGGG,T G/D,unknown,False
COV19_CH11283391_CGCTATCAGCAATATG,T G/D,unknown,False
COV19_CH11283383_GCCAAATGTAAGTGTA,T G/D,unknown,False
COV19_CH11283362_TTCCCAGTCATCTGTT,T G/D,unknown,False
COV19_CH11931834_ATCGAGTCATTTGCTT,T G/D,unknown,False
COV19_CH11283391_CTAGCCTTCTTGACGA,T G/D,unknown,False
COV19_CH11283356_CACCTTGTCTGCTGTC,T G/D,unknown,False
COV19_CH11283385_ACCGTAACACTGTTAG,T G/D,unknown,False
COV19_CH11931834_TTGCCGTGTACCGTTA,T G/D,unknown,False
COV19_CH11283356_ATGCGATCAGGGATTG,T G/D,unknown,False
COV19_CH11283391_TTCTCCTTCGGCATCG,T G/D,unknown,False
COV19_CH11283391_ACGAGCCTCGTCTGAA,T G/D,unknown,False
COV19_CH11283371_CATCAAGAGTTCGCAT,T G/D,unknown,False
COV19_CH11283369_GTCATTTCAAGGCTCC,T G/D,unknown,False
COV19_CH11283391_TGAGCATGTCCTCCAT,T G/D,unknown,False
COV19_CH11283371_TGCACCTGTAAACACA,T Reg,unknown,False
COV19_CH11931809_TATGCCCTCTAGCACA,T Reg,unknown,False
COV19_CH11931834_CTGCCTAGTCGCATCG,T Reg,unknown,False
COV19_CH11283393_ATAACGCGTGGCTCCA,T Reg,unknown,False
COV19_CH11931802_CACCTTGCATTCCTCG,T Reg,unknown,False
COV19_CH11931842_CGAGCCAAGGAGTACC,T Reg,unknown,False
COV19_CH11283393_CGGACACTCCTTTCGG,T Reg,unknown,False
COV19_CH11283373_CCTAGCTAGTGAAGTT,T Reg,unknown,False
COV19_CH11931834_TGGTTCCCATCGGTTA,T Reg,unknown,False
COV19_CH11931802_CATCAAGTCAAAGTAG,T Reg,unknown,False
COV19_CH11283371_AAGGAGCCAGGATTGG,T Reg,unknown,False
COV19_CH11283381_TCAGGTATCTATGTGG,T Reg,unknown,False
COV19_CH11931836_GACCTGGCACATCCAA,T Reg,unknown,False
COV19_CH11283388_TCTATTGGTAGCTCCG,T Reg,unknown,False
COV19_CH11283388_GTGCGGTTCCAGGGCT,T Reg,unknown,False
COV19_CH11283388_CCGGGATGTACAGTGG,T Reg,unknown,False
COV19_CH11283388_AGTTGGTAGCGTTTAC,T Reg,unknown,False
COV19_CH11283388_GGAAAGCGTACGCTGC,T Reg,unknown,False
COV19_CH11283393_GATGAGGCACCATGTA,T Reg,unknown,False
COV19_CH11283381_ATAACGCAGCGTCAAG,T Reg,unknown,False
COV19_CH11931835_CATGGCGTCTGAAAGA,T Reg,unknown,False
COV19_CH11283362_AACCATGAGCCAGGAT,T Reg,unknown,False
COV19_CH11931841_CATATTCTCCACTCCA,T Reg,unknown,False
COV19_CH11283381_AGCATACGTGTGACGA,T Reg,unknown,False
COV19_CH11931835_TATTACCAGTGCCAGA,T Reg,unknown,False
COV19_CH11931834_TCCACACGTCAAAGAT,T Reg,unknown,False
COV19_CH11931834_GACAGAGGTCAGGACA,T Reg,unknown,False
COV19_CH11283369_CACCACTGTCGACTGC,T Reg,unknown,False
COV19_CH11283371_TCTTCGGGTTCAGCGC,T Reg,unknown,False
COV19_CH11931842_TCACAAGCAGTATGCT,T Reg,unknown,False
COV19_CH11283361_TTTACTGAGTAGCGGT,T Reg,unknown,False
COV19_CH11283385_CGAGCACAGATTACCC,T Reg,unknown,False
COV19_CH11283366_GTAACGTTCTCGCATC,T Reg,unknown,False
COV19_CH11283357_CCAGCGACACAGACAG,T Reg,unknown,False
COV19_CH11283371_AAAGCAAGTCGCGGTT,T Reg,unknown,False
COV19_CH11931845_CCAGCGAAGCCGCCTA,T Reg,unknown,False
COV19_CH11931802_CGAGAAGGTGACGGTA,T Reg,unknown,False
COV19_CH11931811_CTGCTGTAGGCGCTCT,T Reg,unknown,False
COV19_CH11931813_CTTCTCTAGATAGGAG,T Reg,unknown,False
COV19_CH11283388_CAGAGAGCACAGGTTT,T Reg,unknown,False
COV19_CH11283383_GCATGATTCGTAGGTT,Hillock,unknown,False
COV19_CH11931832_TAAGAGAAGCGGCTTC,Hillock,unknown,False
COV19_CH11283370_AGCTCTCCACAGATTC,Hillock,unknown,False
COV19_CH11283370_ATTATCCCAGACGTAG,Hillock,unknown,False
COV19_CH11283388_ATCACGATCGCTTAGA,Hillock,unknown,False
COV19_CH11283388_AAGGAGCCATGACATC,Hillock,unknown,False
COV19_CH11931841_GGTATTGGTAAATGTG,Hillock,unknown,False
COV19_CH11283370_CGACTTCCATACGCCG,Hillock,unknown,False
COV19_CH11931831_GTCACGGAGACTGGGT,Hillock,unknown,False
COV19_CH11283388_GTCACGGTCACCACCT,Hillock,unknown,False
COV19_CH11283388_GACGGCTAGTTAGGTA,Hillock,unknown,False
COV19_CH11283388_ATTATCCGTGTGGCTC,Hillock,unknown,False
COV19_CH11283388_CCGTTCAGTAAGGGCT,Hillock,unknown,False
COV19_CH11931818_AAACCTGAGAAGGTTT,Hillock,unknown,False
COV19_CH11283370_CCCTCCTAGAAGGGTA,Hillock,unknown,False
COV19_CH11283384_GAAGCAGGTAAGAGAG,Hillock,unknown,False
COV19_CH11283388_CGGACTGAGCCAGTAG,Hillock,unknown,False
COV19_CH11283388_GCGCGATCATGCATGT,Hillock,unknown,False
COV19_CH11283388_ATTGGACAGGAGTCTG,Hillock,unknown,False
COV19_CH11283388_CACACCTCACTGCCAG,Hillock,unknown,False
COV19_CH11283388_CCTTCCCCAGCGTTCG,Hillock,unknown,False
COV19_CH11283383_GTCACAATCCAGGGCT,Hillock,unknown,False
COV19_CH11283370_GGTGTTAGTAGGAGTC,Hillock,unknown,False
COV19_CH11283388_AAAGTAGCAAAGTCAA,Hillock,unknown,False
COV19_CH11283388_GTGAAGGTCCTATGTT,Hillock,unknown,False
COV19_CH11283364_TGCTGCTCAAGTCATC,Hillock,unknown,False
COV19_CH11283388_TTCGAAGTCGCGTAGC,Hillock,unknown,False
COV19_CH11283388_AAGCCGCTCATCTGCC,Hillock,unknown,False
COV19_CH11283388_CGCTATCGTCCGAAGA,Hillock,unknown,False
COV19_CH11283388_GTACGTAAGATGTGTA,Hillock,unknown,False
COV19_CH11283370_CGCTATCCAGATGGGT,Hillock,unknown,False
COV19_CH11283370_AGCGTATTCTAGAGTC,Hillock,unknown,False
COV19_CH11283370_CATCCACCACGGCCAT,Hillock,unknown,False
COV19_CH11283388_ACTTTCAGTGTGCCTG,Hillock,unknown,False
COV19_CH11283388_GCGGGTTGTTGGTAAA,Hillock,unknown,False
COV19_CH11283388_GGGACCTTCATCTGCC,Hillock,unknown,False
COV19_CH11283388_CGGACACGTTCGTGAT,Hillock,unknown,False
COV19_CH11931833_GTCTCGTGTAACGACG,Hillock,unknown,False
COV19_CH11283384_GGGATGATCGCTTAGA,Hillock,unknown,False
COV19_CH11283388_AGTCTTTGTTGTGGAG,Hillock,unknown,False
COV19_CH11931804_TACTCGCAGCTACCTA,Squamous,unknown,False
COV19_CH11931808_TGCTGCTGTAGGCTGA,Squamous,unknown,False
COV19_CH11931830_ACCGTAAGTGACGCCT,Squamous,unknown,False
COV19_CH11931817_GGTATTGTCTCTAGGA,Squamous,unknown,False
COV19_CH11931830_TACGGATTCCTTTCGG,Squamous,unknown,False
COV19_CH11931848_TGCACCTCAGACGCCT,Squamous,unknown,False
COV19_CH11931798_GCTTCCATCATGGTCA,Squamous,unknown,False
COV19_CH11283352_GTCATTTGTTCAGTAC,Squamous,unknown,False
COV19_CH11931802_GTCACGGTCTGTCTAT,Squamous,unknown,False
COV19_CH11931807_GTGCGGTAGCCAGGAT,Squamous,unknown,False
COV19_CH11283388_ACGGGTCTCTATCCTA,Squamous,unknown,False
COV19_CH11283372_CATCAAGCATCACGAT,Squamous,unknown,False
COV19_CH11283388_TCATTTGTCCCGGATG,Squamous,unknown,False
COV19_CH11283363_TCTTTCCTCTGTGCAA,Squamous,unknown,False
COV19_CH11931840_CCTCTGATCGTGTAGT,Squamous,unknown,False
COV19_CH11931836_ACTTTCAAGTGTCTCA,Squamous,unknown,False
COV19_CH11283360_GAATAAGTCGGCGGTT,Squamous,unknown,False
COV19_CH11931830_CTCGGGAAGTTCGATC,Squamous,unknown,False
COV19_CH11931838_TCTATTGCACATAACC,Squamous,unknown,False
COV19_CH11931846_ATTTCTGGTTACCAGT,Squamous,unknown,False
COV19_CH11931850_TCCCGATAGGGCATGT,Squamous,unknown,False
COV19_CH11931846_CGTCAGGAGACACGAC,Squamous,unknown,False
COV19_CH11931837_CAGAGAGAGCTCCTCT,Squamous,unknown,False
COV19_CH11283388_CTGAAGTGTACGAAAT,Squamous,unknown,False
COV19_CH11931798_GATCTAGAGCCGTCGT,Squamous,unknown,False
COV19_CH11283387_ATAGACCAGAAGGACA,Squamous,unknown,False
COV19_CH11283372_AAGGCAGGTCTCAACA,Squamous,unknown,False
COV19_CH11931850_AACGTTGTCCTTAATC,Squamous,unknown,False
COV19_CH11931808_TCTCATAAGAAGGGTA,Squamous,unknown,False
COV19_CH11283383_GGCTGGTAGGCTCTTA,Squamous,unknown,False
COV19_CH11283386_GATCGATAGATCACGG,Squamous,unknown,False
COV19_CH11931840_TCATTTGGTTCCACGG,Squamous,unknown,False
COV19_CH11283386_CCGGTAGAGAAGGTGA,Squamous,unknown,False
COV19_CH11283371_GCACATAAGTATTGGA,Squamous,unknown,False
COV19_CH11283368_TTGGCAAGTCTAAAGA,Squamous,unknown,False
COV19_CH11283384_GCAGTTAGTAGGCATG,Squamous,unknown,False
COV19_CH11283388_AACTTTCTCCTCCTAG,Squamous,unknown,False
COV19_CH11283387_GGTGCGTAGCTGCAAG,Squamous,unknown,False
COV19_CH11931824_ATCTACTCATTGGGCC,Squamous,unknown,False
COV19_CH11931830_GCGCGATCAATCTACG,Squamous,unknown,False
COV19_CH11931799_GCTGCTTAGCTCCTCT,Ductal,unknown,False
COV19_CH11283359_GCGCAGTAGCTGAAAT,Ductal,unknown,False
COV19_CH11283359_CGCGTTTCACATCCGG,Ductal,unknown,False
COV19_CH11283390_CTGCTGTTCGGTGTTA,Ductal,unknown,False
COV19_CH11283358_CTGTTTATCCTTGGTC,Ductal,unknown,False
COV19_CH11283383_ACTTTCATCTAACTTC,Ductal,unknown,False
COV19_CH11283388_GTCGGGTAGGTGATTA,Ductal,unknown,False
COV19_CH11283366_GCTGCAGGTCCGAAGA,Ductal,unknown,False
COV19_CH11283353_TTCGAAGAGGCATGGT,Ductal,unknown,False
COV19_CH11283345_CACATTTGTGCAACGA,Ductal,unknown,False
COV19_CH11931825_CATGGCGTCTGTACGA,Ductal,unknown,False
COV19_CH11931799_ACTGAACGTCTCAACA,Ductal,unknown,False
COV19_CH11283379_CATCCACCACGTAAGG,Ductal,unknown,False
COV19_CH11931846_CGAATGTGTCCTCTTG,Ductal,unknown,False
COV19_CH11283359_CCGGGATCATGCCTTC,Ductal,unknown,False
COV19_CH11931849_CAGAGAGAGGGTCTCC,Ductal,unknown,False
COV19_CH11931799_CCTCTGATCAGGTTCA,Ductal,unknown,False
COV19_CH11283359_TGTCCCACACTTAACG,Ductal,unknown,False
COV19_CH11931802_CACACAATCGAATGCT,Ductal,unknown,False
COV19_CH11283372_CCAGCGAGTGACAAAT,Ductal,unknown,False
COV19_CH11931813_GACACGCGTCTTCGTC,Ductal,unknown,False
COV19_CH11283370_CTCCTAGCATAGACTC,Ductal,unknown,False
COV19_CH11283372_TTGGCAACAGTGGAGT,Ductal,unknown,False
COV19_CH11283373_ACTGAACAGTGAACAT,Ductal,unknown,False
COV19_CH11283366_CTCGTCAAGTGCCATT,Ductal,unknown,False
COV19_CH11283383_TCATTACCATCAGTCA,Ductal,unknown,False
COV19_CH11283366_AGAATAGTCGAGAACG,Ductal,unknown,False
COV19_CH11283368_CCGGGATGTAAGAGGA,Ductal,unknown,False
COV19_CH11283360_GTGTGCGAGTGTCCCG,Ductal,unknown,False
COV19_CH11931799_CTCGTCATCCTTGCCA,Ductal,unknown,False
COV19_CH11283382_GGGAATGTCCAGTATG,Ductal,unknown,False
COV19_CH11283359_ACATCAGGTCAATACC,Ductal,unknown,False
COV19_CH11931813_CTTAGGAAGCCACGTC,Ductal,unknown,False
COV19_CH11931818_GCTGGGTTCGTAGGAG,Ductal,unknown,False
COV19_CH11283360_GCGCAACGTTGATTGC,Ductal,unknown,False
COV19_CH11283360_AGAGTGGAGCTAAACA,Ductal,unknown,False
COV19_CH11283359_TAGACCATCACGACTA,Ductal,unknown,False
COV19_CH11283383_CGTTGGGAGGAGTTGC,Ductal,unknown,False
COV19_CH11931815_CAACCAATCCACGTTC,Ductal,unknown,False
COV19_CH11283366_GGATGTTCACCACCAG,Ductal,unknown,False
COV19_CH11283371_CACCTTGTCACTATTC,cDC1,unknown,False
COV19_CH11283371_CGTCAGGCAGGTTTCA,cDC1,unknown,False
COV19_CH11283383_CTCAGAAGTTTAGCTG,cDC1,unknown,False
COV19_CH11283385_TTCTCCTCAGCTCGCA,cDC1,unknown,False
COV19_CH11931834_TGGCGCAGTAGTACCT,cDC1,unknown,False
COV19_CH11283393_ACGCAGCGTGTGGCTC,cDC1,unknown,False
COV19_CH11931834_CTACCCAGTACCGGCT,cDC1,unknown,False
COV19_CH11931834_CCGGTAGGTAGCCTCG,cDC1,unknown,False
COV19_CH11283388_GACTGCGCAAGCGAGT,cDC1,unknown,False
COV19_CH11931834_GACGTTAGTGGTTTCA,cDC1,unknown,False
COV19_CH11283377_AAAGCAATCACTATTC,cDC1,unknown,False
COV19_CH11283383_GCATGTACAGTATCTG,cDC1,unknown,False
COV19_CH11283387_CTCTACGCAACGCACC,cDC1,unknown,False
COV19_CH11931834_CCCAGTTGTAGTGAAT,cDC1,unknown,False
COV19_CH11283383_CTAGTGAAGGACGAAA,cDC1,unknown,False
COV19_CH11931834_CACACAAGTATTAGCC,cDC1,unknown,False
COV19_CH11283389_CGAACATAGGTGCACA,cDC1,unknown,False
COV19_CH11283383_TTGTAGGAGCCAGTTT,cDC1,unknown,False
COV19_CH11283385_GCTGGGTGTAAGGGCT,cDC1,unknown,False
COV19_CH11283390_TCATTTGCATGGATGG,cDC1,unknown,False
COV19_CH11931835_GAAATGAGTTACGCGC,cDC1,unknown,False
COV19_CH11283383_GTCACGGAGAAACGAG,cDC1,unknown,False
COV19_CH11931834_GTTACAGAGCGAAGGG,cDC1,unknown,False
COV19_CH11283383_CTCGTACGTTACCAGT,cDC1,unknown,False
COV19_CH11931842_CGTCCATTCGTGTAGT,cDC1,unknown,False
COV19_CH11283363_CACCTTGGTACCGGCT,cDC1,unknown,False
COV19_CH11283371_AAGCCGCAGCAGATCG,cDC1,unknown,False
COV19_CH11283385_GTATTCTGTTAAGAAC,cDC1,unknown,False
COV19_CH11931802_TAGGCATCACGAAATA,cDC1,unknown,False
COV19_CH11931834_GTCACAAAGTATCGAA,cDC1,unknown,False
COV19_CH11283393_GTATCTTGTCTCTCTG,cDC1,unknown,False
COV19_CH11283371_ACTGAACTCCGTCAAA,cDC1,unknown,False
COV19_CH11931834_TCGGTAAAGACTCGGA,cDC1,unknown,False
COV19_CH11283357_CTACGTCTCTGTCCGT,cDC1,unknown,False
COV19_CH11283393_CACACTCTCTATCCCG,cDC1,unknown,False
COV19_CH11931834_GTGAAGGGTTTGTTTC,cDC1,unknown,False
COV19_CH11283386_TACTCATTCCTTGCCA,AS-DC,unknown,False
COV19_CH11283381_GCTTCCACAGATGGGT,AS-DC,unknown,False
COV19_CH11283350_TCAGCAACATTCCTGC,AS-DC,unknown,False
COV19_CH11283369_CGCTGGACAGGTGCCT,AS-DC,unknown,False
COV19_CH11283369_GATGCTAGTGTAAGTA,AS-DC,unknown,False
COV19_CH11283369_AGTAGTCCACCGATAT,AS-DC,unknown,False
COV19_CH11931834_CGATGTAGTGACTCAT,AS-DC,unknown,False
COV19_CH11931834_TCAGATGTCTCAAACG,AS-DC,unknown,False
COV19_CH11931801_GCTTGAATCTGAGTGT,AS-DC,unknown,False
COV19_CH11931834_GCATGCGCATTCCTGC,AS-DC,unknown,False
COV19_CH11283388_ATCACGACAGTCCTTC,AS-DC,unknown,False
COV19_CH11931850_TGAAAGATCTTCGAGA,AS-DC,unknown,False
COV19_CH11283381_TTCGAAGTCTACGAGT,AS-DC,unknown,False
COV19_CH11283391_CGTGTCTAGTTCCACA,AS-DC,unknown,False
COV19_CH11283363_GTACTCCCAAAGCGGT,AS-DC,unknown,False
COV19_CH11931835_AGAGCTTAGACTTGAA,AS-DC,unknown,False
COV19_CH11931834_GGCTCGATCATGTAGC,AS-DC,unknown,False
COV19_CH11283381_GCTTGAACATCGGAAG,AS-DC,unknown,False
COV19_CH11283371_CCTACACAGGTGCTAG,AS-DC,unknown,False
COV19_CH11283362_CATATTCAGTGTCCAT,AS-DC,unknown,False
COV19_CH11283371_CGTCAGGGTCGCATCG,AS-DC,unknown,False
COV19_CH11283391_CCTTTCTAGACCCACC,AS-DC,unknown,False
COV19_CH11283385_CCCATACGTCGCCATG,AS-DC,unknown,False
COV19_CH11283363_ACGGGCTTCGTATCAG,AS-DC,unknown,False
COV19_CH11283350_CTCTAATCACGCGAAA,AS-DC,unknown,False
COV19_CH11931834_CCTTTCTCAGCGAACA,AS-DC,unknown,False
COV19_CH11283364_CTTGGCTGTCCATGAT,AS-DC,unknown,False
COV19_CH11931842_GAGGTGAGTTTGGCGC,AS-DC,unknown,False
COV19_CH11931834_CGATGGCTCCAGATCA,AS-DC,unknown,False
COV19_CH11931852_ACACCGGAGCGCTTAT,Mast,unknown,False
COV19_CH11931811_GGAGCAAGTCAAACTC,Mast,unknown,False
COV19_CH11931802_GGCCGATAGACAGGCT,Mast,unknown,False
COV19_CH11283371_AGCTTGAAGTCCATAC,Mast,unknown,False
COV19_CH11931801_TGATTTCGTGAGTATA,Mast,unknown,False
COV19_CH11283389_CGCTTCACACCCATGG,Mast,unknown,False
COV19_CH11931852_CCCTCCTAGCAGCCTC,Mast,unknown,False
COV19_CH11931811_CACATAGGTACTCAAC,Mast,unknown,False
COV19_CH11283382_CAGAGAGTCTTAGCCC,Mast,unknown,False
COV19_CH11283387_GCGCAACCACGAGAGT,Mast,unknown,False
COV19_CH11283364_CTCGGGAGTCAGCTAT,Mast,unknown,False
COV19_CH11931852_AGTGAGGTCGGAAATA,Mast,unknown,False
COV19_CH11931852_CTTGGCTCATCATCCC,Mast,unknown,False
COV19_CH11931852_CTCCTAGGTTCCTCCA,Mast,unknown,False
COV19_CH11931839_GATCAGTTCAAACCGT,Mast,unknown,False
COV19_CH11283352_AGACGTTTCATGTCCC,Mast,unknown,False
COV19_CH11931821_CACTCCATCTTTACGT,Mast,unknown,False
COV19_CH11283361_TATGCCCAGTCTCAAC,Mast,unknown,False
COV19_CH11931811_GCACATAGTACGAAAT,Mast,unknown,False
COV19_CH11931808_CAGCATAGTCTGATTG,Mast,unknown,False
COV19_CH11931803_CTCATTATCGTCCGTT,Melanocyte,unknown,False
COV19_CH11283365_AACCGCGAGGACTGGT,Melanocyte,unknown,False
COV19_CH11931803_TTCTCCTCAGTCAGAG,Melanocyte,unknown,False
COV19_CH11931808_GGGATGAAGTAACCCT,Melanocyte,unknown,False
COV19_CH11931817_ATCGAGTGTATCGCAT,Melanocyte,unknown,False
COV19_CH11931803_GGAGCAAAGGGCTCTC,Melanocyte,unknown,False
COV19_CH11931803_GCATACACAGACAAAT,Melanocyte,unknown,False
COV19_CH11931803_ATTATCCGTTTAGCTG,Melanocyte,unknown,False
COV19_CH11931803_CTCAGAAGTAAAGGAG,Melanocyte,unknown,False
COV19_CH11931803_CTGAAACAGATAGTCA,Melanocyte,unknown,False
COV19_CH11283385_GATCGCGTCTCAAACG,Melanocyte,unknown,False
