cell_id,node_id
COV19_CH11283376_CTGCCTAAGTGGCACA,0
COV19_CH11283392_ATTACTCTCCTTTCTC,1
COV19_CH11283370_CCATTCGTCGAGGTAG,2
COV19_CH11931807_CCTCAGTGTTGTGGCC,3
COV19_CH11931802_GCACTCTAGTCTCCTC,4
COV19_CH11931844_AGAGCTTGTTGGTTTG,5
COV19_CH11283389_ACTTGTTCAAACAACA,6
COV19_CH11283371_ACGGGTCGTGTCGCTG,7
COV19_CH11283384_TAAACCGCACGGCCAT,8
COV19_CH11283357_TGAGAGGCACCAGCAC,9
COV19_CH11931843_AACTCCCTCGCAAGCC,10
COV19_CH11283386_CGAGAAGTCTTGTATC,11
COV19_CH11283354_TGAGAGGTCTAACTCT,12
COV19_CH11931843_CTCACACTCTGCGACG,13
COV19_CH11283373_TAAGCGTAGAAAGTGG,14
COV19_CH11931807_CGGACGTCATGTTGAC,15
COV19_CH11283368_CCACTACCACGACGAA,16
COV19_CH11283373_AACTGGTTCTACGAGT,17
COV19_CH11283372_CGGACGTCATGCGCAC,18
COV19_CH11931799_CTCTGGTAGCGTTCCG,19
COV19_CH11931834_ACTGAACAGTGGAGTC,20
COV19_CH11283385_ACGCCGAAGTGGTCCC,21
COV19_CH11283345_TACTTGTTCACGAAGG,22
COV19_CH11931807_GCGGGTTGTCTTCTCG,23
COV19_CH11931809_CATCGAAAGCTTATCG,24
COV19_CH11283377_GGTGTTACAGTTCATG,25
COV19_CH11931801_GAACGGAGTCGCATCG,26
COV19_CH11931837_TTGGAACAGTCGAGTG,27
COV19_CH11283372_TTAGGACTCTCAACTT,28
COV19_CH11931834_TGCGCAGAGTGGACGT,29
COV19_CH11283372_GATGCTAAGGACAGCT,30
COV19_CH11931825_TGCCCTACATCTATGG,31
COV19_CH11283352_GTTACAGGTCCGAATT,32
COV19_CH11283361_TACGGTACAGTTCCCT,33
COV19_CH11283368_GAGGTGACATCCAACA,34
COV19_CH11283368_GCTCTGTGTTAAGACA,35
COV19_CH11931838_ATAGACCCATCACAAC,36
COV19_CH11283368_AACCGCGCAAGGTGTG,37
COV19_CH11931799_CATCAAGGTCTTCTCG,38
COV19_CH11931841_TGTGTTTAGTGGTCCC,39
COV19_CH11283368_GATCTAGCAAAGCGGT,40
COV19_CH11283358_CATGCCTAGTGCGATG,41
COV19_CH11283352_GTGCAGCCACGCTTTC,42
COV19_CH11283367_GCATGATCAGCTCCGA,43
COV19_CH11283354_CCCAGTTAGTCTCAAC,44
COV19_CH11931810_AAGGCAGTCTTTAGGG,45
COV19_CH11283373_ACGGCCATCCGCGGTA,46
COV19_CH11283368_ACGGGTCCAGTAGAGC,47
COV19_CH11283377_TTTGCGCCAGACGCCT,48
COV19_CH11283355_GTAGGCCGTTGTACAC,49
COV19_CH11283361_GAATAAGAGCATCATC,50
COV19_CH11283352_TACTTACCAGTTTACG,51
COV19_CH11931805_ACCGTAACAATCTACG,52
COV19_CH11283361_GTAACTGAGCTTATCG,53
COV19_CH11283389_AAGTCTGGTCCTGCTT,54
COV19_CH11931845_TGAGAGGTCGGCGCTA,55
COV19_CH11283370_CAACCAACAGTAAGAT,56
COV19_CH11931843_AGAATAGGTCTGGTCG,57
COV19_CH11931809_CATCAGACAAGTCATC,58
COV19_CH11283359_CCAATCCAGCTCCTCT,59
COV19_CH11283372_ACTTGTTAGAGACTTA,60
COV19_CH11283373_GATCGATGTGGCTCCA,61
COV19_CH11931806_CACAGTACACGGCTAC,62
COV19_CH11931798_CTGAAGTGTATCTGCA,63
COV19_CH11283373_CGTAGCGCACTGCCAG,64
COV19_CH11283346_TGTATTCTCTCTAGGA,65
COV19_CH11931818_GATCTAGAGGAACTGC,66
COV19_CH11283373_CGCTGGAGTGGTTTCA,67
COV19_CH11283387_TCAGCTCTCCGTAGGC,68
COV19_CH11283361_ACGGGTCAGTACGATA,69
COV19_CH11931828_GACACGCTCTGTGCAA,70
COV19_CH11283349_TTCTTAGGTGAGGCTA,71
COV19_CH11931822_TGTGTTTAGGTGCTTT,72
COV19_CH11931818_AGCTTGATCATCATTC,73
COV19_CH11283368_CACTCCAAGGTGATAT,74
COV19_CH11931849_CAGATCAAGCACACAG,75
COV19_CH11931834_GATGAAAAGGCATGTG,76
COV19_CH11931826_GCAAACTAGTAGCGGT,77
COV19_CH11931843_ACGGGTCTCGCATGAT,78
COV19_CH11931808_GATGAAAGTTGTCGCG,79
COV19_CH11283393_GACGTTAGTCTGATCA,80
COV19_CH11283372_ACTTGTTAGAATCTCC,81
COV19_CH11283373_TACGGTACATGTAAGA,82
COV19_CH11283371_GTGCAGCCAGATTGCT,83
COV19_CH11931819_TACACGAGTGGTTTCA,84
COV19_CH11283366_TTCGGTCCAGCGTCCA,85
COV19_CH11283389_CGTTGGGTCTGTGCAA,86
COV19_CH11931835_GCGCCAAAGTGTCCCG,87
COV19_CH11931852_CCGTACTTCGGCTACG,88
COV19_CH11283377_TCGCGTTAGCGTAGTG,89
COV19_CH11931811_TAAACCGCACAAGCCC,90
COV19_CH11283351_GGATGTTGTATGAAAC,91
COV19_CH11931845_TAAGCGTAGTGCCAGA,92
COV19_CH11931833_CGTTAGATCCACGACG,93
COV19_CH11283393_CTCAGAAGTGTTGAGG,94
COV19_CH11283384_TTAACTCTCCTCATTA,95
COV19_CH11283376_TGCCCATTCTTCTGGC,96
COV19_CH11283363_GTCTTCGAGATATGCA,97
COV19_CH11931833_GACTGCGCATCGACGC,98
COV19_CH11931823_CGGTTAATCTTAGCCC,99
COV19_CH11283369_GTTTCTATCTACTCAT,100
COV19_CH11283362_AGAATAGAGCACACAG,101
COV19_CH11931827_ACACCGGCAAAGGTGC,102
COV19_CH11283370_ACGGGCTTCCAAGTAC,103
COV19_CH11931842_GGATTACCATGGAATA,104
COV19_CH11931823_GTAGTCATCCCTTGCA,105
COV19_CH11931800_GGGCACTAGGTTCCTA,106
COV19_CH11283387_TCGAGGCCATAACCTG,107
COV19_CH11931852_ACGAGGACACCAGCAC,108
COV19_CH11931811_CTTAGGACAAACGTGG,109
COV19_CH11931807_CATCGGGTCTAACTGG,110
COV19_CH11283361_CTCGGGAGTACCGCTG,111
COV19_CH11931846_ACATGGTAGAGCCCAA,112
COV19_CH11931831_GATCAGTTCATTGCGA,113
COV19_CH11283370_GCGACCAGTCACCTAA,114
COV19_CH11931809_TCTGAGACATGAACCT,115
COV19_CH11931818_AACCATGAGCGTTGCC,116
COV19_CH11283373_TTGCGTCTCACGAAGG,117
COV19_CH11931849_CATTATCGTGGCAAAC,118
COV19_CH11931835_CCCTCCTGTAGCGTGA,119
COV19_CH11283392_GTACGTAAGTCGCCGT,120
COV19_CH11283369_TGACTTTGTACCTACA,121
COV19_CH11931800_GAACCTAGTTGTGGAG,122
COV19_CH11931831_GAATAAGGTATCAGTC,123
COV19_CH11931808_CAGTCCTCATCCCATC,124
COV19_CH11283381_GTGGGTCCACTTCGAA,125
COV19_CH11931839_CACAGGCAGAGTACAT,126
COV19_CH11283382_TGCTACCGTGCACGAA,127
COV19_CH11931832_CTAACTTGTAGTACCT,128
COV19_CH11931848_CAAGGCCTCTATCGCC,129
COV19_CH11931822_GGCGACTGTGGTACAG,130
COV19_CH11931837_TTGGAACCACTTACGA,131
COV19_CH11931840_TCAGGTACAGCTTAAC,132
COV19_CH11283387_GCAGCCAGTACTTAGC,133
COV19_CH11283369_CAGCAGCAGAGAACAG,134
COV19_CH11283361_ACTGAGTAGCTGGAAC,135
COV19_CH11283371_GCATGCGAGAACAACT,136
COV19_CH11283352_CGGCTAGCACTTCTGC,137
COV19_CH11931842_CCAGCGAGTAGTGAAT,138
COV19_CH11931842_AGAATAGGTCTCAACA,139
COV19_CH11283390_GCAGCCAAGAAACGAG,140
COV19_CH11283371_CTCGAAATCGGCTTGG,141
COV19_CH11283381_CATTCGCCATTCCTCG,142
COV19_CH11283353_CATGACAAGCGATATA,143
COV19_CH11283373_CTCACACGTGATAAAC,144
COV19_CH11283361_CAAGGCCGTCCCTTGT,145
COV19_CH11283369_GGACGTCAGAGACTTA,146
COV19_CH11283391_GGGAATGCAAGTAATG,147
COV19_CH11931831_GAGCAGACAGCTTCGG,148
COV19_CH11283363_GGACATTCACCACCAG,149
COV19_CH11931835_CAGCATAGTATCAGTC,150
COV19_CH11931840_ACGGCCAGTCTGCAAT,151
COV19_CH11931842_TAGGCATTCAGCTCGG,152
COV19_CH11283392_GCAGTTATCCACGACG,153
COV19_CH11931851_GGACATTGTAGGACAC,154
COV19_CH11283381_TCAATCTAGTGAACAT,155
COV19_CH11931799_GACCTGGAGGAATGGA,156
COV19_CH11931800_GACTGCGCAGCGTAAG,157
COV19_CH11931852_AATCCAGCATTTGCCC,158
COV19_CH11931845_ATGAGGGGTGGTAACG,159
COV19_CH11931842_GGACAAGCAGGGATTG,160
COV19_CH11283387_ACGCCGAGTGTGAAAT,161
COV19_CH11283359_ACCCACTTCATCATTC,162
COV19_CH11283347_GACGGCTTCGACGGAA,163
COV19_CH11283387_ACTGCTCCAGTCAGAG,164
COV19_CH11931849_TGCGTGGCAGTAAGCG,165
COV19_CH11283391_AGAATAGTCGCATGAT,166
COV19_CH11931804_GACTAACTCATCGCTC,167
COV19_CH11283368_GATGCTACACCCAGTG,168
COV19_CH11283393_GTTCGGGAGGACACCA,169
COV19_CH11283381_GTTCATTCATGTCTCC,170
COV19_CH11283371_TGCGGGTTCATATCGG,171
COV19_CH11283369_AGAGCGATCTTATCTG,172
COV19_CH11283362_CCTTCCCGTCGCCATG,173
COV19_CH11931852_TGTGTTTTCTTACCGC,174
COV19_CH11931831_GGGTTGCGTCATACTG,175
COV19_CH11283374_CCTCAGTAGCGCTTAT,176
COV19_CH11931842_CTGCCTAAGCGTGAGT,177
COV19_CH11931811_TGAGGGACATTAACCG,178
COV19_CH11283371_TCTGGAATCCTCAACC,179
COV19_CH11283372_TTTCCTCTCTACTCAT,180
COV19_CH11931826_GCGACCACAACGCACC,181
COV19_CH11283379_GTGCGGTGTATCAGTC,182
COV19_CH11283369_CCACCTAAGCGGCTTC,183
COV19_CH11931849_GTAGGCCGTTAAGACA,184
COV19_CH11931802_CACTCCAAGAACTCGG,185
COV19_CH11283367_TGCGGGTCAATCCGAT,186
COV19_CH11931842_GGCTGGTTCCCATTAT,187
COV19_CH11931802_TACCTTATCGGCGCTA,188
COV19_CH11931817_GCATACAGTCGTGGCT,189
COV19_CH11283387_CGTAGGCAGATGTTAG,190
COV19_CH11931824_CTAATGGTCTTGTTTG,191
COV19_CH11931852_TGAAAGACAGCTGCTG,192
COV19_CH11283392_CTCTGGTCACGTCAGC,193
COV19_CH11931832_AGCTCCTCATCGACGC,194
COV19_CH11283387_TTCGGTCCAGCCACCA,195
COV19_CH11283373_CGTGTAATCGATAGAA,196
COV19_CH11283375_GCAGCCATCTCGGACG,197
COV19_CH11931834_ACGGGCTAGATATGGT,198
COV19_CH11931801_GAGTCCGGTTCGTGAT,199
COV19_CH11283391_GCTTGAAAGCAGGCTA,200
COV19_CH11931822_CATATGGCAACACCCG,201
COV19_CH11931837_TCAATCTTCTCCGGTT,202
COV19_CH11931831_CCCTCCTTCACTTATC,203
COV19_CH11931847_ACCAGTATCCTAGTGA,204
COV19_CH11931834_AGGCCACAGGACAGAA,205
COV19_CH11931834_AGTTGGTTCATTTGGG,206
COV19_CH11283391_GCCAAATTCACAACGT,207
COV19_CH11283383_GTACGTATCGAATGCT,208
COV19_CH11283384_CTACATTGTGTAACGG,209
COV19_CH11931807_AGTGGGATCCCTCAGT,210
COV19_CH11283360_GGATGTTTCGCGTAGC,211
COV19_CH11931802_GTCAAGTGTTGTGGAG,212
COV19_CH11931850_CTGATCCAGTCCTCCT,213
COV19_CH11931808_GGACAGAAGGACACCA,214
COV19_CH11283391_TGGACGCCAGGAATGC,215
COV19_CH11283352_CCCAGTTGTTAAAGAC,216
COV19_CH11283391_TTAACTCTCGTACCGG,217
COV19_CH11283367_GGGAATGCATAGACTC,218
COV19_CH11931808_CTTTGCGAGGCATGTG,219
COV19_CH11931836_CCTACCACACACATGT,220
COV19_CH11283388_GGTATTGGTACCGTAT,221
COV19_CH11283393_CTAGAGTGTGTGAAAT,222
COV19_CH11931817_GACCTGGTCACCGTAA,223
COV19_CH11283390_ACTGTCCGTTTAAGCC,224
COV19_CH11931799_ATAACGCGTCTCTTAT,225
COV19_CH11931846_TCTATTGTCCGAACGC,226
COV19_CH11931810_CGTTAGAAGGCTAGCA,227
COV19_CH11283388_GGACATTCAAACGTGG,228
COV19_CH11931848_CTCGTCAAGACCACGA,229
COV19_CH11283388_ACTGCTCGTAGAAAGG,230
COV19_CH11283391_AAGCCGCCAACGATGG,231
COV19_CH11931850_CTCGGGACATAAAGGT,232
COV19_CH11931823_TGCCAAAGTCTGATTG,233
COV19_CH11283383_CAACTAGCACGGCTAC,234
COV19_CH11283384_AAGGCAGTCAACGGCC,235
COV19_CH11931818_GGTGAAGCACGAGAGT,236
COV19_CH11931825_TATTACCTCTTAGAGC,237
COV19_CH11283384_GCGCAACGTGATGTGG,238
COV19_CH11283352_GGCTGGTAGTGTACCT,239
COV19_CH11931837_GAACATCCATCGTCGG,240
COV19_CH11931834_TTGCCGTGTCCGTGAC,241
COV19_CH11931801_AACCATGCAGTATGCT,242
COV19_CH11931810_GAACATCCATTCACTT,243
COV19_CH11283353_CTGCTGTCAAGTAATG,244
COV19_CH11283370_CTCTACGAGTGCCAGA,245
COV19_CH11931808_GAATGAATCAGGTAAA,246
COV19_CH11931834_GTATCTTTCAGCCTAA,247
COV19_CH11283371_CTCTGGTCAGGCGATA,248
COV19_CH11283391_TGGGCGTGTTGGTGGA,249
COV19_CH11283380_CACAGGCTCCGTACAA,250
COV19_CH11931810_AAACGGGGTACCCAAT,251
COV19_CH11931836_CGCCAAGAGTGCGTGA,252
COV19_CH11931800_CTCGGAGGTCTAGTGT,253
COV19_CH11931849_CCCAATCTCCTTGACC,254
COV19_CH11283390_AACTGGTAGTTAAGTG,255
COV19_CH11931834_AACTTTCGTACATGTC,256
COV19_CH11283393_CATCCACGTGGGTATG,257
COV19_CH11283367_CCGGTAGGTACCTACA,258
COV19_CH11931842_GCTTGAATCTTATCTG,259
COV19_CH11931810_CGTCACTTCACGATGT,260
COV19_CH11283385_GCATGTACACCGATAT,261
COV19_CH11931834_AACCGCGGTACTCTCC,262
COV19_CH11283345_TTCTACAAGGATGCGT,263
COV19_CH11931850_ACACCAAGTTAGATGA,264
COV19_CH11931831_AGATCTGTCTGGCGAC,265
COV19_CH11283384_ATGAGGGCATCCCACT,266
COV19_CH11931834_CGGACGTGTTCCCGAG,267
COV19_CH11931810_TTCGAAGCATATACGC,268
COV19_CH11283377_GCGCCAAGTCCCGACA,269
COV19_CH11283370_CTACATTCAAAGTGCG,270
COV19_CH11283359_AGCGTATTCAACACCA,271
COV19_CH11283384_GAACGGATCCACGTTC,272
COV19_CH11931823_AGACGTTTCCCAAGAT,273
COV19_CH11931799_TGGCTGGTCATGCATG,274
COV19_CH11283368_GGACGTCGTATGCTTG,275
COV19_CH11283365_GAAATGAGTTCCCGAG,276
COV19_CH11931808_TTGTAGGAGTCTCCTC,277
COV19_CH11283375_CAAGATCTCCCATTTA,278
COV19_CH11931801_GCACTCTGTTAGATGA,279
COV19_CH11931813_ACGCCAGCAATAGAGT,280
COV19_CH11931834_GTGTTAGAGCGAGAAA,281
COV19_CH11931805_CAGTAACAGAGACTTA,282
COV19_CH11283383_CAACCAATCTCAACTT,283
COV19_CH11283391_CCTAAAGAGAGGACGG,284
COV19_CH11931802_TACACGACAGCTGTGC,285
COV19_CH11931834_CATGCCTCAAGTTAAG,286
COV19_CH11931807_CTACGTCCAGCGTTCG,287
COV19_CH11931807_CTTACCGTCTCAACTT,288
COV19_CH11283380_ACTTACTCAGTACACT,289
COV19_CH11931848_TGAGAGGCAATAGCGG,290
COV19_CH11931834_ACTGTCCGTGCGCTTG,291
COV19_CH11931810_TGCACCTGTGGTCTCG,292
COV19_CH11283357_CACATAGTCGACAGCC,293
COV19_CH11931834_ACTGTCCTCTACTTAC,294
COV19_CH11931851_CCAATCCTCTTAACCT,295
COV19_CH11931834_ACTGAACCAGTGGGAT,296
COV19_CH11283371_CTGCGGACAACACGCC,297
COV19_CH11931808_ATCACGACAGCGTAAG,298
COV19_CH11931818_TCAGCTCGTTGATTGC,299
COV19_CH11283353_CACAAACGTGAGGCTA,300
COV19_CH11931805_AAACGGGAGCCTCGTG,301
COV19_CH11283388_AGAGCTTGTTAAGTAG,302
COV19_CH11931805_TCACGAAAGATGCCTT,303
COV19_CH11283382_GCATGATTCCTATGTT,304
COV19_CH11283389_GAAGCAGGTTGGTGGA,305
COV19_CH11283358_TGAGGGATCATCTGCC,306
COV19_CH11283389_ACCTTTAAGGCGCTCT,307
COV19_CH11283380_TCATTACAGACGACGT,308
COV19_CH11283382_CTACCCAGTTGTACAC,309
COV19_CH11283354_ATCTACTGTCGGCTCA,310
COV19_CH11931805_ATCATCTGTACTCTCC,311
COV19_CH11931831_TTTGGTTGTTCAGTAC,312
COV19_CH11931799_GCAAACTGTAAATACG,313
COV19_CH11931805_CACCTTGAGTGCCATT,314
COV19_CH11931841_ATGGGAGCAATGTAAG,315
COV19_CH11931841_CAGGTGCTCAACGCTA,316
COV19_CH11283353_TTGACTTAGACAAGCC,317
COV19_CH11931834_TAGAGCTCATGACGGA,318
COV19_CH11931831_CTACATTAGAATAGGG,319
COV19_CH11931803_GGGCATCTCTGTCAAG,320
COV19_CH11283374_AACGTTGCATCCGGGT,321
COV19_CH11283358_GCGGGTTGTGGCCCTA,322
COV19_CH11283385_GCGACCACATCACAAC,323
COV19_CH11283364_ACTATCTTCATCGCTC,324
COV19_CH11283358_GAACATCTCATCGATG,325
COV19_CH11283358_GCATGATAGTAAGTAC,326
COV19_CH11283382_GGGCACTTCATCGCTC,327
COV19_CH11931821_TGCGCAGCAGTGAGTG,328
COV19_CH11283358_ATTGGACAGCGCTTAT,329
COV19_CH11283373_CTGATAGGTTCACCTC,330
COV19_CH11931810_TCTGAGAGTCTGATTG,331
COV19_CH11931823_AAACGGGAGCGTTTAC,332
COV19_CH11931802_CTGCGGAAGAGTGAGA,333
COV19_CH11931807_TGAGCCGGTATATGGA,334
COV19_CH11283380_ACACTGAAGACTGGGT,335
COV19_CH11931850_TTCTACAAGCACCGTC,336
COV19_CH11931841_TAAGAGAGTTGCGTTA,337
COV19_CH11931826_CGCGGTATCTCGAGTA,338
COV19_CH11931805_GCTGCTTAGCGCCTCA,339
COV19_CH11931837_TAAGCGTAGAGACGAA,340
COV19_CH11931834_CGGTTAAGTATTCTCT,341
COV19_CH11931847_GAACATCTCCATGAGT,342
COV19_CH11283353_GGTATTGAGGCTCAGA,343
COV19_CH11283372_GAAATGAAGATCCTGT,344
COV19_CH11283377_GAACCTAGTTACGGAG,345
COV19_CH11283358_CTTGGCTAGCCGCCTA,346
COV19_CH11283374_GCGGGTTCAGCTGTTA,347
COV19_CH11931838_GGAATAATCGGTGTTA,348
COV19_CH11283389_CTCGAAACACGAAAGC,349
COV19_CH11283349_GCCAAATCAAGTCTAC,350
COV19_CH11931838_GTGCATACACGGTGTC,351
COV19_CH11283382_AAGGCAGCACACTGCG,352
COV19_CH11283389_ACTGAGTCAGCATACT,353
COV19_CH11283382_GTCGTAACACACCGAC,354
COV19_CH11283353_GATGAGGTCAACGCTA,355
COV19_CH11283380_TGCGTGGGTGTGACCC,356
COV19_CH11931847_CATCAAGGTATAGGGC,357
COV19_CH11931837_CGGACACGTACGAAAT,358
COV19_CH11283389_CAGCCGATCTTACCTA,359
COV19_CH11283388_CCTAGCTTCACTCTTA,360
COV19_CH11283366_TGGCGCATCTCCCTGA,361
COV19_CH11931807_CAGCAGCTCAAACAAG,362
COV19_CH11283353_CTGAAGTTCCACGTTC,363
COV19_CH11283382_CAGGTGCCAAGGACTG,364
COV19_CH11283354_CTAGAGTCACTTGGAT,365
COV19_CH11283382_CAAGAAAAGTCATCCA,366
COV19_CH11931805_CTAATGGCAGGCAGTA,367
COV19_CH11283364_ACTTACTCACAGCCCA,368
COV19_CH11931807_CGGTTAACAAGTAATG,369
COV19_CH11283382_CGGCTAGTCTCGATGA,370
COV19_CH11931807_TCAGGTAAGCGCCTCA,371
COV19_CH11283382_CCATGTCAGCGCTTAT,372
COV19_CH11283374_AGCGTATGTGAAAGAG,373
COV19_CH11283366_ATCATGGGTACTTGAC,374
COV19_CH11283364_ATGTGTGAGGACAGCT,375
COV19_CH11283358_CTACGTCGTTCGGCAC,376
COV19_CH11283358_TCAACGATCAAGATCC,377
COV19_CH11283360_ACCAGTACAAGGTGTG,378
COV19_CH11283389_AGTGAGGCAAGCGCTC,379
COV19_CH11283380_TTATGCTTCCGCAAGC,380
COV19_CH11931841_CAGCGACCAGTTAACC,381
COV19_CH11283353_GATTCAGTCGCCTGTT,382
COV19_CH11283372_TTAGGCAGTCGCTTCT,383
COV19_CH11931850_CACACAATCAACGGCC,384
COV19_CH11283384_AGGGTGACAAAGAATC,385
COV19_CH11283389_TGAGAGGAGCCTATGT,386
COV19_CH11931799_GTGCAGCTCAAGGCTT,387
COV19_CH11283374_ACTGATGAGGCCGAAT,388
COV19_CH11931843_ACGAGCCCAATGGTCT,389
COV19_CH11283389_TAAGTGCCAACTGGCC,390
COV19_CH11931837_CGGTTAACAGGCAGTA,391
COV19_CH11283359_TGCGTGGGTCTTGCGG,392
COV19_CH11283353_CATATTCCACAGCCCA,393
COV19_CH11283353_GGCAATTAGAGATGAG,394
COV19_CH11283390_GGAAAGCTCTGATTCT,395
COV19_CH11283389_CTAGAGTGTTGGTTTG,396
COV19_CH11283353_GAAATGAAGAAGGTGA,397
COV19_CH11931826_TTAGGCAAGTGGAGAA,398
COV19_CH11931800_ACTGATGAGCAGACTG,399
COV19_CH11283353_CGTTCTGCAGTAAGAT,400
COV19_CH11283374_TTGCGTCAGAAACCTA,401
COV19_CH11283380_GATTCAGCAAGAGGCT,402
COV19_CH11283353_CGCTGGACATGCCACG,403
COV19_CH11283374_CAGTAACGTTGGTGGA,404
COV19_CH11283353_CACCAGGGTGTCCTCT,405
COV19_CH11931849_CATATTCGTTCAGTAC,406
COV19_CH11283380_TTAACTCCACCATCCT,407
COV19_CH11283380_CACCACTAGGCAAAGA,408
COV19_CH11283353_CCTACACTCTGAGTGT,409
COV19_CH11931803_CGCGTTTTCTACGAGT,410
COV19_CH11283358_TGCCAAACAGAGCCAA,411
COV19_CH11931800_GACGCGTGTCTGCCAG,412
COV19_CH11283358_TTAGGCAGTCTCTCTG,413
COV19_CH11931823_TTCGAAGCATGCGCAC,414
COV19_CH11931803_GTTCATTAGCTAGCCC,415
COV19_CH11931807_TTTACTGTCCGAGCCA,416
COV19_CH11283354_CGAGCACCAAGTACCT,417
COV19_CH11283374_ACGCCGAGTATAAACG,418
COV19_CH11283380_GGACGTCAGTTGTCGT,419
COV19_CH11283374_AGTAGTCAGGAGTTGC,420
COV19_CH11283374_CCTAGCTCACGGCGTT,421
COV19_CH11283353_ACGGGTCTCGACAGCC,422
COV19_CH11931803_AGAGTGGTCTGTGCAA,423
COV19_CH11931807_TTTCCTCAGTATCGAA,424
COV19_CH11283389_TGTATTCAGTTTGCGT,425
COV19_CH11283368_GTTACAGGTCGCGTGT,426
COV19_CH11931807_GAAATGATCCAAGCCG,427
COV19_CH11283390_CCTCAGTCAGTATGCT,428
COV19_CH11283388_GTACTCCTCGTAGGAG,429
COV19_CH11931838_GGACAGAAGCGATAGC,430
COV19_CH11931831_CACACCTGTTCACCTC,431
COV19_CH11931807_TAAGAGAGTTATGTGC,432
COV19_CH11283386_ACACCAATCCGCATCT,433
COV19_CH11283390_TCTCTAACACCGCTAG,434
COV19_CH11283358_GTGAAGGCACTCAGGC,435
COV19_CH11931807_GGGCACTTCGTAGGTT,436
COV19_CH11931841_CGTTGGGGTTACCGAT,437
COV19_CH11283389_TTCTCCTTCTTAGCCC,438
COV19_CH11931837_GGCGACTAGCTAACTC,439
COV19_CH11283389_CACTCCACACAGCGTC,440
COV19_CH11283382_ACGAGCCCATTCACTT,441
COV19_CH11283389_TACGGATAGTTTAGGA,442
COV19_CH11283384_GACGCGTGTCAAAGCG,443
COV19_CH11283374_CGTGAGCGTCTTCGTC,444
COV19_CH11931842_GAAATGAAGATGGGTC,445
COV19_CH11931805_GTACTTTGTAATCACC,446
COV19_CH11283353_GCAGCCATCTGGTTCC,447
COV19_CH11283365_TAGTTGGGTGTTCGAT,448
COV19_CH11931803_CGCGTTTTCTGCAGTA,449
COV19_CH11283374_GCTTGAAAGCCACGCT,450
COV19_CH11931842_CTCCTAGGTCCCTTGT,451
COV19_CH11283388_CAGCTAACAATCAGAA,452
COV19_CH11931802_CACACCTGTTGGGACA,453
COV19_CH11283353_CTCCTAGTCGTTACGA,454
COV19_CH11931807_CTTACCGGTACTCGCG,455
COV19_CH11283362_GATCGCGTCCGCGGTA,456
COV19_CH11931837_TGGCGCAGTTCCACAA,457
COV19_CH11283389_GTGCATAAGGATATAC,458
COV19_CH11283374_TAGTGGTAGAGATGAG,459
COV19_CH11283352_CGACTTCTCACAACGT,460
COV19_CH11283361_ACTATCTCAAAGTCAA,461
COV19_CH11931807_ACTGAGTGTATTCTCT,462
COV19_CH11283374_CTTTGCGGTGCAGACA,463
COV19_CH11283376_GGGAATGTCTGCAAGT,464
COV19_CH11283373_GACCAATCACATGTGT,465
COV19_CH11283353_AAAGTAGCACATGACT,466
COV19_CH11931807_AGCATACCACGTAAGG,467
COV19_CH11283380_AGGTCATCAAGGGTCA,468
COV19_CH11931807_GATGAAACACCAACCG,469
COV19_CH11283374_TCTGAGACATTTCACT,470
COV19_CH11931822_TGACTTTCAACCGCCA,471
COV19_CH11283373_TCAGCTCGTCATCCCT,472
COV19_CH11283383_ATAACGCCATGCGCAC,473
COV19_CH11283374_ACAGCCGGTGACGGTA,474
COV19_CH11283389_GCGCGATCATGCCTTC,475
COV19_CH11283374_AGTGGGATCACTCCTG,476
COV19_CH11283382_CCGGTAGTCTTTACAC,477
COV19_CH11931807_CGGTTAATCCAGTAGT,478
COV19_CH11283358_GTGTTAGTCAATAAGG,479
COV19_CH11283374_GCTCCTAAGACCTAGG,480
COV19_CH11283380_TTCTCAATCTTCATGT,481
COV19_CH11283382_CGTGTAAAGACATAAC,482
COV19_CH11283389_ACTGAACTCTATCCTA,483
COV19_CH11283374_CAGCATATCAGGTAAA,484
COV19_CH11931837_GGCCGATTCATGTCCC,485
COV19_CH11283358_AGCTCTCCACGACTCG,486
COV19_CH11283389_GTAACTGAGAAGAAGC,487
COV19_CH11931807_ATAACGCAGGCTACGA,488
COV19_CH11283358_AGCTTGACACATCCGG,489
COV19_CH11931807_ACTATCTAGCCCGAAA,490
COV19_CH11931831_TCCCGATGTAGGGTAC,491
COV19_CH11931841_AGATTGCCACGAAATA,492
COV19_CH11931805_TGAGCCGAGACAAGCC,493
COV19_CH11283374_CCGTTCAAGAAGAAGC,494
COV19_CH11283389_AACTCCCCAAGCCCAC,495
COV19_CH11283353_CGGGTCAGTAGCTAAA,496
COV19_CH11283380_GGAGCAACACGACTCG,497
COV19_CH11931823_CGAGAAGTCTGGGCCA,498
COV19_CH11283353_GTGTGCGCAAGTTAAG,499
COV19_CH11283371_CGAATGTGTTCGCGAC,500
COV19_CH11283386_CTCACACTCCAAACTG,501
COV19_CH11931811_GACGCGTTCTTAACCT,502
COV19_CH11283350_AGAGTGGGTAGCGCTC,503
COV19_CH11931845_ACTTGTTTCGGTGTCG,504
COV19_CH11931827_GTTACAGAGCGCTCCA,505
COV19_CH11283391_AAAGATGTCAAAGACA,506
COV19_CH11283362_CGGACTGGTACCTACA,507
COV19_CH11283373_CAGCCGAGTGCCTGCA,508
COV19_CH11931849_CTGATCCAGCAATCTC,509
COV19_CH11283387_GAACGGAAGAGTACCG,510
COV19_CH11283393_CCGGGATAGTTCCACA,511
COV19_CH11931850_TTCTACAAGTGCAAGC,512
COV19_CH11283391_TCGTAGAGTAAATGAC,513
COV19_CH11283388_CGATGTAGTAAGTAGT,514
COV19_CH11283350_TTAGGACAGAGGTAGA,515
COV19_CH11931823_GGGTTGCTCACAAACC,516
COV19_CH11283369_GGGCATCCAAAGCAAT,517
COV19_CH11931826_CGCTATCTCAGAGACG,518
COV19_CH11283388_TGAGAGGCACAGGCCT,519
COV19_CH11283391_TGACGGCGTACTCTCC,520
COV19_CH11931849_AGGTCCGGTGGGTCAA,521
COV19_CH11283366_AACCATGAGATCACGG,522
COV19_CH11931817_CTTAACTAGGTGCTAG,523
COV19_CH11283383_TTATGCTTCTTGTATC,524
COV19_CH11283385_TGGACGCTCGATCCCT,525
COV19_CH11283392_CTAATGGGTGCTTCTC,526
COV19_CH11283350_TGCCCATTCAAACAAG,527
COV19_CH11283387_GGTGTTAGTGGTTTCA,528
COV19_CH11283371_CTACACCCAAATCCGT,529
COV19_CH11283356_ACGCCAGCAGGGATTG,530
COV19_CH11283370_GGTATTGGTAGAAGGA,531
COV19_CH11931809_AGATTGCAGCCCAGCT,532
COV19_CH11283385_TGTTCCGAGTCCCACG,533
COV19_CH11283384_TGCGCAGGTACTTAGC,534
COV19_CH11283385_GGTGCGTAGTACACCT,535
COV19_CH11283371_CACAGTAAGGTCGGAT,536
COV19_CH11283345_TTCTCAATCGGCTACG,537
COV19_CH11283385_GCGCGATAGTGTGGCA,538
COV19_CH11283383_CATCGGGGTCTGATTG,539
COV19_CH11931838_TAGGCATGTTTAGGAA,540
COV19_CH11931834_TGGCCAGTCAAACAAG,541
COV19_CH11283383_ATCACGATCCATGCTC,542
COV19_CH11931852_AGGCCGTGTTATCACG,543
COV19_CH11931837_AGTGAGGAGGATGGTC,544
COV19_CH11931827_ATAGACCAGCACACAG,545
COV19_CH11931807_CGCGTTTTCGTCTGCT,546
COV19_CH11283383_ACGCCAGAGCATCATC,547
COV19_CH11931800_ACATACGAGCGTTCCG,548
COV19_CH11283372_TTGGAACAGATCTGAA,549
COV19_CH11283382_AATCGGTTCAAGGTAA,550
COV19_CH11283369_AACTCTTCAGATTGCT,551
COV19_CH11283386_GCTCCTAGTCACAAGG,552
COV19_CH11931838_AGCAGCCGTGAGTATA,553
COV19_CH11931837_GGTGCGTGTAGCAAAT,554
COV19_CH11283371_CACAGGCCACGAGAGT,555
COV19_CH11283385_CACAGGCGTAGTACCT,556
COV19_CH11283352_GCGAGAAGTGCACTTA,557
COV19_CH11283393_TTCTCCTAGGGAAACA,558
COV19_CH11931848_GGCTGGTTCCACGCAG,559
COV19_CH11283362_GTGAAGGCAGATCGGA,560
COV19_CH11283369_GGAGCAACAATGGATA,561
COV19_CH11283388_ACATGGTTCCAAACTG,562
COV19_CH11283349_ACGATGTAGTTACGGG,563
COV19_CH11283369_CTTTGCGAGTGAAGAG,564
COV19_CH11931837_GAACCTACATCTGGTA,565
COV19_CH11283381_GTGCAGCTCGTCTGCT,566
COV19_CH11283357_CTGAAGTTCTATCGCC,567
COV19_CH11283383_GGCGACTCATATGGTC,568
COV19_CH11283384_CGATGGCAGCGCTTAT,569
COV19_CH11283382_CACATTTAGCGAAGGG,570
COV19_CH11931818_ACTTTCAAGAAGGGTA,571
COV19_CH11931850_GACGTGCGTCCTCCAT,572
COV19_CH11283377_GGGAGATTCTTGAGGT,573
COV19_CH11931834_AGGGTGATCGTACGGC,574
COV19_CH11283371_CTACATTTCCTTTCTC,575
COV19_CH11931810_CGCTTCACAGCTCGCA,576
COV19_CH11283364_GTCACAACACATCCAA,577
COV19_CH11931799_TCATTTGAGTACGCCC,578
COV19_CH11283383_GCTCTGTTCAGCTGGC,579
COV19_CH11283380_CTAATGGGTTCGGGCT,580
COV19_CH11931835_TACGGTAAGATGTCGG,581
COV19_CH11931800_GATCTAGGTTAAAGAC,582
COV19_CH11283382_TACTCATCATCGACGC,583
COV19_CH11283381_CACACAATCGGCCGAT,584
COV19_CH11283356_TGGGCGTTCGTACGGC,585
COV19_CH11931800_TCGCGAGAGGCTCAGA,586
COV19_CH11283373_GCTCTGTAGCTCCTTC,587
COV19_CH11283371_TGAGCATGTAGCTCCG,588
COV19_CH11283380_TGGCGCACACAGCCCA,589
COV19_CH11283369_ACCCACTGTGTGGCTC,590
COV19_CH11283384_CTCATTACATGAAGTA,591
COV19_CH11283381_CCTTCGATCGAATCCA,592
COV19_CH11283350_ATGGGAGAGGCTAGGT,593
COV19_CH11283357_GGGATGATCCGTCAAA,594
COV19_CH11931818_GGGCATCCAAGAGGCT,595
COV19_CH11283382_TAGACCAAGACACGAC,596
COV19_CH11931850_GTGTTAGGTCCATCCT,597
COV19_CH11931833_CCTAGCTTCCGAAGAG,598
COV19_CH11283382_ATGAGGGCAGACAAAT,599
COV19_CH11931832_ACGATGTGTCGTTGTA,600
COV19_CH11283383_CATTATCGTCCGAGTC,601
COV19_CH11283366_GCGCGATCATTTCACT,602
COV19_CH11283357_CCTTCCCCAAGAAGAG,603
COV19_CH11283356_ACTTACTGTAAGCACG,604
COV19_CH11283364_TGACAACTCCTTTCGG,605
COV19_CH11283391_GCTTGAATCAACGGGA,606
COV19_CH11931834_AGGCCACAGCTTTGGT,607
COV19_CH11283385_TGACGGCTCGGAAACG,608
COV19_CH11283381_CTTACCGAGGCTCTTA,609
COV19_CH11283391_ACGGAGAAGATAGTCA,610
COV19_CH11931842_GCGCAACGTGCACGAA,611
COV19_CH11931834_CAGATCATCCTTGACC,612
COV19_CH11931798_CATCCACGTCAGAGGT,613
COV19_CH11283361_GCGACCAGTATATGGA,614
COV19_CH11283363_TTGACTTCATAACCTG,615
COV19_CH11931819_GCCAAATGTTCAGCGC,616
COV19_CH11931842_CGACCTTCAAGGACTG,617
COV19_CH11283385_GAAGCAGAGTCGTACT,618
COV19_CH11283391_CACCACTCAGGAATGC,619
COV19_CH11931836_TGCGGGTCAGGTCGTC,620
COV19_CH11931837_AAGGAGCTCCGAATGT,621
COV19_CH11283371_ACTGAGTGTAACGCGA,622
COV19_CH11283363_CGTTCTGCAGATGAGC,623
COV19_CH11931831_CACCAGGGTACAGCAG,624
COV19_CH11283362_CACACCTAGGATGCGT,625
COV19_CH11931834_GTCAAGTCACCTGGTG,626
COV19_CH11283391_GGCTCGAGTGGGTCAA,627
COV19_CH11931849_GGACAGATCGTTTAGG,628
COV19_CH11931799_CTGCGGAGTCAGATAA,629
COV19_CH11283388_GCTGCTTAGGCCGAAT,630
COV19_CH11283371_TAAGAGAGTGTGAATA,631
COV19_CH11283368_CTGCCTAAGTCCCACG,632
COV19_CH11283393_CACCTTGGTCCGTGAC,633
COV19_CH11283385_GTCATTTCATACTACG,634
COV19_CH11283371_CTCGAAATCAAACCAC,635
COV19_CH11931811_CATGGCGGTGTGAATA,636
COV19_CH11283371_CTGTTTAAGGCAAAGA,637
COV19_CH11931828_GAATAAGGTCAGAGGT,638
COV19_CH11283371_TCACGAATCCAGAGGA,639
COV19_CH11283371_GGTATTGAGGTAAACT,640
COV19_CH11931852_CTTACCGGTGGCTCCA,641
COV19_CH11931810_GTCGGGTGTATGGTTC,642
COV19_CH11931834_AGGTCCGAGCCATCGC,643
COV19_CH11931822_GAAATGAGTCGCATAT,644
COV19_CH11931848_AACTCAGAGGCTACGA,645
COV19_CH11283388_TCTCTAACAAATCCGT,646
COV19_CH11931807_CCTAGCTCAGTCACTA,647
COV19_CH11931829_CTGTTTACATATGCTG,648
COV19_CH11283388_TCCCGATAGCCACTAT,649
COV19_CH11283386_CCTTTCTAGTCCGGTC,650
COV19_CH11283371_GCCTCTACAGAGTGTG,651
COV19_CH11931798_CTGGTCTCAGCGTAAG,652
COV19_CH11931810_GGGAATGTCATGCTCC,653
COV19_CH11283357_CGCGTTTCATCCGGGT,654
COV19_CH11931834_CACAAACGTCGATTGT,655
COV19_CH11931850_CATGACATCGTTTAGG,656
COV19_CH11283368_GTATCTTCAAGGGTCA,657
COV19_CH11283388_TACTCGCTCAGCAACT,658
COV19_CH11931801_AGATCTGTCTCGGACG,659
COV19_CH11931839_CGACTTCTCTGAGGGA,660
COV19_CH11931845_CGTTCTGAGTCGTTTG,661
COV19_CH11283391_AGCAGCCCATTTGCTT,662
COV19_CH11283381_GTCGGGTAGTAGATGT,663
COV19_CH11283383_TGGCCAGGTTCGAATC,664
COV19_CH11931807_GTGCGGTAGTTAACGA,665
COV19_CH11283391_GAGGTGAGTTCCATGA,666
COV19_CH11931823_TCAACGAGTCTAGTGT,667
COV19_CH11931800_GATCGATAGAAGGGTA,668
COV19_CH11283364_CTACACCGTGCGGTAA,669
COV19_CH11283388_AGAGCGACAGACAAAT,670
COV19_CH11283386_GCAATCACACTTCTGC,671
COV19_CH11283388_AGCTCTCGTAGCGATG,672
COV19_CH11283363_CAAGTTGGTGCCTGTG,673
COV19_CH11283363_AACTTTCAGACAGACC,674
COV19_CH11931818_CACCACTAGGCATTGG,675
COV19_CH11283356_GAACGGAAGTTGTAGA,676
COV19_CH11283369_GGTGCGTAGGGTCTCC,677
COV19_CH11283388_TAGTTGGGTGACCAAG,678
COV19_CH11931835_TTAGGACTCTGGGCCA,679
COV19_CH11931809_TATGCCCAGAAGGTTT,680
COV19_CH11931809_TCGAGGCTCATTCACT,681
COV19_CH11283383_TCGTAGAAGTGTACCT,682
COV19_CH11283385_CACAGGCAGACTAAGT,683
COV19_CH11283387_TTGACTTGTCATGCAT,684
COV19_CH11931800_CGTGTAAGTACAGCAG,685
COV19_CH11931834_ACGCAGCAGACAAGCC,686
COV19_CH11931801_ACATACGAGAGGTAGA,687
COV19_CH11283384_CTCGGGAAGGGAAACA,688
COV19_CH11931834_GAATAAGTCTTGGGTA,689
COV19_CH11283385_CTTGGCTCACCGTTGG,690
COV19_CH11283386_GAACATCGTGTGACCC,691
COV19_CH11931809_TCGAGGCAGTGGAGAA,692
COV19_CH11931834_ACGCCAGAGCCCGAAA,693
COV19_CH11283371_GTCGTAATCGTTACGA,694
COV19_CH11931849_CGCGGTAGTCTCTTTA,695
COV19_CH11931832_CCACGGATCACATAGC,696
COV19_CH11283371_TCCACACCATTGGGCC,697
COV19_CH11283383_CGATCGGAGACTGTAA,698
COV19_CH11931835_GTCGTAAGTTGGAGGT,699
COV19_CH11283381_AGATCTGCAGCTTAAC,700
COV19_CH11283355_GTGGGTCGTCGCGTGT,701
COV19_CH11283391_GACTACAGTATGCTTG,702
COV19_CH11283392_TGCTACCCAACTGGCC,703
COV19_CH11283389_TGACTAGAGCGATCCC,704
COV19_CH11931836_CAGCTAACACTGTTAG,705
COV19_CH11931819_AGCTCCTCACCAGGTC,706
COV19_CH11931804_AAGGAGCAGCTAGCCC,707
COV19_CH11283355_CACCAGGGTAAGTAGT,708
COV19_CH11931831_ACGCCGACATGAACCT,709
COV19_CH11283383_CCTTTCTGTTGTGGCC,710
COV19_CH11283368_CCACCTAGTCTCAACA,711
COV19_CH11283370_AAAGATGTCTGTCCGT,712
COV19_CH11283393_GTTAAGCGTGGCCCTA,713
COV19_CH11931808_CGGACTGTCTAGAGTC,714
COV19_CH11283372_CTGCCTAAGCCTATGT,715
COV19_CH11283386_CTCTAATAGGAGTTGC,716
COV19_CH11283389_TGACAACGTGTGACCC,717
COV19_CH11283389_AGCGTATTCCTTGCCA,718
COV19_CH11283391_CCTAAAGAGACCGGAT,719
COV19_CH11931838_CGTCACTTCAACGGCC,720
COV19_CH11931800_CCAATCCAGATATACG,721
COV19_CH11931832_TCATTTGAGGGAAACA,722
COV19_CH11283353_GCAAACTCACGGCCAT,723
COV19_CH11283353_CCAGCGACATTGAGCT,724
COV19_CH11283353_ATCATCTAGGGCACTA,725
COV19_CH11283353_CGCGGTACACGTGAGA,726
COV19_CH11931850_CTGCGGAAGATCCCGC,727
COV19_CH11931834_CTGCCTAGTTTGACAC,728
COV19_CH11283368_TCATTACAGTGCTGCC,729
COV19_CH11283393_ACGGCCAGTAAGAGGA,730
COV19_CH11931834_CGTGTCTTCGACGGAA,731
COV19_CH11283352_GGTATTGGTCTCTTAT,732
COV19_CH11283366_ACTGAGTGTCAAAGCG,733
COV19_CH11283362_CTTTGCGTCAAACGGG,734
COV19_CH11283352_TCTGAGACATGTCGAT,735
COV19_CH11283377_AGCTCCTAGTTCGATC,736
COV19_CH11931808_CATCAAGAGTGCCATT,737
COV19_CH11931806_CGTTAGAAGAACAATC,738
COV19_CH11283361_TGCCCTAAGGTCATCT,739
COV19_CH11283393_TCGTAGATCGGCGGTT,740
COV19_CH11931800_TGGTTAGAGTAAGTAC,741
COV19_CH11283358_TATGCCCCACCAGATT,742
COV19_CH11283376_TCAGATGCACTAGTAC,743
COV19_CH11283368_TCAATCTAGTGCGATG,744
COV19_CH11283373_ACTTACTAGGCTCTTA,745
COV19_CH11931808_TGACTTTGTTTGCATG,746
COV19_CH11283352_CTACATTTCAGCTCGG,747
COV19_CH11283390_TAAGCGTCACCACGTG,748
COV19_CH11283354_TGAGCCGCACCATCCT,749
COV19_CH11931831_CAGCAGCAGCTCCCAG,750
COV19_CH11283377_CAGCTAATCGCGCCAA,751
COV19_CH11283392_CCACGGATCATGCTCC,752
COV19_CH11283361_TGCTGCTAGGTGTTAA,753
COV19_CH11283361_CAGCAGCAGCTAACAA,754
COV19_CH11931815_CAAGAAACAGTATCTG,755
COV19_CH11283362_CACACAATCTTGCAAG,756
COV19_CH11931799_GCCAAATAGTACGCCC,757
COV19_CH11283371_CATCCACTCGTGGGAA,758
COV19_CH11931800_TACAGTGAGCAGGCTA,759
COV19_CH11283382_CACAGGCGTCCTCTTG,760
COV19_CH11283352_CGGACTGTCGCCGTGA,761
COV19_CH11283353_CATTCGCTCATCTGTT,762
COV19_CH11931809_GTGCATACAGGTCGTC,763
COV19_CH11931802_CAGCGACCACCAGATT,764
COV19_CH11283372_CTGATAGTCATTGCGA,765
COV19_CH11283354_CCACTACGTAGCTCCG,766
COV19_CH11931846_GCATGCGGTTGAACTC,767
COV19_CH11283372_TGGTTCCCAGCTGTTA,768
COV19_CH11283355_ACTGAGTAGGAGTACC,769
COV19_CH11931844_CGATTGAAGAAGCCCA,770
COV19_CH11931808_AATCCAGGTTAAGGGC,771
COV19_CH11283373_CGGACTGTCACCCGAG,772
COV19_CH11931844_CAGTCCTGTACAGCAG,773
COV19_CH11931800_ACAGCTAAGCAACGGT,774
COV19_CH11931833_TTTACTGCATTGCGGC,775
COV19_CH11283362_CATTCGCAGCGAAGGG,776
COV19_CH11283372_TAGACCACACCTCGTT,777
COV19_CH11283393_TGCGGGTCATTATCTC,778
COV19_CH11283368_TACACGAGTTCGTGAT,779
COV19_CH11931850_GTGCATATCGTTGACA,780
COV19_CH11283383_CCAATCCGTCTCATCC,781
COV19_CH11283377_GCACATATCTAGAGTC,782
COV19_CH11931831_AGAGTGGCAGCCTTTC,783
COV19_CH11283372_AGCCTAAGTCCTGCTT,784
COV19_CH11283362_GTGCAGCGTTCGCGAC,785
COV19_CH11283371_TACCTTATCACGCATA,786
COV19_CH11283391_ACGGCCATCTGGTATG,787
COV19_CH11283358_TGCTGCTCATACTCTT,788
COV19_CH11931842_GGTGTTAGTATCAGTC,789
COV19_CH11283354_CTAGTGACAAGAAGAG,790
COV19_CH11283393_AACCATGTCTTGCCGT,791
COV19_CH11931813_AGATCTGTCCGAATGT,792
COV19_CH11931837_GCAAACTTCCGGCACA,793
COV19_CH11283389_CGCGGTACACAGACTT,794
COV19_CH11931837_CACCTTGGTAGCTGCC,795
COV19_CH11283389_CGTTAGAAGGCATTGG,796
COV19_CH11283361_GCGCCAATCATTATCC,797
COV19_CH11931843_GTTCATTAGTATTGGA,798
COV19_CH11283373_AGGTCATCAAAGCGGT,799
COV19_CH11931803_ACACCGGGTGACAAAT,800
COV19_CH11931807_CTCCTAGGTCTTCTCG,801
COV19_CH11283375_CACACAAGTCGAGATG,802
COV19_CH11283349_CGAGCACTCAGAAATG,803
COV19_CH11283352_AGATCTGGTATAATGG,804
COV19_CH11283366_TTCGGTCTCATCTGTT,805
COV19_CH11931849_AGTGTCACATCCTAGA,806
COV19_CH11283377_GCCTCTAAGTCATCCA,807
COV19_CH11931837_AAACGGGCAGACAGGT,808
COV19_CH11931849_CGAATGTGTTGACGTT,809
COV19_CH11283352_CGAGCACGTTTGACTG,810
COV19_CH11931805_AACCATGTCAAACGGG,811
COV19_CH11931842_TACGGTAGTCGTTGTA,812
COV19_CH11283357_GTTTCTATCAGCATGT,813
COV19_CH11283352_CATGGCGTCATAAAGG,814
COV19_CH11931807_GTATTCTTCTCGCATC,815
COV19_CH11931818_TAGACCAAGCTCCTCT,816
COV19_CH11931799_GACCTGGCATCCCATC,817
COV19_CH11931849_TAAGCGTTCTCGAGTA,818
COV19_CH11931799_CGTAGGCGTAAGTTCC,819
COV19_CH11283360_CGGACACCATGGTAGG,820
COV19_CH11283363_CACACTCAGTGAATTG,821
COV19_CH11931805_CTCGAAACACTCTGTC,822
COV19_CH11283352_CCGGTAGAGCACCGTC,823
COV19_CH11931843_AAACCTGTCGCTTGTC,824
COV19_CH11931849_TTTGCGCAGATCCCGC,825
COV19_CH11931835_GCCAAATGTGCTTCTC,826
COV19_CH11931799_CAAGATCCACTGAAGG,827
COV19_CH11931818_CACCTTGGTCATTAGC,828
COV19_CH11283372_GGGAATGGTCTTGTCC,829
COV19_CH11931849_TTTGGTTCATATGCTG,830
COV19_CH11931849_AAGGAGCCAGCAGTTT,831
COV19_CH11931847_AGTGGGATCATTGCCC,832
COV19_CH11931799_CTACACCGTGGTCCGT,833
COV19_CH11931849_CATATTCAGTCAAGGC,834
COV19_CH11931827_GCTGGGTGTTGTACAC,835
COV19_CH11931847_TACGGGCGTATTAGCC,836
COV19_CH11283363_CATCGGGGTCAGTGGA,837
COV19_CH11283355_GAAGCAGCAGGATCGA,838
COV19_CH11283352_AGCAGCCGTACAGACG,839
COV19_CH11931799_AGGTCATCAGATGAGC,840
COV19_CH11283362_TGTGGTAGTCGAACAG,841
COV19_CH11283360_GTCGGGTTCCGAACGC,842
COV19_CH11283385_CTCGGGAGTCTTCGTC,843
COV19_CH11931799_TCGGTAACAAGGTTTC,844
COV19_CH11931843_GAACCTAGTGCAACGA,845
COV19_CH11283360_CTAGCCTGTTTGGGCC,846
COV19_CH11283357_AACACGTAGCCAACAG,847
COV19_CH11283375_GTTCTCGCACATAACC,848
COV19_CH11931843_TACAGTGAGATATGGT,849
COV19_CH11283352_TTCTACACATGCAATC,850
COV19_CH11931818_GCGCCAAGTCATCCCT,851
COV19_CH11931802_GTAACTGCAACCGCCA,852
COV19_CH11283355_TGGCCAGGTACACCGC,853
COV19_CH11931799_CAGCAGCAGAATTGTG,854
COV19_CH11931831_TCTGGAAAGAGGTTAT,855
COV19_CH11931847_GCATGATTCCTTTACA,856
COV19_CH11931835_AAGCCGCCAGGAACGT,857
COV19_CH11931807_TCAGGATTCGGTTAAC,858
COV19_CH11931823_AGGGAGTGTAGAGTGC,859
COV19_CH11931835_CATGCCTTCATTGCCC,860
COV19_CH11283375_CGGACACGTACCTACA,861
COV19_CH11931849_CATCCACTCGTGGTCG,862
COV19_CH11931837_TTGACTTGTGTCTGAT,863
COV19_CH11931799_TCTTCGGTCACCATAG,864
COV19_CH11931799_GGGATGACAGTATCTG,865
COV19_CH11283389_GCTTCCACATATACGC,866
COV19_CH11283352_GAACATCCAGACTCGC,867
COV19_CH11931847_CATCGGGTCGGTGTCG,868
COV19_CH11931849_GAGCAGAAGGACAGCT,869
COV19_CH11931841_GATCAGTAGCCTATGT,870
COV19_CH11283375_ACGCCGATCGGTGTTA,871
COV19_CH11931802_CGTTGGGGTCTCCATC,872
COV19_CH11931831_CTAACTTGTTCAGCGC,873
COV19_CH11931849_GGCGACTGTACTCGCG,874
COV19_CH11931835_TTGGCAAAGTGTACCT,875
COV19_CH11931834_GACGTGCGTAGCACGA,876
COV19_CH11931805_TACCTTAAGATGCCAG,877
COV19_CH11931824_CAACTAGTCTTAGAGC,878
COV19_CH11283357_CCACTACCAATAACGA,879
COV19_CH11283373_TCAGGATAGCCACCTG,880
COV19_CH11283377_CTACCCAAGTGAAGAG,881
COV19_CH11283373_ACACCGGTCAAGGTAA,882
COV19_CH11931799_TCATTTGTCTTACCTA,883
COV19_CH11931807_AACTCAGCAACACGCC,884
COV19_CH11931799_ATTATCCGTAGTAGTA,885
COV19_CH11931799_GCCTCTAGTACCCAAT,886
COV19_CH11931849_GTCGGGTTCCGTAGGC,887
COV19_CH11931849_TCTGGAACAAAGAATC,888
COV19_CH11283357_CAGTAACGTCTGATCA,889
COV19_CH11931849_AAAGCAAGTCGGCATC,890
COV19_CH11931849_GTACTCCAGCTGCAAG,891
COV19_CH11931849_GGATTACAGCCAGAAC,892
COV19_CH11931809_GTTCGGGGTTTAAGCC,893
COV19_CH11931805_GCATGTATCGAGGTAG,894
COV19_CH11283368_CATCCACAGTCGTTTG,895
COV19_CH11931835_GAAATGATCGGTCTAA,896
COV19_CH11931849_GGAATAACAATGGAGC,897
COV19_CH11931831_GCACATAAGTGGCACA,898
COV19_CH11931847_AGGGATGCAGTCGTGC,899
COV19_CH11931838_CCTACCATCGTACGGC,900
COV19_CH11283384_AGACGTTAGGACTGGT,901
COV19_CH11931842_GCATACATCGTCACGG,902
COV19_CH11283349_CTCTACGCACCTCGGA,903
COV19_CH11283371_CGTTCTGAGCAGGTCA,904
COV19_CH11283390_TGCACCTAGAACTCGG,905
COV19_CH11931832_GCCAAATGTGTTGAGG,906
COV19_CH11931804_TACGGATGTACATGTC,907
COV19_CH11283371_CGCGGTACACCGAAAG,908
COV19_CH11283385_AACACGTGTGATAAGT,909
COV19_CH11931834_GCGACCAGTTGATTGC,910
COV19_CH11283383_ATTATCCAGACCGGAT,911
COV19_CH11931851_CGGACACTCCCTAACC,912
COV19_CH11283384_GCATGTATCACAATGC,913
COV19_CH11283386_CTAGAGTAGACAGACC,914
COV19_CH11931841_CTGCCTAGTGCTAGCC,915
COV19_CH11931802_GGAATAATCTCGATGA,916
COV19_CH11931842_AGGGATGAGTCATGCT,917
COV19_CH11283352_GTACTTTGTTTGGGCC,918
COV19_CH11283357_TACTCGCCAATAGAGT,919
COV19_CH11931818_TTCTACACAGCTGCAC,920
COV19_CH11283357_CTACGTCAGTGAATTG,921
COV19_CH11283372_CCCAGTTCAAGCCCAC,922
COV19_CH11931810_TCAGGATTCTTATCTG,923
COV19_CH11931841_GCGCAGTTCACCCGAG,924
COV19_CH11283391_GGACAGATCCAGAGGA,925
COV19_CH11283358_ACGGAGACAGCCTTTC,926
COV19_CH11283389_CATCAGACAAACGTGG,927
COV19_CH11283356_TCATTTGGTTCGTTGA,928
COV19_CH11931804_AAGACCTCATATACCG,929
COV19_CH11283368_CTACACCGTCGAATCT,930
COV19_CH11283385_CATATGGGTCTGCGGT,931
COV19_CH11931802_AAATGCCAGACTACAA,932
COV19_CH11283356_TATCTCACAGCGAACA,933
COV19_CH11931842_TCAGCAATCAAGCCTA,934
COV19_CH11283391_CTTCTCTCACGCCAGT,935
COV19_CH11283391_CGATCGGCAAGGTTTC,936
COV19_CH11931851_GTGCGGTCAAGGTGTG,937
COV19_CH11931833_TCTTCGGCATCCCATC,938
COV19_CH11283386_GCACTCTCACCCATGG,939
COV19_CH11931810_ATGGGAGGTTCTGTTT,940
COV19_CH11283391_TCAGGATTCACCACCT,941
COV19_CH11283384_AGGCCACCAGCTGCAC,942
COV19_CH11931810_CATGACACACATTCGA,943
COV19_CH11283384_GTTCATTGTTCGTCTC,944
COV19_CH11931799_CCTCAGTTCTGTCTAT,945
COV19_CH11931835_GGGCACTAGGGATGGG,946
COV19_CH11931834_TCGTAGAGTTGAACTC,947
COV19_CH11283391_AGCAGCCAGCTCCCAG,948
COV19_CH11931850_CCCATACTCCACTGGG,949
COV19_CH11931851_TGACTTTTCAGGCGAA,950
COV19_CH11283371_TCTCATACAAACAACA,951
COV19_CH11283349_AGCATACCAATCTGCA,952
COV19_CH11931810_TGGCTGGAGCTGCGAA,953
COV19_CH11283371_GCTGCGACAGGGTACA,954
COV19_CH11931807_TAAGTGCGTCCCTTGT,955
COV19_CH11931850_TTTGCGCGTCGGGTCT,956
COV19_CH11931834_AACTGGTGTCTAGAGG,957
COV19_CH11283384_CCATGTCTCTCTGAGA,958
COV19_CH11283371_CTAACTTGTGTGCCTG,959
COV19_CH11283389_AGCTTGAGTACTTAGC,960
COV19_CH11283391_TGGGAAGGTACTCTCC,961
COV19_CH11931802_ACACCCTCAGCCTTTC,962
COV19_CH11283377_CTTAACTTCTCCCTGA,963
COV19_CH11931818_CTACGTCTCGCTAGCG,964
COV19_CH11283362_GTTAAGCTCAGCAACT,965
COV19_CH11931810_TCACAAGAGTCAATAG,966
COV19_CH11283356_TCACGAAAGGGAGTAA,967
COV19_CH11931808_TTATGCTGTCAACATC,968
COV19_CH11283364_GTCACGGGTTCCGTCT,969
COV19_CH11931834_CTGCGGACAAAGTGCG,970
COV19_CH11283391_CCTATTATCACTGGGC,971
COV19_CH11931802_GACACGCAGTATTGGA,972
COV19_CH11283371_TGCCCTACATTGCGGC,973
COV19_CH11283385_CTAGAGTAGAAACGCC,974
COV19_CH11283384_AAGGTTCTCACATACG,975
COV19_CH11283388_GCTGCAGAGGACGAAA,976
COV19_CH11931802_ACACCAAAGGAGTTTA,977
COV19_CH11931825_CAAGATCTCGGAAATA,978
COV19_CH11931802_CAACCTCTCCTTGACC,979
COV19_CH11283353_CAGCCGAAGAGTACCG,980
COV19_CH11283357_TTATGCTTCGGTGTTA,981
COV19_CH11283357_CCTTCCCGTGAAGGCT,982
COV19_CH11931852_CGGACGTGTGCAGACA,983
COV19_CH11931834_GGAAAGCAGCTAGTCT,984
COV19_CH11283376_AACACGTAGAGCAATT,985
COV19_CH11931834_TACTCATAGGTGCTTT,986
COV19_CH11931841_AATCGGTAGAAACGCC,987
COV19_CH11931850_TACCTATGTCACACGC,988
COV19_CH11283371_AGTGTCAAGGCCCGTT,989
COV19_CH11283371_TGCGTGGAGCAATATG,990
COV19_CH11931804_AAAGCAATCAGCACAT,991
COV19_CH11283371_ACACCGGAGCGAGAAA,992
COV19_CH11931802_ACGGGCTAGGCTACGA,993
COV19_CH11931850_AACACGTCACTTCTGC,994
COV19_CH11931834_GCAATCATCGGCGCTA,995
COV19_CH11931841_GTCTCGTAGTTAGGTA,996
COV19_CH11283372_AGAGTGGGTCGAACAG,997
COV19_CH11283384_CTGTGCTAGCGATGAC,998
COV19_CH11931841_CTTCTCTAGACTAGGC,999
COV19_CH11931834_ACCCACTGTTATCCGA,1000
COV19_CH11283362_TTTACTGCACATCCGG,1001
COV19_CH11283381_CTGGTCTAGAGCTTCT,1002
COV19_CH11283385_GCTGCTTAGCGAAGGG,1003
COV19_CH11283369_GTTTCTACACAGGCCT,1004
COV19_CH11931834_CAGTCCTTCGCTAGCG,1005
COV19_CH11931834_CGACCTTTCGCAGGCT,1006
COV19_CH11283371_TCTCATAGTAGAGGAA,1007
COV19_CH11931834_GTGGGTCTCTCTAAGG,1008
COV19_CH11931835_TAGTTGGAGATAGGAG,1009
COV19_CH11283393_TTTACTGGTTTAGGAA,1010
COV19_CH11283393_ACACCCTCACGAGAGT,1011
COV19_CH11283391_TCTCATATCGGACAAG,1012
COV19_CH11283363_GGGAGATAGGCTCAGA,1013
COV19_CH11931809_TAGTTGGTCAACCATG,1014
COV19_CH11283371_ACACTGATCACTATTC,1015
COV19_CH11283381_AGTGTCATCTCCAGGG,1016
COV19_CH11931834_CAAGTTGGTTTGTGTG,1017
COV19_CH11283363_TGGCGCATCGAGCCCA,1018
COV19_CH11283391_CACACAATCCGTCAAA,1019
COV19_CH11283369_CACCAGGTCCAGTATG,1020
COV19_CH11931842_GACTGCGTCTGCAAGT,1021
COV19_CH11283385_CACCTTGAGTGAACAT,1022
COV19_CH11283369_GAGCAGACAGACAAGC,1023
COV19_CH11283369_CCCTCCTAGAGTGAGA,1024
COV19_CH11931826_GAACGGAGTCTCCACT,1025
COV19_CH11283366_GGACAAGCACGAAACG,1026
COV19_CH11283391_GCTTCCAAGAGCTATA,1027
COV19_CH11931802_CCCTCCTCATCCGTGG,1028
COV19_CH11931799_CGAGAAGTCAACACTG,1029
COV19_CH11283391_AGCGGTCAGAACAATC,1030
COV19_CH11931834_AACCGCGGTGTCTGAT,1031
COV19_CH11931842_GAAACTCTCTATGTGG,1032
COV19_CH11931839_ATTACTCCAGAGTGTG,1033
COV19_CH11283357_CAGGTGCTCGTCACGG,1034
COV19_CH11283391_CCCAGTTTCATGCAAC,1035
COV19_CH11283371_TCGAGGCCATAAGACA,1036
COV19_CH11283371_CCTTTCTCAATACGCT,1037
COV19_CH11931849_ACTTGTTTCGTACCGG,1038
COV19_CH11931834_GGACAGAAGCCTCGTG,1039
COV19_CH11931834_ACTGAACGTTGTCGCG,1040
COV19_CH11283385_CATTCGCGTTAAGAAC,1041
COV19_CH11931834_TCTCTAAAGTCATCCA,1042
COV19_CH11283393_ACTGTCCGTTATTCTC,1043
COV19_CH11931834_ACGATACAGCTGCCCA,1044
COV19_CH11283363_TAAGAGAAGCGCCTCA,1045
COV19_CH11931834_AGGGTGAGTAGGGACT,1046
COV19_CH11283369_GTCAAGTAGCCATCGC,1047
COV19_CH11283369_TACTTGTCAGCTGCAC,1048
COV19_CH11283371_CTCACACTCGACCAGC,1049
COV19_CH11283371_ATAAGAGAGAGCCTAG,1050
COV19_CH11283381_ATGGGAGCAAGTAATG,1051
COV19_CH11283371_ACTGAACCAGACAAAT,1052
COV19_CH11931842_GGACGTCGTGTTCTTT,1053
COV19_CH11931834_GGAACTTAGATAGTCA,1054
COV19_CH11283371_CTCCTAGGTTACCAGT,1055
COV19_CH11931842_CGCTGGAAGTACGTTC,1056
COV19_CH11931842_GACGTGCCACCTGGTG,1057
COV19_CH11283378_TGGGCGTCAGTAAGAT,1058
COV19_CH11283363_CTCTGGTGTCACTGGC,1059
COV19_CH11283356_ACGCCGAGTACAGACG,1060
COV19_CH11931802_GAACCTAGTGTGCCTG,1061
COV19_CH11283371_CACATAGTCTGCCCTA,1062
COV19_CH11931834_AGATTGCGTAATAGCA,1063
COV19_CH11283369_GCAGCCAAGTGGCACA,1064
COV19_CH11931799_TTAGGACCAAGCTGAG,1065
COV19_CH11283356_CTAAGACAGGGCTTCC,1066
COV19_CH11283371_AGTGGGAGTTAGTGGG,1067
COV19_CH11931834_GGCTCGACATCACGAT,1068
COV19_CH11931842_TGAAAGAGTGATGCCC,1069
COV19_CH11931849_AGGCCACAGATATGCA,1070
COV19_CH11931846_AGCGGTCAGTAAGTAC,1071
COV19_CH11931842_ACACCGGCATACTACG,1072
COV19_CH11283385_ATCTGCCTCTGATACG,1073
COV19_CH11283371_AAGGAGCCACCAGTTA,1074
COV19_CH11931842_GGGCATCAGATCTGAA,1075
COV19_CH11283360_CATCGAATCCAGGGCT,1076
COV19_CH11931834_TGGACGCCACAAGTAA,1077
COV19_CH11283371_GCATGCGTCTTGACGA,1078
COV19_CH11931834_ACTGAACAGTGGGCTA,1079
COV19_CH11283385_CAAGTTGCACGGTGTC,1080
COV19_CH11931834_TAGAGCTAGTTGAGAT,1081
COV19_CH11283371_TGCGCAGCAAACGCGA,1082
COV19_CH11283385_AGGTCATTCGTAGGAG,1083
COV19_CH11283385_CGTCTACAGATCCCGC,1084
COV19_CH11283391_GTCATTTGTGTGCCTG,1085
COV19_CH11931834_GTCAAGTCATCTCGCT,1086
COV19_CH11931834_CATGCCTTCTCATTCA,1087
COV19_CH11283385_CGTTGGGAGACTAGAT,1088
COV19_CH11283391_GAACGGATCTCTAGGA,1089
COV19_CH11283363_AAAGCAAAGCTGTCTA,1090
COV19_CH11283385_CCGTACTTCACCACCT,1091
COV19_CH11283385_TAGTGGTCAGGACGTA,1092
COV19_CH11283371_TGAGCCGAGATGCCTT,1093
COV19_CH11283385_ACTTGTTCATGTTCCC,1094
COV19_CH11931833_CCCAATCAGAAGGGTA,1095
COV19_CH11931813_ACGGAGAAGGCTATCT,1096
COV19_CH11283391_CTAGTGAAGTTGAGTA,1097
COV19_CH11931834_CGTCCATAGCTGAACG,1098
COV19_CH11283393_CAGGTGCCACATCTTT,1099
COV19_CH11283363_GAGCAGAGTCAGGACA,1100
COV19_CH11931842_GTGCTTCCAGTTCATG,1101
COV19_CH11283386_AACTCTTCATGGATGG,1102
COV19_CH11931831_GCTCTGTTCTCTGAGA,1103
COV19_CH11931849_CTGAAGTTCACTCTTA,1104
COV19_CH11283369_GCGCAGTGTCCCGACA,1105
COV19_CH11931799_ACTGAGTTCCCTCAGT,1106
COV19_CH11931802_GATGAAATCTGGTGTA,1107
COV19_CH11931849_AGATCTGTCTTGCCGT,1108
COV19_CH11931842_GCAATCATCCACTGGG,1109
COV19_CH11931842_CGTCTACAGGCATGGT,1110
COV19_CH11931805_CGGACTGAGAATGTGT,1111
COV19_CH11931849_CAGCTAAGTTACGGAG,1112
COV19_CH11931849_CTCGAAAAGTACATGA,1113
COV19_CH11283357_ACTTTCAGTAAGCACG,1114
COV19_CH11931852_ACATGGTCAGTTCATG,1115
COV19_CH11283359_GAGTCCGGTGCGAAAC,1116
COV19_CH11283349_GACTACAGTCTGATTG,1117
COV19_CH11931848_CATCGAAGTTTGACAC,1118
COV19_CH11931835_CCACCTAGTTCAGACT,1119
COV19_CH11931800_CCTTCGAGTGCCTTGG,1120
COV19_CH11931849_ATCATGGAGTGAACAT,1121
COV19_CH11931849_CTAGCCTTCAGGTTCA,1122
COV19_CH11931846_ACGGCCACAAGGTTCT,1123
COV19_CH11283373_CGCTGGAGTATAAACG,1124
COV19_CH11931839_CGCTGGACATATGAGA,1125
COV19_CH11931849_GCATACACAATGGTCT,1126
COV19_CH11931818_GTCATTTCAGATGAGC,1127
COV19_CH11931811_CAAGTTGAGTATTGGA,1128
COV19_CH11283388_CACACCTCAGGGTACA,1129
COV19_CH11283356_GTGGGTCAGGAACTGC,1130
COV19_CH11931833_CGGACGTCACGCGAAA,1131
COV19_CH11931828_AGATTGCAGTCGATAA,1132
COV19_CH11931849_CGTAGCGTCAGTGCAT,1133
COV19_CH11931849_CTGGTCTCACCAACCG,1134
COV19_CH11931802_CGGGTCAAGGTTCCTA,1135
COV19_CH11931849_TAAGCGTAGTACGTAA,1136
COV19_CH11283373_GTAGGCCTCAGTGCAT,1137
COV19_CH11931849_TGAGGGAGTACACCGC,1138
COV19_CH11931842_ACGCAGCGTAGCCTCG,1139
COV19_CH11931842_GACGCGTTCACCATAG,1140
COV19_CH11931849_GGCGACTGTGGGTATG,1141
COV19_CH11931849_GTCATTTCAGCTCCGA,1142
COV19_CH11931810_TGACAACAGGGCTTGA,1143
COV19_CH11931849_AAGCCGCAGACACGAC,1144
COV19_CH11931849_GGATTACGTCCGAATT,1145
COV19_CH11931819_AGAGCTTTCCTTGCCA,1146
COV19_CH11931799_CATTCGCCAAGGGTCA,1147
COV19_CH11283369_TGACAACGTGACCAAG,1148
COV19_CH11283367_TCGCGTTAGAACTCGG,1149
COV19_CH11931849_AACTCAGAGGATCGCA,1150
COV19_CH11931840_GGCGTGTTCATCGGAT,1151
COV19_CH11283373_GACACGCTCTGCAAGT,1152
COV19_CH11931799_CAGCATAAGTCGTTTG,1153
COV19_CH11931850_CCACTACAGATGGGTC,1154
COV19_CH11931849_CCACGGAAGTACTTGC,1155
COV19_CH11931834_AAGTCTGGTAGCGTAG,1156
COV19_CH11283371_AGTTGGTTCGCCTGTT,1157
COV19_CH11931849_TGCCCTACACGCATCG,1158
COV19_CH11931835_TCATTACAGACTTGAA,1159
COV19_CH11931848_CACCACTAGGTGATTA,1160
COV19_CH11283392_TATCAGGAGAGCTTCT,1161
COV19_CH11283380_GGGACCTAGCGTTTAC,1162
COV19_CH11931849_GCGCAGTTCTGGGCCA,1163
COV19_CH11931822_AACTCAGAGCACCGTC,1164
COV19_CH11283352_GCTCTGTCACCTGGTG,1165
COV19_CH11283381_ACGCCGAGTCTTCGTC,1166
COV19_CH11931831_GCAAACTTCGGATGTT,1167
COV19_CH11931810_GGTGTTAGTGGTCTCG,1168
COV19_CH11931842_TACTCATTCTGTGCAA,1169
COV19_CH11931818_CCTACCATCGGCGCAT,1170
COV19_CH11931821_TAAGCGTAGGCGTACA,1171
COV19_CH11283391_TCACGAATCTGGTGTA,1172
COV19_CH11931850_CATCAGAAGAAACGAG,1173
COV19_CH11931849_CGTTCTGGTTAAGTAG,1174
COV19_CH11931849_GTCCTCATCCTCCTAG,1175
COV19_CH11931849_CAGCCGAAGTGGTAAT,1176
COV19_CH11931849_AGCGGTCTCTGGTGTA,1177
COV19_CH11931811_ATGTGTGGTCAGAATA,1178
COV19_CH11931849_CAGTAACGTATCAGTC,1179
COV19_CH11931804_CAGCCGAAGTCACGCC,1180
COV19_CH11931849_TGCCCATGTCATATCG,1181
COV19_CH11931820_TCAGCTCAGTTAACGA,1182
COV19_CH11931806_TTTGTCAAGCTAACAA,1183
COV19_CH11931804_CTAAGACGTTAAGGGC,1184
COV19_CH11283389_TCAGCAAGTCGCCATG,1185
COV19_CH11931804_CTGAAGTTCGATAGAA,1186
COV19_CH11931849_ATCCGAATCGGAGGTA,1187
COV19_CH11931799_CTACCCATCAGTGCAT,1188
COV19_CH11931801_TAGCCGGTCAGCACAT,1189
COV19_CH11931852_GACAGAGTCGCCGTGA,1190
COV19_CH11931810_ACATCAGTCCTTAATC,1191
COV19_CH11931799_GACTGCGTCCTCGCAT,1192
COV19_CH11931849_CAGAATCAGACACGAC,1193
COV19_CH11283362_CACATAGTCGGCTACG,1194
COV19_CH11931835_AGCCTAAAGTTACCCA,1195
COV19_CH11931849_CCTATTACACTCAGGC,1196
COV19_CH11931849_TGGACGCAGAGTGACC,1197
COV19_CH11283362_GCATGATAGGAATTAC,1198
COV19_CH11931849_CCATTCGGTCGCGGTT,1199
COV19_CH11283369_ATTACTCAGGCATGGT,1200
COV19_CH11283363_CTCGGAGCACGAAATA,1201
COV19_CH11283363_GGAGCAACAATGTTGC,1202
COV19_CH11283387_TGACAACAGGGTGTGT,1203
COV19_CH11283388_TTTACTGCACTCAGGC,1204
COV19_CH11931813_GTGAAGGGTGTTCGAT,1205
COV19_CH11283388_CGTTAGACAACGCACC,1206
COV19_CH11283353_CGGAGTCGTACCGTTA,1207
COV19_CH11283388_TCTTCGGCAGATCTGT,1208
COV19_CH11283388_CTACATTTCGTCTGAA,1209
COV19_CH11931813_CACCTTGTCACCTTAT,1210
COV19_CH11283371_GAACGGAGTAAATACG,1211
COV19_CH11283356_TAGACCAGTTCAGTAC,1212
COV19_CH11931838_CTTAGGAGTGGCTCCA,1213
COV19_CH11931826_GCAGCCATCTGAGTGT,1214
COV19_CH11283388_CAGAATCAGTTGTCGT,1215
COV19_CH11283383_CCACGGAGTCGTCTTC,1216
COV19_CH11931836_CTACGTCAGCTTCGCG,1217
COV19_CH11283388_TTTCCTCGTCCATCCT,1218
COV19_CH11931813_CCATTCGCACGAAGCA,1219
COV19_CH11283388_TCATTTGAGGAGTTGC,1220
COV19_CH11283364_CGACCTTGTTACGTCA,1221
COV19_CH11283388_GCAAACTAGTCTCCTC,1222
COV19_CH11931813_GTGCGGTCAAATACAG,1223
COV19_CH11283356_ATCCGAACAATAACGA,1224
COV19_CH11283388_TTAGGCACATGATCCA,1225
COV19_CH11283363_GCTGGGTGTGTGACGA,1226
COV19_CH11283373_TCAATCTGTTTGCATG,1227
COV19_CH11283357_CCTCTGAAGCACCGTC,1228
COV19_CH11283356_CCTATTACACTGAAGG,1229
COV19_CH11283355_TCAGGATAGGCAAAGA,1230
COV19_CH11283356_CAGCAGCAGTGGAGAA,1231
COV19_CH11283353_CTTAACTTCAGGTTCA,1232
COV19_CH11283361_CCACTACGTAAGAGGA,1233
COV19_CH11283387_CGTGTCTGTCAATACC,1234
COV19_CH11283388_CGAATGTGTGATAAAC,1235
COV19_CH11931836_AGCTCTCCAGCTGTTA,1236
COV19_CH11283388_TCGCGAGTCGATGAGG,1237
COV19_CH11931834_TAAGCGTTCTGTGCAA,1238
COV19_CH11283388_GTCCTCACAATAACGA,1239
COV19_CH11283388_AAGTCTGTCAACGGGA,1240
COV19_CH11283388_TTTACTGAGGTCGGAT,1241
COV19_CH11283388_ACCTTTAGTACAGTGG,1242
COV19_CH11283391_GTATTCTGTTTGTTTC,1243
COV19_CH11283388_ACGAGCCGTAAGAGGA,1244
COV19_CH11283391_TCGCGTTGTCGCTTTC,1245
COV19_CH11283388_ATCTGCCGTGCCTGCA,1246
COV19_CH11283388_CATCGGGTCGATCCCT,1247
COV19_CH11283383_GCTGCTTCAAACCCAT,1248
COV19_CH11931842_CACACAATCGCATGAT,1249
COV19_CH11283388_CACATTTCATCACCCT,1250
COV19_CH11283363_TGAGCATCATAGTAAG,1251
COV19_CH11931830_AGATTGCAGGACCACA,1252
COV19_CH11283387_GTGGGTCCAAGTAATG,1253
COV19_CH11283356_TCATTTGAGCTTCGCG,1254
COV19_CH11283356_ATAGACCAGAGCCCAA,1255
COV19_CH11283371_CGTAGGCAGCTGCCCA,1256
COV19_CH11931844_TGCACCTTCGTCTGCT,1257
COV19_CH11283356_TCTTTCCAGTTGCAGG,1258
COV19_CH11283356_CGTCACTCATGCATGT,1259
COV19_CH11283363_TACACGAAGGGTGTGT,1260
COV19_CH11283391_GGCCGATCAATTCCTT,1261
COV19_CH11283388_ATTGGTGGTAAGCACG,1262
COV19_CH11283355_GAATAAGGTTGTCGCG,1263
COV19_CH11931827_CCCTCCTTCGTACGGC,1264
COV19_CH11283387_GTGAAGGGTTACGCGC,1265
COV19_CH11283388_ACATCAGAGTTTGCGT,1266
COV19_CH11283384_TGCGTGGCAATCACAC,1267
COV19_CH11283387_GACGCGTGTCGCATAT,1268
COV19_CH11283356_GTCACGGCATTATCTC,1269
COV19_CH11931813_TACGGTAAGCTGATAA,1270
COV19_CH11283388_CGAACATCATTACGAC,1271
COV19_CH11283388_AGGTCATCAAGAAAGG,1272
COV19_CH11283391_CGATGTATCGACAGCC,1273
COV19_CH11283388_GCATGCGAGACTCGGA,1274
COV19_CH11283363_CAAGATCTCGTGGACC,1275
COV19_CH11283353_CGTAGCGCAAGCCGCT,1276
COV19_CH11931852_TCTTCGGAGCGATAGC,1277
COV19_CH11283388_CACACAAGTTGGACCC,1278
COV19_CH11283388_TAAACCGGTAGCAAAT,1279
COV19_CH11283363_TTCCCAGTCGAATCCA,1280
COV19_CH11283388_TCACAAGCATGCAATC,1281
COV19_CH11283388_ACGGGTCAGGAATGGA,1282
COV19_CH11283388_CTCACACCAGATCTGT,1283
COV19_CH11931842_GGTGTTAAGCGTGTCC,1284
COV19_CH11283388_CCTAGCTAGTAGCCGA,1285
COV19_CH11283388_CTTCTCTAGTGGTAGC,1286
COV19_CH11283388_GAAATGACAAGCGAGT,1287
COV19_CH11931843_CAAGGCCTCAGATAAG,1288
COV19_CH11283356_GTGAAGGGTACCGCTG,1289
COV19_CH11283388_CGATGGCAGTGGACGT,1290
COV19_CH11931846_CTGCTGTGTGACAAAT,1291
COV19_CH11283388_ACGGCCATCCAGTAGT,1292
COV19_CH11283388_AGTGGGATCACGCGGT,1293
COV19_CH11931798_AAGGCAGCATCGATGT,1294
COV19_CH11283353_ACGGGCTCACGCGAAA,1295
COV19_CH11283357_CTCCTAGTCAAAGTAG,1296
COV19_CH11283388_TTAGGCAAGAAACCGC,1297
COV19_CH11283363_AGCGGTCCATTATCTC,1298
COV19_CH11931829_TGCACCTCACTGCCAG,1299
COV19_CH11931815_ACTGATGCAAGCCCAC,1300
COV19_CH11931812_CAAGATCAGCGCCTTG,1301
COV19_CH11283385_AACGTTGCATGGTCTA,1302
COV19_CH11283364_GGACAAGAGTCGCCGT,1303
COV19_CH11283388_TCCCGATTCAGTGCAT,1304
COV19_CH11931813_TCACGAAGTATCTGCA,1305
COV19_CH11283388_TTTGTCAGTAGAGGAA,1306
COV19_CH11283388_GCTGGGTTCGGAAATA,1307
COV19_CH11283386_AGGGTGAAGAGTACCG,1308
COV19_CH11283388_TCAATCTTCAAAGACA,1309
COV19_CH11283388_TCATTACTCATATCGG,1310
COV19_CH11283368_GCGCCAAAGGATTCGG,1311
COV19_CH11283363_CACAAACCATGAACCT,1312
COV19_CH11931798_CACCTTGCATGTAGTC,1313
COV19_CH11283388_TCGAGGCTCATGTAGC,1314
COV19_CH11931802_TATCAGGTCACGAAGG,1315
COV19_CH11283371_GGCAATTAGTTAACGA,1316
COV19_CH11931831_CTACACCGTGCATCTA,1317
COV19_CH11283368_CTGTTTATCTCCGGTT,1318
COV19_CH11283385_TGGACGCGTTATCGGT,1319
COV19_CH11931845_AGATCTGGTAAGTAGT,1320
COV19_CH11283371_GACTGCGTCCTTTCGG,1321
COV19_CH11283378_CCCATACCAGCTGCTG,1322
COV19_CH11283357_CGATGTACAGTGAGTG,1323
COV19_CH11931837_GCAATCAGTTCCGTCT,1324
COV19_CH11283387_GATGAGGAGCTCCCAG,1325
COV19_CH11283364_TCAGCTCAGCGCTCCA,1326
COV19_CH11283393_TTGACTTAGGCGTACA,1327
COV19_CH11283393_TACAGTGCAGTCTTCC,1328
COV19_CH11931849_GTGCGGTTCCCTCAGT,1329
COV19_CH11283393_GTCTTCGGTCTCATCC,1330
COV19_CH11283371_GTTACAGAGGTGATTA,1331
COV19_CH11283388_TGGGCGTCAAGGGTCA,1332
COV19_CH11283369_CGGCTAGGTATGAATG,1333
COV19_CH11283385_ACATACGGTCCATCCT,1334
COV19_CH11283392_GACGCGTGTCCCTTGT,1335
COV19_CH11283388_TTGAACGAGGTGCTAG,1336
COV19_CH11931802_TTCGAAGTCCAGTATG,1337
COV19_CH11283388_CATCCACCACCGAAAG,1338
COV19_CH11283393_AGGCCACAGATCTGAA,1339
COV19_CH11283363_CCTTACGCAGTAGAGC,1340
COV19_CH11283371_CGTCACTCATTAACCG,1341
COV19_CH11283388_CACAGTAGTCTCTCTG,1342
COV19_CH11283393_GACGGCTAGTAGGTGC,1343
COV19_CH11931837_CTGTTTAGTTGATTCG,1344
COV19_CH11931834_ACGCCGAGTGTATGGG,1345
COV19_CH11931801_TGCTGCTAGATAGTCA,1346
COV19_CH11931813_GTCTCGTCATGGGAAC,1347
COV19_CH11283388_CCCAGTTGTCACTTCC,1348
COV19_CH11283359_TATGCCCGTTAGAACA,1349
COV19_CH11283369_TCATTTGCATGCCCGA,1350
COV19_CH11283371_CAGATCATCTCGGACG,1351
COV19_CH11283385_GTATCTTCAGTTCCCT,1352
COV19_CH11283388_CGTAGCGAGACAGAGA,1353
COV19_CH11283371_TCGTAGATCAGCTCTC,1354
COV19_CH11283386_AACTCTTCAGTCAGCC,1355
COV19_CH11283388_GGCAATTCAGCTGGCT,1356
COV19_CH11931851_AGCTTGAAGAATTCCC,1357
COV19_CH11283366_TCAATCTTCTTTAGTC,1358
COV19_CH11283363_CGTAGCGCAATGGATA,1359
COV19_CH11283393_TGTATTCTCTCCGGTT,1360
COV19_CH11283381_TGATTTCGTCCGTTAA,1361
COV19_CH11931840_CTGATCCAGCTAGCCC,1362
COV19_CH11931834_TCGTACCAGATATGGT,1363
COV19_CH11283387_TGCTGCTGTTTACTCT,1364
COV19_CH11283388_TGGCGCATCTACCAGA,1365
COV19_CH11931834_GTAACTGTCTCGCATC,1366
COV19_CH11283385_GGTGAAGCAAGTTGTC,1367
COV19_CH11283388_AAGCCGCTCACGCGGT,1368
COV19_CH11283364_CGTGAGCCATCACGTA,1369
COV19_CH11931834_CGTAGCGTCTTCATGT,1370
COV19_CH11283388_TCTTCGGTCGAGAACG,1371
COV19_CH11283361_TTTCCTCTCGCTTGTC,1372
COV19_CH11283393_CAAGATCAGAGTTGGC,1373
COV19_CH11283371_CATCGGGAGCGTGAGT,1374
COV19_CH11283380_TGCGCAGAGGTTCCTA,1375
COV19_CH11931834_AGATCTGTCACGGTTA,1376
COV19_CH11283390_GAGGTGAAGTCAATAG,1377
COV19_CH11931813_ACTGAACTCCGCAAGC,1378
COV19_CH11931813_AACTCTTCAGGGAGAG,1379
COV19_CH11283363_ACGGGCTGTCTACCTC,1380
COV19_CH11283377_CGTGTCTGTCTTCTCG,1381
COV19_CH11283371_CACATTTAGCCAGAAC,1382
COV19_CH11283384_CTGTTTATCTTGTTTG,1383
COV19_CH11931802_CGTCAGGGTCCTAGCG,1384
COV19_CH11931813_CATGCCTGTGAGTATA,1385
COV19_CH11283381_AAATGCCCAGCGTAAG,1386
COV19_CH11283364_TGAGGGAAGGGTGTGT,1387
COV19_CH11931834_GACCTGGAGGCCGAAT,1388
COV19_CH11283370_ATGCGATCATGGTTGT,1389
COV19_CH11283385_TTGGAACTCGTTTATC,1390
COV19_CH11283376_GATCTAGTCGTCTGAA,1391
COV19_CH11931834_AGCGTCGCACTTCGAA,1392
COV19_CH11931842_ATAACGCCACGGTAAG,1393
COV19_CH11283387_ACGGCCAAGCAGCCTC,1394
COV19_CH11283364_AGCGGTCTCTCTGTCG,1395
COV19_CH11931802_TAGTGGTTCTCTGTCG,1396
COV19_CH11283388_GACAGAGTCAAGATCC,1397
COV19_CH11283393_CCCTCCTGTTAAAGTG,1398
COV19_CH11283387_CTGTGCTCAAGCCTAT,1399
COV19_CH11931802_AGTGAGGTCGTACGGC,1400
COV19_CH11283389_CACAAACGTGTAAGTA,1401
COV19_CH11931850_ACTGATGCAGCATGAG,1402
COV19_CH11283364_CTGATAGGTCCAACTA,1403
COV19_CH11283388_TCTGAGAAGTTACCCA,1404
COV19_CH11283388_TGTGGTATCCAGTAGT,1405
COV19_CH11931837_GCATACAGTCCCGACA,1406
COV19_CH11283372_AGCATACTCCGCAAGC,1407
COV19_CH11931831_CATCAAGAGTTCCACA,1408
COV19_CH11931808_GAAACTCTCCTTTCTC,1409
COV19_CH11931834_ACATACGAGGATGCGT,1410
COV19_CH11931838_ACGATGTAGGATGGTC,1411
COV19_CH11931830_CTGTGCTGTTCCAACA,1412
COV19_CH11283364_CTGTGCTAGTGGCACA,1413
COV19_CH11283354_CGAGAAGAGGCCATAG,1414
COV19_CH11931844_TAAACCGAGAAACGAG,1415
COV19_CH11283370_GACGTTACAAGCTGGA,1416
COV19_CH11283370_CTCGGGAGTAGCCTCG,1417
COV19_CH11283388_AACTGGTCACATTTCT,1418
COV19_CH11283370_TGCACCTGTAAGGGAA,1419
COV19_CH11283364_ATCGAGTTCAGGCGAA,1420
COV19_CH11283380_GTCATTTGTCCGACGT,1421
COV19_CH11283370_TACGGATGTTAAGAAC,1422
COV19_CH11283370_GTCGTAACACGTGAGA,1423
COV19_CH11283382_CGGAGTCCATACCATG,1424
COV19_CH11283382_GTCATTTAGTGTACCT,1425
COV19_CH11283388_ATCGAGTCAAACTGTC,1426
COV19_CH11283382_CAGCTAAGTTCCACAA,1427
COV19_CH11283388_GCGGGTTTCACCATAG,1428
COV19_CH11283388_ACGGGTCGTGGTACAG,1429
COV19_CH11931802_CTTACCGTCGTAGATC,1430
COV19_CH11283384_GAATGAATCGAATGCT,1431
COV19_CH11283353_GTGAAGGCACCACCAG,1432
COV19_CH11931852_ACGATGTAGACAGAGA,1433
COV19_CH11931809_GCGAGAACAATAGCAA,1434
COV19_CH11283388_ACACCAAAGGTGCAAC,1435
COV19_CH11283388_TCCCGATCACTGCCAG,1436
COV19_CH11931800_CCGGTAGCATTGTGCA,1437
COV19_CH11931836_CACATAGTCAGGTAAA,1438
COV19_CH11931837_CATGACACAGACTCGC,1439
COV19_CH11283388_ATAGACCTCAACGAAA,1440
COV19_CH11931809_ACTGATGAGATGTGTA,1441
COV19_CH11283388_GCATGCGTCTCCCTGA,1442
COV19_CH11931799_GGCGACTAGTTTAGGA,1443
COV19_CH11283390_GGAAAGCTCTTTACAC,1444
COV19_CH11283366_TCGGGACAGCCGCCTA,1445
COV19_CH11931809_GGACAAGTCTGTCTAT,1446
COV19_CH11283382_ACTTACTGTCTGATCA,1447
COV19_CH11283388_CGTAGGCTCACCATAG,1448
COV19_CH11931850_ATGTGTGTCGGAATCT,1449
COV19_CH11283372_AAAGTAGAGTGAAGAG,1450
COV19_CH11283372_GCCTCTACACATTCGA,1451
COV19_CH11283386_CTACATTTCACTCCTG,1452
COV19_CH11283354_GCTGCGACAAAGTGCG,1453
COV19_CH11283373_CACAGGCCATATACGC,1454
COV19_CH11283390_ACCAGTAGTGCCTTGG,1455
COV19_CH11283357_CCTCAGTGTACCATCA,1456
COV19_CH11283382_CGTCTACGTCTCTCGT,1457
COV19_CH11931811_GCTCTGTAGTAGCCGA,1458
COV19_CH11283389_CACATTTAGTTATCGC,1459
COV19_CH11931837_GCGCCAAAGGATCGCA,1460
COV19_CH11931833_CATGGCGAGATGCCTT,1461
COV19_CH11283386_GGACGTCTCCACTCCA,1462
COV19_CH11283366_GGGTCTGTCCAAACAC,1463
COV19_CH11931816_CCTTACGCACCAGCAC,1464
COV19_CH11283390_CCGTGGACATGCTGGC,1465
COV19_CH11283380_TCCACACCATGCCACG,1466
COV19_CH11931852_AGCGGTCGTGTTTGTG,1467
COV19_CH11931799_ACTTACTCAAGGACAC,1468
COV19_CH11931813_CGCTGGAGTAGAAAGG,1469
COV19_CH11283382_TGTATTCTCTTCGAGA,1470
COV19_CH11931835_TTCGGTCTCCAATGGT,1471
COV19_CH11283370_GCATGATCAGACACTT,1472
COV19_CH11931841_GCGACCACAGTGACAG,1473
COV19_CH11283388_ATGTGTGAGCCGATTT,1474
COV19_CH11931837_TACCTATAGAAGGCCT,1475
COV19_CH11283388_GTGCGGTAGCGATAGC,1476
COV19_CH11931850_ACATGGTGTAAGAGGA,1477
COV19_CH11283370_ACTTACTAGCAGGCTA,1478
COV19_CH11283366_CGGTTAATCAGCGATT,1479
COV19_CH11931813_GAATAAGAGGATTCGG,1480
COV19_CH11283388_CAGAATCGTACATCCA,1481
COV19_CH11931802_CCCAGTTAGATAGGAG,1482
COV19_CH11283382_CCTTACGTCCGAGCCA,1483
COV19_CH11283382_ATCTGCCCATCACAAC,1484
COV19_CH11283364_CAAGATCGTCTAGGTT,1485
COV19_CH11931802_ACATACGTCAACCATG,1486
COV19_CH11283388_AGTGTCACATACTACG,1487
COV19_CH11283370_TGGCCAGTCTCCAACC,1488
COV19_CH11931850_CACAGTAAGAGCTGGT,1489
COV19_CH11931802_CCGTGGACAGATTGCT,1490
COV19_CH11283389_TATTACCGTCACCCAG,1491
COV19_CH11283382_TAGACCAGTACAGACG,1492
COV19_CH11931799_ACGATGTCAAGAGGCT,1493
COV19_CH11931850_GTCATTTAGATGTCGG,1494
COV19_CH11283385_ACCAGTACATTGCGGC,1495
COV19_CH11283389_CGTGTCTGTGTAATGA,1496
COV19_CH11283390_GAAGCAGCAAGGCTCC,1497
COV19_CH11931837_CTCGAGGGTACCTACA,1498
COV19_CH11931810_GCTGGGTCAGTCACTA,1499
COV19_CH11283363_AGAGCTTAGTGGAGTC,1500
COV19_CH11283393_CGTTAGACACAGGTTT,1501
COV19_CH11283388_CGAGAAGAGTCCGGTC,1502
COV19_CH11283388_TACTCGCAGGCTAGCA,1503
COV19_CH11283388_TACTCGCCAGACGCAA,1504
COV19_CH11283388_GATTCAGTCTCAAGTG,1505
COV19_CH11283391_TGAGAGGGTATATGAG,1506
COV19_CH11283388_CTCGGGACATCGTCGG,1507
COV19_CH11283388_TCAGCTCCAGGGTTAG,1508
COV19_CH11283347_GCTGCGAAGTTCGCGC,1509
COV19_CH11283371_TGACAACCATTCTTAC,1510
COV19_CH11283388_AGCTCTCGTCAAGCGA,1511
COV19_CH11931834_TCAGATGAGCGTAGTG,1512
COV19_CH11283388_CTGCTGTCACGGATAG,1513
COV19_CH11283391_GCGACCATCAACGGCC,1514
COV19_CH11283362_TACGGTACAATGAAAC,1515
COV19_CH11283388_CAAGATCAGACCACGA,1516
COV19_CH11931805_GATCGATTCGCCTGTT,1517
COV19_CH11283388_CCGTTCATCGGTGTTA,1518
COV19_CH11283388_ATTGGTGAGGTACTCT,1519
COV19_CH11931840_GGATTACAGTATTGGA,1520
COV19_CH11283391_CGTAGGCGTGACAAAT,1521
COV19_CH11283388_CATCAGATCCACGCAG,1522
COV19_CH11931799_AAGGAGCAGATGTTAG,1523
COV19_CH11283388_TGAGAGGGTTCGAATC,1524
COV19_CH11283388_CGTTGGGCACCTTGTC,1525
COV19_CH11283356_CAGCCGAAGGTGATTA,1526
COV19_CH11283384_CTAGTGAAGGTTCCTA,1527
COV19_CH11283356_TGGGAAGAGACTGTAA,1528
COV19_CH11283364_TCGGGACGTGAGCGAT,1529
COV19_CH11283383_TTCGAAGGTATTCGTG,1530
COV19_CH11283370_AAGTCTGGTTCCTCCA,1531
COV19_CH11931798_TGTATTCCAGCCAGAA,1532
COV19_CH11283388_ACGATGTTCAGTGTTG,1533
COV19_CH11283388_GCTGGGTAGGAATTAC,1534
COV19_CH11283363_TACCTATTCACCACCT,1535
COV19_CH11931845_GGTATTGAGCTTCGCG,1536
COV19_CH11283388_ACAGCTAGTAGCGTGA,1537
COV19_CH11283363_CCTTACGCACACTGCG,1538
COV19_CH11283388_GGCGACTCACCGCTAG,1539
COV19_CH11283388_ACTATCTGTTACTGAC,1540
COV19_CH11283393_GTCGTAACATGTAGTC,1541
COV19_CH11283388_ATCACGAGTTTAGGAA,1542
COV19_CH11283370_GCGAGAAAGAGTAATC,1543
COV19_CH11283356_CGGTTAAGTCATCGGC,1544
COV19_CH11283356_GTCAAGTTCCGCATAA,1545
COV19_CH11283383_GGGTTGCAGTAGATGT,1546
COV19_CH11283388_ATTACTCCATGGGAAC,1547
COV19_CH11283388_GTCCTCAAGCTAGGCA,1548
COV19_CH11283388_TCTATTGAGCCACGCT,1549
COV19_CH11283388_ACTGTCCCACCACCAG,1550
COV19_CH11283369_CGGTTAAAGGCGATAC,1551
COV19_CH11283388_TCGTAGAGTTACGTCA,1552
COV19_CH11283388_GACGTGCCATCGATGT,1553
COV19_CH11931834_AAAGTAGTCGAGAGCA,1554
COV19_CH11283366_CCGGGATCAGGACGTA,1555
COV19_CH11283388_TTGGAACCAGTCACTA,1556
COV19_CH11283388_TTGACTTCATGCCTAA,1557
COV19_CH11283385_ACTGTCCAGGCTCAGA,1558
COV19_CH11283388_CCTTCGACAATGACCT,1559
COV19_CH11283388_GGAGCAAGTCCAACTA,1560
COV19_CH11931834_GTGCATACATTTGCTT,1561
COV19_CH11283388_TACCTATGTGATGCCC,1562
COV19_CH11931842_GACGTTATCATCATTC,1563
COV19_CH11283388_AAACGGGGTATGAAAC,1564
COV19_CH11931841_GTTCTCGAGGATGGTC,1565
COV19_CH11931800_TCAACGAAGCGCTCCA,1566
COV19_CH11283388_CTAATGGAGGCATGTG,1567
COV19_CH11931826_CTGAAGTGTAGCGCAA,1568
COV19_CH11283388_CTCGTCACAAACGCGA,1569
COV19_CH11283393_CGGACGTCACACATGT,1570
COV19_CH11283393_AAGGCAGAGAGACTTA,1571
COV19_CH11283353_AGCGTATCACATCCGG,1572
COV19_CH11283388_TTTCCTCAGCTCTCGG,1573
COV19_CH11283382_CGGACACTCGATAGAA,1574
COV19_CH11283388_TACTCGCTCTCTGAGA,1575
COV19_CH11283388_CGGCTAGTCGAATCCA,1576
COV19_CH11283356_GGGTTGCCAGCGTTCG,1577
COV19_CH11931822_TTAGTTCTCGCCAAAT,1578
COV19_CH11283388_CCTACACTCTAACTCT,1579
COV19_CH11931834_CGGACTGTCCTATTCA,1580
COV19_CH11283391_AGACGTTGTGTGGCTC,1581
COV19_CH11283388_CGCGTTTTCCGCGGTA,1582
COV19_CH11283388_TACTTGTGTTCGTTGA,1583
COV19_CH11283385_AGAATAGGTGACGCCT,1584
COV19_CH11283393_CGAGCACTCATCGGAT,1585
COV19_CH11283388_CTTCTCTCATCGATGT,1586
COV19_CH11283356_TAGGCATTCCACGACG,1587
COV19_CH11283388_CTACATTCACCAGCAC,1588
COV19_CH11283386_TGGCCAGAGTGGTAAT,1589
COV19_CH11283356_CGCGGTAGTCTCCACT,1590
COV19_CH11283388_TACGGGCCACTGTGTA,1591
COV19_CH11283388_AGAGTGGCATGCAATC,1592
COV19_CH11283388_CCATGTCGTGCAGGTA,1593
COV19_CH11283391_TGAGCATCAGCGTCCA,1594
COV19_CH11283388_GCTGGGTAGGGCACTA,1595
COV19_CH11283363_TACTCATAGTAGGCCA,1596
COV19_CH11283363_ATCCACCAGTGCGATG,1597
COV19_CH11283393_GGTGAAGTCTGATACG,1598
COV19_CH11283388_AGAATAGGTAAGAGGA,1599
COV19_CH11283371_GTCATTTAGACTGGGT,1600
COV19_CH11283380_ACATCAGGTGATAAAC,1601
COV19_CH11283356_ATTGGACCATGATCCA,1602
COV19_CH11283371_AACACGTTCCGAATGT,1603
COV19_CH11931822_ACCGTAAAGGTACTCT,1604
COV19_CH11283369_CAGCTGGCACCGAATT,1605
COV19_CH11931799_ACTATCTTCGGATGTT,1606
COV19_CH11931827_GACGGCTGTCATACTG,1607
COV19_CH11283346_CACAAACTCTTTCCTC,1608
COV19_CH11931835_GCGCGATCACATTCGA,1609
COV19_CH11283391_GGTGTTAGTTCTGAAC,1610
COV19_CH11283371_ATAAGAGGTAACGCGA,1611
COV19_CH11931844_TTATGCTCAATCCAAC,1612
COV19_CH11283371_CGTTCTGCAAGTAGTA,1613
COV19_CH11931808_ACGAGGAAGAGCTATA,1614
COV19_CH11283357_AGCGTATGTTGCCTCT,1615
COV19_CH11931849_GTAACGTCAGGACGTA,1616
COV19_CH11283381_GGAATAAAGGAGTTGC,1617
COV19_CH11931835_CATTATCTCCAGTATG,1618
COV19_CH11283345_GTCGGGTAGACAGAGA,1619
COV19_CH11283381_AGCGTCGCACGCGAAA,1620
COV19_CH11931835_TTCTCCTAGCCACCTG,1621
COV19_CH11283392_GGGCATCAGCTGCCCA,1622
COV19_CH11283383_TTTGCGCGTAGTAGTA,1623
COV19_CH11283362_AGACGTTCAGCTCCGA,1624
COV19_CH11283371_CTAACTTAGCGACGTA,1625
COV19_CH11283381_TCTGAGAAGGGTATCG,1626
COV19_CH11283369_TTGACTTAGGCTCAGA,1627
COV19_CH11931835_CAGCTAAGTAGGGACT,1628
COV19_CH11931834_GAATAAGAGGGATGGG,1629
COV19_CH11931849_AGCAGCCTCTGCGGCA,1630
COV19_CH11931834_TGCACCTTCGCCAAAT,1631
COV19_CH11283371_TAGGCATTCTTACCTA,1632
COV19_CH11931843_TAAGAGAGTAATTGGA,1633
COV19_CH11931799_AGAGCTTTCAACGGCC,1634
COV19_CH11931834_CGAGCACCAGTCGATT,1635
COV19_CH11931828_AGGCCACAGGCGACAT,1636
COV19_CH11931843_GAACGGACAGACGCCT,1637
COV19_CH11283383_TTTGCGCGTTAGAACA,1638
COV19_CH11283387_CCTCTGATCACGACTA,1639
COV19_CH11931834_GATCGATGTGTGCGTC,1640
COV19_CH11283369_GTCCTCATCATAGCAC,1641
COV19_CH11283369_CTAGAGTTCTGATACG,1642
COV19_CH11931834_ACCAGTAAGAAGAAGC,1643
COV19_CH11931799_TTTCCTCAGTGGTAAT,1644
COV19_CH11283356_GCGAGAAGTCATATCG,1645
COV19_CH11283356_CAAGGCCAGTGAAGAG,1646
COV19_CH11931843_AAAGCAAGTTATCCGA,1647
COV19_CH11931834_TTGTAGGCATCCTTGC,1648
COV19_CH11283361_CCGTGGAAGGCTCTTA,1649
COV19_CH11283381_GATGAAAAGAAGGCCT,1650
COV19_CH11283381_CAAGAAAGTTAGTGGG,1651
COV19_CH11283362_CGTGTAATCAACACAC,1652
COV19_CH11931807_GGGAATGAGCTGATAA,1653
COV19_CH11283357_TGAGCATAGCTGATAA,1654
COV19_CH11931848_CAGAGAGTCCGCGTTT,1655
COV19_CH11283371_TTATGCTAGTACGTAA,1656
COV19_CH11931834_TACGGGCCACATAACC,1657
COV19_CH11283356_TGACTTTTCTCGCATC,1658
COV19_CH11283369_TAAACCGGTATATGGA,1659
COV19_CH11283381_CGTTCTGCATTACGAC,1660
COV19_CH11283371_GCGCAGTGTTCCAACA,1661
COV19_CH11931799_TACACGATCGGCTTGG,1662
COV19_CH11931848_AAGACCTCATCTCGCT,1663
COV19_CH11931849_TGTTCCGCACTTCTGC,1664
COV19_CH11283371_ATTACTCAGGATGGTC,1665
COV19_CH11931835_TACACGAAGGATGCGT,1666
COV19_CH11283356_AGCGTCGTCTGATTCT,1667
COV19_CH11283375_CTTTGCGTCACTTCAT,1668
COV19_CH11283371_GTAGGCCCAGCCTTTC,1669
COV19_CH11931799_GGAAAGCCAATCAGAA,1670
COV19_CH11931842_AGCGTATCAAGCCGCT,1671
COV19_CH11931834_CAAGTTGCAGACAAGC,1672
COV19_CH11283391_ATCCGAAGTTGCGTTA,1673
COV19_CH11283364_TGGACGCTCTGTCTAT,1674
COV19_CH11283385_GACCTGGGTTTCGCTC,1675
COV19_CH11283362_GGGATGACATACTACG,1676
COV19_CH11283362_CACCAGGTCTCGCATC,1677
COV19_CH11283381_GTCCTCAAGAAGATTC,1678
COV19_CH11931835_TCTCTAAAGTATGACA,1679
COV19_CH11283371_ACAGCCGGTAGTACCT,1680
COV19_CH11931799_GGACATTCACACCGCA,1681
COV19_CH11283363_GATTCAGTCCTAAGTG,1682
COV19_CH11283393_CACATTTTCGTTTGCC,1683
COV19_CH11931799_GTAACGTAGGTGACCA,1684
COV19_CH11283365_GACGTGCTCAACACAC,1685
COV19_CH11931835_CACACCTTCACCGTAA,1686
COV19_CH11283375_CGTTGGGAGTGTCCAT,1687
COV19_CH11283371_GGCCGATAGATCGGGT,1688
COV19_CH11931834_CGAGAAGTCTCGCATC,1689
COV19_CH11283371_GTTCATTGTCTAACGT,1690
COV19_CH11283388_TTCTCCTGTTAGAACA,1691
COV19_CH11283362_TTCGGTCGTCAGATAA,1692
COV19_CH11931834_TTTGCGCAGTTTCCTT,1693
COV19_CH11283363_GTGCAGCGTCTAACGT,1694
COV19_CH11283371_TGCCCTATCCTACAGA,1695
COV19_CH11283369_ACGCCGAAGCTGAAAT,1696
COV19_CH11931842_ACGCAGCCACCGCTAG,1697
COV19_CH11283356_ATCTACTGTTCGAATC,1698
COV19_CH11283356_GGTGTTACAGTATAAG,1699
COV19_CH11931826_CGTAGCGCACCGAATT,1700
COV19_CH11283391_TGCCCATGTAAGAGAG,1701
COV19_CH11283391_CGTCACTGTTACGACT,1702
COV19_CH11283385_CGTAGGCTCCGTTGTC,1703
COV19_CH11283363_GGGTTGCCATTCACTT,1704
COV19_CH11283371_CGATTGATCTTTACAC,1705
COV19_CH11283371_CGATGTATCACATGCA,1706
COV19_CH11283350_CGTGTCTCAGTAAGAT,1707
COV19_CH11283363_CCACGGAGTTCGGGCT,1708
COV19_CH11931834_GCTGCGATCTCAAACG,1709
COV19_CH11283356_ACCAGTATCCATGAAC,1710
COV19_CH11283363_CCTAAAGCAAGTAATG,1711
COV19_CH11931834_GACAGAGGTGTGCCTG,1712
COV19_CH11931834_CATGACAAGAGCTGGT,1713
COV19_CH11283388_GGGATGACACATCCGG,1714
COV19_CH11283350_TACCTATTCGGCTACG,1715
COV19_CH11931834_CGCTTCACATGCCACG,1716
COV19_CH11283369_TAAGCGTGTCTAGTCA,1717
COV19_CH11283356_CTAGCCTAGCAATCTC,1718
COV19_CH11931834_CAAGAAAGTCCGCTGA,1719
COV19_CH11283383_AGAGTGGGTAGGGACT,1720
COV19_CH11283388_CGAATGTCAAGGCTCC,1721
COV19_CH11283369_ACGCCGATCGTTTATC,1722
COV19_CH11283388_CGATCGGTCCCAAGTA,1723
COV19_CH11283385_GGTATTGCAGCCTTTC,1724
COV19_CH11283371_GTACTTTTCTAACTTC,1725
COV19_CH11283391_CTTAACTGTCCTGCTT,1726
COV19_CH11283391_TGACAACCACTGTCGG,1727
COV19_CH11283356_CGCGGTATCAGCTCTC,1728
COV19_CH11931834_AACACGTCATAAGACA,1729
COV19_CH11283369_GCACATACAACTGGCC,1730
COV19_CH11283356_GGCGTGTTCTTCAACT,1731
COV19_CH11931834_ACTTGTTCAACACCTA,1732
COV19_CH11283369_GGCGTGTGTGACGCCT,1733
COV19_CH11931834_GTAGGCCGTATAGGTA,1734
COV19_CH11283371_CTTTGCGCAAGCGCTC,1735
COV19_CH11931849_CTGTGCTTCGGTGTTA,1736
COV19_CH11283388_ACTGTCCTCCCATTTA,1737
COV19_CH11283388_CGTAGCGAGAGACTAT,1738
COV19_CH11283388_TAGTTGGTCAGAAATG,1739
COV19_CH11283364_CATTCGCTCAATCACG,1740
COV19_CH11283391_GGACATTAGATAGTCA,1741
COV19_CH11283385_CTGCGGACACCCTATC,1742
COV19_CH11283371_TACAGTGGTCCCGACA,1743
COV19_CH11931852_GGAATAAAGACACTAA,1744
COV19_CH11283388_GGTGTTAGTAAGTAGT,1745
COV19_CH11931834_CTGCTGTGTGTAAGTA,1746
COV19_CH11931834_TGGGAAGGTAAGTAGT,1747
COV19_CH11283371_CTCTGGTGTCCAGTAT,1748
COV19_CH11283356_ATCGAGTAGGACAGCT,1749
COV19_CH11283384_CATATGGTCCACGACG,1750
COV19_CH11283387_GTAACTGGTCCGTCAG,1751
COV19_CH11283356_TAGTTGGAGCCATCGC,1752
COV19_CH11283391_GTACGTACATGCCACG,1753
COV19_CH11283364_TAAGCGTTCTCATTCA,1754
COV19_CH11283371_AGCGTATAGGGTTCCC,1755
COV19_CH11283369_ACACCGGGTTAGAACA,1756
COV19_CH11283363_GTGTTAGTCCCTCTTT,1757
COV19_CH11283385_AAACGGGGTAAATGAC,1758
COV19_CH11283371_ACTATCTGTAGGCTGA,1759
COV19_CH11283391_CGCGTTTAGCGCCTTG,1760
COV19_CH11931834_AAGGCAGCACCATGTA,1761
COV19_CH11283356_CATGGCGGTAATCGTC,1762
COV19_CH11283371_TCACGAATCAGCATGT,1763
COV19_CH11283381_CGTTAGAGTCTCGTTC,1764
COV19_CH11283356_TTAGTTCTCTACTATC,1765
COV19_CH11283385_ACACTGACATATGGTC,1766
COV19_CH11283356_ATCATCTAGATGTTAG,1767
COV19_CH11283371_CTTAACTCACCAGATT,1768
COV19_CH11283371_CATGACACAAGGTTCT,1769
COV19_CH11283391_CGTAGCGCAATGGATA,1770
COV19_CH11283371_CCGTACTCATAGGATA,1771
COV19_CH11283363_TGCACCTAGAGGACGG,1772
COV19_CH11283356_AAAGCAAGTTCATGGT,1773
COV19_CH11283363_GACACGCAGTGGTAAT,1774
COV19_CH11931852_CGATCGGCACATGTGT,1775
COV19_CH11283391_CTGAAACTCACCCTCA,1776
COV19_CH11283356_ACAGCCGCATGCTAGT,1777
COV19_CH11283388_TGGCGCATCGCCTGAG,1778
COV19_CH11283371_CGTTCTGGTAGATTAG,1779
COV19_CH11283388_CAGTAACCATTATCTC,1780
COV19_CH11283371_TACGGTAGTTGATTCG,1781
COV19_CH11283362_GGAACTTTCAGTGCAT,1782
COV19_CH11283391_TGGTTCCGTTTGGCGC,1783
COV19_CH11283363_GACTACACAGCTGGCT,1784
COV19_CH11283371_GAAGCAGTCGGTCTAA,1785
COV19_CH11283391_CTCGGGAGTTCTGAAC,1786
COV19_CH11931834_CGCTTCATCACATAGC,1787
COV19_CH11283364_GGAGCAATCTACTTAC,1788
COV19_CH11931834_CTTTGCGTCATCACCC,1789
COV19_CH11931834_CATGGCGAGTCTTGCA,1790
COV19_CH11283391_TCACAAGAGACTAGGC,1791
COV19_CH11283388_ACTTACTTCCCATTAT,1792
COV19_CH11283385_GACGCGTGTCAAACTC,1793
COV19_CH11283363_ACTGAACTCGCAAGCC,1794
COV19_CH11931849_TCTGAGAGTAAGTAGT,1795
COV19_CH11931835_GGCTGGTGTTCGCTAA,1796
COV19_CH11283356_AGCTTGAGTCAGAGGT,1797
COV19_CH11283369_AACCATGTCAGCACAT,1798
COV19_CH11931831_CTCGAGGGTACGACCC,1799
COV19_CH11283356_ATTGGTGAGTGACTCT,1800
COV19_CH11283385_CCGGTAGCACAAGACG,1801
COV19_CH11283356_CAGGTGCTCAATAAGG,1802
COV19_CH11283391_GTCCTCAGTACATGTC,1803
COV19_CH11283391_TGACTTTGTCCATCCT,1804
COV19_CH11931817_CGTGTCTAGGTGACCA,1805
COV19_CH11283357_GGCTGGTCATAAAGGT,1806
COV19_CH11931834_TAAGCGTTCGGCGGTT,1807
COV19_CH11283391_CCTTCGACAGGATCGA,1808
COV19_CH11283391_AGCGTATTCTCTGTCG,1809
COV19_CH11931834_TCTCTAAGTAGGAGTC,1810
COV19_CH11283391_CGTTCTGGTTATTCTC,1811
COV19_CH11283391_CTAACTTCACATCCGG,1812
COV19_CH11283391_CCGTTCAAGGTGCTAG,1813
COV19_CH11283391_TACTCATTCGTTACAG,1814
COV19_CH11283391_CATGGCGTCAACGGGA,1815
COV19_CH11283391_ATGGGAGAGCTCTCGG,1816
COV19_CH11283391_TACTTGTCACCCAGTG,1817
COV19_CH11283391_TCAACGATCTCAACTT,1818
COV19_CH11931834_AGTAGTCCACACCGCA,1819
COV19_CH11283363_TCTCTAAGTCGAGTTT,1820
COV19_CH11283391_GGGAATGGTTTAGCTG,1821
COV19_CH11283356_AATCCAGTCGTCACGG,1822
COV19_CH11283391_CACTCCAAGTACACCT,1823
COV19_CH11283391_AGGCCACTCTTCAACT,1824
COV19_CH11283356_CAACCTCTCGAACTGT,1825
COV19_CH11283383_CGGCTAGCAGATAATG,1826
COV19_CH11283391_TTGACTTTCCGTTGCT,1827
COV19_CH11283391_GCTGCAGCACTTCTGC,1828
COV19_CH11283371_TGAGGGAGTGATGCCC,1829
COV19_CH11283371_GTCTCGTGTCGGCTCA,1830
COV19_CH11931834_ACCAGTAAGAGCTGGT,1831
COV19_CH11283391_GCGCAACCAACACCCG,1832
COV19_CH11283362_CTGCGGAGTCTCATCC,1833
COV19_CH11283391_GGGCACTAGGCAGGTT,1834
COV19_CH11283371_GGGAATGAGACCACGA,1835
COV19_CH11283391_TTGAACGGTTGCGTTA,1836
COV19_CH11283391_TGAGGGAGTTTGTGTG,1837
COV19_CH11283371_ACGAGCCTCCCAAGTA,1838
COV19_CH11931826_AGAGTGGGTCTACCTC,1839
COV19_CH11283391_ACACCAAAGTGTACGG,1840
COV19_CH11283363_TGTTCCGGTAGAGGAA,1841
COV19_CH11283363_TTTATGCCACATTTCT,1842
COV19_CH11283356_ACCAGTATCAGCGACC,1843
COV19_CH11283391_GTCATTTGTACCGTAT,1844
COV19_CH11283391_TCTCTAAGTGCTGTAT,1845
COV19_CH11283391_CACATTTCATTGCGGC,1846
COV19_CH11931834_TTTGGTTCAAGCCTAT,1847
COV19_CH11283391_GGTATTGTCTCCAACC,1848
COV19_CH11283356_GTTCATTAGTAGATGT,1849
COV19_CH11283356_GTTTCTACAAGCCTAT,1850
COV19_CH11283363_ACAGCTATCAGGCCCA,1851
COV19_CH11283391_GTTCTCGCACCACGTG,1852
COV19_CH11931842_GGGATGAAGCTATGCT,1853
COV19_CH11931834_TCTTCGGGTCATACTG,1854
COV19_CH11283391_AACACGTTCTTGCAAG,1855
COV19_CH11283391_CATTATCGTCTTGATG,1856
COV19_CH11283391_ACGGCCACAAGCCGTC,1857
COV19_CH11283383_CAAGTTGTCCTTGCCA,1858
COV19_CH11283391_CCATTCGAGTAAGTAC,1859
COV19_CH11283391_CAGCGACAGTTACCCA,1860
COV19_CH11283356_GAGTCCGTCGCGCCAA,1861
COV19_CH11283391_TTTATGCCACACTGCG,1862
COV19_CH11931834_CTGCGGAAGGCGACAT,1863
COV19_CH11283369_CTGGTCTCAATGAAAC,1864
COV19_CH11283391_GGCAATTCACGTTGGC,1865
COV19_CH11283363_ATTCTACCACATCTTT,1866
COV19_CH11283356_GTATCTTCAGCCTTGG,1867
COV19_CH11283391_GGTGCGTCACATCCAA,1868
COV19_CH11283356_GAATGAAGTAAGCACG,1869
COV19_CH11283369_AGAGCGAGTCTCCACT,1870
COV19_CH11283391_GTTCTCGAGGAATCGC,1871
COV19_CH11283391_AAACCTGGTTCGGCAC,1872
COV19_CH11283371_TAAGTGCTCACCATAG,1873
COV19_CH11283391_CCATTCGTCAGTTCGA,1874
COV19_CH11283391_GTGCATAAGAGAGCTC,1875
COV19_CH11283371_GGGAGATAGTTGCAGG,1876
COV19_CH11283371_GGACAAGGTAGCAAAT,1877
COV19_CH11283391_GTAGTCAGTCTAACGT,1878
COV19_CH11283391_AAGACCTTCTATCGCC,1879
COV19_CH11283391_GTCCTCATCCGAATGT,1880
COV19_CH11283385_CGGTTAACAATGCCAT,1881
COV19_CH11283391_GCCTCTAGTGCAACTT,1882
COV19_CH11931852_AACCGCGTCCCTAACC,1883
COV19_CH11283391_ATCCACCTCGCTGATA,1884
COV19_CH11283371_CATGCCTAGGAATGGA,1885
COV19_CH11283391_GGGCATCCATAGGATA,1886
COV19_CH11283385_TATCTCAAGAAAGTGG,1887
COV19_CH11283391_ACGAGGAAGCTCTCGG,1888
COV19_CH11283356_CCCTCCTTCGTGACAT,1889
COV19_CH11283391_GATGAGGAGAGTGAGA,1890
COV19_CH11283391_CGCGTTTAGCCGGTAA,1891
COV19_CH11283391_TCAGGTACAGGAATGC,1892
COV19_CH11931834_ACGAGCCCATGCTGGC,1893
COV19_CH11931834_CGTAGCGGTAATCGTC,1894
COV19_CH11283385_GACGTTACAGCTGTAT,1895
COV19_CH11283391_ACGTCAAGTGGAAAGA,1896
COV19_CH11283391_CGACCTTTCAGCATGT,1897
COV19_CH11283391_CCCAATCCATGCCACG,1898
COV19_CH11283391_GATCGATAGGCGATAC,1899
COV19_CH11931804_GTCGGGTTCGTGGTCG,1900
COV19_CH11283388_AGGGATGGTAGTACCT,1901
COV19_CH11283388_CGTTAGAGTCTAAACC,1902
COV19_CH11931844_ACGCCAGTCCTAGGGC,1903
COV19_CH11283388_GGAAAGCGTGGTAACG,1904
COV19_CH11931828_CTCACACTCTTCTGGC,1905
COV19_CH11283388_ACGCCGAGTATAATGG,1906
COV19_CH11283393_AGCTTGATCCTAGTGA,1907
COV19_CH11931832_CTCTAATTCGTTACGA,1908
COV19_CH11283381_TGCCCTAGTGCTAGCC,1909
COV19_CH11931834_CAGCATATCAGCTCTC,1910
COV19_CH11283362_CATATGGCACGAAAGC,1911
COV19_CH11283363_AGGTCATGTCATATGC,1912
COV19_CH11283371_GTGGGTCCACTAAGTC,1913
COV19_CH11283388_TGTGGTACATCTATGG,1914
COV19_CH11931826_AGATTGCAGCTACCTA,1915
COV19_CH11283388_CCACTACCATCTACGA,1916
COV19_CH11931834_GCTGCAGTCCGCATCT,1917
COV19_CH11283356_GCACTCTCATGCCTAA,1918
COV19_CH11931834_GCGAGAATCCTAGTGA,1919
COV19_CH11283381_ACGCCAGCAGCATGAG,1920
COV19_CH11931802_TAGTGGTCAAAGTCAA,1921
COV19_CH11283381_TGCACCTGTATGCTTG,1922
COV19_CH11283381_GCTGCGACATGAGCGA,1923
COV19_CH11283371_CAGAATCCACGAAACG,1924
COV19_CH11283385_GCTGGGTCAAAGTCAA,1925
COV19_CH11283366_ATCATCTCAGTGAGTG,1926
COV19_CH11931842_ATCACGAGTAAACCTC,1927
COV19_CH11283388_GTGAAGGTCCTCATTA,1928
COV19_CH11283391_TCGCGTTCACGGCTAC,1929
COV19_CH11283373_ACGATACGTTCCAACA,1930
COV19_CH11283381_GTTTCTAAGTGTTTGC,1931
COV19_CH11283371_GCGACCAGTTTGTTTC,1932
COV19_CH11931806_CCTCAGTCATCGGGTC,1933
COV19_CH11283364_GACTAACTCACCCTCA,1934
COV19_CH11283351_TCAGATGTCGGTGTCG,1935
COV19_CH11931834_GCAATCAAGAGCCTAG,1936
COV19_CH11283364_AAACGGGTCACATGCA,1937
COV19_CH11283388_TAGCCGGTCAACCAAC,1938
COV19_CH11283391_CACCACTGTCGCTTCT,1939
COV19_CH11283371_AACCGCGAGATACACA,1940
COV19_CH11283388_AAAGTAGTCTGTACGA,1941
COV19_CH11283393_CAGCGACCAATAGAGT,1942
COV19_CH11283371_TGAGGGAAGGGTTCCC,1943
COV19_CH11931800_AAAGATGTCGTCTGCT,1944
COV19_CH11283370_TAGTGGTCAAACAACA,1945
COV19_CH11283387_GGCTGGTCAGTCGTGC,1946
COV19_CH11283388_TGCCCTAGTCTGATCA,1947
COV19_CH11283388_CGCGGTAAGATGTAAC,1948
COV19_CH11283371_GCATGCGAGAAGAAGC,1949
COV19_CH11931805_TGAGCATCAATCACAC,1950
COV19_CH11283388_CTGAAGTAGCGTTGCC,1951
COV19_CH11283388_ACTTTCACAAATACAG,1952
COV19_CH11283393_AATCGGTTCTGCCCTA,1953
COV19_CH11283381_GTTCGGGTCTGATACG,1954
COV19_CH11931834_ATGAGGGGTAGCTTGT,1955
COV19_CH11283371_CTTCTCTGTCTGCGGT,1956
COV19_CH11283356_TGATTTCGTTAGTGGG,1957
COV19_CH11931834_CGTTAGATCCAGAAGG,1958
COV19_CH11283388_CGGACTGGTTAAGTAG,1959
COV19_CH11283385_CATCCACCACCAGGTC,1960
COV19_CH11931834_CTGATCCAGACTTTCG,1961
COV19_CH11931835_ATTCTACAGGATGCGT,1962
COV19_CH11931842_CGAGCCAAGGAGTCTG,1963
COV19_CH11283388_ACTGAGTAGTCGCCGT,1964
COV19_CH11283371_CGCGGTAAGAGGTTGC,1965
COV19_CH11283375_CCCAGTTTCGCCAAAT,1966
COV19_CH11283385_ATTGGTGAGGGTATCG,1967
COV19_CH11283385_AGAGCTTGTAGGCATG,1968
COV19_CH11283388_AGAGCGATCCACGCAG,1969
COV19_CH11283385_CTCGGGAGTTCCACTC,1970
COV19_CH11283386_GAGGTGATCTCTAAGG,1971
COV19_CH11283371_CGTCCATGTTACTGAC,1972
COV19_CH11283381_GATGAAATCATCGCTC,1973
COV19_CH11283393_GTGCGGTGTACCGCTG,1974
COV19_CH11283371_TGGCTGGTCAGCACAT,1975
COV19_CH11283388_GCTGGGTCATAAGACA,1976
COV19_CH11931835_CACCACTCAAAGTGCG,1977
COV19_CH11283355_CTAGTGAAGCTGCCCA,1978
COV19_CH11283385_GCCAAATTCCACTGGG,1979
COV19_CH11931834_GGAGCAAGTACGCACC,1980
COV19_CH11283369_TATCTCAAGACCCACC,1981
COV19_CH11283385_GTAACGTCAGATAATG,1982
COV19_CH11283371_GAACCTAGTGGCAAAC,1983
COV19_CH11931818_TAGCCGGCAGCTGGCT,1984
COV19_CH11283388_GTATCTTGTCAATGTC,1985
COV19_CH11283388_TCAGGTACACGAGGTA,1986
COV19_CH11931842_TTTGTCAAGAGTAATC,1987
COV19_CH11283369_ATTGGACCATCCCACT,1988
COV19_CH11283388_TTGACTTAGCGAAGGG,1989
COV19_CH11283385_AGATCTGAGACGCAAC,1990
COV19_CH11931835_GCGGGTTGTATCACCA,1991
COV19_CH11283388_CCTAGCTAGCTGCCCA,1992
COV19_CH11283364_TGGTTCCCAGGCTCAC,1993
COV19_CH11283371_CTGAAACGTATCAGTC,1994
COV19_CH11283388_CATGGCGCATGGGACA,1995
COV19_CH11283388_CGTCTACAGAGTCGGT,1996
COV19_CH11931834_AGTGTCAAGAAAGTGG,1997
COV19_CH11931835_TTTGCGCGTTAGAACA,1998
COV19_CH11283388_ACCTTTACATTGAGCT,1999
COV19_CH11283370_ATCACGACACAAGCCC,2000
COV19_CH11931808_GATCTAGAGTGCGATG,2001
COV19_CH11283364_ACTGTCCTCAGAAATG,2002
COV19_CH11283388_GCGCAGTAGAGAACAG,2003
COV19_CH11283388_ATGCGATTCCTAGGGC,2004
COV19_CH11283388_AACTCAGAGAACTGTA,2005
COV19_CH11283370_TAGACCACACGAAACG,2006
COV19_CH11283383_GTTCGGGGTGCAACGA,2007
COV19_CH11283388_ATCGAGTTCTTGCCGT,2008
COV19_CH11283388_CTCGGGACAAGCCTAT,2009
COV19_CH11283388_TGACTAGCATTGCGGC,2010
COV19_CH11283388_TTAGGACGTCTCAACA,2011
COV19_CH11283388_TTCCCAGTCCACGTTC,2012
COV19_CH11283388_CTCCTAGTCAGAGCTT,2013
COV19_CH11283384_TGACTTTTCGAGCCCA,2014
COV19_CH11283388_TCTGAGATCCGTACAA,2015
COV19_CH11283364_ATTCTACTCATGTCTT,2016
COV19_CH11283388_GTATCTTCATGCCACG,2017
COV19_CH11283388_GCCTCTAGTTATGCGT,2018
COV19_CH11283346_TGTTCCGGTCGCATCG,2019
COV19_CH11283388_TACTCATTCTCTAGGA,2020
COV19_CH11283370_GCTGCTTTCTGCTGCT,2021
COV19_CH11931813_CGTAGCGAGCTAGCCC,2022
COV19_CH11283365_CAGCATATCTCCAGGG,2023
COV19_CH11283383_CTGGTCTAGGCAATTA,2024
COV19_CH11283388_AACCGCGAGGAGTCTG,2025
COV19_CH11283388_AACTCAGCACCTCGGA,2026
COV19_CH11283384_AGTGAGGAGTTAACGA,2027
COV19_CH11283388_AGCGTCGGTACACCGC,2028
COV19_CH11283388_CGAATGTCAAGCGAGT,2029
COV19_CH11283370_TATGCCCCATTATCTC,2030
COV19_CH11283388_TGACTTTCAATGTAAG,2031
COV19_CH11283367_CGGACTGAGTAACCCT,2032
COV19_CH11931811_GGTATTGTCACAGGCC,2033
COV19_CH11283370_TTCCCAGGTATCAGTC,2034
COV19_CH11283390_CATATGGCAAGGCTCC,2035
COV19_CH11283388_TGGACGCAGTGGGCTA,2036
COV19_CH11283370_CCACGGATCCGTAGGC,2037
COV19_CH11283388_TACCTTATCTTGTACT,2038
COV19_CH11283388_GTGCTTCTCACGGTTA,2039
COV19_CH11283388_AGCGGTCGTCCAAGTT,2040
COV19_CH11283388_CTGATAGCAAAGTCAA,2041
COV19_CH11931808_TACTTGTCAAATACAG,2042
COV19_CH11283370_AGGTCCGCAGTATCTG,2043
COV19_CH11283388_CAAGATCTCGGCGCAT,2044
COV19_CH11283388_AGAATAGTCCGTAGTA,2045
COV19_CH11283388_TGCTGCTCAAACAACA,2046
COV19_CH11283382_CGTTAGATCTCTTATG,2047
COV19_CH11283388_AGGGATGCAAGCCTAT,2048
COV19_CH11283388_TACACGACACATTCGA,2049
COV19_CH11931824_AGTGAGGCACCGAATT,2050
COV19_CH11283388_ACTGTCCGTCTCTCGT,2051
COV19_CH11283388_AGACGTTGTAAACACA,2052
COV19_CH11283388_AGCGTCGTCCTAGTGA,2053
COV19_CH11283364_GGCGTGTCAGCCTTGG,2054
COV19_CH11283383_GGAATAATCGGCGGTT,2055
COV19_CH11283384_GAACGGAAGTCCAGGA,2056
COV19_CH11283388_ACGGAGACAGCCTGTG,2057
COV19_CH11283358_AGCTCTCTCTCCGGTT,2058
COV19_CH11283370_TGGCTGGAGTGTTGAA,2059
COV19_CH11283382_TGCCCTAAGGCTATCT,2060
COV19_CH11283388_CATGGCGGTTCGTTGA,2061
COV19_CH11931844_CGCCAAGCAGGACCCT,2062
COV19_CH11283388_ACGCCGAGTATATGGA,2063
COV19_CH11283388_CCGGTAGTCCTTTCTC,2064
COV19_CH11283364_GCGCGATGTCGAAAGC,2065
COV19_CH11283388_ACTGATGGTCCATCCT,2066
COV19_CH11283370_CACAGGCCAGGATTGG,2067
COV19_CH11283388_GACACGCAGGCTATCT,2068
COV19_CH11283370_CTCGGGACATGCGCAC,2069
COV19_CH11283370_CCGTTCATCGCTGATA,2070
COV19_CH11283388_GACGTTACAGACAGGT,2071
COV19_CH11283388_TGCGGGTGTCTCCACT,2072
COV19_CH11283388_CCTACCAAGGGAACGG,2073
COV19_CH11283383_GAAACTCTCTCCCTGA,2074
COV19_CH11283364_TTTGTCATCGACAGCC,2075
COV19_CH11283388_GTCAAGTCACGGTGTC,2076
COV19_CH11283388_AGCCTAAAGGTCGGAT,2077
COV19_CH11283388_CTCGGGACAGTGACAG,2078
COV19_CH11931824_TATCTCAGTTATCGGT,2079
COV19_CH11283388_CTCATTACAATGGAAT,2080
COV19_CH11283388_TACAGTGCAGGCTGAA,2081
COV19_CH11283388_GTATCTTAGAGATGAG,2082
COV19_CH11283370_GTCGGGTCACATAACC,2083
COV19_CH11283364_GCTGCAGTCGTCCAGG,2084
COV19_CH11283384_CAGAGAGTCTGGTTCC,2085
COV19_CH11283388_CCTAAAGTCCGAATGT,2086
COV19_CH11283388_CGGAGTCAGACCCACC,2087
COV19_CH11283388_TCGGGACCACGGATAG,2088
COV19_CH11283388_GACAGAGTCACGGTTA,2089
COV19_CH11283388_TGGACGCCATATGCTG,2090
COV19_CH11283384_ATGGGAGCAATAGAGT,2091
COV19_CH11283364_ACACCCTTCAGCTCGG,2092
COV19_CH11283370_TGACTTTTCCTTTACA,2093
COV19_CH11283370_GGGAGATTCTATCCTA,2094
COV19_CH11283388_TGGACGCCAAGGACAC,2095
COV19_CH11283384_TAAGCGTAGTACGTAA,2096
COV19_CH11283388_CTAATGGTCTCGTATT,2097
COV19_CH11283388_CGGACACTCATTCACT,2098
COV19_CH11283370_GTGGGTCTCGAGAACG,2099
COV19_CH11931839_AAACCTGTCCTTGGTC,2100
COV19_CH11283356_CGGTTAATCAGAGGTG,2101
COV19_CH11931830_CAGCATATCGAATCCA,2102
COV19_CH11931848_TCAGGATGTTCTCATT,2103
COV19_CH11283384_GATGAAAAGTCCCACG,2104
COV19_CH11283387_TCTATTGAGCTACCGC,2105
COV19_CH11283360_ACGAGGACAAACTGTC,2106
COV19_CH11931832_AGGTCATCAAACCTAC,2107
COV19_CH11283392_CGGCTAGGTGACCAAG,2108
COV19_CH11283357_TCGGTAAAGGCAAAGA,2109
COV19_CH11283387_TGCTGCTTCGTGACAT,2110
COV19_CH11283363_AAGTCTGAGTACTTGC,2111
COV19_CH11283388_ACAGCTACACATGACT,2112
COV19_CH11283386_CACCTTGGTCATATCG,2113
COV19_CH11283387_CGCTGGACAGTGACAG,2114
COV19_CH11283371_TTTACTGCATACAGCT,2115
COV19_CH11283386_GGCGACTCAGATCGGA,2116
COV19_CH11931822_AGGCCACTCTGGTATG,2117
COV19_CH11931802_CAGAGAGTCCATGAAC,2118
COV19_CH11931840_ATGGGAGCAGCTTCGG,2119
COV19_CH11931824_CCATTCGCACACCGCA,2120
COV19_CH11283360_GCGACCATCTTGTTTG,2121
COV19_CH11283388_CACCTTGAGAGTCGGT,2122
COV19_CH11931808_CACACCTGTTGTCGCG,2123
COV19_CH11283368_AGGCCACCAACACCCG,2124
COV19_CH11283370_CATCAGAGTAGTAGTA,2125
COV19_CH11931809_ACTGATGGTCGCCATG,2126
COV19_CH11283388_CGCTGGAGTGCCTTGG,2127
COV19_CH11283388_TGGACGCTCCCTGACT,2128
COV19_CH11283359_TTCTACATCGTTGCCT,2129
COV19_CH11931850_GACGCGTAGACGACGT,2130
COV19_CH11283352_CGATCGGAGAGCAATT,2131
COV19_CH11283378_GGGTTGCCAGCCTTGG,2132
COV19_CH11283364_AGAGCGAAGTCCTCCT,2133
COV19_CH11283385_GACCTGGGTCTCTTAT,2134
COV19_CH11931817_CCATGTCAGAAGGCCT,2135
COV19_CH11283357_AGCATACTCCGCATCT,2136
COV19_CH11283375_CTCGGGAGTCTAGAGG,2137
COV19_CH11283388_TAGTTGGTCACTCTTA,2138
COV19_CH11931851_AACCGCGGTCAGCTAT,2139
COV19_CH11283386_GGACGTCAGTACGTAA,2140
COV19_CH11283392_CGTCTACGTTCCACTC,2141
COV19_CH11283386_GCGGGTTAGCTGTCTA,2142
COV19_CH11283369_TCTTCGGGTCCAGTAT,2143
COV19_CH11931802_ATGCGATAGTGGCACA,2144
COV19_CH11283386_GATTCAGGTAGCTGCC,2145
COV19_CH11283387_AGTTGGTCAGTTCCCT,2146
COV19_CH11283360_CTACACCAGTGTACCT,2147
COV19_CH11283369_GAACCTAAGGCAGTCA,2148
COV19_CH11283387_TTAACTCTCGCGTTTC,2149
COV19_CH11931804_TAGCCGGCACAGACAG,2150
COV19_CH11931811_TTTGCGCCATCTCCCA,2151
COV19_CH11283360_GCCAAATAGCGATTCT,2152
COV19_CH11931824_AGCCTAAAGCAGCCTC,2153
COV19_CH11283375_CCTACCAGTCGACTAT,2154
COV19_CH11283392_GTGCGGTCAATCCGAT,2155
COV19_CH11283390_TGGGAAGCACTTAACG,2156
COV19_CH11931826_TACAGTGGTCTGCAAT,2157
COV19_CH11283390_CAAGGCCGTGGTTTCA,2158
COV19_CH11283365_CATCCACGTGTTGGGA,2159
COV19_CH11931798_TCTATTGTCGTTGCCT,2160
COV19_CH11931838_TAGCCGGTCGTATCAG,2161
COV19_CH11931848_TAGTTGGCAGGTCTCG,2162
COV19_CH11283386_AGCTTGACATTTGCCC,2163
COV19_CH11931834_GATGAGGTCGGATGGA,2164
COV19_CH11283388_TGCCCTACAGACGCTC,2165
COV19_CH11931830_TATCAGGTCCCTCTTT,2166
COV19_CH11931836_TATCTCAAGGTAAACT,2167
COV19_CH11931830_CACAAACTCTACTATC,2168
COV19_CH11931822_CGCTTCATCAGATAAG,2169
COV19_CH11931825_CCTATTATCACATACG,2170
COV19_CH11931850_CAGGTGCTCACTTACT,2171
COV19_CH11283387_GGCAATTCAACAACCT,2172
COV19_CH11931831_GTCACAATCCTCATTA,2173
COV19_CH11931824_TCGCGTTAGATGCCTT,2174
COV19_CH11931822_TCGCGAGCACGAAATA,2175
COV19_CH11283388_GCACTCTTCAAAGTAG,2176
COV19_CH11283386_CACACTCTCCAGTATG,2177
COV19_CH11931801_CTACGTCTCCACGACG,2178
COV19_CH11283384_AGTTGGTCAGATCGGA,2179
COV19_CH11283387_TGGGAAGCATACTACG,2180
COV19_CH11931810_AGCATACAGGGATCTG,2181
COV19_CH11283351_CAGCGACAGCTTCGCG,2182
COV19_CH11283390_TATCAGGTCAGCACAT,2183
COV19_CH11283386_CTCGTCATCTTGACGA,2184
COV19_CH11283388_CGTGTCTCAAAGTCAA,2185
COV19_CH11931826_TTTGTCAGTGTGGCTC,2186
COV19_CH11283359_AGGTCCGTCATTCACT,2187
COV19_CH11931846_AGGGTGATCTGAAAGA,2188
COV19_CH11931802_TGATTTCAGCGTCTAT,2189
COV19_CH11931846_TCGTAGACACGTCAGC,2190
COV19_CH11931798_CATATGGTCCAAAGTC,2191
COV19_CH11931830_GCAAACTTCAAGCCTA,2192
COV19_CH11931829_CCGTACTTCCGATATG,2193
COV19_CH11283357_AAGGTTCCACCTTGTC,2194
COV19_CH11931846_TTGGAACCAGCGTTCG,2195
COV19_CH11931845_CGCGGTATCATGTCTT,2196
COV19_CH11283371_GTCGGGTGTAGAGTGC,2197
COV19_CH11931824_CTCTGGTTCCAACCAA,2198
COV19_CH11283384_TTTATGCTCAAGATCC,2199
COV19_CH11931818_AGCGTATAGTGACTCT,2200
COV19_CH11283384_CTAAGACAGAAGGACA,2201
COV19_CH11283360_CTTTGCGGTCTAACGT,2202
COV19_CH11931799_GCAGCCACACGGTGTC,2203
COV19_CH11931818_CTGAAGTAGTCCGGTC,2204
COV19_CH11931837_CAAGAAATCTGCGACG,2205
COV19_CH11283383_GGAACTTCAGATGGCA,2206
COV19_CH11283359_TGTGTTTTCTTAGCCC,2207
COV19_CH11931849_CACACCTCATGCCTTC,2208
COV19_CH11283359_GCATGCGAGTGTACGG,2209
COV19_CH11931849_TTCTCCTAGTGCGTGA,2210
COV19_CH11283383_GTTAAGCAGAATGTTG,2211
COV19_CH11931799_CAACCAACAATGGAAT,2212
COV19_CH11283359_ACAGCCGGTTGGAGGT,2213
COV19_CH11283389_GGCAATTAGGTTACCT,2214
COV19_CH11931799_CGTGTCTTCCGAATGT,2215
COV19_CH11931833_AGATCTGAGAGGTTGC,2216
COV19_CH11283389_CTCGGGAAGTCAATAG,2217
COV19_CH11931806_GCAAACTGTGTGCGTC,2218
COV19_CH11283383_ATTACTCCATCCTTGC,2219
COV19_CH11283360_CGTAGCGGTCTAAACC,2220
COV19_CH11283359_AACGTTGAGACGCAAC,2221
COV19_CH11283366_CTCAGAACATATACCG,2222
COV19_CH11931850_TGGCGCAGTGTTCTTT,2223
COV19_CH11283380_CATGGCGTCCTTTACA,2224
COV19_CH11931850_ATTGGTGAGGATGCGT,2225
COV19_CH11931818_CAGATCACACACCGAC,2226
COV19_CH11283360_GACACGCCAAGCCTAT,2227
COV19_CH11931850_CTCTAATCACTTAACG,2228
COV19_CH11931810_AAGGAGCAGTATCTCG,2229
COV19_CH11283364_GTTCATTCATCTCCCA,2230
COV19_CH11283359_AAGGCAGCATCCGCGA,2231
COV19_CH11283379_AATCGGTAGCTAACAA,2232
COV19_CH11283366_GACAGAGAGTTGTCGT,2233
COV19_CH11283383_GCGACCAAGATCCCAT,2234
COV19_CH11283360_GTATTCTCACAGACTT,2235
COV19_CH11283352_CTGATAGTCATCACCC,2236
COV19_CH11931799_GTGCAGCAGCGATAGC,2237
COV19_CH11283352_CTGGTCTCATATGAGA,2238
COV19_CH11931799_TGTTCCGTCCGCGTTT,2239
COV19_CH11283364_GTGCATATCTGCGGCA,2240
COV19_CH11931850_CTTCTCTCATTCCTGC,2241
COV19_CH11931809_CCGTTCACATGGTCTA,2242
COV19_CH11283363_CGGTTAAGTTATGCGT,2243
COV19_CH11283359_GCTCTGTTCACAACGT,2244
COV19_CH11283383_CCTTACGCATGCTGGC,2245
COV19_CH11283372_GGACATTGTACCGCTG,2246
COV19_CH11931813_CCCTCCTTCTCGCATC,2247
COV19_CH11283359_AACTCTTTCGGTTCGG,2248
COV19_CH11931809_CGACTTCTCGTATCAG,2249
COV19_CH11283359_GACGTTATCTACGAGT,2250
COV19_CH11283366_AGCGTATAGTCGAGTG,2251
COV19_CH11931841_CAAGAAACATTTCACT,2252
COV19_CH11283359_CCCAGTTAGTCTCCTC,2253
COV19_CH11283359_GTCACAACATTCCTCG,2254
COV19_CH11283375_TACTCGCCATGGTCAT,2255
COV19_CH11283372_AACTCCCGTGCTTCTC,2256
COV19_CH11283374_AGCTCCTCAATCGAAA,2257
COV19_CH11283359_GTCGTAACACGTGAGA,2258
COV19_CH11283359_CGAGCACTCACGCATA,2259
COV19_CH11283366_TGGACGCTCACTTACT,2260
COV19_CH11931813_GTGCGGTTCAACCATG,2261
COV19_CH11283372_ATTCTACGTACGACCC,2262
COV19_CH11283364_GGCAATTCAGACACTT,2263
COV19_CH11283354_CGTCACTTCTGTCTAT,2264
COV19_CH11283376_ACTGAACTCTGCTTGC,2265
COV19_CH11931799_TCGCGAGCACTTCTGC,2266
COV19_CH11931846_TCAACGATCACCCGAG,2267
COV19_CH11931846_CCCTCCTGTTAAGACA,2268
COV19_CH11283366_AAGTCTGGTCGAACAG,2269
COV19_CH11931799_CCATTCGCAATAGAGT,2270
COV19_CH11283384_CATGGCGAGTGGTAAT,2271
COV19_CH11931802_ATCATGGAGTGGTAGC,2272
COV19_CH11931850_TTGACTTAGGGTATCG,2273
COV19_CH11283360_GGCGTGTGTCTCGTTC,2274
COV19_CH11931816_AGAGCTTGTTCCCTTG,2275
COV19_CH11283383_AAACGGGTCTATCCCG,2276
COV19_CH11931818_ATTACTCAGTACACCT,2277
COV19_CH11931823_GAACCTACACGGCTAC,2278
COV19_CH11283359_GCACTCTTCCTATTCA,2279
COV19_CH11283364_TGTTCCGTCTCTGCTG,2280
COV19_CH11283366_GCTGCAGTCGTAGGTT,2281
COV19_CH11283352_GGCGACTCACATTTCT,2282
COV19_CH11283352_ATCACGAGTACCTACA,2283
COV19_CH11283383_CGAATGTGTTCTCATT,2284
COV19_CH11931818_TTGGCAACAGCCTATA,2285
COV19_CH11283345_TACTTACAGTGGAGAA,2286
COV19_CH11283368_ACACCGGGTAAATGAC,2287
COV19_CH11931801_AGGGATGGTCCAGTTA,2288
COV19_CH11283380_GTACTCCAGGTGTGGT,2289
COV19_CH11283364_GTACTCCGTCCCTTGT,2290
COV19_CH11283359_TTTGCGCTCCATGAGT,2291
COV19_CH11931825_TCTGAGATCTGGGCCA,2292
COV19_CH11931799_CACCAGGTCCACGTTC,2293
COV19_CH11931827_GTCATTTTCTCTGCTG,2294
COV19_CH11931847_CGTCCATTCTTTAGGG,2295
COV19_CH11931841_CATGCCTGTGCATCTA,2296
COV19_CH11931818_GAATGAATCTCTTATG,2297
COV19_CH11283380_AGCTTGACACGGTAAG,2298
COV19_CH11283380_TTTCCTCTCAAACCGT,2299
COV19_CH11283371_TACAGTGGTACGAAAT,2300
COV19_CH11931834_CGCTATCAGCAATATG,2301
COV19_CH11283371_CTCTGGTTCAAAGTAG,2302
COV19_CH11931834_CCTAGCTAGTTTGCGT,2303
COV19_CH11283371_CTGGTCTGTATTACCG,2304
COV19_CH11283381_ATGTGTGTCATCGCTC,2305
COV19_CH11931834_GATCGTATCTATCCCG,2306
COV19_CH11283383_TTTGGTTTCGAATGGG,2307
COV19_CH11283393_CAGAGAGCAAGCCCAC,2308
COV19_CH11283381_GGGTCTGGTGCCTTGG,2309
COV19_CH11283385_GTCGTAAGTTCCAACA,2310
COV19_CH11283393_TCCACACGTTATCACG,2311
COV19_CH11931823_TGATTTCGTCTAGTGT,2312
COV19_CH11931846_GTGTGCGTCCGAATGT,2313
COV19_CH11931811_CTCGTCAGTTTGCATG,2314
COV19_CH11283391_CTCCTAGAGAACTGTA,2315
COV19_CH11283371_ACACCCTAGTCGATAA,2316
COV19_CH11931842_GCTGCGAAGTTAGCGG,2317
COV19_CH11283369_TCGCGAGGTACACCGC,2318
COV19_CH11283371_GGCTCGAAGATCCGAG,2319
COV19_CH11931834_GGATTACGTTGTGGCC,2320
COV19_CH11283371_CTTACCGAGACCACGA,2321
COV19_CH11931834_GAATAAGGTCCGAAGA,2322
COV19_CH11931834_GCAATCAGTTGATTCG,2323
COV19_CH11931834_TTCCCAGAGCGACGTA,2324
COV19_CH11283369_ACGGGTCGTGCCTTGG,2325
COV19_CH11283381_TCGTACCTCGAGGTAG,2326
COV19_CH11283371_GAATGAATCTAAGCCA,2327
COV19_CH11283385_CAGTCCTGTACCGCTG,2328
COV19_CH11931842_GCAATCAAGCCGTCGT,2329
COV19_CH11283388_TGCGGGTCACAAGACG,2330
COV19_CH11283357_CAAGATCGTCGTGGCT,2331
COV19_CH11283381_CGGACGTTCTTAACCT,2332
COV19_CH11931834_ATTACTCCAGACAGGT,2333
COV19_CH11283381_AGAGTGGGTTCCTCCA,2334
COV19_CH11931842_CGATGTAGTTATCCGA,2335
COV19_CH11283385_ATCATGGAGTTAAGTG,2336
COV19_CH11931834_ACGGGTCAGCTGCGAA,2337
COV19_CH11283363_GACTGCGGTGACGGTA,2338
COV19_CH11283371_CCGTGGAAGATATGGT,2339
COV19_CH11283371_TAAGAGACAATCGGTT,2340
COV19_CH11931834_GACTAACTCTTCCTTC,2341
COV19_CH11283393_AGCAGCCTCGTATCAG,2342
COV19_CH11931826_TTTACTGGTAAGTTCC,2343
COV19_CH11931834_GTTCATTTCTTTAGGG,2344
COV19_CH11283364_CTAATGGAGTCGTTTG,2345
COV19_CH11283393_AAAGTAGCAGTTCCCT,2346
COV19_CH11283388_CTCACACCATATGCTG,2347
COV19_CH11283376_GGGTCTGTCGTTACAG,2348
COV19_CH11931811_ACCAGTAAGTCGATAA,2349
COV19_CH11283381_CCGTTCAAGATGCCTT,2350
COV19_CH11931834_TTCTCAACAAAGAATC,2351
COV19_CH11283363_GTACTTTAGACACGAC,2352
COV19_CH11931842_GCGCGATAGCTGCAAG,2353
COV19_CH11931834_TTTGTCAAGTGAACAT,2354
COV19_CH11283357_GTGTGCGAGAATTGTG,2355
COV19_CH11283371_CAGTCCTCAAGTTAAG,2356
COV19_CH11931798_TACCTATAGGATGCGT,2357
COV19_CH11283371_ACCAGTACATAAGACA,2358
COV19_CH11931834_AGCTCCTCACGCGAAA,2359
COV19_CH11283381_GGAATAATCGCGATCG,2360
COV19_CH11283385_CCACTACCACGGATAG,2361
COV19_CH11931842_GTTCATTAGAGCTGCA,2362
COV19_CH11283393_TGCCCATCAGTATAAG,2363
COV19_CH11283385_TTAGGACCACCGATAT,2364
COV19_CH11931834_GGCGACTAGTACGCCC,2365
COV19_CH11931811_ACACTGAAGGATGTAT,2366
COV19_CH11931832_ATGGGAGAGGTGCTAG,2367
COV19_CH11931834_AGGTCATTCCTGTACC,2368
COV19_CH11283381_CTGTTTAGTCAACTGT,2369
COV19_CH11931834_TGCCCTACAGCTTAAC,2370
COV19_CH11283371_CTACCCAAGCTGTCTA,2371
COV19_CH11283371_CTGTTTAAGTTGTAGA,2372
COV19_CH11931801_CTTAACTTCAACACGT,2373
COV19_CH11931834_GCTCTGTTCCTCGCAT,2374
COV19_CH11931849_CTGATCCCAAGACGTG,2375
COV19_CH11283383_CTTACCGTCAAAGTAG,2376
COV19_CH11931834_TACTCATAGCCGATTT,2377
COV19_CH11283381_GAACCTATCCTCTAGC,2378
COV19_CH11931834_TCAGATGCACAGGTTT,2379
COV19_CH11931834_CGTAGGCTCTCTAGGA,2380
COV19_CH11283357_AGCGGTCGTCTTCAAG,2381
COV19_CH11931813_TGAGGGAAGTTTCCTT,2382
COV19_CH11283391_GGAACTTCATTCACTT,2383
COV19_CH11283364_GGCTCGAAGCCTATGT,2384
COV19_CH11283386_CGGACACAGTTAGGTA,2385
COV19_CH11931834_TACACGATCTGCAGTA,2386
COV19_CH11283389_CGGAGTCAGCAGGTCA,2387
COV19_CH11283388_GGACAGAAGTGAAGAG,2388
COV19_CH11283367_CTAGCCTGTGGTCTCG,2389
COV19_CH11283385_ACTTGTTCAGGGCATA,2390
COV19_CH11283356_CCTCAGTGTTTGGGCC,2391
COV19_CH11931834_CGCTGGACAGTGGGAT,2392
COV19_CH11283391_GTGCGGTGTTAAGGGC,2393
COV19_CH11931822_ACTGATGAGCCACGTC,2394
COV19_CH11283363_CCACTACGTTTCCACC,2395
COV19_CH11931849_CTGCCTACAGATCTGT,2396
COV19_CH11931801_CAGCAGCAGAAGGCCT,2397
COV19_CH11931834_ACACCCTTCCTTGGTC,2398
COV19_CH11931834_TTGCGTCTCTAACTGG,2399
COV19_CH11283363_ATCCACCAGGTGTTAA,2400
COV19_CH11931834_GGAATAACAAGTCATC,2401
COV19_CH11283388_GTCACAAGTGAAAGAG,2402
COV19_CH11931840_GTGTTAGCACCGTTGG,2403
COV19_CH11283357_GTCATTTCACCAGATT,2404
COV19_CH11931834_GTCATTTTCTCAAGTG,2405
COV19_CH11931834_TCACAAGCAAATCCGT,2406
COV19_CH11931850_GACAGAGTCCGGGTGT,2407
COV19_CH11931834_AAGGTTCCAGCGTAAG,2408
COV19_CH11283363_CACTCCAGTGTTGAGG,2409
COV19_CH11283363_TCATTTGGTTGGTAAA,2410
COV19_CH11931813_GTAGGCCTCGACGGAA,2411
COV19_CH11283356_GGGACCTAGAAACGAG,2412
COV19_CH11931834_GTTTCTAGTCCAGTTA,2413
COV19_CH11931822_AGCGTATTCGTCCAGG,2414
COV19_CH11931834_GGGAGATTCGTGGGAA,2415
COV19_CH11931803_GGAAAGCAGAATTCCC,2416
COV19_CH11931834_TGAGCCGGTCGCTTTC,2417
COV19_CH11931813_ATCCACCAGGAGTAGA,2418
COV19_CH11283363_ATAACGCCATACTCTT,2419
COV19_CH11283364_CTAGAGTTCGGAGGTA,2420
COV19_CH11283381_TATCTCACAAGTAATG,2421
COV19_CH11283381_GGCCGATTCAGCGATT,2422
COV19_CH11283369_GTGCTTCAGGGAACGG,2423
COV19_CH11283388_GCATGTATCACAAACC,2424
COV19_CH11931834_CACAAACAGCGCCTCA,2425
COV19_CH11283371_GCATGTAAGATATGCA,2426
COV19_CH11931834_TGGGCGTTCACCATAG,2427
COV19_CH11931834_GACTACAAGATCCCGC,2428
COV19_CH11283371_GCATACAGTAAACGCG,2429
COV19_CH11283385_GGGATGATCGGATGTT,2430
COV19_CH11283388_TGTGGTAAGCCCAGCT,2431
COV19_CH11931834_TCACAAGTCGTTTATC,2432
COV19_CH11283385_TACGGGCTCAGCTCGG,2433
COV19_CH11931834_AACTTTCTCCCTAATT,2434
COV19_CH11283356_CCTTTCTAGTTAGCGG,2435
COV19_CH11283371_ATCACGAAGATAGGAG,2436
COV19_CH11283357_TTAGTTCGTTCCAACA,2437
COV19_CH11283371_GACCTGGAGGTGCTTT,2438
COV19_CH11283363_GGTGTTAAGGAGCGAG,2439
COV19_CH11931816_GTACGTACAAGCCTAT,2440
COV19_CH11283385_GTTCATTAGCAGGCTA,2441
COV19_CH11283391_TGGGAAGCATGCCTTC,2442
COV19_CH11931813_CCGGTAGAGCCAGTTT,2443
COV19_CH11931834_TAAGTGCCACACAGAG,2444
COV19_CH11283381_GCAGTTATCCGGGTGT,2445
COV19_CH11283369_CTCGAGGCAGAGTGTG,2446
COV19_CH11931841_GTCGTAAGTAGAAGGA,2447
COV19_CH11931802_CAGCTAAAGTAAGTAC,2448
COV19_CH11283368_CCTTCCCCACAAGCCC,2449
COV19_CH11283383_GCGCAACAGCCCAGCT,2450
COV19_CH11931852_CGCTGGATCCCATTTA,2451
COV19_CH11283388_TTCCCAGGTTCTGTTT,2452
COV19_CH11283388_AAGACCTGTCTGCGGT,2453
COV19_CH11283361_GAACATCCATGCATGT,2454
COV19_CH11931811_ACACCCTGTATATGGA,2455
COV19_CH11283382_CGAGCACTCAAGAAGT,2456
COV19_CH11283361_TCAACGAGTCTAGAGG,2457
COV19_CH11283371_CTGCCTAAGTGCAAGC,2458
COV19_CH11283371_CTCGAGGAGGACATTA,2459
COV19_CH11283388_ACTGATGTCACCATAG,2460
COV19_CH11283371_GATTCAGAGGGAACGG,2461
COV19_CH11283376_AACTCTTTCGCCTGTT,2462
COV19_CH11931852_TGGGCGTTCAGAGACG,2463
COV19_CH11283388_TCGCGAGAGGATGTAT,2464
COV19_CH11283361_GACGTTAAGCACGCCT,2465
COV19_CH11931852_TTCTCCTTCACCACCT,2466
COV19_CH11931852_AGCTCTCAGGCCGAAT,2467
COV19_CH11283361_ACTGTCCCAAACTGCT,2468
COV19_CH11931849_TGGGCGTGTCAACATC,2469
COV19_CH11931852_GATCGTAAGTTCGCGC,2470
COV19_CH11931852_GTGTTAGTCCTCAACC,2471
COV19_CH11931811_CCAGCGACATTGGGCC,2472
COV19_CH11283382_CATTCGCCAGCTTCGG,2473
COV19_CH11931852_GATTCAGGTGCCTGGT,2474
COV19_CH11283376_GTGCAGCGTGATGTGG,2475
COV19_CH11283389_AGGTCCGAGTGCCAGA,2476
COV19_CH11283382_CTGTGCTTCCTCCTAG,2477
COV19_CH11283376_TGCTACCAGCTCAACT,2478
COV19_CH11931852_CGGGTCAGTCTTGTCC,2479
COV19_CH11931811_CACCACTCATCAGTCA,2480
COV19_CH11283371_GAAACTCCACTTCTGC,2481
COV19_CH11931808_ACTGAGTGTCTGCCAG,2482
COV19_CH11283382_GAAATGATCTTTAGTC,2483
COV19_CH11283358_TGGTTAGCAATGGACG,2484
COV19_CH11283371_CGTGTCTCACAGATTC,2485
COV19_CH11283371_CGTGAGCCAGCGTCCA,2486
COV19_CH11931811_CAAGAAACACCAGATT,2487
COV19_CH11931852_ATCTACTAGAGTGAGA,2488
COV19_CH11283371_GTGAAGGTCCTATTCA,2489
COV19_CH11283376_TATGCCCGTGACGCCT,2490
COV19_CH11931841_CAGCTAATCCACTGGG,2491
COV19_CH11931803_CTAGAGTAGACTAAGT,2492
COV19_CH11283385_CATATGGCACTGTGTA,2493
COV19_CH11931840_AACGTTGAGCTAACAA,2494
COV19_CH11283388_AACTCAGAGGGTGTTG,2495
COV19_CH11931803_GGCTCGACACTTAACG,2496
COV19_CH11283380_TGCCCTACAATCTACG,2497
COV19_CH11931840_CTGCTGTGTTGTCTTT,2498
COV19_CH11931803_TAGACCATCAGCGACC,2499
COV19_CH11283383_AGTGAGGCAATGGACG,2500
COV19_CH11283365_GTGTTAGCAGCTGCAC,2501
COV19_CH11283356_ACCAGTAAGTCCAGGA,2502
COV19_CH11283365_GTAACTGTCATCACCC,2503
COV19_CH11931803_ATCATGGTCTCATTCA,2504
COV19_CH11931803_TAGTTGGTCAACACGT,2505
COV19_CH11931803_CGCCAAGTCGCCAAAT,2506
COV19_CH11283365_AGTGAGGCATGGGACA,2507
COV19_CH11283356_TCAGGATGTAAGAGAG,2508
COV19_CH11931840_ATTCTACTCCGCGGTA,2509
COV19_CH11283365_CTACGTCCATATACCG,2510
COV19_CH11283365_ATTTCTGCAATAGAGT,2511
COV19_CH11283393_TTCTACACATAACCTG,2512
COV19_CH11931803_ACACCGGAGATGCCTT,2513
COV19_CH11283383_GCATACAAGCTAGCCC,2514
COV19_CH11283372_AGTCTTTTCCAGTATG,2515
COV19_CH11931802_ACAGCTAAGAGCTGCA,2516
COV19_CH11931802_CTCGTCATCCTGTAGA,2517
COV19_CH11931808_CTGCCTAGTAAAGGAG,2518
COV19_CH11283362_TCTTTCCTCGAGAGCA,2519
COV19_CH11931843_CTACACCAGACTTGAA,2520
COV19_CH11931840_CTGAAGTAGCCACGTC,2521
COV19_CH11931845_TTTGGTTGTGCTAGCC,2522
COV19_CH11283370_GCACTCTGTCGCATCG,2523
COV19_CH11283382_TCCACACAGGCTATCT,2524
COV19_CH11283361_GTTTCTACATGGAATA,2525
COV19_CH11931803_TTTACTGTCCTAGGGC,2526
COV19_CH11283352_CAAGATCCAACTGCGC,2527
COV19_CH11931810_CGATCGGAGCAGGCTA,2528
COV19_CH11283358_GCGCAACCACAGCGTC,2529
COV19_CH11283354_CTCAGAAAGTTCGCGC,2530
COV19_CH11931836_GTCATTTTCCATTCTA,2531
COV19_CH11931850_TCGCGTTGTGTAAGTA,2532
COV19_CH11283352_CAGAATCTCTTCGAGA,2533
COV19_CH11283360_TACACGACAATGAATG,2534
COV19_CH11283391_GTCACAATCGAACTGT,2535
COV19_CH11283368_TGGTTCCGTAAGCACG,2536
COV19_CH11283368_GGACAAGAGAACAACT,2537
COV19_CH11283361_CGACCTTAGACTTGAA,2538
COV19_CH11283391_AGATTGCGTATGAATG,2539
COV19_CH11931818_TCTGAGATCGTTTGCC,2540
COV19_CH11931843_CGGAGTCTCTGGTATG,2541
COV19_CH11931843_CTAAGACCATTGGCGC,2542
COV19_CH11931839_GGAACTTTCGGATGGA,2543
COV19_CH11931848_TATCTCAGTCAGGACA,2544
COV19_CH11283392_CCGTTCATCGAGGTAG,2545
COV19_CH11283386_TAAGCGTAGGGATGGG,2546
COV19_CH11931833_TCGCGAGCATCGGGTC,2547
COV19_CH11283391_CACTCCACAGGGAGAG,2548
COV19_CH11931808_TACCTTAGTGTTTGTG,2549
COV19_CH11283361_CCTCAGTTCGAACTGT,2550
COV19_CH11283376_CGTCACTAGCGGCTTC,2551
COV19_CH11931841_CGTCACTGTACTTCTT,2552
COV19_CH11931811_TACACGAGTGATGCCC,2553
COV19_CH11931838_CTTCTCTGTGGTACAG,2554
COV19_CH11931807_TGCCCATCAAGAGTCG,2555
COV19_CH11931807_GAAACTCAGGTGATTA,2556
COV19_CH11283368_AGTGTCAGTACCGTTA,2557
COV19_CH11283381_CGTCACTGTACTTAGC,2558
COV19_CH11283381_GTAGGCCTCTCGTTTA,2559
COV19_CH11283369_CCGTACTCATCGGTTA,2560
COV19_CH11931826_GATGCTAAGAGGGCTT,2561
COV19_CH11931835_CGGAGTCCACAGCCCA,2562
COV19_CH11931801_ACTGTCCTCGTACGGC,2563
COV19_CH11931838_GACCAATTCTTAGCCC,2564
COV19_CH11283357_TCTCTAAGTCAGAATA,2565
COV19_CH11931837_CGTCACTAGCTGGAAC,2566
COV19_CH11931802_GATCAGTTCTCTGAGA,2567
COV19_CH11931842_TCAACGATCGTCCGTT,2568
COV19_CH11931841_TGCGGGTAGGGTTTCT,2569
COV19_CH11283357_TACTTGTGTCAATGTC,2570
COV19_CH11283376_GTCCTCATCGGTGTTA,2571
COV19_CH11283369_CGCGGTACAACTTGAC,2572
COV19_CH11283350_CCGGGATAGCTGTCTA,2573
COV19_CH11283369_TTAGGCAAGGGAACGG,2574
COV19_CH11931831_CAACCAATCATTGCGA,2575
COV19_CH11931818_CTTAACTAGGTAGCCA,2576
COV19_CH11931837_GTATCTTGTTCTGAAC,2577
COV19_CH11931835_TACGGATCACTTACGA,2578
COV19_CH11283381_TCTTTCCTCAGCCTAA,2579
COV19_CH11283368_TTAGTTCAGTGGTCCC,2580
COV19_CH11283356_GTTCATTCATGAAGTA,2581
COV19_CH11283369_CGGCTAGTCAAAGACA,2582
COV19_CH11283390_GAACATCGTTACGTCA,2583
COV19_CH11283368_TTAGGACGTGCGAAAC,2584
COV19_CH11931827_TGGGAAGCACTGAAGG,2585
COV19_CH11931802_GCGAGAAAGTTGAGTA,2586
COV19_CH11931812_ATCATGGGTCCGCTGA,2587
COV19_CH11283371_ACGATACAGAATAGGG,2588
COV19_CH11283386_GTTCATTTCTTACCGC,2589
COV19_CH11931842_CTGAAACAGAATCTCC,2590
COV19_CH11283371_TTGTAGGGTGCAACGA,2591
COV19_CH11283385_GTGAAGGCATGTAAGA,2592
COV19_CH11931802_TCTGGAAGTCCGAGTC,2593
COV19_CH11931826_GAAACTCTCGGCGCAT,2594
COV19_CH11931808_CGATTGAAGGATGTAT,2595
COV19_CH11283374_GTTCTCGAGTCCGGTC,2596
COV19_CH11283364_GCGCAACGTTCCACTC,2597
COV19_CH11283383_GCCAAATCAATCCAAC,2598
COV19_CH11931848_GTGTTAGAGATCGATA,2599
COV19_CH11931811_GGGAGATAGATATGGT,2600
COV19_CH11931800_GCAGCCATCCTCCTAG,2601
COV19_CH11931834_GACAGAGAGCTACCGC,2602
COV19_CH11931813_ATTTCTGTCTTCAACT,2603
COV19_CH11931850_CCATTCGAGAGCCTAG,2604
COV19_CH11283371_CGCTGGACATTACGAC,2605
COV19_CH11931822_CGCTGGATCTGATACG,2606
COV19_CH11931830_ACGGGCTCACTATCTT,2607
COV19_CH11931810_TTGACTTAGTGGACGT,2608
COV19_CH11931831_GATCTAGGTCAATGTC,2609
COV19_CH11931810_TAGTGGTTCGGAAATA,2610
COV19_CH11931816_AGCATACTCCCACTTG,2611
COV19_CH11931819_GTCCTCATCAACTCTT,2612
COV19_CH11283372_AACCGCGTCAGAAATG,2613
COV19_CH11931836_CATGGCGCACACCGAC,2614
COV19_CH11931808_GTTCGGGAGTCTCCTC,2615
COV19_CH11931831_GCATGTAGTACATCCA,2616
COV19_CH11283391_CCATTCGTCAATACCG,2617
COV19_CH11931841_GCGCAACTCTGTCTCG,2618
COV19_CH11931841_ACACTGATCGAACGGA,2619
COV19_CH11283352_AGCATACGTTTAAGCC,2620
COV19_CH11931799_TGAGAGGGTCATGCAT,2621
COV19_CH11931817_GGTGTTACAGGATTGG,2622
COV19_CH11283383_CGAATGTAGTCAAGCG,2623
COV19_CH11931801_ACATACGTCGCGGATC,2624
COV19_CH11931806_GACCAATCAATCAGAA,2625
COV19_CH11931827_ACATCAGGTCTTGCGG,2626
COV19_CH11931810_CATATGGCAGTCCTTC,2627
COV19_CH11931799_TATTACCCAGGCTGAA,2628
COV19_CH11283377_CTCGAGGGTAAGAGGA,2629
COV19_CH11931834_AGCGTCGTCCACGCAG,2630
COV19_CH11931802_GTTCTCGGTAGCGCAA,2631
COV19_CH11931849_AGTTGGTTCTTGTTTG,2632
COV19_CH11283391_AGTCTTTGTTCGTTGA,2633
COV19_CH11931800_GATCGATTCGTCACGG,2634
COV19_CH11283376_GTGTGCGAGTCTCCTC,2635
COV19_CH11283364_AGGGATGTCACCTCGT,2636
COV19_CH11283389_CTCCTAGAGTGCCAGA,2637
COV19_CH11283374_CCTACACGTGATGATA,2638
COV19_CH11283380_AGATCTGAGTTAGCGG,2639
COV19_CH11931805_CTCGGAGCAACGATGG,2640
COV19_CH11283372_GAGCAGAGTCCCTACT,2641
COV19_CH11283389_GTAACTGAGTTAAGTG,2642
COV19_CH11283354_CATCAGAAGATGAGAG,2643
COV19_CH11931800_GCAAACTCATGTCTCC,2644
COV19_CH11283353_CGCTTCAAGCTGAAAT,2645
COV19_CH11931852_TCACAAGAGACTAGAT,2646
COV19_CH11931837_TAGTTGGTCCGCATAA,2647
COV19_CH11283374_AAAGATGGTATCTGCA,2648
COV19_CH11931807_AGATCTGTCGCCGTGA,2649
COV19_CH11931843_CGACTTCCAAAGTCAA,2650
COV19_CH11283358_CTGTGCTCATGCTGGC,2651
COV19_CH11283383_ACGCCGAGTATATGGA,2652
COV19_CH11931805_TTAGTTCGTAGCGTGA,2653
COV19_CH11283373_CGGAGTCCAGGTCGTC,2654
COV19_CH11283384_CACAGTATCAGGTAAA,2655
COV19_CH11931826_ATTTCTGTCAACGGCC,2656
COV19_CH11283353_CAAGTTGTCTGGAGCC,2657
COV19_CH11283389_TTCGGTCGTGCTGTAT,2658
COV19_CH11283354_CCGTGGACACGGATAG,2659
COV19_CH11931823_TCAGGATCAGATCTGT,2660
COV19_CH11931815_CAGATCATCGCCAAAT,2661
COV19_CH11283391_TAAACCGGTATATGAG,2662
COV19_CH11931837_CACATAGAGGGAAACA,2663
COV19_CH11931823_CTAACTTGTCTGCGGT,2664
COV19_CH11931807_TTATGCTCAGGAATGC,2665
COV19_CH11283389_GACCTGGCAATGGAAT,2666
COV19_CH11931807_CCACTACAGAAGGTGA,2667
COV19_CH11283389_TGCGCAGTCTGATTCT,2668
COV19_CH11283382_GAATAAGCAGCCTATA,2669
COV19_CH11283389_GTACTCCTCTGTTGAG,2670
COV19_CH11283380_CATATGGAGATCTGAA,2671
COV19_CH11931838_GCATACACAGTAGAGC,2672
COV19_CH11283374_ACTATCTGTTTGACTG,2673
COV19_CH11283382_CTACGTCAGTAGGTGC,2674
COV19_CH11931807_GAACATCCATCCCATC,2675
COV19_CH11931805_GCTGCGATCGTCTGAA,2676
COV19_CH11931849_GTATCTTCAGTGACAG,2677
COV19_CH11283382_TTGTAGGTCCGCTGTT,2678
COV19_CH11283374_AGTGTCAAGTGCGTGA,2679
COV19_CH11283353_TGGGAAGAGAAGGTTT,2680
COV19_CH11283374_GCTGCAGAGTGAACAT,2681
COV19_CH11283380_TTGCGTCTCGAACTGT,2682
COV19_CH11283374_GTTACAGCAGGGATTG,2683
COV19_CH11283353_CTGCGGATCTTGTCAT,2684
COV19_CH11283382_TTAACTCCAGTGAGTG,2685
COV19_CH11283389_ACATGGTCAGATAATG,2686
COV19_CH11931831_CATCCACCATGCCACG,2687
COV19_CH11931805_TGCGGGTAGGACGAAA,2688
COV19_CH11283380_GACGTTATCTGCTGTC,2689
COV19_CH11283374_CAGCTGGCAGACGCAA,2690
COV19_CH11931807_GATCGCGGTCTCCACT,2691
COV19_CH11931808_CTGGTCTAGGGATACC,2692
COV19_CH11283353_TAAGCGTAGTGGTAGC,2693
COV19_CH11931831_GTTCTCGCACGACTCG,2694
COV19_CH11283380_GGACATTTCCCTAATT,2695
COV19_CH11931805_GATCGTAGTTCCGGCA,2696
COV19_CH11931852_TGAGGGATCGAACGGA,2697
COV19_CH11931831_ACGCCGACACATTCGA,2698
COV19_CH11931807_CGGAGCTTCGGATGTT,2699
COV19_CH11283389_AGTGGGAAGACAATAC,2700
COV19_CH11283382_CATATGGTCACTTCAT,2701
COV19_CH11283353_TGTATTCCAGATGGCA,2702
COV19_CH11283362_TATGCCCTCAGAGGTG,2703
COV19_CH11283374_AGTCTTTAGATAGTCA,2704
COV19_CH11283358_AACTCCCGTATATCCG,2705
COV19_CH11283388_TTAGGCAGTGCAACTT,2706
COV19_CH11283353_GACCTGGAGTGGTAGC,2707
COV19_CH11283359_GGCGACTCATCTACGA,2708
COV19_CH11283353_CTGTTTACAGGGAGAG,2709
COV19_CH11283389_TCGCGTTGTCCGAAGA,2710
COV19_CH11283353_GTAACGTGTCTCTCTG,2711
COV19_CH11283374_TCAGGATTCACTTATC,2712
COV19_CH11283389_CCTATTAAGTCCCACG,2713
COV19_CH11931805_TTCGAAGAGTAGTGCG,2714
COV19_CH11931804_AGCAGCCTCACCAGGC,2715
COV19_CH11283373_AAGTCTGGTAAGTGGC,2716
COV19_CH11931818_TTAGGACAGCTGAACG,2717
COV19_CH11283371_GATCGTAAGCCATCGC,2718
COV19_CH11283371_CGAACATAGGACGAAA,2719
COV19_CH11931832_CTGGTCTAGTTCGCGC,2720
COV19_CH11931842_CAGCATATCGTTGCCT,2721
COV19_CH11283371_AGTGTCAAGGTTCCTA,2722
COV19_CH11931842_CAGCTAAGTACTCTCC,2723
COV19_CH11283388_AACGTTGAGATGCCAG,2724
COV19_CH11283383_ACTATCTGTCGAGATG,2725
COV19_CH11283363_GATGCTAAGCTCCTTC,2726
COV19_CH11931849_GCCAAATGTGAGTGAC,2727
COV19_CH11931842_CGTGTAATCAACACCA,2728
COV19_CH11283369_CAGTAACGTTAGATGA,2729
COV19_CH11931806_TAGTTGGCACGTCAGC,2730
COV19_CH11931830_TTGTAGGGTGTCTGAT,2731
COV19_CH11931835_TCGTACCGTCTCACCT,2732
COV19_CH11283350_CTCTAATAGAGGTAGA,2733
COV19_CH11283370_CAACCTCAGTGCGTGA,2734
COV19_CH11283362_CCTAGCTCAGCTCGCA,2735
COV19_CH11283388_GATGAGGTCTCACATT,2736
COV19_CH11283391_CCTTCCCCAGCTGCTG,2737
COV19_CH11283384_CGCGGTACATTCCTCG,2738
COV19_CH11283369_TCCACACTCAGCGACC,2739
COV19_CH11931808_CGTTAGAAGAGACGAA,2740
COV19_CH11283391_TAAACCGTCAAACCAC,2741
COV19_CH11283393_GCTTGAAAGCGTCTAT,2742
COV19_CH11931802_GGACATTTCCGTAGGC,2743
COV19_CH11931841_GAACGGAAGAGTGAGA,2744
COV19_CH11283385_GCTGCGAAGTACGACG,2745
COV19_CH11283385_GTCTCGTTCGGTGTCG,2746
COV19_CH11283383_CGTCTACCAACTGCTA,2747
COV19_CH11283371_ACTGTCCAGATGTGGC,2748
COV19_CH11931842_CGTTAGAGTCATATCG,2749
COV19_CH11283366_GGGATGAGTAGGCATG,2750
COV19_CH11283389_TTAACTCCACCAGCAC,2751
COV19_CH11283349_CACCTTGGTGGAAAGA,2752
COV19_CH11283357_GAACCTAGTGTTGAGG,2753
COV19_CH11283371_CAGCTGGTCCAAGCCG,2754
COV19_CH11931799_CGTCCATTCACAGTAC,2755
COV19_CH11283363_TTAGTTCGTCAGCTAT,2756
COV19_CH11931802_TCTCATACACGCGAAA,2757
COV19_CH11283374_AGGTCATTCTTGCATT,2758
COV19_CH11931799_GGGCACTTCCCATTTA,2759
COV19_CH11283356_GGTATTGAGTGCCATT,2760
COV19_CH11283360_CATTATCGTTCGAATC,2761
COV19_CH11931822_CATGACAGTCATACTG,2762
COV19_CH11283356_CTACATTAGTACGACG,2763
COV19_CH11931843_TTTACTGGTCGTGGCT,2764
COV19_CH11931819_GCTCTGTAGCATCATC,2765
COV19_CH11283363_CACATAGCACCAGGTC,2766
COV19_CH11283369_GCGGGTTCATGGGAAC,2767
COV19_CH11283368_CACACCTAGGCTCTTA,2768
COV19_CH11283391_CTGTTTATCTTAGAGC,2769
COV19_CH11283383_TTCGAAGTCACATAGC,2770
COV19_CH11931849_TGAGCCGGTTCGGCAC,2771
COV19_CH11283371_GACTACACAACTGCGC,2772
COV19_CH11931801_GAACGGACACCAGATT,2773
COV19_CH11931809_TACTTACAGCTACCTA,2774
COV19_CH11931810_CTCACACGTATAGTAG,2775
COV19_CH11283350_GAACCTATCTTATCTG,2776
COV19_CH11283355_TACCTTACATTCCTCG,2777
COV19_CH11283391_TGACTAGGTTCCCTTG,2778
COV19_CH11283391_TGCCAAATCCGCAGTG,2779
COV19_CH11283356_TTGCGTCTCTCTGTCG,2780
COV19_CH11931799_CTCGGAGAGTCTTGCA,2781
COV19_CH11931807_CTTTGCGGTAACGCGA,2782
COV19_CH11283357_AAAGCAAAGTGTACTC,2783
COV19_CH11283391_TACGGATTCCTTTCGG,2784
COV19_CH11283393_ACGGCCATCACTCCTG,2785
COV19_CH11283391_CCTTTCTAGGCAATTA,2786
COV19_CH11283371_AGTCTTTTCGGCCGAT,2787
COV19_CH11283391_GTGCAGCTCAACCAAC,2788
COV19_CH11931849_CATGGCGGTTGCGCAC,2789
COV19_CH11283391_GTTACAGCATGACGGA,2790
COV19_CH11283388_ACGGGCTAGAAACCAT,2791
COV19_CH11931834_TGAGCATCAAGTCATC,2792
COV19_CH11283362_CTGGTCTTCTTGCCGT,2793
COV19_CH11283381_TACAGTGCAGTGACAG,2794
COV19_CH11283377_TCGTAGAGTTACGACT,2795
COV19_CH11283345_TGAGCATTCCAAATGC,2796
COV19_CH11931845_CCGTTCAAGGTCATCT,2797
COV19_CH11283362_TGGACGCTCGTTTAGG,2798
COV19_CH11283392_CACACAACATGCATGT,2799
COV19_CH11283391_CGCGGTAGTAAGTTCC,2800
COV19_CH11283361_TACGGTACACGGCCAT,2801
COV19_CH11283367_TGGTTAGTCTTACCTA,2802
COV19_CH11283372_AACTCCCTCGCAGGCT,2803
COV19_CH11283381_CCGTACTAGTAGCGGT,2804
COV19_CH11931806_TCTGGAAGTTGTGGCC,2805
COV19_CH11283359_TCGCGAGAGGACCACA,2806
COV19_CH11283362_AGACGTTGTAAGGGCT,2807
COV19_CH11931819_CCGTACTCACGTGAGA,2808
COV19_CH11283380_GGATGTTCAGCGATCC,2809
COV19_CH11283353_ACACCAATCAAACGGG,2810
COV19_CH11931811_TGCGCAGCAAGGACTG,2811
COV19_CH11283386_CCCTCCTAGGAGTTTA,2812
COV19_CH11283380_TAGTGGTCAGCGTCCA,2813
COV19_CH11931831_GGGTCTGAGACTAGGC,2814
COV19_CH11283352_CGCTGGACAGATCCAT,2815
COV19_CH11931837_GCGCCAATCCAGAGGA,2816
COV19_CH11283368_CGTGAGCCATCGACGC,2817
COV19_CH11283362_ATTCTACTCGGCGCAT,2818
COV19_CH11283393_TGAGAGGAGCGACGTA,2819
COV19_CH11283358_TTTATGCCAGAAGCAC,2820
COV19_CH11931820_GGGCACTGTCGTGGCT,2821
COV19_CH11931826_GCGCAACTCTACTCAT,2822
COV19_CH11931828_GAAGCAGTCCTATTCA,2823
COV19_CH11283357_CATTATCTCTGATTCT,2824
COV19_CH11283352_CGGGTCACAAACAACA,2825
COV19_CH11931850_CCATTCGTCTGGCGAC,2826
COV19_CH11283362_GGGCACTCACAGATTC,2827
COV19_CH11283380_ACGAGGATCGTCCAGG,2828
COV19_CH11931823_TAGAGCTCATCAGTCA,2829
COV19_CH11283377_CTTTGCGGTCTAGCGC,2830
COV19_CH11931831_CAGTCCTGTAATAGCA,2831
COV19_CH11283371_ACACCGGAGCTACCTA,2832
COV19_CH11283362_GTCACGGGTTTGACTG,2833
COV19_CH11931836_CTGCGGAGTCCGACGT,2834
COV19_CH11283375_TAGAGCTAGCAGCCTC,2835
COV19_CH11931799_GTCACAAGTCCCGACA,2836
COV19_CH11931835_CGAACATAGTGTCTCA,2837
COV19_CH11931799_TCGTAGACAGGAATGC,2838
COV19_CH11283352_TAGCCGGCATACTACG,2839
COV19_CH11283382_GGAGCAAAGATAGGAG,2840
COV19_CH11283368_GTTCGGGGTCATTAGC,2841
COV19_CH11283357_CCGGTAGTCTCGCTTG,2842
COV19_CH11931849_CGAATGTGTATGAATG,2843
COV19_CH11931807_CGATGGCGTGTGACGA,2844
COV19_CH11931805_AAACGGGCACGAAATA,2845
COV19_CH11931799_ATCACGAAGATCACGG,2846
COV19_CH11931804_GTTCATTAGCCACGCT,2847
COV19_CH11931801_TGAAAGACAGCTCGCA,2848
COV19_CH11283352_CTGAAGTTCTTCGAGA,2849
COV19_CH11931849_TGTTCCGGTCGCTTCT,2850
COV19_CH11931849_GATGAGGAGGTAGCTG,2851
COV19_CH11931835_GAGCAGACAGTGAGTG,2852
COV19_CH11931849_ACACCAACATGACATC,2853
COV19_CH11931799_AGCGTATGTACCTACA,2854
COV19_CH11931799_TTCGAAGCACCTCGGA,2855
COV19_CH11283359_CAGGTGCTCTTAGCCC,2856
COV19_CH11283352_CGGCTAGAGTATTGGA,2857
COV19_CH11931849_GTAACTGTCAACGGCC,2858
COV19_CH11931849_TCAATCTGTGGTGTAG,2859
COV19_CH11931831_CATCGGGGTCTAACGT,2860
COV19_CH11931807_GTTACAGAGCTGAACG,2861
COV19_CH11283375_TTAACTCGTGCAGTAG,2862
COV19_CH11931799_CCTATTAAGGGCATGT,2863
COV19_CH11931849_TTCTACAGTCGCGTGT,2864
COV19_CH11931849_AGAGCGACACAAGCCC,2865
COV19_CH11931847_GGACGTCTCTAACGGT,2866
COV19_CH11931799_GAGCAGACATGCGCAC,2867
COV19_CH11931835_ACATACGTCCGTACAA,2868
COV19_CH11931831_GGACAAGCAAGAGGCT,2869
COV19_CH11931800_CGATCGGGTAGAGTGC,2870
COV19_CH11931799_GCTGCGAAGGGCATGT,2871
COV19_CH11931849_CGCGGTATCCAACCAA,2872
COV19_CH11931799_ATCTACTAGCGTGTCC,2873
COV19_CH11283352_ACGATGTCAGTAACGG,2874
COV19_CH11931834_CTGCCTAAGGCTCTTA,2875
COV19_CH11931802_ACGATACCAGACGCCT,2876
COV19_CH11931810_TCTGAGACAGTGACAG,2877
COV19_CH11931803_TCGTAGAAGGACATTA,2878
COV19_CH11283383_CCAATCCGTCCCTTGT,2879
COV19_CH11931843_CACACTCAGATGTTAG,2880
COV19_CH11283389_TCGTACCTCAACGAAA,2881
COV19_CH11931804_CAGAATCTCCCTTGCA,2882
COV19_CH11283359_CTCTGGTAGATAGTCA,2883
COV19_CH11931804_CACCTTGGTAAGTGTA,2884
COV19_CH11283357_CCGTACTTCAGAGGTG,2885
COV19_CH11931810_CGCTATCTCGGTCCGA,2886
COV19_CH11931850_CACCAGGCACGCTTTC,2887
COV19_CH11283371_GGAACTTGTCTCTCTG,2888
COV19_CH11931834_GCAGCCATCCGTTGCT,2889
COV19_CH11283384_TACTTACGTTCCGGCA,2890
COV19_CH11931850_GCGCAGTTCCTAGTGA,2891
COV19_CH11931817_CATCCACGTCCAAGTT,2892
COV19_CH11931852_AAACCTGGTCTTCAAG,2893
COV19_CH11931818_CCTTCGACACCTTGTC,2894
COV19_CH11283389_CACACCTAGTGTTGAA,2895
COV19_CH11931843_GAAGCAGAGCACCGTC,2896
COV19_CH11931832_GCAGCCAGTCAGAATA,2897
COV19_CH11283372_CAGCAGCTCTCAAGTG,2898
COV19_CH11283353_CCTTCGATCTGGGCCA,2899
COV19_CH11931842_TCGGGACTCACTATTC,2900
COV19_CH11931818_TCATTTGCACATGGGA,2901
COV19_CH11931850_GAAATGAGTGATGTGG,2902
COV19_CH11283384_TGGGAAGTCTGGCGAC,2903
COV19_CH11931834_CGCTGGATCGACAGCC,2904
COV19_CH11283376_TACTCGCCATGACATC,2905
COV19_CH11931834_ATCCGAACACCCATTC,2906
COV19_CH11931841_CGGACGTCATGTAAGA,2907
COV19_CH11283384_GTGGGTCAGTTTCCTT,2908
COV19_CH11931833_TGCTGCTGTAAGCACG,2909
COV19_CH11931799_CGTGTAAAGCCGTCGT,2910
COV19_CH11283384_GACGTTAGTCAATACC,2911
COV19_CH11931804_GCAATCACAATGGACG,2912
COV19_CH11931810_GAAGCAGCACTCTGTC,2913
COV19_CH11283353_TGAGCCGAGACAGAGA,2914
COV19_CH11283366_CTTCTCTGTCCGCTGA,2915
COV19_CH11283365_GAAATGAGTGCTAGCC,2916
COV19_CH11931834_GGGTTGCGTTCGGGCT,2917
COV19_CH11283385_GCTCTGTGTGGTACAG,2918
COV19_CH11283371_CGGTTAAGTAAGTAGT,2919
COV19_CH11283392_GCACTCTGTTAGGGTG,2920
COV19_CH11931834_ATCCACCCACCTGGTG,2921
COV19_CH11283370_TCAACGAGTAATTGGA,2922
COV19_CH11283385_AGCTCTCCAGTCGATT,2923
COV19_CH11283363_ACCAGTACACTAAGTC,2924
COV19_CH11283385_TATGCCCTCGTATCAG,2925
COV19_CH11931842_GCGCGATAGTGCCATT,2926
COV19_CH11283385_TTTACTGTCTTTACAC,2927
COV19_CH11931841_GCCTCTACATACTACG,2928
COV19_CH11283391_GAATAAGTCGCTTGTC,2929
COV19_CH11283391_AGAGCTTGTTAAGTAG,2930
COV19_CH11283387_CCGGGATCAAGCGAGT,2931
COV19_CH11931850_TCAATCTAGGCATGTG,2932
COV19_CH11931834_AACCATGAGCCGGTAA,2933
COV19_CH11283357_GCTGCGACATGGATGG,2934
COV19_CH11283393_TCTGGAACACCAGCAC,2935
COV19_CH11283381_GCAGCCAGTCTGCCAG,2936
COV19_CH11283385_CTTAACTAGTGTCCAT,2937
COV19_CH11283391_CGCGTTTGTCGCATAT,2938
COV19_CH11283369_CACATTTGTCAAAGAT,2939
COV19_CH11283369_AGTGAGGGTCTCTCGT,2940
COV19_CH11283371_CGACTTCGTCCAGTAT,2941
COV19_CH11283371_GATCGTATCAAACGGG,2942
COV19_CH11931842_GAGTCCGCAGTATCTG,2943
COV19_CH11283363_CACCAGGCAAGAAAGG,2944
COV19_CH11283361_CCTAAAGTCTTAGAGC,2945
COV19_CH11283371_AGTTGGTTCCGCGCAA,2946
COV19_CH11931827_AGGCCGTAGACATAAC,2947
COV19_CH11931834_TGCGTGGCATTAACCG,2948
COV19_CH11283369_TGCACCTAGCGTGTCC,2949
COV19_CH11283385_GAAGCAGAGGGAAACA,2950
COV19_CH11931834_CCTAAAGCAGTGACAG,2951
COV19_CH11283350_ATCGAGTTCAGTGTTG,2952
COV19_CH11283381_AGAATAGCACGGTTTA,2953
COV19_CH11283371_GGCAATTAGAGGGATA,2954
COV19_CH11931822_CTGATCCTCCTAGTGA,2955
COV19_CH11931849_TTAGTTCCAGTATGCT,2956
COV19_CH11931849_GGGAATGAGAAACCTA,2957
COV19_CH11931849_GCTGCGACACAGTCGC,2958
COV19_CH11931849_CAACCTCGTGTTCGAT,2959
COV19_CH11283369_GGATTACGTCCGAAGA,2960
COV19_CH11931799_TCGAGGCCACTCTGTC,2961
COV19_CH11283392_TGATTTCCATGGAATA,2962
COV19_CH11931849_CGGAGCTTCCCTAACC,2963
COV19_CH11931819_GCTCTGTAGACAGACC,2964
COV19_CH11931849_CATTCGCAGGGCTCTC,2965
COV19_CH11283362_GTTCGGGTCTTGAGAC,2966
COV19_CH11283367_TTGTAGGTCACCGGGT,2967
COV19_CH11931849_ACTGCTCAGCTGGAAC,2968
COV19_CH11931849_ACTTACTCATTTCAGG,2969
COV19_CH11931831_TTTATGCTCCAACCAA,2970
COV19_CH11931849_CCTTTCTAGGTCATCT,2971
COV19_CH11283378_CAGATCACAAGCGATG,2972
COV19_CH11283362_CACAGTATCCCTCAGT,2973
COV19_CH11931849_ACACCCTGTTAGAACA,2974
COV19_CH11931849_CAGCTAAAGCTGTTCA,2975
COV19_CH11931849_CGAACATTCACGCGGT,2976
COV19_CH11931801_GCATGTACAAGCCGTC,2977
COV19_CH11931835_GCAGTTAAGGTGGGTT,2978
COV19_CH11931800_CTACATTCATTTCACT,2979
COV19_CH11931818_CGCGGTAGTAATTGGA,2980
COV19_CH11283387_TTCTCCTAGACTAAGT,2981
COV19_CH11931849_TTCGAAGAGGGCTTGA,2982
COV19_CH11283391_TGGCGCATCCTAGAAC,2983
COV19_CH11283392_TGCACCTTCGTTACAG,2984
COV19_CH11931850_GAGCAGAAGACGCAAC,2985
COV19_CH11283363_GGGTTGCAGCGTTCCG,2986
COV19_CH11283357_GTCTCGTGTGTGCGTC,2987
COV19_CH11931828_CGATGTACACGGCGTT,2988
COV19_CH11931799_GGGCATCTCCCATTTA,2989
COV19_CH11931849_ACACCAACAACTGCGC,2990
COV19_CH11931849_TGCGTGGGTAAGGGCT,2991
COV19_CH11931849_TAAGAGAAGCTAAACA,2992
COV19_CH11931818_CTACCCAGTATGGTTC,2993
COV19_CH11931849_TGCCCTATCGTGGTCG,2994
COV19_CH11283388_CACACCTCACCCAGTG,2995
COV19_CH11283388_ACTTTCAAGGCCCTTG,2996
COV19_CH11283388_AGGGTGACACATCTTT,2997
COV19_CH11283388_ACAGCCGGTGTGCGTC,2998
COV19_CH11283388_CAGCATACACCGGAAA,2999
COV19_CH11283384_AGGGAGTTCATAAAGG,3000
COV19_CH11283353_CCACCTATCAGTGTTG,3001
COV19_CH11283388_CTCACACGTATCACCA,3002
COV19_CH11283388_CACAGGCAGGACAGAA,3003
COV19_CH11283356_TCACGAATCCATGCTC,3004
COV19_CH11283388_CTGATCCAGTGTACGG,3005
COV19_CH11283384_CGGTTAATCCAAACTG,3006
COV19_CH11283388_TGCTGCTGTTACCAGT,3007
COV19_CH11283388_CTACGTCTCGCCGTGA,3008
COV19_CH11931813_TTTGTCATCAACACAC,3009
COV19_CH11283388_TTCGGTCAGGAGTAGA,3010
COV19_CH11931838_CAACCAACATGTTCCC,3011
COV19_CH11931813_GACTACAAGCTGCGAA,3012
COV19_CH11283388_AACCATGGTCATACTG,3013
COV19_CH11283363_GACCTGGCAATCTGCA,3014
COV19_CH11283384_TGACGGCGTACCGAGA,3015
COV19_CH11283388_CTGCCTACACGTTGGC,3016
COV19_CH11283353_CAAGTTGTCGCCATAA,3017
COV19_CH11931830_GTCTTCGCAGACGTAG,3018
COV19_CH11283387_TAGGCATAGTTGTCGT,3019
COV19_CH11283387_CAGCATATCAACACCA,3020
COV19_CH11283388_GTCTCGTAGATCGATA,3021
COV19_CH11283371_CAGAGAGTCCCATTTA,3022
COV19_CH11931850_CTACACCCAGTGACAG,3023
COV19_CH11931806_ACGAGGACAGCCAATT,3024
COV19_CH11931836_AAGTCTGCAGTCAGCC,3025
COV19_CH11283388_AAGACCTTCCTGTAGA,3026
COV19_CH11283356_AGAGCGACATCACAAC,3027
COV19_CH11283370_TCGTACCAGGGTGTTG,3028
COV19_CH11283388_TTCTCCTTCTTTAGGG,3029
COV19_CH11283361_CTACACCCAGCCTGTG,3030
COV19_CH11283388_TGACTTTGTGCTTCTC,3031
COV19_CH11283384_CTGAAGTCACGGATAG,3032
COV19_CH11283391_TTAGGCAGTGCGAAAC,3033
COV19_CH11283356_TTTGGTTGTGCCTGGT,3034
COV19_CH11931802_GATTCAGAGAAAGTGG,3035
COV19_CH11283381_ACAGCTAGTGTGCGTC,3036
COV19_CH11283393_CAAGTTGGTCAACATC,3037
COV19_CH11283381_TGATTTCCAGAAGCAC,3038
COV19_CH11283388_GTCAAGTAGTCCGGTC,3039
COV19_CH11283388_TCTGAGACACCGAAAG,3040
COV19_CH11283385_ACGGAGATCAGGTAAA,3041
COV19_CH11283363_GTAACTGCAAAGGTGC,3042
COV19_CH11283388_GCGAGAATCAGTTTGG,3043
COV19_CH11931813_TAGTGGTAGGACCACA,3044
COV19_CH11931813_GCTTCCAGTCGGATCC,3045
COV19_CH11283371_CCGGTAGGTCATGCAT,3046
COV19_CH11931834_GTGCATACAAGTCATC,3047
COV19_CH11283388_GAAACTCGTTTGTGTG,3048
COV19_CH11283371_CGACTTCAGTACGACG,3049
COV19_CH11283388_GTGTTAGAGTGCTGCC,3050
COV19_CH11931842_CTGGTCTCAGTCGTGC,3051
COV19_CH11283388_CCGTGGACACGAAGCA,3052
COV19_CH11283363_ATCACGAAGACTAGAT,3053
COV19_CH11931813_AAACGGGTCCGAATGT,3054
COV19_CH11283388_TGAGCATAGACAGAGA,3055
COV19_CH11283388_GTTCATTAGAGGTTGC,3056
COV19_CH11931833_AGAATAGTCATGCTCC,3057
COV19_CH11283388_CACCACTTCTCGTATT,3058
COV19_CH11283382_CTGTGCTTCCGTACAA,3059
COV19_CH11283364_GGGACCTAGAGACTTA,3060
COV19_CH11283369_TGAGCCGCATCACGTA,3061
COV19_CH11931835_TGGCTGGTCAGGATCT,3062
COV19_CH11931834_ACTGAGTAGGACTGGT,3063
COV19_CH11931844_GTTTCTATCGGTTAAC,3064
COV19_CH11283366_ACGGGTCTCGAATCCA,3065
COV19_CH11931813_AAGACCTTCAATCACG,3066
COV19_CH11283393_GAGGTGAAGTCAATAG,3067
COV19_CH11283371_TCGGGACCAATCCAAC,3068
COV19_CH11283361_TAGCCGGTCGGTCTAA,3069
COV19_CH11283388_AGTCTTTAGTACATGA,3070
COV19_CH11283356_CTTCTCTCAGGACCCT,3071
COV19_CH11283386_ATGCGATGTTGGGACA,3072
COV19_CH11283371_ACCGTAAAGCTCCCAG,3073
COV19_CH11931842_CGGACGTCACATGACT,3074
COV19_CH11283388_TCAATCTTCTTGGGTA,3075
COV19_CH11283364_ACAGCCGCAAAGCAAT,3076
COV19_CH11283370_ACGCCGAAGAAGGTTT,3077
COV19_CH11931811_CGACCTTGTTCAGCGC,3078
COV19_CH11283364_TACAGTGTCACATGCA,3079
COV19_CH11931823_GCGCAACAGAAAGTGG,3080
COV19_CH11283359_CGATCGGCATCTATGG,3081
COV19_CH11931851_TCGGTAAAGGGTTTCT,3082
COV19_CH11931841_CTCTGGTCAGCGTAAG,3083
COV19_CH11283388_AATCCAGAGGCAAAGA,3084
COV19_CH11283370_CGGTTAATCAACCAAC,3085
COV19_CH11283382_GGAGCAAGTGTTCGAT,3086
COV19_CH11283381_GGACAGACATTATCTC,3087
COV19_CH11283388_GCACATATCTCAAGTG,3088
COV19_CH11283366_CATCCACTCTTGCCGT,3089
COV19_CH11283359_GTGCATATCACCACCT,3090
COV19_CH11283360_GGCGACTCAACTGCGC,3091
COV19_CH11283382_TGCCCTAGTTAAAGTG,3092
COV19_CH11931823_CGAGCCATCTAACTGG,3093
COV19_CH11283388_ACCAGTAGTGACCAAG,3094
COV19_CH11283355_CGATTGATCGTAGGAG,3095
COV19_CH11931802_CGCGTTTTCGTAGATC,3096
COV19_CH11283388_AGGGATGCACAGACAG,3097
COV19_CH11931850_GTTCGGGAGTGGGATC,3098
COV19_CH11931850_CAAGTTGGTTATGCGT,3099
COV19_CH11283359_ACACTGATCTCGAGTA,3100
COV19_CH11283386_CCACGGACAGTGGAGT,3101
COV19_CH11283385_GGGCATCTCGTCACGG,3102
COV19_CH11283390_GCATGCGTCCATGAAC,3103
COV19_CH11931813_AGTCTTTGTGCGCTTG,3104
COV19_CH11931839_TCTCATAGTAAGGGAA,3105
COV19_CH11283388_GTGTGCGTCTTGACGA,3106
COV19_CH11283389_CGCTATCGTCTAACGT,3107
COV19_CH11283370_CGCGTTTAGCTGATAA,3108
COV19_CH11931828_TTTATGCGTGCCTGCA,3109
COV19_CH11283378_GCATGTAGTCCGAATT,3110
COV19_CH11283388_CAGCTAAGTCCCTTGT,3111
COV19_CH11931835_GATCAGTTCGGAATCT,3112
COV19_CH11283370_AAGTCTGTCACGCGGT,3113
COV19_CH11931833_CTGTGCTAGGACGAAA,3114
COV19_CH11283388_AGGGATGCATCAGTCA,3115
COV19_CH11283388_CTACATTTCCACGTGG,3116
COV19_CH11931811_AGATTGCAGGAATTAC,3117
COV19_CH11283391_GGATGTTTCAGTCAGT,3118
COV19_CH11283391_ATGTGTGGTACCGTAT,3119
COV19_CH11283388_ACAGCCGAGGTGTTAA,3120
COV19_CH11283388_TTCCCAGCATCAGTAC,3121
COV19_CH11283388_TCTCATACACATCCGG,3122
COV19_CH11931826_CTCGTACGTACTCAAC,3123
COV19_CH11283388_CTCCTAGCATGCAATC,3124
COV19_CH11283388_GGTGCGTGTTACAGAA,3125
COV19_CH11283388_CAACTAGAGTAGTGCG,3126
COV19_CH11283388_CTCGAGGAGGTGATAT,3127
COV19_CH11283388_TTGGAACGTCAAAGAT,3128
COV19_CH11283356_AGGCCGTCATTTCACT,3129
COV19_CH11283388_GTCTTCGGTACCGAGA,3130
COV19_CH11283388_TGCGTGGTCATAAAGG,3131
COV19_CH11283391_GGACGTCAGAGTTGGC,3132
COV19_CH11283388_ACCGTAATCTCAAACG,3133
COV19_CH11931834_ATTACTCCAACCGCCA,3134
COV19_CH11283388_TAGTGGTTCTAACGGT,3135
COV19_CH11931827_CGATCGGGTAACGCGA,3136
COV19_CH11283388_CGTGTAATCTCACATT,3137
COV19_CH11283388_CTGAAGTCAATTGCTG,3138
COV19_CH11283370_ACGATGTTCGTTGACA,3139
COV19_CH11283388_ACGGAGACATGACGGA,3140
COV19_CH11283353_GATTCAGTCAATACCG,3141
COV19_CH11283383_CAAGGCCAGACTACAA,3142
COV19_CH11283388_TACGGATGTTCAGCGC,3143
COV19_CH11283388_TGGCGCAGTATATGGA,3144
COV19_CH11283388_GATGAAAGTAAGCACG,3145
COV19_CH11283391_CCAATCCTCCTTTCGG,3146
COV19_CH11283388_GAACGGAAGACTAGGC,3147
COV19_CH11283371_ACGCAGCGTTACGTCA,3148
COV19_CH11283381_TTAACTCGTCCATCCT,3149
COV19_CH11931834_GCATGCGAGCTCCTTC,3150
COV19_CH11931846_CGGTTAAGTCCAGTTA,3151
COV19_CH11931826_ACATCAGAGTCGAGTG,3152
COV19_CH11283348_TTTGTCATCGGATGTT,3153
COV19_CH11283388_TCGAGGCCATCGTCGG,3154
COV19_CH11283379_GCACTCTAGGCATGTG,3155
COV19_CH11283360_GCACATAGTATTCGTG,3156
COV19_CH11931835_GAGTCCGCAGCAGTTT,3157
COV19_CH11931835_TCACAAGCAGCTGTGC,3158
COV19_CH11931835_ACCAGTACAGCTGTTA,3159
COV19_CH11283379_CAGCATAAGTTTCCTT,3160
COV19_CH11931832_TGTATTCAGGAGTTGC,3161
COV19_CH11283371_GTCACAACACGGTGTC,3162
COV19_CH11283369_TCAACGATCCACGACG,3163
COV19_CH11283387_TATGCCCAGTAAGTAC,3164
COV19_CH11283371_ACGCAGCAGAGCTGGT,3165
COV19_CH11283369_GCACTCTGTTTGACTG,3166
COV19_CH11283381_GGCTGGTTCTCTTGAT,3167
COV19_CH11931842_GCAAACTGTCTCATCC,3168
COV19_CH11283388_GATGAAATCTACTTAC,3169
COV19_CH11931835_GGTGAAGAGTTCGATC,3170
COV19_CH11931800_TCAGATGAGTACGACG,3171
COV19_CH11931834_ACCGTAAAGTCAATAG,3172
COV19_CH11931831_GTAACGTAGCCCTAAT,3173
COV19_CH11283381_CTCCTAGCACCAGGCT,3174
COV19_CH11283371_TACTTGTTCTTGGGTA,3175
COV19_CH11931834_CAGCCGAAGAGGGCTT,3176
COV19_CH11283371_CGTGTCTGTAGTGAAT,3177
COV19_CH11283371_CGGACGTAGTGAAGAG,3178
COV19_CH11931842_CGAGCACTCTGCAAGT,3179
COV19_CH11283363_AGGGATGAGGATGGAA,3180
COV19_CH11283351_TGACTTTGTGGTCCGT,3181
COV19_CH11283371_ATTTCTGCATTAGGCT,3182
COV19_CH11931807_TCACGAACATATGCTG,3183
COV19_CH11931818_TCGGTAAAGTGGTCCC,3184
COV19_CH11283371_TCGCGAGGTGAAGGCT,3185
COV19_CH11931849_ATGAGGGTCAATCACG,3186
COV19_CH11931834_GTGTTAGGTAGCTGCC,3187
COV19_CH11931831_CTTGGCTGTTTGTTTC,3188
COV19_CH11283371_TGGCGCATCGTGGTCG,3189
COV19_CH11931841_TACTCGCCATGGAATA,3190
COV19_CH11931843_TAAGTGCGTTGGGACA,3191
COV19_CH11283371_ATGAGGGGTCATGCCG,3192
COV19_CH11283369_TAGGCATAGTGAAGAG,3193
COV19_CH11283371_CAAGAAATCTTCCTTC,3194
COV19_CH11283385_ACGCAGCGTCTGCGGT,3195
COV19_CH11931834_AGCATACTCTTGGGTA,3196
COV19_CH11283371_TACGGATGTGATGTCT,3197
COV19_CH11283383_CAGTCCTCACGGTAAG,3198
COV19_CH11283363_TAGTTGGTCTTTAGGG,3199
COV19_CH11931834_ACTGATGGTAAGCACG,3200
COV19_CH11931848_GTGGGTCGTCTACCTC,3201
COV19_CH11283371_CAGCAGCGTGCGAAAC,3202
COV19_CH11283371_CAACTAGAGGAACTGC,3203
COV19_CH11283388_GTGTTAGTCTCAAGTG,3204
COV19_CH11283391_GATCAGTGTTCCACGG,3205
COV19_CH11283385_CTCATTATCACCTTAT,3206
COV19_CH11283383_TGCACCTAGGCTAGAC,3207
COV19_CH11283391_GGCGACTTCACATAGC,3208
COV19_CH11283385_ATTGGACCAATCAGAA,3209
COV19_CH11283391_CCTACCACACAGCCCA,3210
COV19_CH11283371_GTAACGTTCAACGAAA,3211
COV19_CH11283391_TCAGCAAGTTAGAACA,3212
COV19_CH11931849_ACACTGAAGGCTAGAC,3213
COV19_CH11931834_TCAGGATGTGCTAGCC,3214
COV19_CH11283388_GGGTCTGTCGACAGCC,3215
COV19_CH11283391_GGGACCTTCCTATTCA,3216
COV19_CH11283388_GGATTACGTCAGAAGC,3217
COV19_CH11931834_TACGGGCAGTACACCT,3218
COV19_CH11283363_CGGCTAGAGCCAACAG,3219
COV19_CH11283356_CTCGTACTCCCTTGCA,3220
COV19_CH11931834_CTCTACGCATGCTAGT,3221
COV19_CH11283391_GCCAAATCATGTAGTC,3222
COV19_CH11283391_ACTTGTTAGATGTGGC,3223
COV19_CH11283357_GTGTGCGCACAACGCC,3224
COV19_CH11283385_GACGTTATCGCTAGCG,3225
COV19_CH11931826_GCTTGAAGTGACTACT,3226
COV19_CH11283357_CCACGGACACCCATGG,3227
COV19_CH11283388_TTAACTCAGGTGTGGT,3228
COV19_CH11931834_CAGTAACCAGTTAACC,3229
COV19_CH11283370_AACTTTCGTGCACTTA,3230
COV19_CH11283391_AGCAGCCGTAAGTTCC,3231
COV19_CH11931834_GGCTGGTAGAGTACAT,3232
COV19_CH11931826_GGTATTGGTTAAAGAC,3233
COV19_CH11283388_CGTTAGAAGACCGGAT,3234
COV19_CH11283363_ATTGGACCAGCTGTTA,3235
COV19_CH11283391_AGGGAGTTCTTCATGT,3236
COV19_CH11283391_TCTTTCCTCTCAAACG,3237
COV19_CH11283391_CTTTGCGAGACCGGAT,3238
COV19_CH11931834_CTAATGGGTCGCGAAA,3239
COV19_CH11283391_AGGGAGTCACTTAACG,3240
COV19_CH11283391_AAATGCCGTTATCGGT,3241
COV19_CH11283371_CTAGAGTCAGACGCCT,3242
COV19_CH11283391_GGAGCAACAATGCCAT,3243
COV19_CH11283371_ACGCAGCGTATAAACG,3244
COV19_CH11283391_GTCAAGTGTCTAACGT,3245
COV19_CH11283356_GTCCTCAAGAGTTGGC,3246
COV19_CH11931834_GCTCTGTTCAAACCAC,3247
COV19_CH11283391_CTAATGGCATAGGATA,3248
COV19_CH11283356_CGAATGTCAACACGCC,3249
COV19_CH11283391_CAGTAACGTATAGTAG,3250
COV19_CH11283391_CACATAGGTTAGTGGG,3251
COV19_CH11283391_ACATGGTAGAGCTGGT,3252
COV19_CH11283391_CATCAGAGTCGGCATC,3253
COV19_CH11283391_ACAGCCGAGGGTGTGT,3254
COV19_CH11283391_GACGGCTAGACAAGCC,3255
COV19_CH11931805_ACGCAGCGTATCAGTC,3256
COV19_CH11283391_CTTAGGAGTCTAGTGT,3257
COV19_CH11283391_CCGGTAGCAGTATAAG,3258
COV19_CH11283385_AGTGTCAGTGAAAGAG,3259
COV19_CH11283391_AACGTTGAGAATAGGG,3260
COV19_CH11283391_CGCTATCAGCAATATG,3261
COV19_CH11283383_GCCAAATGTAAGTGTA,3262
COV19_CH11283362_TTCCCAGTCATCTGTT,3263
COV19_CH11931834_ATCGAGTCATTTGCTT,3264
COV19_CH11283391_CTAGCCTTCTTGACGA,3265
COV19_CH11283356_CACCTTGTCTGCTGTC,3266
COV19_CH11283385_ACCGTAACACTGTTAG,3267
COV19_CH11931834_TTGCCGTGTACCGTTA,3268
COV19_CH11283356_ATGCGATCAGGGATTG,3269
COV19_CH11283391_TTCTCCTTCGGCATCG,3270
COV19_CH11283391_ACGAGCCTCGTCTGAA,3271
COV19_CH11283371_CATCAAGAGTTCGCAT,3272
COV19_CH11283369_GTCATTTCAAGGCTCC,3273
COV19_CH11283391_TGAGCATGTCCTCCAT,3274
COV19_CH11283371_TGCACCTGTAAACACA,3275
COV19_CH11931809_TATGCCCTCTAGCACA,3276
COV19_CH11931834_CTGCCTAGTCGCATCG,3277
COV19_CH11283393_ATAACGCGTGGCTCCA,3278
COV19_CH11931802_CACCTTGCATTCCTCG,3279
COV19_CH11931842_CGAGCCAAGGAGTACC,3280
COV19_CH11283393_CGGACACTCCTTTCGG,3281
COV19_CH11283373_CCTAGCTAGTGAAGTT,3282
COV19_CH11931834_TGGTTCCCATCGGTTA,3283
COV19_CH11931802_CATCAAGTCAAAGTAG,3284
COV19_CH11283371_AAGGAGCCAGGATTGG,3285
COV19_CH11283381_TCAGGTATCTATGTGG,3286
COV19_CH11931836_GACCTGGCACATCCAA,3287
COV19_CH11283388_TCTATTGGTAGCTCCG,3288
COV19_CH11283388_GTGCGGTTCCAGGGCT,3289
COV19_CH11283388_CCGGGATGTACAGTGG,3290
COV19_CH11283388_AGTTGGTAGCGTTTAC,3291
COV19_CH11283388_GGAAAGCGTACGCTGC,3292
COV19_CH11283393_GATGAGGCACCATGTA,3293
COV19_CH11283381_ATAACGCAGCGTCAAG,3294
COV19_CH11931835_CATGGCGTCTGAAAGA,3295
COV19_CH11283362_AACCATGAGCCAGGAT,3296
COV19_CH11931841_CATATTCTCCACTCCA,3297
COV19_CH11283381_AGCATACGTGTGACGA,3298
COV19_CH11931835_TATTACCAGTGCCAGA,3299
COV19_CH11931834_TCCACACGTCAAAGAT,3300
COV19_CH11931834_GACAGAGGTCAGGACA,3301
COV19_CH11283369_CACCACTGTCGACTGC,3302
COV19_CH11283371_TCTTCGGGTTCAGCGC,3303
COV19_CH11931842_TCACAAGCAGTATGCT,3304
COV19_CH11283361_TTTACTGAGTAGCGGT,3305
COV19_CH11283385_CGAGCACAGATTACCC,3306
COV19_CH11283366_GTAACGTTCTCGCATC,3307
COV19_CH11283357_CCAGCGACACAGACAG,3308
COV19_CH11283371_AAAGCAAGTCGCGGTT,3309
COV19_CH11931845_CCAGCGAAGCCGCCTA,3310
COV19_CH11931802_CGAGAAGGTGACGGTA,3311
COV19_CH11931811_CTGCTGTAGGCGCTCT,3312
COV19_CH11931813_CTTCTCTAGATAGGAG,3313
COV19_CH11283388_CAGAGAGCACAGGTTT,3314
COV19_CH11283383_GCATGATTCGTAGGTT,3315
COV19_CH11931832_TAAGAGAAGCGGCTTC,3316
COV19_CH11283370_AGCTCTCCACAGATTC,3317
COV19_CH11283370_ATTATCCCAGACGTAG,3318
COV19_CH11283388_ATCACGATCGCTTAGA,3319
COV19_CH11283388_AAGGAGCCATGACATC,3320
COV19_CH11931841_GGTATTGGTAAATGTG,3321
COV19_CH11283370_CGACTTCCATACGCCG,3322
COV19_CH11931831_GTCACGGAGACTGGGT,3323
COV19_CH11283388_GTCACGGTCACCACCT,3324
COV19_CH11283388_GACGGCTAGTTAGGTA,3325
COV19_CH11283388_ATTATCCGTGTGGCTC,3326
COV19_CH11283388_CCGTTCAGTAAGGGCT,3327
COV19_CH11931818_AAACCTGAGAAGGTTT,3328
COV19_CH11283370_CCCTCCTAGAAGGGTA,3329
COV19_CH11283384_GAAGCAGGTAAGAGAG,3330
COV19_CH11283388_CGGACTGAGCCAGTAG,3331
COV19_CH11283388_GCGCGATCATGCATGT,3332
COV19_CH11283388_ATTGGACAGGAGTCTG,3333
COV19_CH11283388_CACACCTCACTGCCAG,3334
COV19_CH11283388_CCTTCCCCAGCGTTCG,3335
COV19_CH11283383_GTCACAATCCAGGGCT,3336
COV19_CH11283370_GGTGTTAGTAGGAGTC,3337
COV19_CH11283388_AAAGTAGCAAAGTCAA,3338
COV19_CH11283388_GTGAAGGTCCTATGTT,3339
COV19_CH11283364_TGCTGCTCAAGTCATC,3340
COV19_CH11283388_TTCGAAGTCGCGTAGC,3341
COV19_CH11283388_AAGCCGCTCATCTGCC,3342
COV19_CH11283388_CGCTATCGTCCGAAGA,3343
COV19_CH11283388_GTACGTAAGATGTGTA,3344
COV19_CH11283370_CGCTATCCAGATGGGT,3345
COV19_CH11283370_AGCGTATTCTAGAGTC,3346
COV19_CH11283370_CATCCACCACGGCCAT,3347
COV19_CH11283388_ACTTTCAGTGTGCCTG,3348
COV19_CH11283388_GCGGGTTGTTGGTAAA,3349
COV19_CH11283388_GGGACCTTCATCTGCC,3350
COV19_CH11283388_CGGACACGTTCGTGAT,3351
COV19_CH11931833_GTCTCGTGTAACGACG,3352
COV19_CH11283384_GGGATGATCGCTTAGA,3353
COV19_CH11283388_AGTCTTTGTTGTGGAG,3354
COV19_CH11931804_TACTCGCAGCTACCTA,3355
COV19_CH11931808_TGCTGCTGTAGGCTGA,3356
COV19_CH11931830_ACCGTAAGTGACGCCT,3357
COV19_CH11931817_GGTATTGTCTCTAGGA,3358
COV19_CH11931830_TACGGATTCCTTTCGG,3359
COV19_CH11931848_TGCACCTCAGACGCCT,3360
COV19_CH11931798_GCTTCCATCATGGTCA,3361
COV19_CH11283352_GTCATTTGTTCAGTAC,3362
COV19_CH11931802_GTCACGGTCTGTCTAT,3363
COV19_CH11931807_GTGCGGTAGCCAGGAT,3364
COV19_CH11283388_ACGGGTCTCTATCCTA,3365
COV19_CH11283372_CATCAAGCATCACGAT,3366
COV19_CH11283388_TCATTTGTCCCGGATG,3367
COV19_CH11283363_TCTTTCCTCTGTGCAA,3368
COV19_CH11931840_CCTCTGATCGTGTAGT,3369
COV19_CH11931836_ACTTTCAAGTGTCTCA,3370
COV19_CH11283360_GAATAAGTCGGCGGTT,3371
COV19_CH11931830_CTCGGGAAGTTCGATC,3372
COV19_CH11931838_TCTATTGCACATAACC,3373
COV19_CH11931846_ATTTCTGGTTACCAGT,3374
COV19_CH11931850_TCCCGATAGGGCATGT,3375
COV19_CH11931846_CGTCAGGAGACACGAC,3376
COV19_CH11931837_CAGAGAGAGCTCCTCT,3377
COV19_CH11283388_CTGAAGTGTACGAAAT,3378
COV19_CH11931798_GATCTAGAGCCGTCGT,3379
COV19_CH11283387_ATAGACCAGAAGGACA,3380
COV19_CH11283372_AAGGCAGGTCTCAACA,3381
COV19_CH11931850_AACGTTGTCCTTAATC,3382
COV19_CH11931808_TCTCATAAGAAGGGTA,3383
COV19_CH11283383_GGCTGGTAGGCTCTTA,3384
COV19_CH11283386_GATCGATAGATCACGG,3385
COV19_CH11931840_TCATTTGGTTCCACGG,3386
COV19_CH11283386_CCGGTAGAGAAGGTGA,3387
COV19_CH11283371_GCACATAAGTATTGGA,3388
COV19_CH11283368_TTGGCAAGTCTAAAGA,3389
COV19_CH11283384_GCAGTTAGTAGGCATG,3390
COV19_CH11283388_AACTTTCTCCTCCTAG,3391
COV19_CH11283387_GGTGCGTAGCTGCAAG,3392
COV19_CH11931824_ATCTACTCATTGGGCC,3393
COV19_CH11931830_GCGCGATCAATCTACG,3394
COV19_CH11931799_GCTGCTTAGCTCCTCT,3395
COV19_CH11283359_GCGCAGTAGCTGAAAT,3396
COV19_CH11283359_CGCGTTTCACATCCGG,3397
COV19_CH11283390_CTGCTGTTCGGTGTTA,3398
COV19_CH11283358_CTGTTTATCCTTGGTC,3399
COV19_CH11283383_ACTTTCATCTAACTTC,3400
COV19_CH11283388_GTCGGGTAGGTGATTA,3401
COV19_CH11283366_GCTGCAGGTCCGAAGA,3402
COV19_CH11283353_TTCGAAGAGGCATGGT,3403
COV19_CH11283345_CACATTTGTGCAACGA,3404
COV19_CH11931825_CATGGCGTCTGTACGA,3405
COV19_CH11931799_ACTGAACGTCTCAACA,3406
COV19_CH11283379_CATCCACCACGTAAGG,3407
COV19_CH11931846_CGAATGTGTCCTCTTG,3408
COV19_CH11283359_CCGGGATCATGCCTTC,3409
COV19_CH11931849_CAGAGAGAGGGTCTCC,3410
COV19_CH11931799_CCTCTGATCAGGTTCA,3411
COV19_CH11283359_TGTCCCACACTTAACG,3412
COV19_CH11931802_CACACAATCGAATGCT,3413
COV19_CH11283372_CCAGCGAGTGACAAAT,3414
COV19_CH11931813_GACACGCGTCTTCGTC,3415
COV19_CH11283370_CTCCTAGCATAGACTC,3416
COV19_CH11283372_TTGGCAACAGTGGAGT,3417
COV19_CH11283373_ACTGAACAGTGAACAT,3418
COV19_CH11283366_CTCGTCAAGTGCCATT,3419
COV19_CH11283383_TCATTACCATCAGTCA,3420
COV19_CH11283366_AGAATAGTCGAGAACG,3421
COV19_CH11283368_CCGGGATGTAAGAGGA,3422
COV19_CH11283360_GTGTGCGAGTGTCCCG,3423
COV19_CH11931799_CTCGTCATCCTTGCCA,3424
COV19_CH11283382_GGGAATGTCCAGTATG,3425
COV19_CH11283359_ACATCAGGTCAATACC,3426
COV19_CH11931813_CTTAGGAAGCCACGTC,3427
COV19_CH11931818_GCTGGGTTCGTAGGAG,3428
COV19_CH11283360_GCGCAACGTTGATTGC,3429
COV19_CH11283360_AGAGTGGAGCTAAACA,3430
COV19_CH11283359_TAGACCATCACGACTA,3431
COV19_CH11283383_CGTTGGGAGGAGTTGC,3432
COV19_CH11931815_CAACCAATCCACGTTC,3433
COV19_CH11283366_GGATGTTCACCACCAG,3434
COV19_CH11283371_CACCTTGTCACTATTC,3435
COV19_CH11283371_CGTCAGGCAGGTTTCA,3436
COV19_CH11283383_CTCAGAAGTTTAGCTG,3437
COV19_CH11283385_TTCTCCTCAGCTCGCA,3438
COV19_CH11931834_TGGCGCAGTAGTACCT,3439
COV19_CH11283393_ACGCAGCGTGTGGCTC,3440
COV19_CH11931834_CTACCCAGTACCGGCT,3441
COV19_CH11931834_CCGGTAGGTAGCCTCG,3442
COV19_CH11283388_GACTGCGCAAGCGAGT,3443
COV19_CH11931834_GACGTTAGTGGTTTCA,3444
COV19_CH11283377_AAAGCAATCACTATTC,3445
COV19_CH11283383_GCATGTACAGTATCTG,3446
COV19_CH11283387_CTCTACGCAACGCACC,3447
COV19_CH11931834_CCCAGTTGTAGTGAAT,3448
COV19_CH11283383_CTAGTGAAGGACGAAA,3449
COV19_CH11931834_CACACAAGTATTAGCC,3450
COV19_CH11283389_CGAACATAGGTGCACA,3451
COV19_CH11283383_TTGTAGGAGCCAGTTT,3452
COV19_CH11283385_GCTGGGTGTAAGGGCT,3453
COV19_CH11283390_TCATTTGCATGGATGG,3454
COV19_CH11931835_GAAATGAGTTACGCGC,3455
COV19_CH11283383_GTCACGGAGAAACGAG,3456
COV19_CH11931834_GTTACAGAGCGAAGGG,3457
COV19_CH11283383_CTCGTACGTTACCAGT,3458
COV19_CH11931842_CGTCCATTCGTGTAGT,3459
COV19_CH11283363_CACCTTGGTACCGGCT,3460
COV19_CH11283371_AAGCCGCAGCAGATCG,3461
COV19_CH11283385_GTATTCTGTTAAGAAC,3462
COV19_CH11931802_TAGGCATCACGAAATA,3463
COV19_CH11931834_GTCACAAAGTATCGAA,3464
COV19_CH11283393_GTATCTTGTCTCTCTG,3465
COV19_CH11283371_ACTGAACTCCGTCAAA,3466
COV19_CH11931834_TCGGTAAAGACTCGGA,3467
COV19_CH11283357_CTACGTCTCTGTCCGT,3468
COV19_CH11283393_CACACTCTCTATCCCG,3469
COV19_CH11931834_GTGAAGGGTTTGTTTC,3470
COV19_CH11283386_TACTCATTCCTTGCCA,3471
COV19_CH11283381_GCTTCCACAGATGGGT,3472
COV19_CH11283350_TCAGCAACATTCCTGC,3473
COV19_CH11283369_CGCTGGACAGGTGCCT,3474
COV19_CH11283369_GATGCTAGTGTAAGTA,3475
COV19_CH11283369_AGTAGTCCACCGATAT,3476
COV19_CH11931834_CGATGTAGTGACTCAT,3477
COV19_CH11931834_TCAGATGTCTCAAACG,3478
COV19_CH11931801_GCTTGAATCTGAGTGT,3479
COV19_CH11931834_GCATGCGCATTCCTGC,3480
COV19_CH11283388_ATCACGACAGTCCTTC,3481
COV19_CH11931850_TGAAAGATCTTCGAGA,3482
COV19_CH11283381_TTCGAAGTCTACGAGT,3483
COV19_CH11283391_CGTGTCTAGTTCCACA,3484
COV19_CH11283363_GTACTCCCAAAGCGGT,3485
COV19_CH11931835_AGAGCTTAGACTTGAA,3486
COV19_CH11931834_GGCTCGATCATGTAGC,3487
COV19_CH11283381_GCTTGAACATCGGAAG,3488
COV19_CH11283371_CCTACACAGGTGCTAG,3489
COV19_CH11283362_CATATTCAGTGTCCAT,3490
COV19_CH11283371_CGTCAGGGTCGCATCG,3491
COV19_CH11283391_CCTTTCTAGACCCACC,3492
COV19_CH11283385_CCCATACGTCGCCATG,3493
COV19_CH11283363_ACGGGCTTCGTATCAG,3494
COV19_CH11283350_CTCTAATCACGCGAAA,3495
COV19_CH11931834_CCTTTCTCAGCGAACA,3496
COV19_CH11283364_CTTGGCTGTCCATGAT,3497
COV19_CH11931842_GAGGTGAGTTTGGCGC,3498
COV19_CH11931834_CGATGGCTCCAGATCA,3499
COV19_CH11931852_ACACCGGAGCGCTTAT,3500
COV19_CH11931811_GGAGCAAGTCAAACTC,3501
COV19_CH11931802_GGCCGATAGACAGGCT,3502
COV19_CH11283371_AGCTTGAAGTCCATAC,3503
COV19_CH11931801_TGATTTCGTGAGTATA,3504
COV19_CH11283389_CGCTTCACACCCATGG,3505
COV19_CH11931852_CCCTCCTAGCAGCCTC,3506
COV19_CH11931811_CACATAGGTACTCAAC,3507
COV19_CH11283382_CAGAGAGTCTTAGCCC,3508
COV19_CH11283387_GCGCAACCACGAGAGT,3509
COV19_CH11283364_CTCGGGAGTCAGCTAT,3510
COV19_CH11931852_AGTGAGGTCGGAAATA,3511
COV19_CH11931852_CTTGGCTCATCATCCC,3512
COV19_CH11931852_CTCCTAGGTTCCTCCA,3513
COV19_CH11931839_GATCAGTTCAAACCGT,3514
COV19_CH11283352_AGACGTTTCATGTCCC,3515
COV19_CH11931821_CACTCCATCTTTACGT,3516
COV19_CH11283361_TATGCCCAGTCTCAAC,3517
COV19_CH11931811_GCACATAGTACGAAAT,3518
COV19_CH11931808_CAGCATAGTCTGATTG,3519
COV19_CH11931803_CTCATTATCGTCCGTT,3520
COV19_CH11283365_AACCGCGAGGACTGGT,3521
COV19_CH11931803_TTCTCCTCAGTCAGAG,3522
COV19_CH11931808_GGGATGAAGTAACCCT,3523
COV19_CH11931817_ATCGAGTGTATCGCAT,3524
COV19_CH11931803_GGAGCAAAGGGCTCTC,3525
COV19_CH11931803_GCATACACAGACAAAT,3526
COV19_CH11931803_ATTATCCGTTTAGCTG,3527
COV19_CH11931803_CTCAGAAGTAAAGGAG,3528
COV19_CH11931803_CTGAAACAGATAGTCA,3529
COV19_CH11283385_GATCGCGTCTCAAACG,3530
